dataset,strategy,fit_method,metric,accuracy,brier_score,time,num_rules,num_preds,trial_count
Ecoli,greedy,FOLD-RM (fit),original,1.0,0.9902346577333333,0.18033552169799805,8,8,30
Ecoli,greedy,FOLD-RM (fit),original,0.9722222222222222,0.9727857326777778,0.2031419277191162,8,8,30
Ecoli,greedy,FOLD-RM (fit),original,0.8888888888888888,0.920345641925,0.07356047630310059,7,7,30
Ecoli,greedy,FOLD-RM (fit),original,0.9722222222222222,0.9677471929111111,0.07835555076599121,8,8,30
Ecoli,greedy,FOLD-RM (fit),original,0.9444444444444444,0.9621868692583333,0.49196910858154297,7,7,30
Ecoli,greedy,FOLD-RM (fit),original,1.0,0.9878037050361111,0.637775182723999,8,8,30
Ecoli,greedy,FOLD-RM (fit),original,1.0,0.9836126635361111,0.752979040145874,8,8,30
Ecoli,greedy,FOLD-RM (fit),original,0.9444444444444444,0.9554841737333334,0.8223915100097656,8,8,30
Ecoli,greedy,FOLD-RM (fit),original,0.8611111111111112,0.9130421857055555,0.7614200115203857,6,6,30
Ecoli,greedy,FOLD-RM (fit),original,0.9722222222222222,0.9724780335611111,0.850532054901123,6,6,30
Ecoli,greedy,FOLD-RM (fit),original,0.9166666666666666,0.9440338448444444,0.9241716861724854,6,6,30
Ecoli,greedy,FOLD-RM (fit),original,0.8611111111111112,0.8741387935333333,1.068345308303833,7,7,30
Ecoli,greedy,FOLD-RM (fit),original,0.9444444444444444,0.94923153605,0.9178817272186279,7,7,30
Ecoli,greedy,FOLD-RM (fit),original,1.0,0.989280843375,1.0090365409851074,8,8,30
Ecoli,greedy,FOLD-RM (fit),original,0.9722222222222222,0.9684462060416666,1.0150375366210938,6,6,30
Ecoli,greedy,FOLD-RM (fit),original,0.9444444444444444,0.9504089151805556,1.0492265224456787,7,7,30
Ecoli,greedy,FOLD-RM (fit),original,0.9722222222222222,0.9640387392,0.9979455471038818,7,7,30
Ecoli,greedy,FOLD-RM (fit),original,0.9166666666666666,0.9330216099499999,1.01674485206604,7,7,30
Ecoli,greedy,FOLD-RM (fit),original,0.9166666666666666,0.9305389057111111,0.9674115180969238,8,8,30
Ecoli,greedy,FOLD-RM (fit),original,0.9444444444444444,0.9486810083527778,0.9877169132232666,8,8,30
Ecoli,greedy,FOLD-RM (fit),original,0.9722222222222222,0.9679663337361111,1.0519795417785645,7,7,30
Ecoli,greedy,FOLD-RM (fit),original,0.9444444444444444,0.9424366369611111,1.0569121837615967,7,8,30
Ecoli,greedy,FOLD-RM (fit),original,0.9722222222222222,0.9661503515833334,1.0232880115509033,7,7,30
Ecoli,greedy,FOLD-RM (fit),original,0.8888888888888888,0.8997075692555555,1.0723857879638672,7,7,30
Ecoli,greedy,FOLD-RM (fit),original,0.9722222222222222,0.9656182263416666,1.0803742408752441,7,7,30
Ecoli,greedy,FOLD-RM (fit),original,0.9722222222222222,0.9679949531138888,1.018326759338379,7,7,30
Ecoli,greedy,FOLD-RM (fit),original,1.0,0.9915449268083333,1.089268684387207,8,8,30
Ecoli,greedy,FOLD-RM (fit),original,0.9166666666666666,0.9183935413611112,1.0985124111175537,8,9,30
Ecoli,greedy,FOLD-RM (fit),original,0.9444444444444444,0.9469912919472222,0.9674115180969238,7,7,30
Ecoli,greedy,FOLD-RM (fit),original,0.9722222222222222,0.9726266926805556,1.1387341022491455,7,7,30
Ecoli,greedy,FOLD-RM (fit),original_guarded,0.9722222222222222,0.96721300185,0.936830997467041,7,7,30
Ecoli,greedy,FOLD-RM (fit),original_guarded,0.8888888888888888,0.9286142757472223,0.9820582866668701,6,6,30
Ecoli,greedy,FOLD-RM (fit),original_guarded,0.9166666666666666,0.9288558102972222,1.0131449699401855,6,6,30
Ecoli,greedy,FOLD-RM (fit),original_guarded,0.8888888888888888,0.9122159811916667,0.9876399040222168,8,8,30
Ecoli,greedy,FOLD-RM (fit),original_guarded,0.9444444444444444,0.95522361415,1.0274572372436523,8,8,30
Ecoli,greedy,FOLD-RM (fit),original_guarded,1.0,0.9878966323972223,1.0833101272583008,8,8,30
Ecoli,greedy,FOLD-RM (fit),original_guarded,0.9444444444444444,0.9503922472111112,1.1232829093933105,7,7,30
Ecoli,greedy,FOLD-RM (fit),original_guarded,0.9722222222222222,0.966528965625,1.1303153038024902,7,7,30
Ecoli,greedy,FOLD-RM (fit),original_guarded,0.9722222222222222,0.9689739660416666,1.1172428131103516,7,7,30
Ecoli,greedy,FOLD-RM (fit),original_guarded,0.8055555555555556,0.8301024068333334,1.1232829093933105,7,7,30
Ecoli,greedy,FOLD-RM (fit),original_guarded,1.0,0.9868751578416667,1.1335196495056152,8,8,30
Ecoli,greedy,FOLD-RM (fit),original_guarded,0.9722222222222222,0.9688618243777778,1.1442127227783203,8,8,30
Ecoli,greedy,FOLD-RM (fit),original_guarded,0.9444444444444444,0.9438189051805556,1.1611130237579346,7,7,30
Ecoli,greedy,FOLD-RM (fit),original_guarded,0.9722222222222222,0.96721300185,1.1518094539642334,7,7,30
Ecoli,greedy,FOLD-RM (fit),original_guarded,0.8611111111111112,0.8763713575277778,1.1305766105651855,7,7,30
Ecoli,greedy,FOLD-RM (fit),original_guarded,0.9166666666666666,0.9471835230861111,1.1760444641113281,7,7,30
Ecoli,greedy,FOLD-RM (fit),original_guarded,0.9444444444444444,0.9505348506583333,1.1917750835418701,7,7,30
Ecoli,greedy,FOLD-RM (fit),original_guarded,0.9444444444444444,0.9396507618888889,1.1917750835418701,8,8,30
Ecoli,greedy,FOLD-RM (fit),original_guarded,0.9444444444444444,0.951492239625,1.1851427555084229,7,7,30
Ecoli,greedy,FOLD-RM (fit),original_guarded,1.0,0.992208027525,1.1386029720306396,8,8,30
Ecoli,greedy,FOLD-RM (fit),original_guarded,0.9722222222222222,0.9684514314027778,1.224841594696045,7,7,30
Ecoli,greedy,FOLD-RM (fit),original_guarded,0.8888888888888888,0.9125347614361111,1.2123374938964844,7,7,30
Ecoli,greedy,FOLD-RM (fit),original_guarded,0.9722222222222222,0.9700395470777777,0.6576230525970459,8,9,30
Ecoli,greedy,FOLD-RM (fit),original_guarded,1.0,0.9905944337694444,1.2258384227752686,8,8,30
Ecoli,greedy,FOLD-RM (fit),original_guarded,1.0,0.989838365025,0.6728308200836182,8,8,30
Ecoli,greedy,FOLD-RM (fit),original_guarded,0.8611111111111112,0.8814400485972222,1.2017772197723389,7,7,30
Ecoli,greedy,FOLD-RM (fit),original_guarded,0.8888888888888888,0.8942030168194445,1.1815245151519775,9,8,30
Ecoli,greedy,FOLD-RM (fit),original_guarded,0.9444444444444444,0.9508020559416667,1.232834815979004,7,7,30
Ecoli,greedy,FOLD-RM (fit),original_guarded,0.9722222222222222,0.9664305028777778,1.1283607482910156,8,8,30
Ecoli,greedy,FOLD-RM (fit),original_guarded,0.8888888888888888,0.9021828997805555,1.256643533706665,8,9,30
Ecoli,greedy,FOLD-RM (fit),original_reweighted,0.8888888888888888,0.9152739760055556,1.7583446502685547,8,9,30
Ecoli,greedy,FOLD-RM (fit),original_reweighted,1.0,0.9911225968916667,2.1179442405700684,7,8,30
Ecoli,greedy,FOLD-RM (fit),original_reweighted,0.9444444444444444,0.961438861525,2.3350565433502197,7,8,30
Ecoli,greedy,FOLD-RM (fit),original_reweighted,0.9444444444444444,0.935677128086111,2.386159658432007,8,8,30
Ecoli,greedy,FOLD-RM (fit),original_reweighted,0.9444444444444444,0.9454390427777778,2.4753289222717285,7,8,30
Ecoli,greedy,FOLD-RM (fit),original_reweighted,0.8888888888888888,0.9024760040277778,2.527585744857788,7,7,30
Ecoli,greedy,FOLD-RM (fit),original_reweighted,0.8888888888888888,0.8960407410111111,2.531273365020752,8,8,30
Ecoli,greedy,FOLD-RM (fit),original_reweighted,0.9444444444444444,0.9445223572194444,2.608664035797119,8,8,30
Ecoli,greedy,FOLD-RM (fit),original_reweighted,0.9166666666666666,0.9167180034638889,2.667515754699707,8,8,30
Ecoli,greedy,FOLD-RM (fit),original_reweighted,0.8888888888888888,0.9079987850472222,2.679725170135498,7,8,30
Ecoli,greedy,FOLD-RM (fit),original_reweighted,0.9166666666666666,0.9124308204777778,2.7104787826538086,9,9,30
Ecoli,greedy,FOLD-RM (fit),original_reweighted,0.9444444444444444,0.9535222768611111,2.7314796447753906,7,8,30
Ecoli,greedy,FOLD-RM (fit),original_reweighted,0.9444444444444444,0.9518140958916667,2.762037515640259,7,8,30
Ecoli,greedy,FOLD-RM (fit),original_reweighted,0.9444444444444444,0.9291573610555556,2.824251174926758,8,9,30
Ecoli,greedy,FOLD-RM (fit),original_reweighted,0.8888888888888888,0.9011772444777778,2.9615349769592285,9,11,30
Ecoli,greedy,FOLD-RM (fit),original_reweighted,0.8611111111111112,0.8995164588277778,2.985063076019287,7,8,30
Ecoli,greedy,FOLD-RM (fit),original_reweighted,0.7777777777777778,0.796332614125,2.986064910888672,8,10,30
Ecoli,greedy,FOLD-RM (fit),original_reweighted,0.9166666666666666,0.9421245763055556,3.0869455337524414,8,8,30
Ecoli,greedy,FOLD-RM (fit),original_reweighted,0.9722222222222222,0.9745924813972222,3.10221791267395,7,8,30
Ecoli,greedy,FOLD-RM (fit),original_reweighted,0.9166666666666666,0.9227088480916666,3.109807014465332,7,8,30
Ecoli,greedy,FOLD-RM (fit),original_reweighted,0.8611111111111112,0.8721099644722221,3.1262290477752686,8,8,30
Ecoli,greedy,FOLD-RM (fit),original_reweighted,0.9444444444444444,0.958419512775,3.102353811264038,7,8,30
Ecoli,greedy,FOLD-RM (fit),original_reweighted,0.9166666666666666,0.929447555886111,3.1218674182891846,10,12,30
Ecoli,greedy,FOLD-RM (fit),original_reweighted,0.9722222222222222,0.9717346681027778,3.1225638389587402,7,8,30
Ecoli,greedy,FOLD-RM (fit),original_reweighted,0.8333333333333334,0.8493227865027778,3.1758852005004883,8,8,30
Ecoli,greedy,FOLD-RM (fit),original_reweighted,0.9444444444444444,0.9441280777472222,3.230759859085083,7,8,30
Ecoli,greedy,FOLD-RM (fit),original_reweighted,0.8888888888888888,0.9082243493333333,3.3005738258361816,7,8,30
Ecoli,greedy,FOLD-RM (fit),original_reweighted,0.9444444444444444,0.9445095092583333,3.2928247451782227,7,8,30
Ecoli,greedy,FOLD-RM (fit),original_reweighted,0.9444444444444444,0.9505407548333333,3.3155086040496826,7,8,30
Ecoli,greedy,FOLD-RM (fit),original_reweighted,0.9722222222222222,0.9698210978555556,3.329131603240967,9,11,30
Ecoli,greedy,FOLD-RM (fit),original_t_removed,0.8333333333333334,0.8685826417611111,0.8351855278015137,6,6,30
Ecoli,greedy,FOLD-RM (fit),original_t_removed,0.9444444444444444,0.9423965296777778,1.0797512531280518,7,7,30
Ecoli,greedy,FOLD-RM (fit),original_t_removed,0.9444444444444444,0.9451108841611111,1.167252779006958,7,7,30
Ecoli,greedy,FOLD-RM (fit),original_t_removed,1.0,0.9897981612833333,1.190713882446289,8,8,30
Ecoli,greedy,FOLD-RM (fit),original_t_removed,0.9166666666666666,0.9326146557305556,1.2613005638122559,5,5,30
Ecoli,greedy,FOLD-RM (fit),original_t_removed,0.9166666666666666,0.9224561953472221,1.3569059371948242,7,7,30
Ecoli,greedy,FOLD-RM (fit),original_t_removed,0.9166666666666666,0.9334607987083333,1.4323158264160156,7,8,30
Ecoli,greedy,FOLD-RM (fit),original_t_removed,0.9722222222222222,0.9680074058444444,1.6144928932189941,7,7,30
Ecoli,greedy,FOLD-RM (fit),original_t_removed,0.8888888888888888,0.8909431038416666,1.626072645187378,7,7,30
Ecoli,greedy,FOLD-RM (fit),original_t_removed,0.8888888888888888,0.9414417054944444,1.6532821655273438,8,8,30
Ecoli,greedy,FOLD-RM (fit),original_t_removed,0.9722222222222222,0.9728480638805556,1.6754963397979736,8,9,30
Ecoli,greedy,FOLD-RM (fit),original_t_removed,0.9444444444444444,0.9511576487,1.689821481704712,6,6,30
Ecoli,greedy,FOLD-RM (fit),original_t_removed,0.8611111111111112,0.9027838497888888,1.7244610786437988,6,6,30
Ecoli,greedy,FOLD-RM (fit),original_t_removed,0.9722222222222222,0.9699070788166666,1.7571654319763184,8,8,30
Ecoli,greedy,FOLD-RM (fit),original_t_removed,0.9722222222222222,0.9625172481861111,1.7981359958648682,7,7,30
Ecoli,greedy,FOLD-RM (fit),original_t_removed,0.9166666666666666,0.9286455802611111,1.8224890232086182,8,8,30
Ecoli,greedy,FOLD-RM (fit),original_t_removed,0.9722222222222222,0.9579727592861111,1.8140590190887451,7,7,30
Ecoli,greedy,FOLD-RM (fit),original_t_removed,0.9444444444444444,0.9463006009333333,1.8673617839813232,7,7,30
Ecoli,greedy,FOLD-RM (fit),original_t_removed,0.9722222222222222,0.9677613079916667,1.8639464378356934,8,8,30
Ecoli,greedy,FOLD-RM (fit),original_t_removed,0.9722222222222222,0.9688968994694445,1.87825345993042,8,8,30
Ecoli,greedy,FOLD-RM (fit),original_t_removed,0.9444444444444444,0.9539298414361111,1.9202253818511963,7,7,30
Ecoli,greedy,FOLD-RM (fit),original_t_removed,0.8888888888888888,0.9105453804888889,1.9202253818511963,7,7,30
Ecoli,greedy,FOLD-RM (fit),original_t_removed,0.9722222222222222,0.9736955716944444,1.9302973747253418,9,9,30
Ecoli,greedy,FOLD-RM (fit),original_t_removed,0.9444444444444444,0.9502992598222222,1.9202253818511963,7,7,30
Ecoli,greedy,FOLD-RM (fit),original_t_removed,0.8611111111111112,0.866246065588889,1.941305160522461,7,7,30
Ecoli,greedy,FOLD-RM (fit),original_t_removed,0.9722222222222222,0.9731694868777778,1.9569871425628662,7,7,30
Ecoli,greedy,FOLD-RM (fit),original_t_removed,0.9166666666666666,0.9330989014,1.966416835784912,7,7,30
Ecoli,greedy,FOLD-RM (fit),original_t_removed,0.9722222222222222,0.9673903572833333,1.9754962921142578,7,7,30
Ecoli,greedy,FOLD-RM (fit),original_t_removed,0.9722222222222222,0.9729623957861111,1.999067783355713,8,8,30
Ecoli,greedy,FOLD-RM (fit),original_t_removed,0.9722222222222222,0.96710289355,2.0065412521362305,7,7,30
Ecoli,greedy,FOLD-RM (fit),IG_over_P,1.0,0.9640703126722222,0.8051722049713135,10,9,30
Ecoli,greedy,FOLD-RM (fit),IG_over_P,0.9166666666666666,0.9171406941611111,1.0388104915618896,11,10,30
Ecoli,greedy,FOLD-RM (fit),IG_over_P,0.9166666666666666,0.9064486969750001,1.086496114730835,14,13,30
Ecoli,greedy,FOLD-RM (fit),IG_over_P,0.9444444444444444,0.9382858574222221,1.1571276187896729,13,12,30
Ecoli,greedy,FOLD-RM (fit),IG_over_P,0.9444444444444444,0.9674501910138888,1.1801254749298096,14,13,30
Ecoli,greedy,FOLD-RM (fit),IG_over_P,0.8888888888888888,0.9271006524000001,1.1853363513946533,6,5,30
Ecoli,greedy,FOLD-RM (fit),IG_over_P,0.9166666666666666,0.9200591949305555,1.2768168449401855,15,13,30
Ecoli,greedy,FOLD-RM (fit),IG_over_P,0.8611111111111112,0.8764734809027778,1.2957301139831543,12,10,30
Ecoli,greedy,FOLD-RM (fit),IG_over_P,1.0,0.9695121776666666,1.3140361309051514,11,10,30
Ecoli,greedy,FOLD-RM (fit),IG_over_P,0.9444444444444444,0.9610771703111111,1.3372511863708496,16,14,30
Ecoli,greedy,FOLD-RM (fit),IG_over_P,0.9444444444444444,0.9520467004444444,1.3920645713806152,8,7,30
Ecoli,greedy,FOLD-RM (fit),IG_over_P,0.9444444444444444,0.9472672606611111,1.3978190422058105,15,13,30
Ecoli,greedy,FOLD-RM (fit),IG_over_P,0.9444444444444444,0.9336716394944444,1.4453120231628418,12,11,30
Ecoli,greedy,FOLD-RM (fit),IG_over_P,0.8611111111111112,0.9167146019,1.5280144214630127,14,13,30
Ecoli,greedy,FOLD-RM (fit),IG_over_P,0.9722222222222222,0.9680843644833333,1.5383999347686768,16,14,30
Ecoli,greedy,FOLD-RM (fit),IG_over_P,1.0,0.9879822718611111,1.6025068759918213,19,17,30
Ecoli,greedy,FOLD-RM (fit),IG_over_P,0.9722222222222222,0.9544096701083333,1.5960712432861328,15,14,30
Ecoli,greedy,FOLD-RM (fit),IG_over_P,0.9722222222222222,0.9639464516694445,1.6134192943572998,16,13,30
Ecoli,greedy,FOLD-RM (fit),IG_over_P,0.9722222222222222,0.9447184571333334,1.6065912246704102,14,11,30
Ecoli,greedy,FOLD-RM (fit),IG_over_P,1.0,0.9853309686444445,1.6111299991607666,18,16,30
Ecoli,greedy,FOLD-RM (fit),IG_over_P,0.9166666666666666,0.909637276325,1.6111299991607666,11,10,30
Ecoli,greedy,FOLD-RM (fit),IG_over_P,0.9444444444444444,0.9562680492722222,1.627025842666626,17,14,30
Ecoli,greedy,FOLD-RM (fit),IG_over_P,0.9166666666666666,0.9380227898194444,1.6668412685394287,15,12,30
Ecoli,greedy,FOLD-RM (fit),IG_over_P,1.0,0.9865992043472223,1.6845042705535889,18,16,30
Ecoli,greedy,FOLD-RM (fit),IG_over_P,0.9444444444444444,0.9388803474583334,1.708207130432129,14,13,30
Ecoli,greedy,FOLD-RM (fit),IG_over_P,0.9444444444444444,0.9219506483694444,1.7133162021636963,11,10,30
Ecoli,greedy,FOLD-RM (fit),IG_over_P,0.9444444444444444,0.9455352100083334,1.7133162021636963,14,12,30
Ecoli,greedy,FOLD-RM (fit),IG_over_P,0.9722222222222222,0.9552372680166666,1.7134110927581787,16,14,30
Ecoli,greedy,FOLD-RM (fit),IG_over_P,0.9444444444444444,0.9464716047222222,1.7262496948242188,15,12,30
Ecoli,greedy,FOLD-RM (fit),IG_over_P,0.8888888888888888,0.9416733284138888,1.727480411529541,18,16,30
Ecoli,greedy,FOLD-RM (fit),IG_over_P2,0.9166666666666666,0.8746240043805555,12.413772583007812,40,53,30
Ecoli,greedy,FOLD-RM (fit),IG_over_P2,0.9166666666666666,0.8459942734444444,12.524103164672852,36,48,30
Ecoli,greedy,FOLD-RM (fit),IG_over_P2,0.9166666666666666,0.869093435261111,12.55400562286377,40,50,30
Ecoli,greedy,FOLD-RM (fit),IG_over_P2,0.8333333333333334,0.8310818716888889,12.92681884765625,41,54,30
Ecoli,greedy,FOLD-RM (fit),IG_over_P2,0.9166666666666666,0.8748744027416667,12.97384524345398,38,48,30
Ecoli,greedy,FOLD-RM (fit),IG_over_P2,1.0,0.9236129669527777,13.18371033668518,38,48,30
Ecoli,greedy,FOLD-RM (fit),IG_over_P2,0.9722222222222222,0.8955753238305555,13.233031034469604,35,44,30
Ecoli,greedy,FOLD-RM (fit),IG_over_P2,0.9444444444444444,0.8891751110138889,13.373296022415161,39,48,30
Ecoli,greedy,FOLD-RM (fit),IG_over_P2,0.8055555555555556,0.7859123187555556,13.526676654815674,40,58,30
Ecoli,greedy,FOLD-RM (fit),IG_over_P2,1.0,0.9352238667194445,13.644271612167358,39,51,30
Ecoli,greedy,FOLD-RM (fit),IG_over_P2,0.8333333333333334,0.8193064855722222,13.703465461730957,41,55,30
Ecoli,greedy,FOLD-RM (fit),IG_over_P2,0.7777777777777778,0.7984607447666667,13.7791006565094,42,54,30
Ecoli,greedy,FOLD-RM (fit),IG_over_P2,1.0,0.950367175713889,14.025825262069702,41,56,30
Ecoli,greedy,FOLD-RM (fit),IG_over_P2,1.0,0.9289666616583333,14.1292724609375,40,50,30
Ecoli,greedy,FOLD-RM (fit),IG_over_P2,0.9444444444444444,0.8980166598805555,14.177198648452759,40,52,30
Ecoli,greedy,FOLD-RM (fit),IG_over_P2,1.0,0.9290487247333333,14.330236673355103,39,58,30
Ecoli,greedy,FOLD-RM (fit),IG_over_P2,0.8611111111111112,0.8427997427305556,14.48654317855835,35,47,30
Ecoli,greedy,FOLD-RM (fit),IG_over_P2,0.9722222222222222,0.9109770030222222,14.78200888633728,40,56,30
Ecoli,greedy,FOLD-RM (fit),IG_over_P2,0.9722222222222222,0.9272949187138888,14.852494239807129,42,57,30
Ecoli,greedy,FOLD-RM (fit),IG_over_P2,0.9722222222222222,0.9216868777444445,14.915034532546997,42,58,30
Ecoli,greedy,FOLD-RM (fit),IG_over_P2,0.8888888888888888,0.8410304601944445,14.969818830490112,38,54,30
Ecoli,greedy,FOLD-RM (fit),IG_over_P2,0.8888888888888888,0.8727668471194444,15.04511046409607,40,55,30
Ecoli,greedy,FOLD-RM (fit),IG_over_P2,0.9444444444444444,0.9131389994166667,15.10606336593628,41,59,30
Ecoli,greedy,FOLD-RM (fit),IG_over_P2,0.8333333333333334,0.81864465735,15.152387142181396,41,61,30
Ecoli,greedy,FOLD-RM (fit),IG_over_P2,0.9166666666666666,0.8479084904222222,15.181549072265625,38,58,30
Ecoli,greedy,FOLD-RM (fit),IG_over_P2,0.9166666666666666,0.8691227459444444,15.192559719085693,40,59,30
Ecoli,greedy,FOLD-RM (fit),IG_over_P2,0.8888888888888888,0.9020243341388888,15.220287799835205,41,63,30
Ecoli,greedy,FOLD-RM (fit),IG_over_P2,0.8888888888888888,0.8480419523416667,15.260306358337402,40,56,30
Ecoli,greedy,FOLD-RM (fit),IG_over_P2,0.9444444444444444,0.9033666014666666,15.278443574905396,41,55,30
Ecoli,greedy,FOLD-RM (fit),IG_over_P2,0.9444444444444444,0.9034618564555555,15.281879663467407,41,59,30
Ecoli,greedy,FOLD-RM (fit),LogOddsRatio,0.9166666666666666,0.9309648104277777,0.9539921283721924,6,6,30
Ecoli,greedy,FOLD-RM (fit),LogOddsRatio,0.9444444444444444,0.96632542595,1.1146957874298096,6,6,30
Ecoli,greedy,FOLD-RM (fit),LogOddsRatio,0.9722222222222222,0.9714386902777777,1.124983549118042,6,6,30
Ecoli,greedy,FOLD-RM (fit),LogOddsRatio,0.9444444444444444,0.9615569025972223,1.1869990825653076,6,6,30
Ecoli,greedy,FOLD-RM (fit),LogOddsRatio,0.9166666666666666,0.9437656198805555,1.207364797592163,5,5,30
Ecoli,greedy,FOLD-RM (fit),LogOddsRatio,0.9722222222222222,0.9670714884611111,1.2386143207550049,6,6,30
Ecoli,greedy,FOLD-RM (fit),LogOddsRatio,0.8888888888888888,0.8985166877638888,1.3435449600219727,6,6,30
Ecoli,greedy,FOLD-RM (fit),LogOddsRatio,0.9722222222222222,0.9713012108027778,1.3555045127868652,6,6,30
Ecoli,greedy,FOLD-RM (fit),LogOddsRatio,0.9722222222222222,0.964307621125,1.3620483875274658,6,6,30
Ecoli,greedy,FOLD-RM (fit),LogOddsRatio,0.8888888888888888,0.9095004421138889,1.3572025299072266,6,6,30
Ecoli,greedy,FOLD-RM (fit),LogOddsRatio,0.8611111111111112,0.8888318955888888,1.444732666015625,6,6,30
Ecoli,greedy,FOLD-RM (fit),LogOddsRatio,0.8888888888888888,0.9645287160833333,1.4673373699188232,7,7,30
Ecoli,greedy,FOLD-RM (fit),LogOddsRatio,0.9444444444444444,0.9767930189166667,1.4774632453918457,6,6,30
Ecoli,greedy,FOLD-RM (fit),LogOddsRatio,0.9166666666666666,0.9703462266388889,1.502652883529663,7,7,30
Ecoli,greedy,FOLD-RM (fit),LogOddsRatio,0.9166666666666666,0.9545537787444445,1.5861859321594238,6,6,30
Ecoli,greedy,FOLD-RM (fit),LogOddsRatio,0.9722222222222222,0.9689339349472222,1.6127991676330566,6,6,30
Ecoli,greedy,FOLD-RM (fit),LogOddsRatio,0.9444444444444444,0.9663105119666666,1.6698176860809326,6,6,30
Ecoli,greedy,FOLD-RM (fit),LogOddsRatio,0.9722222222222222,0.9678930525027778,1.7025635242462158,6,6,30
Ecoli,greedy,FOLD-RM (fit),LogOddsRatio,0.9444444444444444,0.9612777965694445,1.6999359130859375,7,7,30
Ecoli,greedy,FOLD-RM (fit),LogOddsRatio,0.8888888888888888,0.9122058269555555,1.7165756225585938,7,7,30
Ecoli,greedy,FOLD-RM (fit),LogOddsRatio,0.9444444444444444,0.9611558374916667,1.7840642929077148,7,7,30
Ecoli,greedy,FOLD-RM (fit),LogOddsRatio,0.9444444444444444,0.9543751564694445,1.792849063873291,6,6,30
Ecoli,greedy,FOLD-RM (fit),LogOddsRatio,0.9722222222222222,0.9723547599,1.7952492237091064,7,7,30
Ecoli,greedy,FOLD-RM (fit),LogOddsRatio,0.9444444444444444,0.9612152730722222,1.8009498119354248,6,6,30
Ecoli,greedy,FOLD-RM (fit),LogOddsRatio,1.0,0.9896208018416667,1.813328504562378,7,7,30
Ecoli,greedy,FOLD-RM (fit),LogOddsRatio,1.0,0.9906215684722223,1.8387982845306396,7,7,30
Ecoli,greedy,FOLD-RM (fit),LogOddsRatio,0.9166666666666666,0.9513461372694445,1.85164475440979,6,6,30
Ecoli,greedy,FOLD-RM (fit),LogOddsRatio,0.9444444444444444,0.9670741763916666,1.8761296272277832,6,6,30
Ecoli,greedy,FOLD-RM (fit),LogOddsRatio,1.0,0.9907920294333333,1.899843454360962,7,7,30
Ecoli,greedy,FOLD-RM (fit),LogOddsRatio,0.9444444444444444,0.95929450255,1.902843713760376,6,6,30
Ecoli,greedy,FOLD-RM (fit),MathewsCC,0.8611111111111112,0.9033001666611111,0.9770736694335938,6,6,30
Ecoli,greedy,FOLD-RM (fit),MathewsCC,0.9722222222222222,0.9678539641694445,1.3513622283935547,7,7,30
Ecoli,greedy,FOLD-RM (fit),MathewsCC,0.9166666666666666,0.9329043105194444,1.6694753170013428,6,6,30
Ecoli,greedy,FOLD-RM (fit),MathewsCC,0.9722222222222222,0.9679272427,1.793236494064331,7,7,30
Ecoli,greedy,FOLD-RM (fit),MathewsCC,0.9166666666666666,0.9503806519083333,2.009422540664673,9,9,30
Ecoli,greedy,FOLD-RM (fit),MathewsCC,1.0,0.9840901098638889,2.0885636806488037,8,8,30
Ecoli,greedy,FOLD-RM (fit),MathewsCC,0.8055555555555556,0.8435146786555555,2.119659423828125,8,8,30
Ecoli,greedy,FOLD-RM (fit),MathewsCC,0.9166666666666666,0.9113211279944444,2.1360368728637695,15,15,30
Ecoli,greedy,FOLD-RM (fit),MathewsCC,0.9722222222222222,0.950236051075,2.267415761947632,16,15,30
Ecoli,greedy,FOLD-RM (fit),MathewsCC,0.9722222222222222,0.9639161019888889,2.3006021976470947,7,7,30
Ecoli,greedy,FOLD-RM (fit),MathewsCC,0.9444444444444444,0.9578212345333333,2.3886470794677734,7,7,30
Ecoli,greedy,FOLD-RM (fit),MathewsCC,0.8611111111111112,0.8922482440333332,2.4648540019989014,8,8,30
Ecoli,greedy,FOLD-RM (fit),MathewsCC,0.9444444444444444,0.9569804786861111,2.5242197513580322,8,8,30
Ecoli,greedy,FOLD-RM (fit),MathewsCC,0.8888888888888888,0.893462968261111,2.540165901184082,12,12,30
Ecoli,greedy,FOLD-RM (fit),MathewsCC,0.9722222222222222,0.9679854579277778,2.550143003463745,9,9,30
Ecoli,greedy,FOLD-RM (fit),MathewsCC,0.9722222222222222,0.9725087438888889,2.5839242935180664,15,15,30
Ecoli,greedy,FOLD-RM (fit),MathewsCC,0.9444444444444444,0.9396958620138889,2.6507740020751953,8,8,30
Ecoli,greedy,FOLD-RM (fit),MathewsCC,0.9444444444444444,0.9428634378388889,2.775294065475464,8,8,30
Ecoli,greedy,FOLD-RM (fit),MathewsCC,0.9166666666666666,0.9236040894472222,2.772294282913208,8,8,30
Ecoli,greedy,FOLD-RM (fit),MathewsCC,0.9444444444444444,0.9534838300833333,2.828282594680786,15,15,30
Ecoli,greedy,FOLD-RM (fit),MathewsCC,0.9444444444444444,0.9450034022111111,2.8816885948181152,8,8,30
Ecoli,greedy,FOLD-RM (fit),MathewsCC,0.9444444444444444,0.9495830725777777,2.8864800930023193,9,9,30
Ecoli,greedy,FOLD-RM (fit),MathewsCC,0.8888888888888888,0.9060162238388889,2.897927761077881,8,8,30
Ecoli,greedy,FOLD-RM (fit),MathewsCC,0.8611111111111112,0.9122117902583333,2.9224464893341064,7,7,30
Ecoli,greedy,FOLD-RM (fit),MathewsCC,0.9166666666666666,0.9315887588888889,2.932307004928589,16,14,30
Ecoli,greedy,FOLD-RM (fit),MathewsCC,0.8888888888888888,0.8990797001138889,2.9458343982696533,12,12,30
Ecoli,greedy,FOLD-RM (fit),MathewsCC,0.9722222222222222,0.9679854579277778,2.9480745792388916,9,9,30
Ecoli,greedy,FOLD-RM (fit),MathewsCC,0.9166666666666666,0.9415476983666667,2.9776930809020996,8,8,30
Ecoli,greedy,FOLD-RM (fit),MathewsCC,0.9166666666666666,0.9191921742555555,3.0113861560821533,8,8,30
Ecoli,greedy,FOLD-RM (fit),MathewsCC,0.9166666666666666,0.9162345490888889,3.0048844814300537,10,9,30
Ecoli,greedy,FOLD-RM (fit),MathewsCC_mod,0.8888888888888888,0.9326647450638889,1.6170341968536377,7,7,30
Ecoli,greedy,FOLD-RM (fit),MathewsCC_mod,1.0,0.9897445769,1.647773265838623,7,7,30
Ecoli,greedy,FOLD-RM (fit),MathewsCC_mod,0.9166666666666666,0.9524551219638889,1.870572566986084,7,7,30
Ecoli,greedy,FOLD-RM (fit),MathewsCC_mod,0.9444444444444444,0.9662911310583333,1.882720947265625,7,7,30
Ecoli,greedy,FOLD-RM (fit),MathewsCC_mod,0.8888888888888888,0.8941656597055556,1.911874771118164,7,8,30
Ecoli,greedy,FOLD-RM (fit),MathewsCC_mod,0.8333333333333334,0.8837549856861112,2.0168538093566895,6,7,30
Ecoli,greedy,FOLD-RM (fit),MathewsCC_mod,0.9444444444444444,0.9596801119444445,2.1710474491119385,7,7,30
Ecoli,greedy,FOLD-RM (fit),MathewsCC_mod,0.8888888888888888,0.9072148032333334,2.2535288333892822,8,8,30
Ecoli,greedy,FOLD-RM (fit),MathewsCC_mod,0.9166666666666666,0.9359692509527777,2.308027505874634,7,7,30
Ecoli,greedy,FOLD-RM (fit),MathewsCC_mod,0.8611111111111112,0.8879980825638889,2.3214454650878906,7,7,30
Ecoli,greedy,FOLD-RM (fit),MathewsCC_mod,0.9722222222222222,0.9628699745583333,2.3719961643218994,8,8,30
Ecoli,greedy,FOLD-RM (fit),MathewsCC_mod,0.9166666666666666,0.93642132775,2.379772901535034,7,7,30
Ecoli,greedy,FOLD-RM (fit),MathewsCC_mod,0.8611111111111112,0.8834072212166667,2.4628565311431885,7,8,30
Ecoli,greedy,FOLD-RM (fit),MathewsCC_mod,0.9444444444444444,0.9561069769027778,2.4658563137054443,8,8,30
Ecoli,greedy,FOLD-RM (fit),MathewsCC_mod,0.9444444444444444,0.9433414696805555,2.5795938968658447,8,8,30
Ecoli,greedy,FOLD-RM (fit),MathewsCC_mod,0.9444444444444444,0.9422282936277778,2.5757627487182617,8,8,30
Ecoli,greedy,FOLD-RM (fit),MathewsCC_mod,0.9166666666666666,0.9372188276611111,2.6023221015930176,7,7,30
Ecoli,greedy,FOLD-RM (fit),MathewsCC_mod,0.8888888888888888,0.914366557136111,2.584557056427002,7,7,30
Ecoli,greedy,FOLD-RM (fit),MathewsCC_mod,0.9166666666666666,0.9357714260305555,2.6158275604248047,7,7,30
Ecoli,greedy,FOLD-RM (fit),MathewsCC_mod,0.9444444444444444,0.9443257267666667,2.5835535526275635,9,9,30
Ecoli,greedy,FOLD-RM (fit),MathewsCC_mod,0.8888888888888888,0.9106319126083333,2.6322317123413086,7,7,30
Ecoli,greedy,FOLD-RM (fit),MathewsCC_mod,0.9444444444444444,0.9412030780055556,2.635009288787842,8,8,30
Ecoli,greedy,FOLD-RM (fit),MathewsCC_mod,0.9166666666666666,0.9375230438583333,2.6462299823760986,7,7,30
Ecoli,greedy,FOLD-RM (fit),MathewsCC_mod,0.9722222222222222,0.9656362782333333,2.652454376220703,9,9,30
Ecoli,greedy,FOLD-RM (fit),MathewsCC_mod,0.8888888888888888,0.8934420777944445,2.671954393386841,8,8,30
Ecoli,greedy,FOLD-RM (fit),MathewsCC_mod,0.9722222222222222,0.9661767711722222,2.6804327964782715,9,9,30
Ecoli,greedy,FOLD-RM (fit),MathewsCC_mod,0.8333333333333334,0.8712611342138888,2.6867594718933105,8,8,30
Ecoli,greedy,FOLD-RM (fit),MathewsCC_mod,0.9444444444444444,0.9504984023999999,2.707007884979248,9,9,30
Ecoli,greedy,FOLD-RM (fit),MathewsCC_mod,0.9444444444444444,0.9604420969277778,2.717278480529785,8,8,30
Ecoli,greedy,FOLD-RM (fit),MathewsCC_mod,0.9722222222222222,0.9664414348583333,2.717278480529785,9,9,30
Ecoli,greedy,FOLD-RM (fit),MathewsP,0.75,0.8462996165972222,1.3270339965820312,7,7,30
Ecoli,greedy,FOLD-RM (fit),MathewsP,0.9444444444444444,0.9455698359166667,1.3702201843261719,8,8,30
Ecoli,greedy,FOLD-RM (fit),MathewsP,0.9722222222222222,0.9703645034888889,1.4708435535430908,8,8,30
Ecoli,greedy,FOLD-RM (fit),MathewsP,0.9444444444444444,0.9447122953777778,1.5069973468780518,6,6,30
Ecoli,greedy,FOLD-RM (fit),MathewsP,0.9444444444444444,0.9649333546583333,1.57338547706604,7,7,30
Ecoli,greedy,FOLD-RM (fit),MathewsP,0.8888888888888888,0.9162005806694443,1.8087832927703857,5,5,30
Ecoli,greedy,FOLD-RM (fit),MathewsP,0.8611111111111112,0.8883265146111111,1.9192075729370117,7,7,30
Ecoli,greedy,FOLD-RM (fit),MathewsP,0.9166666666666666,0.9324399123722222,1.91194748878479,6,6,30
Ecoli,greedy,FOLD-RM (fit),MathewsP,0.9444444444444444,0.9652567723416666,1.9231460094451904,9,9,30
Ecoli,greedy,FOLD-RM (fit),MathewsP,0.9166666666666666,0.9258030484249999,1.9834611415863037,7,7,30
Ecoli,greedy,FOLD-RM (fit),MathewsP,1.0,0.9896764247083333,2.004093647003174,8,8,30
Ecoli,greedy,FOLD-RM (fit),MathewsP,0.9444444444444444,0.9471067044805556,2.004093647003174,6,6,30
Ecoli,greedy,FOLD-RM (fit),MathewsP,0.8888888888888888,0.9106797201583333,2.044940948486328,8,8,30
Ecoli,greedy,FOLD-RM (fit),MathewsP,0.8611111111111112,0.9169183276138888,2.071564197540283,6,6,30
Ecoli,greedy,FOLD-RM (fit),MathewsP,0.9722222222222222,0.9598193638333333,2.1072540283203125,8,8,30
Ecoli,greedy,FOLD-RM (fit),MathewsP,0.9166666666666666,0.9308297620833332,2.129944324493408,5,5,30
Ecoli,greedy,FOLD-RM (fit),MathewsP,0.9722222222222222,0.9696083325611111,2.1488051414489746,9,9,30
Ecoli,greedy,FOLD-RM (fit),MathewsP,0.9444444444444444,0.952731148175,2.1528196334838867,6,6,30
Ecoli,greedy,FOLD-RM (fit),MathewsP,0.9166666666666666,0.9346198459111111,2.1651289463043213,8,8,30
Ecoli,greedy,FOLD-RM (fit),MathewsP,0.9722222222222222,0.9639404476583333,2.183790683746338,9,9,30
Ecoli,greedy,FOLD-RM (fit),MathewsP,0.9166666666666666,0.9355786342611111,2.2027366161346436,9,9,30
Ecoli,greedy,FOLD-RM (fit),MathewsP,0.9444444444444444,0.9524172139138889,2.2439513206481934,8,8,30
Ecoli,greedy,FOLD-RM (fit),MathewsP,0.9166666666666666,0.9253112747,2.2565083503723145,7,7,30
Ecoli,greedy,FOLD-RM (fit),MathewsP,0.9166666666666666,0.9566128522555556,2.2636401653289795,8,8,30
Ecoli,greedy,FOLD-RM (fit),MathewsP,0.8333333333333334,0.9193006131194444,2.2914295196533203,8,8,30
Ecoli,greedy,FOLD-RM (fit),MathewsP,0.9722222222222222,0.9713115447777778,2.298933506011963,8,8,30
Ecoli,greedy,FOLD-RM (fit),MathewsP,0.8888888888888888,0.9050785977277778,2.2833774089813232,8,8,30
Ecoli,greedy,FOLD-RM (fit),MathewsP,0.9444444444444444,0.9552014230444444,2.304929494857788,8,8,30
Ecoli,greedy,FOLD-RM (fit),MathewsP,0.9444444444444444,0.9593363350416667,2.3201651573181152,8,8,30
Ecoli,greedy,FOLD-RM (fit),MathewsP,0.9444444444444444,0.9505378743138889,2.3030858039855957,8,8,30
Ecoli,greedy,FOLD-RM (fit),MathewsP2,0.9444444444444444,0.9395911769888888,1.1340503692626953,7,7,30
Ecoli,greedy,FOLD-RM (fit),MathewsP2,0.9722222222222222,0.9579291692833334,1.411942720413208,7,7,30
Ecoli,greedy,FOLD-RM (fit),MathewsP2,0.8611111111111112,0.9343395885333333,1.447533369064331,8,8,30
Ecoli,greedy,FOLD-RM (fit),MathewsP2,1.0,0.9871321868472223,1.483579397201538,9,9,30
Ecoli,greedy,FOLD-RM (fit),MathewsP2,0.8888888888888888,0.9127507002777778,1.5245099067687988,7,7,30
Ecoli,greedy,FOLD-RM (fit),MathewsP2,0.9444444444444444,0.9472766306527778,1.6672868728637695,7,7,30
Ecoli,greedy,FOLD-RM (fit),MathewsP2,0.9722222222222222,0.9614433837,1.7036354541778564,8,8,30
Ecoli,greedy,FOLD-RM (fit),MathewsP2,0.9166666666666666,0.9417387993666667,1.699707269668579,8,8,30
Ecoli,greedy,FOLD-RM (fit),MathewsP2,0.8888888888888888,0.934648887438889,1.7363457679748535,8,8,30
Ecoli,greedy,FOLD-RM (fit),MathewsP2,0.8611111111111112,0.888467419725,1.7658207416534424,5,5,30
Ecoli,greedy,FOLD-RM (fit),MathewsP2,0.9444444444444444,0.9490369155361111,1.9159257411956787,7,7,30
Ecoli,greedy,FOLD-RM (fit),MathewsP2,0.9444444444444444,0.9226398285055555,1.9464929103851318,7,7,30
Ecoli,greedy,FOLD-RM (fit),MathewsP2,0.9444444444444444,0.9540918169111111,1.9627773761749268,8,8,30
Ecoli,greedy,FOLD-RM (fit),MathewsP2,0.8611111111111112,0.9101984909555556,1.9524955749511719,7,7,30
Ecoli,greedy,FOLD-RM (fit),MathewsP2,0.9166666666666666,0.9398827568166667,1.986952781677246,8,8,30
Ecoli,greedy,FOLD-RM (fit),MathewsP2,0.9722222222222222,0.9673082131638888,1.989954948425293,8,8,30
Ecoli,greedy,FOLD-RM (fit),MathewsP2,0.8611111111111112,0.8996525966527777,2.0149707794189453,7,7,30
Ecoli,greedy,FOLD-RM (fit),MathewsP2,0.8611111111111112,0.9108782069222222,2.04587459564209,8,8,30
Ecoli,greedy,FOLD-RM (fit),MathewsP2,0.9722222222222222,0.9691714201861111,2.0950496196746826,7,7,30
Ecoli,greedy,FOLD-RM (fit),MathewsP2,0.9166666666666666,0.935678702311111,2.1212453842163086,7,7,30
Ecoli,greedy,FOLD-RM (fit),MathewsP2,0.9444444444444444,0.9481721107416666,2.1425118446350098,8,8,30
Ecoli,greedy,FOLD-RM (fit),MathewsP2,0.8333333333333334,0.8633283439916667,2.151202440261841,8,8,30
Ecoli,greedy,FOLD-RM (fit),MathewsP2,0.9444444444444444,0.9584036831888889,2.14851450920105,9,9,30
Ecoli,greedy,FOLD-RM (fit),MathewsP2,0.9444444444444444,0.9669359779027777,2.19427490234375,8,8,30
Ecoli,greedy,FOLD-RM (fit),MathewsP2,0.9722222222222222,0.9715142849972223,2.219071388244629,8,8,30
Ecoli,greedy,FOLD-RM (fit),MathewsP2,0.9722222222222222,0.9670379161638889,2.232755184173584,7,7,30
Ecoli,greedy,FOLD-RM (fit),MathewsP2,0.8888888888888888,0.9265987509805556,2.2957825660705566,8,8,30
Ecoli,greedy,FOLD-RM (fit),MathewsP2,0.9166666666666666,0.9026758980583333,2.296760082244873,8,8,30
Ecoli,greedy,FOLD-RM (fit),MathewsP2,0.9444444444444444,0.9549717440444444,2.2897799015045166,8,8,30
Ecoli,greedy,FOLD-RM (fit),MathewsP2,0.8888888888888888,0.9267232300583333,2.317368268966675,7,7,30
Ecoli,greedy,FOLD-RM (fit),MathewsP3,0.9166666666666666,0.9130750866722223,0.8049232959747314,9,9,30
Ecoli,greedy,FOLD-RM (fit),MathewsP3,0.8888888888888888,0.9040189024888889,0.851240873336792,5,5,30
Ecoli,greedy,FOLD-RM (fit),MathewsP3,0.9444444444444444,0.944031212275,0.8843638896942139,5,5,30
Ecoli,greedy,FOLD-RM (fit),MathewsP3,0.8611111111111112,0.8987935719777778,1.1755836009979248,6,6,30
Ecoli,greedy,FOLD-RM (fit),MathewsP3,1.0,0.9767776527888888,1.4786837100982666,8,8,30
Ecoli,greedy,FOLD-RM (fit),MathewsP3,0.9444444444444444,0.9528540704916667,1.4905614852905273,8,8,30
Ecoli,greedy,FOLD-RM (fit),MathewsP3,0.9722222222222222,0.9670652578138889,1.6118707656860352,7,7,30
Ecoli,greedy,FOLD-RM (fit),MathewsP3,0.9722222222222222,0.9673151306694444,1.664292335510254,8,8,30
Ecoli,greedy,FOLD-RM (fit),MathewsP3,0.9444444444444444,0.9462065743222222,1.695444107055664,7,7,30
Ecoli,greedy,FOLD-RM (fit),MathewsP3,0.9444444444444444,0.9535842012666667,1.787919044494629,7,7,30
Ecoli,greedy,FOLD-RM (fit),MathewsP3,0.9166666666666666,0.9201611724722222,1.8079087734222412,7,7,30
Ecoli,greedy,FOLD-RM (fit),MathewsP3,0.9166666666666666,0.9508382814222223,1.8624675273895264,8,8,30
Ecoli,greedy,FOLD-RM (fit),MathewsP3,0.9444444444444444,0.9471619823055556,1.878286600112915,7,7,30
Ecoli,greedy,FOLD-RM (fit),MathewsP3,0.8888888888888888,0.908518044,1.8901605606079102,7,7,30
Ecoli,greedy,FOLD-RM (fit),MathewsP3,0.9722222222222222,0.9627418905027778,1.9327692985534668,7,7,30
Ecoli,greedy,FOLD-RM (fit),MathewsP3,0.9722222222222222,0.9678099563,1.9435992240905762,7,7,30
Ecoli,greedy,FOLD-RM (fit),MathewsP3,0.9166666666666666,0.9247540695694444,1.9716856479644775,8,8,30
Ecoli,greedy,FOLD-RM (fit),MathewsP3,0.9722222222222222,0.9710054090361111,1.9924826622009277,7,7,30
Ecoli,greedy,FOLD-RM (fit),MathewsP3,0.9166666666666666,0.9349050835805556,2.04506254196167,7,7,30
Ecoli,greedy,FOLD-RM (fit),MathewsP3,0.8888888888888888,0.9037045606222223,2.0645251274108887,8,8,30
Ecoli,greedy,FOLD-RM (fit),MathewsP3,1.0,0.9739333212777778,2.0862607955932617,8,8,30
Ecoli,greedy,FOLD-RM (fit),MathewsP3,0.8611111111111112,0.9042075552277778,2.0745773315429688,7,7,30
Ecoli,greedy,FOLD-RM (fit),MathewsP3,0.9444444444444444,0.9406042578,2.105071544647217,7,7,30
Ecoli,greedy,FOLD-RM (fit),MathewsP3,1.0,0.975305797575,2.109654188156128,7,7,30
Ecoli,greedy,FOLD-RM (fit),MathewsP3,0.9444444444444444,0.956746923,2.133840799331665,8,8,30
Ecoli,greedy,FOLD-RM (fit),MathewsP3,1.0,0.985136561375,2.141441822052002,8,8,30
Ecoli,greedy,FOLD-RM (fit),MathewsP3,0.9444444444444444,0.9576686398555555,2.1365842819213867,8,8,30
Ecoli,greedy,FOLD-RM (fit),MathewsP3,0.8888888888888888,0.9453263316722222,2.1365842819213867,7,7,30
Ecoli,greedy,FOLD-RM (fit),MathewsP3,0.9166666666666666,0.9298127808638889,2.1610028743743896,8,8,30
Ecoli,greedy,FOLD-RM (fit),MathewsP3,0.9444444444444444,0.9462378300555556,2.1609747409820557,8,8,30
Ecoli,round_robin,FOLD-RM (fit),original,0.9444444444444444,0.9453466645555556,1.7819998264312744,8,8,30
Ecoli,round_robin,FOLD-RM (fit),original,0.9722222222222222,0.9849926344916666,1.9585299491882324,9,9,30
Ecoli,round_robin,FOLD-RM (fit),original,0.8611111111111112,0.8727001195222223,2.001281499862671,12,13,30
Ecoli,round_robin,FOLD-RM (fit),original,0.9166666666666666,0.9469794588194445,2.126352548599243,8,8,30
Ecoli,round_robin,FOLD-RM (fit),original,0.9166666666666666,0.9088586913944444,2.2248549461364746,8,8,30
Ecoli,round_robin,FOLD-RM (fit),original,0.9722222222222222,0.9652094778305556,2.333132028579712,9,9,30
Ecoli,round_robin,FOLD-RM (fit),original,0.8611111111111112,0.9130862838194445,2.3525469303131104,11,11,30
Ecoli,round_robin,FOLD-RM (fit),original,0.8055555555555556,0.8424190349277777,2.4221649169921875,8,8,30
Ecoli,round_robin,FOLD-RM (fit),original,0.9444444444444444,0.9473256781722222,2.426008701324463,9,9,30
Ecoli,round_robin,FOLD-RM (fit),original,0.9166666666666666,0.9298854846944444,2.456008195877075,8,8,30
Ecoli,round_robin,FOLD-RM (fit),original,0.9444444444444444,0.9706212518194445,2.5483477115631104,9,9,30
Ecoli,round_robin,FOLD-RM (fit),original,0.9444444444444444,0.9445727406916666,2.5708699226379395,8,8,30
Ecoli,round_robin,FOLD-RM (fit),original,0.8611111111111112,0.8680975169027778,2.585921287536621,9,9,30
Ecoli,round_robin,FOLD-RM (fit),original,0.9444444444444444,0.9420995947444444,2.6028025150299072,11,12,30
Ecoli,round_robin,FOLD-RM (fit),original,1.0,0.9930923319027778,2.628699779510498,11,11,30
Ecoli,round_robin,FOLD-RM (fit),original,0.9166666666666666,0.9493523560055556,2.68849778175354,9,9,30
Ecoli,round_robin,FOLD-RM (fit),original,0.9444444444444444,0.9473359232944445,2.7347912788391113,8,8,30
Ecoli,round_robin,FOLD-RM (fit),original,0.8888888888888888,0.8963085996583333,2.7410268783569336,6,6,30
Ecoli,round_robin,FOLD-RM (fit),original,0.8888888888888888,0.900343728725,2.7902841567993164,6,6,30
Ecoli,round_robin,FOLD-RM (fit),original,0.9166666666666666,0.9380233132805557,2.819049835205078,9,9,30
Ecoli,round_robin,FOLD-RM (fit),original,0.8611111111111112,0.8737286861694444,2.875345468521118,8,9,30
Ecoli,round_robin,FOLD-RM (fit),original,0.9444444444444444,0.9406457473277778,2.9009971618652344,11,12,30
Ecoli,round_robin,FOLD-RM (fit),original,0.9166666666666666,0.9354602537916666,2.9044177532196045,8,8,30
Ecoli,round_robin,FOLD-RM (fit),original,0.9722222222222222,0.9731129418527777,2.9114201068878174,9,9,30
Ecoli,round_robin,FOLD-RM (fit),original,0.9444444444444444,0.9418685426083333,2.923661708831787,11,10,30
Ecoli,round_robin,FOLD-RM (fit),original,0.8611111111111112,0.8937732320749999,2.951937437057495,11,11,30
Ecoli,round_robin,FOLD-RM (fit),original,0.9166666666666666,0.9223956306416667,2.952936887741089,10,10,30
Ecoli,round_robin,FOLD-RM (fit),original,0.9166666666666666,0.936296367225,2.9835116863250732,13,13,30
Ecoli,round_robin,FOLD-RM (fit),original,0.8611111111111112,0.8870456322166665,2.9890897274017334,8,8,30
Ecoli,round_robin,FOLD-RM (fit),original,0.9166666666666666,0.9503805659472222,3.002594232559204,10,10,30
Ecoli,round_robin,FOLD-RM (fit),original_guarded,0.9444444444444444,0.9453649227805556,1.2619400024414062,7,7,30
Ecoli,round_robin,FOLD-RM (fit),original_guarded,0.9722222222222222,0.9640893809472222,1.356821060180664,8,8,30
Ecoli,round_robin,FOLD-RM (fit),original_guarded,0.8333333333333334,0.8633256393638888,1.4910666942596436,7,7,30
Ecoli,round_robin,FOLD-RM (fit),original_guarded,0.9722222222222222,0.9806901119472222,1.547968864440918,9,9,30
Ecoli,round_robin,FOLD-RM (fit),original_guarded,0.9166666666666666,0.9487780008888889,1.6211256980895996,8,8,30
Ecoli,round_robin,FOLD-RM (fit),original_guarded,0.8888888888888888,0.8974922715166667,1.6861073970794678,7,7,30
Ecoli,round_robin,FOLD-RM (fit),original_guarded,0.8333333333333334,0.8632061297083333,1.7682385444641113,8,8,30
Ecoli,round_robin,FOLD-RM (fit),original_guarded,0.8888888888888888,0.9092922806555556,1.7574031352996826,8,8,30
Ecoli,round_robin,FOLD-RM (fit),original_guarded,0.9444444444444444,0.9470061966972223,1.7637803554534912,11,10,30
Ecoli,round_robin,FOLD-RM (fit),original_guarded,0.8611111111111112,0.8785113041666668,1.778226613998413,9,9,30
Ecoli,round_robin,FOLD-RM (fit),original_guarded,0.8333333333333334,0.8714821286638889,1.836573600769043,8,8,30
Ecoli,round_robin,FOLD-RM (fit),original_guarded,0.9722222222222222,0.9817471535,1.8811955451965332,8,8,30
Ecoli,round_robin,FOLD-RM (fit),original_guarded,0.9444444444444444,0.9418244081916666,1.8836994171142578,9,9,30
Ecoli,round_robin,FOLD-RM (fit),original_guarded,0.8055555555555556,0.8597524908583333,1.9043707847595215,10,10,30
Ecoli,round_robin,FOLD-RM (fit),original_guarded,0.9444444444444444,0.9463660658138889,1.9107000827789307,9,9,30
Ecoli,round_robin,FOLD-RM (fit),original_guarded,0.9166666666666666,0.9118621759083333,1.923759937286377,6,5,30
Ecoli,round_robin,FOLD-RM (fit),original_guarded,0.8888888888888888,0.928985306225,1.9360980987548828,8,8,30
Ecoli,round_robin,FOLD-RM (fit),original_guarded,0.9166666666666666,0.9241824583583333,1.9680628776550293,8,8,30
Ecoli,round_robin,FOLD-RM (fit),original_guarded,0.9444444444444444,0.9363684,2.0444400310516357,6,5,30
Ecoli,round_robin,FOLD-RM (fit),original_guarded,0.9444444444444444,0.9481432197166667,2.0783228874206543,8,8,30
Ecoli,round_robin,FOLD-RM (fit),original_guarded,0.9722222222222222,0.96974538035,2.0933454036712646,9,9,30
Ecoli,round_robin,FOLD-RM (fit),original_guarded,1.0,0.9929814604472222,2.1236774921417236,9,9,30
Ecoli,round_robin,FOLD-RM (fit),original_guarded,1.0,0.99315061785,2.1485893726348877,9,9,30
Ecoli,round_robin,FOLD-RM (fit),original_guarded,0.9444444444444444,0.9660874750222223,2.162731170654297,9,9,30
Ecoli,round_robin,FOLD-RM (fit),original_guarded,0.8333333333333334,0.8991485065027779,2.162731170654297,10,10,30
Ecoli,round_robin,FOLD-RM (fit),original_guarded,0.8888888888888888,0.9002356544222222,2.170215368270874,6,6,30
Ecoli,round_robin,FOLD-RM (fit),original_guarded,0.9444444444444444,0.9506520205777778,2.1756129264831543,8,8,30
Ecoli,round_robin,FOLD-RM (fit),original_guarded,0.9166666666666666,0.9203011121222222,2.1896729469299316,9,9,30
Ecoli,round_robin,FOLD-RM (fit),original_guarded,0.8611111111111112,0.8947797641388889,2.188176155090332,9,9,30
Ecoli,round_robin,FOLD-RM (fit),original_guarded,0.8888888888888888,0.911685087,2.2215750217437744,8,10,30
Ecoli,round_robin,FOLD-RM (fit),original_reweighted,0.7777777777777778,0.8429516424027778,2.4172346591949463,9,9,30
Ecoli,round_robin,FOLD-RM (fit),original_reweighted,0.7777777777777778,0.8055219825444444,2.5572359561920166,8,8,30
Ecoli,round_robin,FOLD-RM (fit),original_reweighted,0.9444444444444444,0.9513282246388889,2.814457654953003,9,9,30
Ecoli,round_robin,FOLD-RM (fit),original_reweighted,0.9722222222222222,0.9825686635472223,3.0468969345092773,8,8,30
Ecoli,round_robin,FOLD-RM (fit),original_reweighted,0.9444444444444444,0.9450933155361111,3.3949787616729736,9,9,30
Ecoli,round_robin,FOLD-RM (fit),original_reweighted,0.9444444444444444,0.9740451998527778,3.428758144378662,9,9,30
Ecoli,round_robin,FOLD-RM (fit),original_reweighted,0.9166666666666666,0.9344186391694445,3.4548699855804443,8,8,30
Ecoli,round_robin,FOLD-RM (fit),original_reweighted,0.9166666666666666,0.924679456225,3.4943959712982178,7,9,30
Ecoli,round_robin,FOLD-RM (fit),original_reweighted,0.8888888888888888,0.8937776680999999,3.535609722137451,9,9,30
Ecoli,round_robin,FOLD-RM (fit),original_reweighted,0.9444444444444444,0.9396630469055556,3.524360418319702,8,8,30
Ecoli,round_robin,FOLD-RM (fit),original_reweighted,0.8611111111111112,0.9304736879138888,3.6287503242492676,8,8,30
Ecoli,round_robin,FOLD-RM (fit),original_reweighted,0.9722222222222222,0.9475406188277777,3.6457314491271973,7,7,30
Ecoli,round_robin,FOLD-RM (fit),original_reweighted,0.9722222222222222,0.9831325345166667,3.674266815185547,9,9,30
Ecoli,round_robin,FOLD-RM (fit),original_reweighted,1.0,0.9885844524555556,3.699026346206665,9,9,30
Ecoli,round_robin,FOLD-RM (fit),original_reweighted,0.9444444444444444,0.9405429626583334,3.737288236618042,8,8,30
Ecoli,round_robin,FOLD-RM (fit),original_reweighted,0.9444444444444444,0.9551866029638889,3.7953693866729736,8,8,30
Ecoli,round_robin,FOLD-RM (fit),original_reweighted,0.9722222222222222,0.9705574184111111,3.811493158340454,9,8,30
Ecoli,round_robin,FOLD-RM (fit),original_reweighted,0.9722222222222222,0.9658834091888889,3.8498623371124268,9,8,30
Ecoli,round_robin,FOLD-RM (fit),original_reweighted,0.9444444444444444,0.9592567677916667,3.8776907920837402,8,8,30
Ecoli,round_robin,FOLD-RM (fit),original_reweighted,0.8611111111111112,0.8741919491055555,3.928358793258667,8,9,30
Ecoli,round_robin,FOLD-RM (fit),original_reweighted,1.0,0.9927941692111111,3.9531891345977783,9,9,30
Ecoli,round_robin,FOLD-RM (fit),original_reweighted,0.8888888888888888,0.9131559578194444,3.977242946624756,8,9,30
Ecoli,round_robin,FOLD-RM (fit),original_reweighted,0.9722222222222222,0.9789601184472222,3.998333692550659,8,8,30
Ecoli,round_robin,FOLD-RM (fit),original_reweighted,0.9166666666666666,0.918676419761111,3.998333692550659,8,8,30
Ecoli,round_robin,FOLD-RM (fit),original_reweighted,0.8888888888888888,0.9165700182833333,4.028696298599243,9,9,30
Ecoli,round_robin,FOLD-RM (fit),original_reweighted,1.0,0.9928935602333333,4.04594612121582,9,9,30
Ecoli,round_robin,FOLD-RM (fit),original_reweighted,0.9166666666666666,0.9398034207694445,4.047728538513184,9,9,30
Ecoli,round_robin,FOLD-RM (fit),original_reweighted,0.9722222222222222,0.9822394375694444,4.045982837677002,8,8,30
Ecoli,round_robin,FOLD-RM (fit),original_reweighted,0.8888888888888888,0.9087210101583334,4.065388202667236,8,8,30
Ecoli,round_robin,FOLD-RM (fit),original_reweighted,0.8888888888888888,0.9006188690305555,4.065068006515503,9,9,30
Ecoli,round_robin,FOLD-RM (fit),original_t_removed,0.9722222222222222,0.9689659397222222,1.4849131107330322,7,7,30
Ecoli,round_robin,FOLD-RM (fit),original_t_removed,0.8055555555555556,0.8293774622361112,1.6673610210418701,6,6,30
Ecoli,round_robin,FOLD-RM (fit),original_t_removed,0.9722222222222222,0.9602216294861111,1.886481523513794,9,9,30
Ecoli,round_robin,FOLD-RM (fit),original_t_removed,0.8611111111111112,0.8767199371888889,1.9630711078643799,6,6,30
Ecoli,round_robin,FOLD-RM (fit),original_t_removed,0.9444444444444444,0.9468867637222222,2.0350677967071533,8,8,30
Ecoli,round_robin,FOLD-RM (fit),original_t_removed,0.9444444444444444,0.9472702400138889,2.179633617401123,7,8,30
Ecoli,round_robin,FOLD-RM (fit),original_t_removed,0.8888888888888888,0.9016108869777777,2.2106215953826904,8,8,30
Ecoli,round_robin,FOLD-RM (fit),original_t_removed,0.9166666666666666,0.9196000740749999,2.302434206008911,8,8,30
Ecoli,round_robin,FOLD-RM (fit),original_t_removed,1.0,0.9928242420666666,2.4168570041656494,9,9,30
Ecoli,round_robin,FOLD-RM (fit),original_t_removed,0.9722222222222222,0.9707993502777778,2.4351613521575928,7,8,30
Ecoli,round_robin,FOLD-RM (fit),original_t_removed,1.0,0.9925652671333334,2.552802562713623,8,9,30
Ecoli,round_robin,FOLD-RM (fit),original_t_removed,1.0,0.9823153599888889,2.6069045066833496,9,9,30
Ecoli,round_robin,FOLD-RM (fit),original_t_removed,0.9166666666666666,0.9226744570083334,2.605839490890503,7,7,30
Ecoli,round_robin,FOLD-RM (fit),original_t_removed,0.9722222222222222,0.9771714495027778,2.617201328277588,8,8,30
Ecoli,round_robin,FOLD-RM (fit),original_t_removed,0.9444444444444444,0.9460959543361112,2.696808099746704,8,8,30
Ecoli,round_robin,FOLD-RM (fit),original_t_removed,0.9722222222222222,0.9693359326555555,2.729753255844116,8,8,30
Ecoli,round_robin,FOLD-RM (fit),original_t_removed,0.9722222222222222,0.9707126034361111,2.813418388366699,7,8,30
Ecoli,round_robin,FOLD-RM (fit),original_t_removed,0.8611111111111112,0.8773119775555556,2.840090274810791,7,7,30
Ecoli,round_robin,FOLD-RM (fit),original_t_removed,0.9722222222222222,0.9730983347722222,2.8552236557006836,8,8,30
Ecoli,round_robin,FOLD-RM (fit),original_t_removed,0.9444444444444444,0.9463384871111111,2.857231855392456,9,9,30
Ecoli,round_robin,FOLD-RM (fit),original_t_removed,0.9722222222222222,0.9595958858111111,2.8841476440429688,9,9,30
Ecoli,round_robin,FOLD-RM (fit),original_t_removed,0.9722222222222222,0.9709699694361111,2.8988900184631348,8,9,30
Ecoli,round_robin,FOLD-RM (fit),original_t_removed,0.9166666666666666,0.9229085683305556,2.902841806411743,7,7,30
Ecoli,round_robin,FOLD-RM (fit),original_t_removed,1.0,0.9869000470611111,2.925328493118286,8,9,30
Ecoli,round_robin,FOLD-RM (fit),original_t_removed,0.9722222222222222,0.9697007731,2.9536585807800293,9,9,30
Ecoli,round_robin,FOLD-RM (fit),original_t_removed,1.0,0.9833543272194445,2.9556591510772705,9,9,30
Ecoli,round_robin,FOLD-RM (fit),original_t_removed,0.9722222222222222,0.9739096472055555,2.9868717193603516,8,8,30
Ecoli,round_robin,FOLD-RM (fit),original_t_removed,1.0,0.9930106016,2.9868717193603516,8,8,30
Ecoli,round_robin,FOLD-RM (fit),original_t_removed,0.9166666666666666,0.9351266620416667,3.001272439956665,8,8,30
Ecoli,round_robin,FOLD-RM (fit),original_t_removed,0.9722222222222222,0.9653490888611111,3.00747013092041,7,8,30
Ecoli,round_robin,FOLD-RM (fit),IG_over_P,0.9722222222222222,0.9646991196888889,1.3180618286132812,7,6,30
Ecoli,round_robin,FOLD-RM (fit),IG_over_P,0.8888888888888888,0.9211647825305556,1.5498020648956299,7,6,30
Ecoli,round_robin,FOLD-RM (fit),IG_over_P,1.0,0.9811717981111111,1.683363676071167,9,8,30
Ecoli,round_robin,FOLD-RM (fit),IG_over_P,0.8888888888888888,0.8969585821833334,1.7386643886566162,10,9,30
Ecoli,round_robin,FOLD-RM (fit),IG_over_P,0.9722222222222222,0.9729401260722222,1.9319603443145752,8,7,30
Ecoli,round_robin,FOLD-RM (fit),IG_over_P,0.9166666666666666,0.9166168471833334,1.9807374477386475,8,8,30
Ecoli,round_robin,FOLD-RM (fit),IG_over_P,0.8888888888888888,0.8969742668333334,2.2821435928344727,8,8,30
Ecoli,round_robin,FOLD-RM (fit),IG_over_P,0.8888888888888888,0.8916523699444444,2.3296239376068115,15,14,30
Ecoli,round_robin,FOLD-RM (fit),IG_over_P,0.7777777777777778,0.8032595338222221,2.3539233207702637,11,10,30
Ecoli,round_robin,FOLD-RM (fit),IG_over_P,0.9722222222222222,0.9653534777583334,2.5215096473693848,7,6,30
Ecoli,round_robin,FOLD-RM (fit),IG_over_P,0.8888888888888888,0.9123208244055556,2.5969066619873047,9,9,30
Ecoli,round_robin,FOLD-RM (fit),IG_over_P,0.9722222222222222,0.98003216625,2.635011672973633,10,10,30
Ecoli,round_robin,FOLD-RM (fit),IG_over_P,0.9166666666666666,0.9158422697388888,2.626066207885742,9,8,30
Ecoli,round_robin,FOLD-RM (fit),IG_over_P,0.9444444444444444,0.9459004516944445,2.643092393875122,9,9,30
Ecoli,round_robin,FOLD-RM (fit),IG_over_P,0.9444444444444444,0.9286458230444444,2.716602087020874,13,12,30
Ecoli,round_robin,FOLD-RM (fit),IG_over_P,0.8888888888888888,0.8823841676333333,2.929002523422241,11,10,30
Ecoli,round_robin,FOLD-RM (fit),IG_over_P,0.8888888888888888,0.9441726892555555,3.0850555896759033,11,11,30
Ecoli,round_robin,FOLD-RM (fit),IG_over_P,0.9722222222222222,0.9583077281305555,3.0787830352783203,14,13,30
Ecoli,round_robin,FOLD-RM (fit),IG_over_P,0.9444444444444444,0.9123242635472222,3.103764295578003,19,17,30
Ecoli,round_robin,FOLD-RM (fit),IG_over_P,0.8333333333333334,0.8396359706694444,3.1425795555114746,22,21,30
Ecoli,round_robin,FOLD-RM (fit),IG_over_P,0.8888888888888888,0.8991543747972222,3.183558702468872,18,18,30
Ecoli,round_robin,FOLD-RM (fit),IG_over_P,0.9444444444444444,0.9400449770083333,3.1967673301696777,11,12,30
Ecoli,round_robin,FOLD-RM (fit),IG_over_P,0.8888888888888888,0.924002682325,3.3067076206207275,20,21,30
Ecoli,round_robin,FOLD-RM (fit),IG_over_P,0.9444444444444444,0.9189980312444445,3.762744426727295,18,19,30
Ecoli,round_robin,FOLD-RM (fit),IG_over_P,0.8888888888888888,0.8987985378388889,3.773078441619873,17,18,30
Ecoli,round_robin,FOLD-RM (fit),IG_over_P,0.8055555555555556,0.890927162175,3.9986469745635986,23,24,30
Ecoli,round_robin,FOLD-RM (fit),IG_over_P,0.9166666666666666,0.8996061653083333,4.182576656341553,56,56,30
Ecoli,round_robin,FOLD-RM (fit),IG_over_P,0.8611111111111112,0.86211779215,4.234951972961426,56,55,30
Ecoli,round_robin,FOLD-RM (fit),IG_over_P,0.8333333333333334,0.8656407831833334,4.30131459236145,56,58,30
Ecoli,round_robin,FOLD-RM (fit),IG_over_P,0.9444444444444444,0.8698353669305555,4.315766334533691,58,56,30
Ecoli,round_robin,FOLD-RM (fit),IG_over_P2,0.8333333333333334,0.8737934873277777,12.541220664978027,47,62,30
Ecoli,round_robin,FOLD-RM (fit),IG_over_P2,0.8611111111111112,0.8559234082916667,12.617730140686035,45,56,30
Ecoli,round_robin,FOLD-RM (fit),IG_over_P2,0.8055555555555556,0.8342814136916666,12.683500528335571,42,54,30
Ecoli,round_robin,FOLD-RM (fit),IG_over_P2,0.8611111111111112,0.8779820980194444,14.163970232009888,7,21,30
Ecoli,round_robin,FOLD-RM (fit),IG_over_P2,0.9722222222222222,0.9064726935,14.665051460266113,45,60,30
Ecoli,round_robin,FOLD-RM (fit),IG_over_P2,0.9166666666666666,0.8625840383944444,15.075616836547852,43,57,30
Ecoli,round_robin,FOLD-RM (fit),IG_over_P2,0.9444444444444444,0.8903015647111111,15.241571187973022,44,58,30
Ecoli,round_robin,FOLD-RM (fit),IG_over_P2,0.9444444444444444,0.9180426686277777,15.388444900512695,47,62,30
Ecoli,round_robin,FOLD-RM (fit),IG_over_P2,0.9444444444444444,0.8918965382222223,15.605368852615356,45,54,30
Ecoli,round_robin,FOLD-RM (fit),IG_over_P2,0.8888888888888888,0.9033059148166667,16.10456109046936,5,30,30
Ecoli,round_robin,FOLD-RM (fit),IG_over_P2,0.8055555555555556,0.7824257369277778,16.12094211578369,45,60,30
Ecoli,round_robin,FOLD-RM (fit),IG_over_P2,0.8333333333333334,0.8560025037861111,16.147600173950195,47,62,30
Ecoli,round_robin,FOLD-RM (fit),IG_over_P2,0.8055555555555556,0.8025602208583333,16.235111474990845,48,64,30
Ecoli,round_robin,FOLD-RM (fit),IG_over_P2,0.8888888888888888,0.885704716663889,16.388031244277954,47,63,30
Ecoli,round_robin,FOLD-RM (fit),IG_over_P2,0.8611111111111112,0.8576993225555556,16.435083627700806,45,67,30
Ecoli,round_robin,FOLD-RM (fit),IG_over_P2,0.8888888888888888,0.8792702206444445,16.53109097480774,46,65,30
Ecoli,round_robin,FOLD-RM (fit),IG_over_P2,0.9166666666666666,0.8682841139333334,16.83757519721985,44,56,30
Ecoli,round_robin,FOLD-RM (fit),IG_over_P2,0.8888888888888888,0.898126485875,16.981003284454346,46,59,30
Ecoli,round_robin,FOLD-RM (fit),IG_over_P2,0.9166666666666666,0.8632085916027779,17.48125123977661,47,63,30
Ecoli,round_robin,FOLD-RM (fit),IG_over_P2,0.8611111111111112,0.8171202599888889,17.534470558166504,45,68,30
Ecoli,round_robin,FOLD-RM (fit),IG_over_P2,0.9166666666666666,0.874784611325,17.936598300933838,45,62,30
Ecoli,round_robin,FOLD-RM (fit),IG_over_P2,0.8611111111111112,0.8653784577583332,18.018457651138306,45,66,30
Ecoli,round_robin,FOLD-RM (fit),IG_over_P2,0.8888888888888888,0.8496574509444444,18.121375560760498,45,69,30
Ecoli,round_robin,FOLD-RM (fit),IG_over_P2,0.8611111111111112,0.8760502405722221,18.300793170928955,50,68,30
Ecoli,round_robin,FOLD-RM (fit),IG_over_P2,0.8611111111111112,0.8535405577694445,18.43303942680359,49,64,30
Ecoli,round_robin,FOLD-RM (fit),IG_over_P2,0.8888888888888888,0.8584251394944444,18.47048807144165,46,69,30
Ecoli,round_robin,FOLD-RM (fit),IG_over_P2,0.9166666666666666,0.919130082275,18.500614404678345,48,68,30
Ecoli,round_robin,FOLD-RM (fit),IG_over_P2,0.8611111111111112,0.8357874026583334,18.54261088371277,44,67,30
Ecoli,round_robin,FOLD-RM (fit),IG_over_P2,0.9166666666666666,0.8539234236111111,18.96777319908142,51,76,30
Ecoli,round_robin,FOLD-RM (fit),IG_over_P2,0.8611111111111112,0.8019512867722223,19.006446838378906,41,62,30
Ecoli,round_robin,FOLD-RM (fit),LogOddsRatio,0.8888888888888888,0.9002641690333333,0.6645944118499756,5,5,30
Ecoli,round_robin,FOLD-RM (fit),LogOddsRatio,0.8888888888888888,0.9201423362361111,1.2301101684570312,7,7,30
Ecoli,round_robin,FOLD-RM (fit),LogOddsRatio,0.8611111111111112,0.8763939154166667,1.2825350761413574,7,7,30
Ecoli,round_robin,FOLD-RM (fit),LogOddsRatio,0.9444444444444444,0.9640285751194445,1.4327607154846191,6,6,30
Ecoli,round_robin,FOLD-RM (fit),LogOddsRatio,1.0,0.992657978225,1.4652462005615234,7,7,30
Ecoli,round_robin,FOLD-RM (fit),LogOddsRatio,0.9444444444444444,0.9453077172,1.60748291015625,6,6,30
Ecoli,round_robin,FOLD-RM (fit),LogOddsRatio,0.9444444444444444,0.9455314395361112,1.6797492504119873,6,6,30
Ecoli,round_robin,FOLD-RM (fit),LogOddsRatio,0.9444444444444444,0.9470651709833333,1.6676313877105713,7,7,30
Ecoli,round_robin,FOLD-RM (fit),LogOddsRatio,0.8888888888888888,0.9159643764111112,1.6922237873077393,6,6,30
Ecoli,round_robin,FOLD-RM (fit),LogOddsRatio,0.9722222222222222,0.9692018188555556,1.695058822631836,6,6,30
Ecoli,round_robin,FOLD-RM (fit),LogOddsRatio,1.0,0.9934242291222222,1.7084228992462158,7,7,30
Ecoli,round_robin,FOLD-RM (fit),LogOddsRatio,0.9444444444444444,0.9396422429972222,1.7194640636444092,7,7,30
Ecoli,round_robin,FOLD-RM (fit),LogOddsRatio,0.9166666666666666,0.9223828510250001,1.7164602279663086,6,6,30
Ecoli,round_robin,FOLD-RM (fit),LogOddsRatio,0.8888888888888888,0.9157409025611111,1.7619636058807373,7,7,30
Ecoli,round_robin,FOLD-RM (fit),LogOddsRatio,0.9444444444444444,0.9458399593694444,1.780144214630127,6,6,30
Ecoli,round_robin,FOLD-RM (fit),LogOddsRatio,0.9166666666666666,0.9191016966111112,1.8033225536346436,7,7,30
Ecoli,round_robin,FOLD-RM (fit),LogOddsRatio,0.9166666666666666,0.9238795836527778,1.853774070739746,7,7,30
Ecoli,round_robin,FOLD-RM (fit),LogOddsRatio,0.9444444444444444,0.9464361420222223,1.8719909191131592,6,6,30
Ecoli,round_robin,FOLD-RM (fit),LogOddsRatio,0.9166666666666666,0.923318043,1.9234845638275146,7,7,30
Ecoli,round_robin,FOLD-RM (fit),LogOddsRatio,0.9722222222222222,0.9704790595944445,1.9118099212646484,6,6,30
Ecoli,round_robin,FOLD-RM (fit),LogOddsRatio,0.9722222222222222,0.9707586190361112,1.9147498607635498,6,6,30
Ecoli,round_robin,FOLD-RM (fit),LogOddsRatio,0.9722222222222222,0.9709091377777778,1.9595179557800293,6,6,30
Ecoli,round_robin,FOLD-RM (fit),LogOddsRatio,1.0,0.9935775167416667,1.964517593383789,7,7,30
Ecoli,round_robin,FOLD-RM (fit),LogOddsRatio,1.0,0.9936132001361111,1.9603137969970703,7,7,30
Ecoli,round_robin,FOLD-RM (fit),LogOddsRatio,0.9444444444444444,0.9463558491611112,1.999645471572876,7,7,30
Ecoli,round_robin,FOLD-RM (fit),LogOddsRatio,0.9166666666666666,0.9234027484333333,1.9667253494262695,7,7,30
Ecoli,round_robin,FOLD-RM (fit),LogOddsRatio,0.9166666666666666,0.9398977081194444,1.9940896034240723,7,7,30
Ecoli,round_robin,FOLD-RM (fit),LogOddsRatio,0.9722222222222222,0.9699268369472223,1.9995908737182617,6,6,30
Ecoli,round_robin,FOLD-RM (fit),LogOddsRatio,1.0,0.9932153914,1.97434663772583,7,7,30
Ecoli,round_robin,FOLD-RM (fit),LogOddsRatio,0.8888888888888888,0.8996537533222222,1.9603137969970703,5,5,30
Ecoli,round_robin,FOLD-RM (fit),MathewsCC,0.9444444444444444,0.9619535391666667,2.1298460960388184,8,9,30
Ecoli,round_robin,FOLD-RM (fit),MathewsCC,0.9722222222222222,0.9639881815277778,2.2338643074035645,7,7,30
Ecoli,round_robin,FOLD-RM (fit),MathewsCC,0.9722222222222222,0.9332325444944445,2.4278392791748047,16,16,30
Ecoli,round_robin,FOLD-RM (fit),MathewsCC,0.9444444444444444,0.9465669470527778,2.4782490730285645,8,8,30
Ecoli,round_robin,FOLD-RM (fit),MathewsCC,0.8333333333333334,0.8878472730444446,2.5167596340179443,13,12,30
Ecoli,round_robin,FOLD-RM (fit),MathewsCC,0.8611111111111112,0.903032922475,2.5403881072998047,8,8,30
Ecoli,round_robin,FOLD-RM (fit),MathewsCC,0.8888888888888888,0.9393190752805556,2.644251585006714,9,9,30
Ecoli,round_robin,FOLD-RM (fit),MathewsCC,0.9444444444444444,0.9568172263555556,2.662358045578003,8,9,30
Ecoli,round_robin,FOLD-RM (fit),MathewsCC,0.9166666666666666,0.9132460396805555,2.7975375652313232,11,12,30
Ecoli,round_robin,FOLD-RM (fit),MathewsCC,0.9444444444444444,0.9441130585083334,2.8115949630737305,14,13,30
Ecoli,round_robin,FOLD-RM (fit),MathewsCC,0.9444444444444444,0.961445732375,2.926044464111328,8,8,30
Ecoli,round_robin,FOLD-RM (fit),MathewsCC,0.9166666666666666,0.9324410995388889,2.9511425495147705,10,10,30
Ecoli,round_robin,FOLD-RM (fit),MathewsCC,0.8888888888888888,0.9242688062805555,2.9712560176849365,8,8,30
Ecoli,round_robin,FOLD-RM (fit),MathewsCC,0.8611111111111112,0.9006499296916666,2.968782901763916,9,9,30
Ecoli,round_robin,FOLD-RM (fit),MathewsCC,0.8888888888888888,0.9140522478944444,3.0277459621429443,7,7,30
Ecoli,round_robin,FOLD-RM (fit),MathewsCC,0.9166666666666666,0.9287627773416667,3.080355405807495,11,12,30
Ecoli,round_robin,FOLD-RM (fit),MathewsCC,0.9166666666666666,0.9179302884722222,3.101558208465576,9,9,30
Ecoli,round_robin,FOLD-RM (fit),MathewsCC,0.8888888888888888,0.9133669798138889,3.104144811630249,11,11,30
Ecoli,round_robin,FOLD-RM (fit),MathewsCC,0.9722222222222222,0.9821575443083334,3.112365245819092,8,9,30
Ecoli,round_robin,FOLD-RM (fit),MathewsCC,0.8888888888888888,0.8966105850083333,3.26413631439209,8,9,30
Ecoli,round_robin,FOLD-RM (fit),MathewsCC,0.8611111111111112,0.8785352323,3.270639181137085,8,8,30
Ecoli,round_robin,FOLD-RM (fit),MathewsCC,0.8611111111111112,0.8847643964555554,3.318213939666748,11,11,30
Ecoli,round_robin,FOLD-RM (fit),MathewsCC,0.9166666666666666,0.9158381728583332,3.330681562423706,10,10,30
Ecoli,round_robin,FOLD-RM (fit),MathewsCC,0.9444444444444444,0.9361356122027779,3.329681158065796,10,11,30
Ecoli,round_robin,FOLD-RM (fit),MathewsCC,0.8611111111111112,0.9013129784249999,3.415205240249634,8,8,30
Ecoli,round_robin,FOLD-RM (fit),MathewsCC,0.9444444444444444,0.9263600673638889,3.433481216430664,14,14,30
Ecoli,round_robin,FOLD-RM (fit),MathewsCC,0.8611111111111112,0.9073686263055556,3.4550514221191406,10,10,30
Ecoli,round_robin,FOLD-RM (fit),MathewsCC,0.9444444444444444,0.9569093697416666,3.451554298400879,10,10,30
Ecoli,round_robin,FOLD-RM (fit),MathewsCC,0.8611111111111112,0.8723496868555555,3.462836742401123,10,11,30
Ecoli,round_robin,FOLD-RM (fit),MathewsCC,0.8888888888888888,0.9138938135666667,3.4841578006744385,10,10,30
Ecoli,round_robin,FOLD-RM (fit),MathewsCC_mod,0.8611111111111112,0.8884852673972222,1.4893896579742432,8,8,30
Ecoli,round_robin,FOLD-RM (fit),MathewsCC_mod,0.8333333333333334,0.8556398366972222,1.8359076976776123,8,8,30
Ecoli,round_robin,FOLD-RM (fit),MathewsCC_mod,0.9444444444444444,0.9571805166222223,1.9343502521514893,8,8,30
Ecoli,round_robin,FOLD-RM (fit),MathewsCC_mod,0.9444444444444444,0.9634444949861112,1.9729857444763184,7,8,30
Ecoli,round_robin,FOLD-RM (fit),MathewsCC_mod,0.8333333333333334,0.8718700318388889,2.1218788623809814,7,7,30
Ecoli,round_robin,FOLD-RM (fit),MathewsCC_mod,0.8611111111111112,0.9151861189666667,2.17940092086792,12,12,30
Ecoli,round_robin,FOLD-RM (fit),MathewsCC_mod,0.9166666666666666,0.9221709024194444,2.2174229621887207,9,10,30
Ecoli,round_robin,FOLD-RM (fit),MathewsCC_mod,0.8888888888888888,0.9063641410777777,2.3641974925994873,7,7,30
Ecoli,round_robin,FOLD-RM (fit),MathewsCC_mod,0.8888888888888888,0.8897957363666666,2.4924490451812744,9,10,30
Ecoli,round_robin,FOLD-RM (fit),MathewsCC_mod,0.8888888888888888,0.9126305413111111,2.6101248264312744,9,10,30
Ecoli,round_robin,FOLD-RM (fit),MathewsCC_mod,0.9722222222222222,0.9661486680472222,2.6925950050354004,8,8,30
Ecoli,round_robin,FOLD-RM (fit),MathewsCC_mod,0.9444444444444444,0.9525918907777778,2.6961147785186768,8,8,30
Ecoli,round_robin,FOLD-RM (fit),MathewsCC_mod,0.9444444444444444,0.9470293827111111,2.723750591278076,7,8,30
Ecoli,round_robin,FOLD-RM (fit),MathewsCC_mod,0.9166666666666666,0.9173562149,2.810408115386963,9,9,30
Ecoli,round_robin,FOLD-RM (fit),MathewsCC_mod,0.8888888888888888,0.9164436864555555,2.830233335494995,10,11,30
Ecoli,round_robin,FOLD-RM (fit),MathewsCC_mod,0.9166666666666666,0.9389146368555555,2.8454535007476807,8,9,30
Ecoli,round_robin,FOLD-RM (fit),MathewsCC_mod,0.9166666666666666,0.9501349045138889,2.9056570529937744,9,9,30
Ecoli,round_robin,FOLD-RM (fit),MathewsCC_mod,0.9444444444444444,0.9444803786305556,2.909214735031128,8,8,30
Ecoli,round_robin,FOLD-RM (fit),MathewsCC_mod,0.8611111111111112,0.8818064906416666,2.9264729022979736,6,6,30
Ecoli,round_robin,FOLD-RM (fit),MathewsCC_mod,0.8611111111111112,0.8821662809444445,2.9818201065063477,8,8,30
Ecoli,round_robin,FOLD-RM (fit),MathewsCC_mod,0.9444444444444444,0.9467427634027777,3.0030603408813477,8,9,30
Ecoli,round_robin,FOLD-RM (fit),MathewsCC_mod,0.8611111111111112,0.8957966465083332,2.9960761070251465,8,8,30
Ecoli,round_robin,FOLD-RM (fit),MathewsCC_mod,0.8055555555555556,0.8477573538555556,3.019484281539917,8,9,30
Ecoli,round_robin,FOLD-RM (fit),MathewsCC_mod,0.8333333333333334,0.8703358692055555,3.019484281539917,9,10,30
Ecoli,round_robin,FOLD-RM (fit),MathewsCC_mod,0.9166666666666666,0.9324232651666666,3.0434563159942627,10,10,30
Ecoli,round_robin,FOLD-RM (fit),MathewsCC_mod,0.9444444444444444,0.9390652402388889,3.091728448867798,8,8,30
Ecoli,round_robin,FOLD-RM (fit),MathewsCC_mod,0.8888888888888888,0.9117872568027777,3.099966049194336,8,8,30
Ecoli,round_robin,FOLD-RM (fit),MathewsCC_mod,0.9444444444444444,0.9464012691611111,3.104950428009033,11,12,30
Ecoli,round_robin,FOLD-RM (fit),MathewsCC_mod,0.8611111111111112,0.8780583593638889,3.1173362731933594,10,10,30
Ecoli,round_robin,FOLD-RM (fit),MathewsCC_mod,0.9166666666666666,0.9211571637972222,3.1118698120117188,11,11,30
Ecoli,round_robin,FOLD-RM (fit),MathewsP,0.8888888888888888,0.9134920878083334,2.4908738136291504,9,9,30
Ecoli,round_robin,FOLD-RM (fit),MathewsP,0.8611111111111112,0.9086696136138889,2.8629987239837646,8,9,30
Ecoli,round_robin,FOLD-RM (fit),MathewsP,0.9722222222222222,0.9713172509,2.892608404159546,9,9,30
Ecoli,round_robin,FOLD-RM (fit),MathewsP,0.9444444444444444,0.9461515852527778,2.9659054279327393,9,9,30
Ecoli,round_robin,FOLD-RM (fit),MathewsP,0.8888888888888888,0.919949699025,2.9558961391448975,8,8,30
Ecoli,round_robin,FOLD-RM (fit),MathewsP,0.9166666666666666,0.9254940762222221,3.10701322555542,9,9,30
Ecoli,round_robin,FOLD-RM (fit),MathewsP,0.8888888888888888,0.9141017276277776,3.1665799617767334,8,8,30
Ecoli,round_robin,FOLD-RM (fit),MathewsP,0.8611111111111112,0.8933160886444445,3.218010663986206,8,8,30
Ecoli,round_robin,FOLD-RM (fit),MathewsP,0.8888888888888888,0.8945319214666667,3.3054747581481934,8,9,30
Ecoli,round_robin,FOLD-RM (fit),MathewsP,0.9166666666666666,0.9199847298388889,3.320572853088379,8,9,30
Ecoli,round_robin,FOLD-RM (fit),MathewsP,0.9166666666666666,0.9355716850333333,3.3260738849639893,8,9,30
Ecoli,round_robin,FOLD-RM (fit),MathewsP,0.9166666666666666,0.9409762934,3.3510804176330566,10,12,30
Ecoli,round_robin,FOLD-RM (fit),MathewsP,0.9444444444444444,0.96102403325,3.369180202484131,10,11,30
Ecoli,round_robin,FOLD-RM (fit),MathewsP,0.9444444444444444,0.9405958017944445,3.453676223754883,9,9,30
Ecoli,round_robin,FOLD-RM (fit),MathewsP,0.8611111111111112,0.9023196689027778,3.448498249053955,9,9,30
Ecoli,round_robin,FOLD-RM (fit),MathewsP,0.8611111111111112,0.9146050364638889,3.5595593452453613,9,10,30
Ecoli,round_robin,FOLD-RM (fit),MathewsP,0.9444444444444444,0.9473646413361111,3.6346654891967773,11,12,30
Ecoli,round_robin,FOLD-RM (fit),MathewsP,0.8888888888888888,0.8944060570416666,3.6467056274414062,9,10,30
Ecoli,round_robin,FOLD-RM (fit),MathewsP,0.9722222222222222,0.9752797645111111,3.6667871475219727,9,9,30
Ecoli,round_robin,FOLD-RM (fit),MathewsP,0.8333333333333334,0.8658485508944443,3.66021466255188,9,10,30
Ecoli,round_robin,FOLD-RM (fit),MathewsP,0.9166666666666666,0.9539807751083333,3.712912082672119,9,9,30
Ecoli,round_robin,FOLD-RM (fit),MathewsP,0.8611111111111112,0.8830354511777778,3.7342679500579834,8,8,30
Ecoli,round_robin,FOLD-RM (fit),MathewsP,0.9444444444444444,0.9414621489611111,3.770995855331421,9,10,30
Ecoli,round_robin,FOLD-RM (fit),MathewsP,0.8333333333333334,0.9083777313222222,3.8140227794647217,9,10,30
Ecoli,round_robin,FOLD-RM (fit),MathewsP,0.9444444444444444,0.9703236693722223,3.815072774887085,10,11,30
Ecoli,round_robin,FOLD-RM (fit),MathewsP,0.8888888888888888,0.91534369275,3.86064076423645,9,9,30
Ecoli,round_robin,FOLD-RM (fit),MathewsP,0.9444444444444444,0.9577327500222222,3.928438663482666,10,11,30
Ecoli,round_robin,FOLD-RM (fit),MathewsP,0.9444444444444444,0.9455274843222222,3.9331846237182617,9,10,30
Ecoli,round_robin,FOLD-RM (fit),MathewsP,0.9444444444444444,0.950578510725,3.9331846237182617,10,10,30
Ecoli,round_robin,FOLD-RM (fit),MathewsP,0.9444444444444444,0.9530124144750001,3.9760758876800537,9,9,30
Ecoli,round_robin,FOLD-RM (fit),MathewsP2,0.8333333333333334,0.8638053303694444,2.1248366832733154,8,8,30
Ecoli,round_robin,FOLD-RM (fit),MathewsP2,0.8333333333333334,0.8961651002805555,2.1787524223327637,8,8,30
Ecoli,round_robin,FOLD-RM (fit),MathewsP2,1.0,0.9866598314555556,2.2275869846343994,8,8,30
Ecoli,round_robin,FOLD-RM (fit),MathewsP2,0.9444444444444444,0.93908135045,2.277024984359741,8,8,30
Ecoli,round_robin,FOLD-RM (fit),MathewsP2,0.9444444444444444,0.9520596314638888,2.283132791519165,10,10,30
Ecoli,round_robin,FOLD-RM (fit),MathewsP2,0.8611111111111112,0.9081929324277778,2.306056499481201,9,9,30
Ecoli,round_robin,FOLD-RM (fit),MathewsP2,0.8611111111111112,0.9103928397666667,2.331798553466797,8,8,30
Ecoli,round_robin,FOLD-RM (fit),MathewsP2,0.8611111111111112,0.8991540961194444,2.3411247730255127,7,7,30
Ecoli,round_robin,FOLD-RM (fit),MathewsP2,0.8888888888888888,0.9046843368777778,2.4993207454681396,6,6,30
Ecoli,round_robin,FOLD-RM (fit),MathewsP2,0.9166666666666666,0.929748730525,2.5391128063201904,8,8,30
Ecoli,round_robin,FOLD-RM (fit),MathewsP2,0.8888888888888888,0.9109278847194444,2.560513734817505,10,10,30
Ecoli,round_robin,FOLD-RM (fit),MathewsP2,0.9166666666666666,0.9430848343166667,2.649601936340332,9,9,30
Ecoli,round_robin,FOLD-RM (fit),MathewsP2,0.8611111111111112,0.9009769078861111,2.6561059951782227,8,9,30
Ecoli,round_robin,FOLD-RM (fit),MathewsP2,0.8888888888888888,0.9160702317694445,2.687483549118042,8,8,30
Ecoli,round_robin,FOLD-RM (fit),MathewsP2,0.8611111111111112,0.8952746426611111,2.7090747356414795,8,8,30
Ecoli,round_robin,FOLD-RM (fit),MathewsP2,0.9444444444444444,0.9423727977888889,2.738661527633667,8,8,30
Ecoli,round_robin,FOLD-RM (fit),MathewsP2,0.9722222222222222,0.9599489617138889,2.772059679031372,8,8,30
Ecoli,round_robin,FOLD-RM (fit),MathewsP2,0.9166666666666666,0.9362532109944445,2.780561685562134,9,9,30
Ecoli,round_robin,FOLD-RM (fit),MathewsP2,0.8888888888888888,0.9134173983888889,2.793117046356201,9,9,30
Ecoli,round_robin,FOLD-RM (fit),MathewsP2,0.8888888888888888,0.9005269681777778,2.8982441425323486,9,10,30
Ecoli,round_robin,FOLD-RM (fit),MathewsP2,0.8888888888888888,0.9028173157916666,2.9780406951904297,7,7,30
Ecoli,round_robin,FOLD-RM (fit),MathewsP2,0.9722222222222222,0.9737545388111111,2.976881504058838,8,8,30
Ecoli,round_robin,FOLD-RM (fit),MathewsP2,0.8055555555555556,0.8181034262777778,2.9878809452056885,7,7,30
Ecoli,round_robin,FOLD-RM (fit),MathewsP2,0.8888888888888888,0.9046284605194445,3.0901060104370117,9,9,30
Ecoli,round_robin,FOLD-RM (fit),MathewsP2,0.9166666666666666,0.9182926426527778,3.1135201454162598,8,8,30
Ecoli,round_robin,FOLD-RM (fit),MathewsP2,0.9166666666666666,0.9445974460861111,3.124598979949951,10,10,30
Ecoli,round_robin,FOLD-RM (fit),MathewsP2,0.8333333333333334,0.8823873126916666,3.1839518547058105,10,11,30
Ecoli,round_robin,FOLD-RM (fit),MathewsP2,0.8888888888888888,0.9260893463388888,3.194643974304199,9,10,30
Ecoli,round_robin,FOLD-RM (fit),MathewsP2,0.9444444444444444,0.9435660606416667,3.2114434242248535,10,11,30
Ecoli,round_robin,FOLD-RM (fit),MathewsP2,0.9722222222222222,0.9841069558527777,3.222217559814453,9,9,30
Ecoli,round_robin,FOLD-RM (fit),MathewsP3,0.8333333333333334,0.9053996334833333,1.9340622425079346,8,8,30
Ecoli,round_robin,FOLD-RM (fit),MathewsP3,0.8611111111111112,0.886841742461111,2.0198428630828857,10,10,30
Ecoli,round_robin,FOLD-RM (fit),MathewsP3,0.9166666666666666,0.9260048378666667,2.009810209274292,6,6,30
Ecoli,round_robin,FOLD-RM (fit),MathewsP3,0.9444444444444444,0.9441818557722222,2.2255518436431885,10,10,30
Ecoli,round_robin,FOLD-RM (fit),MathewsP3,0.9166666666666666,0.9157600465,2.244062662124634,9,9,30
Ecoli,round_robin,FOLD-RM (fit),MathewsP3,0.8611111111111112,0.9133671648833334,2.2628326416015625,10,10,30
Ecoli,round_robin,FOLD-RM (fit),MathewsP3,0.9722222222222222,0.9641415235972223,2.2875382900238037,7,7,30
Ecoli,round_robin,FOLD-RM (fit),MathewsP3,0.8333333333333334,0.9057397760638889,2.424745798110962,11,11,30
Ecoli,round_robin,FOLD-RM (fit),MathewsP3,0.9166666666666666,0.9370567391361111,2.5273842811584473,9,9,30
Ecoli,round_robin,FOLD-RM (fit),MathewsP3,0.9166666666666666,0.9346340158472222,2.59639048576355,9,9,30
Ecoli,round_robin,FOLD-RM (fit),MathewsP3,0.8888888888888888,0.9339133792138888,2.623875856399536,8,8,30
Ecoli,round_robin,FOLD-RM (fit),MathewsP3,0.8888888888888888,0.9242460287777778,2.643415689468384,7,7,30
Ecoli,round_robin,FOLD-RM (fit),MathewsP3,0.9722222222222222,0.9665882860083334,2.720871925354004,11,11,30
Ecoli,round_robin,FOLD-RM (fit),MathewsP3,0.9166666666666666,0.932840772563889,2.7290894985198975,10,10,30
Ecoli,round_robin,FOLD-RM (fit),MathewsP3,0.9444444444444444,0.9525635679055555,2.73812198638916,9,9,30
Ecoli,round_robin,FOLD-RM (fit),MathewsP3,0.8888888888888888,0.9293708430416667,2.805748462677002,11,11,30
Ecoli,round_robin,FOLD-RM (fit),MathewsP3,0.9722222222222222,0.9550541345194444,2.830034017562866,7,7,30
Ecoli,round_robin,FOLD-RM (fit),MathewsP3,0.9166666666666666,0.9365063038111111,2.8330342769622803,8,8,30
Ecoli,round_robin,FOLD-RM (fit),MathewsP3,0.9444444444444444,0.9444697752000001,2.8354084491729736,9,9,30
Ecoli,round_robin,FOLD-RM (fit),MathewsP3,0.9722222222222222,0.9587627205027778,2.857400894165039,11,11,30
Ecoli,round_robin,FOLD-RM (fit),MathewsP3,0.9444444444444444,0.964732551075,2.8868911266326904,9,9,30
Ecoli,round_robin,FOLD-RM (fit),MathewsP3,0.8888888888888888,0.9285890524083333,2.9411346912384033,10,10,30
Ecoli,round_robin,FOLD-RM (fit),MathewsP3,0.9722222222222222,0.9549098332694445,2.977328300476074,8,8,30
Ecoli,round_robin,FOLD-RM (fit),MathewsP3,0.9166666666666666,0.9331762970972222,2.974010705947876,8,8,30
Ecoli,round_robin,FOLD-RM (fit),MathewsP3,1.0,0.9716070976972222,2.991179943084717,11,11,30
Ecoli,round_robin,FOLD-RM (fit),MathewsP3,0.9722222222222222,0.9637336393194444,3.021198034286499,9,9,30
Ecoli,round_robin,FOLD-RM (fit),MathewsP3,0.9444444444444444,0.9510301168416667,3.0629055500030518,9,9,30
Ecoli,round_robin,FOLD-RM (fit),MathewsP3,0.9166666666666666,0.932381180675,3.0745863914489746,7,7,30
Ecoli,round_robin,FOLD-RM (fit),MathewsP3,0.9722222222222222,0.9660269642916667,3.090070962905884,11,11,30
Ecoli,round_robin,FOLD-RM (fit),MathewsP3,0.9444444444444444,0.9635016906722222,3.0921053886413574,11,11,30
Ecoli,best_rule,FOLD-RM (fit),original,0.9166666666666666,0.9224081547611112,4.923977851867676,8,8,30
Ecoli,best_rule,FOLD-RM (fit),original,0.9444444444444444,0.9424385760555556,5.321047306060791,8,8,30
Ecoli,best_rule,FOLD-RM (fit),original,0.8888888888888888,0.9110918634833334,5.384039640426636,7,7,30
Ecoli,best_rule,FOLD-RM (fit),original,0.9166666666666666,0.9183903588611111,5.5427565574646,7,7,30
Ecoli,best_rule,FOLD-RM (fit),original,0.8055555555555556,0.8307480882888888,5.648673057556152,9,9,30
Ecoli,best_rule,FOLD-RM (fit),original,0.9444444444444444,0.9389843350972222,5.873762369155884,8,8,30
Ecoli,best_rule,FOLD-RM (fit),original,0.9166666666666666,0.9183000959638888,5.990636587142944,8,9,30
Ecoli,best_rule,FOLD-RM (fit),original,0.9166666666666666,0.9225637244666667,6.039700269699097,6,6,30
Ecoli,best_rule,FOLD-RM (fit),original,1.0,0.9934477983166666,6.082582950592041,8,9,30
Ecoli,best_rule,FOLD-RM (fit),original,0.8888888888888888,0.8978622424,6.283436298370361,6,6,30
Ecoli,best_rule,FOLD-RM (fit),original,0.9722222222222222,0.9671450387,6.450994968414307,8,8,30
Ecoli,best_rule,FOLD-RM (fit),original,0.8888888888888888,0.8993899794777778,6.481119871139526,9,9,30
Ecoli,best_rule,FOLD-RM (fit),original,0.9722222222222222,0.9545090847444445,6.624844551086426,9,11,30
Ecoli,best_rule,FOLD-RM (fit),original,0.9166666666666666,0.9200036339416666,6.846154689788818,6,6,30
Ecoli,best_rule,FOLD-RM (fit),original,0.9444444444444444,0.9437809175194445,6.8823535442352295,7,8,30
Ecoli,best_rule,FOLD-RM (fit),original,0.9444444444444444,0.9571131626916667,6.939357757568359,8,9,30
Ecoli,best_rule,FOLD-RM (fit),original,0.8888888888888888,0.9014999550555556,7.235450983047485,9,9,30
Ecoli,best_rule,FOLD-RM (fit),original,0.9444444444444444,0.9396083792611111,7.2279462814331055,7,8,30
Ecoli,best_rule,FOLD-RM (fit),original,0.9722222222222222,0.9704931226277778,7.335738658905029,7,8,30
Ecoli,best_rule,FOLD-RM (fit),original,0.9444444444444444,0.9359272403222221,7.427600145339966,9,10,30
Ecoli,best_rule,FOLD-RM (fit),original,0.9722222222222222,0.9533621699611111,7.428044080734253,7,7,30
Ecoli,best_rule,FOLD-RM (fit),original,0.8888888888888888,0.9122423498555555,7.642099142074585,8,9,30
Ecoli,best_rule,FOLD-RM (fit),original,1.0,0.9893506056944444,7.689718723297119,8,9,30
Ecoli,best_rule,FOLD-RM (fit),original,0.9166666666666666,0.93129687905,7.780193567276001,10,10,30
Ecoli,best_rule,FOLD-RM (fit),original,0.9444444444444444,0.9553571797694445,7.80631422996521,8,9,30
Ecoli,best_rule,FOLD-RM (fit),original,0.9722222222222222,0.9650365948055556,7.815910339355469,9,10,30
Ecoli,best_rule,FOLD-RM (fit),original,0.9166666666666666,0.9344500040722222,7.8328611850738525,8,10,30
Ecoli,best_rule,FOLD-RM (fit),original,0.9166666666666666,0.9180662198388889,7.856506824493408,8,10,30
Ecoli,best_rule,FOLD-RM (fit),original,0.9722222222222222,0.96410709955,7.977986574172974,8,9,30
Ecoli,best_rule,FOLD-RM (fit),original,0.9722222222222222,0.9653322589694445,8.021056890487671,8,8,30
Ecoli,best_rule,FOLD-RM (fit),original_guarded,0.8888888888888888,0.9019730302416666,3.7868049144744873,7,8,30
Ecoli,best_rule,FOLD-RM (fit),original_guarded,0.8611111111111112,0.8763804980083334,4.311600923538208,7,7,30
Ecoli,best_rule,FOLD-RM (fit),original_guarded,1.0,0.9924454738666667,4.502223968505859,8,8,30
Ecoli,best_rule,FOLD-RM (fit),original_guarded,0.9444444444444444,0.9472978398555556,4.991692304611206,8,10,30
Ecoli,best_rule,FOLD-RM (fit),original_guarded,0.8888888888888888,0.8943218246,5.027354955673218,7,8,30
Ecoli,best_rule,FOLD-RM (fit),original_guarded,0.9722222222222222,0.9696876599416667,5.019625186920166,7,8,30
Ecoli,best_rule,FOLD-RM (fit),original_guarded,0.8611111111111112,0.8711342546138888,5.069842100143433,6,6,30
Ecoli,best_rule,FOLD-RM (fit),original_guarded,0.9166666666666666,0.91994124835,5.102203369140625,8,8,30
Ecoli,best_rule,FOLD-RM (fit),original_guarded,0.9722222222222222,0.9607612961194445,5.175717353820801,7,8,30
Ecoli,best_rule,FOLD-RM (fit),original_guarded,0.9166666666666666,0.9219167206777779,5.187795162200928,9,9,30
Ecoli,best_rule,FOLD-RM (fit),original_guarded,0.9444444444444444,0.9414238966611111,5.265602350234985,8,9,30
Ecoli,best_rule,FOLD-RM (fit),original_guarded,0.9166666666666666,0.9235992157222223,5.40492844581604,8,8,30
Ecoli,best_rule,FOLD-RM (fit),original_guarded,0.8611111111111112,0.9007386600138889,5.426697731018066,8,8,30
Ecoli,best_rule,FOLD-RM (fit),original_guarded,0.9444444444444444,0.9516754110916666,5.607599973678589,8,8,30
Ecoli,best_rule,FOLD-RM (fit),original_guarded,0.9166666666666666,0.9155721882527778,5.67942214012146,8,10,30
Ecoli,best_rule,FOLD-RM (fit),original_guarded,0.8611111111111112,0.8912371094416667,5.697354316711426,8,8,30
Ecoli,best_rule,FOLD-RM (fit),original_guarded,0.8611111111111112,0.8753224351,5.731243371963501,8,8,30
Ecoli,best_rule,FOLD-RM (fit),original_guarded,0.8888888888888888,0.8990645954361111,5.841233968734741,7,9,30
Ecoli,best_rule,FOLD-RM (fit),original_guarded,0.8888888888888888,0.900593772011111,5.843753337860107,8,9,30
Ecoli,best_rule,FOLD-RM (fit),original_guarded,0.8611111111111112,0.8773116644138889,5.841715335845947,8,8,30
Ecoli,best_rule,FOLD-RM (fit),original_guarded,0.9444444444444444,0.9481345627222222,5.8851141929626465,8,10,30
Ecoli,best_rule,FOLD-RM (fit),original_guarded,0.9444444444444444,0.9416789496722222,5.9167561531066895,9,11,30
Ecoli,best_rule,FOLD-RM (fit),original_guarded,0.9444444444444444,0.9442379381527778,6.013549327850342,10,11,30
Ecoli,best_rule,FOLD-RM (fit),original_guarded,0.8888888888888888,0.8990784090111111,6.034182786941528,8,8,30
Ecoli,best_rule,FOLD-RM (fit),original_guarded,0.9444444444444444,0.9524863635166667,6.134739637374878,9,10,30
Ecoli,best_rule,FOLD-RM (fit),original_guarded,1.0,0.9837192348777778,6.144868612289429,10,11,30
Ecoli,best_rule,FOLD-RM (fit),original_guarded,0.9166666666666666,0.9188756059083333,6.201659917831421,8,9,30
Ecoli,best_rule,FOLD-RM (fit),original_guarded,0.8888888888888888,0.8887033930583332,6.288113117218018,8,9,30
Ecoli,best_rule,FOLD-RM (fit),original_guarded,0.8888888888888888,0.8958981008638889,6.301217317581177,11,12,30
Ecoli,best_rule,FOLD-RM (fit),original_guarded,0.9444444444444444,0.9584091068055556,6.316523790359497,8,9,30
Ecoli,best_rule,FOLD-RM (fit),original_reweighted,0.9444444444444444,0.9565438360027778,7.600626468658447,8,9,30
Ecoli,best_rule,FOLD-RM (fit),original_reweighted,0.9166666666666666,0.9191327555,7.856719017028809,7,7,30
Ecoli,best_rule,FOLD-RM (fit),original_reweighted,0.9166666666666666,0.9175657756916666,7.977241039276123,8,8,30
Ecoli,best_rule,FOLD-RM (fit),original_reweighted,0.8888888888888888,0.8956578878388888,8.357009172439575,6,6,30
Ecoli,best_rule,FOLD-RM (fit),original_reweighted,0.8888888888888888,0.8998124179444444,8.639189004898071,8,8,30
Ecoli,best_rule,FOLD-RM (fit),original_reweighted,0.9444444444444444,0.9426784527916666,8.783671140670776,7,8,30
Ecoli,best_rule,FOLD-RM (fit),original_reweighted,0.9722222222222222,0.9761697446333333,8.908073902130127,8,9,30
Ecoli,best_rule,FOLD-RM (fit),original_reweighted,0.9722222222222222,0.9649499810555555,9.109938144683838,7,8,30
Ecoli,best_rule,FOLD-RM (fit),original_reweighted,1.0,0.9893115317111111,9.14927887916565,8,9,30
Ecoli,best_rule,FOLD-RM (fit),original_reweighted,0.9166666666666666,0.9228209788555555,9.155110836029053,6,6,30
Ecoli,best_rule,FOLD-RM (fit),original_reweighted,1.0,0.9842042427,9.185794591903687,8,9,30
Ecoli,best_rule,FOLD-RM (fit),original_reweighted,0.9722222222222222,0.9601814170333334,9.182796001434326,10,10,30
Ecoli,best_rule,FOLD-RM (fit),original_reweighted,0.9444444444444444,0.9612176668361111,9.22092604637146,7,8,30
Ecoli,best_rule,FOLD-RM (fit),original_reweighted,0.9444444444444444,0.946482848288889,9.258193492889404,7,8,30
Ecoli,best_rule,FOLD-RM (fit),original_reweighted,0.9444444444444444,0.9470801847472222,9.637868881225586,8,9,30
Ecoli,best_rule,FOLD-RM (fit),original_reweighted,1.0,0.9891973867916667,9.686708688735962,8,9,30
Ecoli,best_rule,FOLD-RM (fit),original_reweighted,0.8888888888888888,0.8967443955166666,10.015555381774902,7,9,30
Ecoli,best_rule,FOLD-RM (fit),original_reweighted,0.9444444444444444,0.9406675766861111,10.078786373138428,7,8,30
Ecoli,best_rule,FOLD-RM (fit),original_reweighted,0.9722222222222222,0.9653536977055556,10.1244478225708,10,11,30
Ecoli,best_rule,FOLD-RM (fit),original_reweighted,1.0,0.9879090987361111,10.186000108718872,8,9,30
Ecoli,best_rule,FOLD-RM (fit),original_reweighted,0.9444444444444444,0.9473751043,10.272220134735107,7,8,30
Ecoli,best_rule,FOLD-RM (fit),original_reweighted,0.9722222222222222,0.9749268102222223,10.31047511100769,9,9,30
Ecoli,best_rule,FOLD-RM (fit),original_reweighted,1.0,0.9822466515777778,10.32248568534851,8,9,30
Ecoli,best_rule,FOLD-RM (fit),original_reweighted,0.8888888888888888,0.9156992590527777,10.35971212387085,7,8,30
Ecoli,best_rule,FOLD-RM (fit),original_reweighted,0.9722222222222222,0.9707520489666667,10.390399932861328,8,9,30
Ecoli,best_rule,FOLD-RM (fit),original_reweighted,1.0,0.9838509892361111,10.419269561767578,8,8,30
Ecoli,best_rule,FOLD-RM (fit),original_reweighted,1.0,0.9893536942444444,10.439810752868652,8,9,30
Ecoli,best_rule,FOLD-RM (fit),original_reweighted,1.0,0.9924437333833334,10.496561288833618,8,9,30
Ecoli,best_rule,FOLD-RM (fit),original_reweighted,0.9722222222222222,0.9695844654777778,10.516460657119751,10,11,30
Ecoli,best_rule,FOLD-RM (fit),original_reweighted,0.8888888888888888,0.9003291722333333,10.58176064491272,9,9,30
Ecoli,best_rule,FOLD-RM (fit),original_t_removed,0.9722222222222222,0.9697956646666667,4.767249584197998,7,8,30
Ecoli,best_rule,FOLD-RM (fit),original_t_removed,0.9722222222222222,0.9693240278638889,4.908879041671753,8,8,30
Ecoli,best_rule,FOLD-RM (fit),original_t_removed,0.9722222222222222,0.9695067570111111,5.679951906204224,7,7,30
Ecoli,best_rule,FOLD-RM (fit),original_t_removed,0.9444444444444444,0.9458175545,5.78143310546875,7,7,30
Ecoli,best_rule,FOLD-RM (fit),original_t_removed,0.9722222222222222,0.96441311375,5.805455446243286,9,9,30
Ecoli,best_rule,FOLD-RM (fit),original_t_removed,0.8888888888888888,0.9064506214555555,5.823933362960815,8,9,30
Ecoli,best_rule,FOLD-RM (fit),original_t_removed,0.9166666666666666,0.9306994960527778,6.104796409606934,8,9,30
Ecoli,best_rule,FOLD-RM (fit),original_t_removed,0.9722222222222222,0.9694245889333334,6.107381343841553,7,7,30
Ecoli,best_rule,FOLD-RM (fit),original_t_removed,0.9444444444444444,0.9419461070138889,6.216433048248291,7,7,30
Ecoli,best_rule,FOLD-RM (fit),original_t_removed,0.9722222222222222,0.9579690546972223,6.359311103820801,7,8,30
Ecoli,best_rule,FOLD-RM (fit),original_t_removed,0.9166666666666666,0.9248954719166667,6.359311103820801,7,8,30
Ecoli,best_rule,FOLD-RM (fit),original_t_removed,1.0,0.9894760249694444,6.403757572174072,8,9,30
Ecoli,best_rule,FOLD-RM (fit),original_t_removed,1.0,0.9927137949888889,6.547538757324219,8,8,30
Ecoli,best_rule,FOLD-RM (fit),original_t_removed,0.9444444444444444,0.940032010725,6.605070114135742,7,7,30
Ecoli,best_rule,FOLD-RM (fit),original_t_removed,0.9166666666666666,0.9386591665888889,6.615185022354126,8,9,30
Ecoli,best_rule,FOLD-RM (fit),original_t_removed,0.9166666666666666,0.9242504276555555,6.934764623641968,8,9,30
Ecoli,best_rule,FOLD-RM (fit),original_t_removed,0.9166666666666666,0.9128615843138889,6.9700047969818115,8,10,30
Ecoli,best_rule,FOLD-RM (fit),original_t_removed,0.9166666666666666,0.9201204162111112,7.171082258224487,7,8,30
Ecoli,best_rule,FOLD-RM (fit),original_t_removed,0.9722222222222222,0.9693155039222222,7.221484422683716,9,11,30
Ecoli,best_rule,FOLD-RM (fit),original_t_removed,0.9444444444444444,0.9408505662222222,7.244486331939697,7,8,30
Ecoli,best_rule,FOLD-RM (fit),original_t_removed,0.8611111111111112,0.8743767370333333,7.2418859004974365,7,7,30
Ecoli,best_rule,FOLD-RM (fit),original_t_removed,0.9722222222222222,0.9703945615777778,7.376059532165527,7,8,30
Ecoli,best_rule,FOLD-RM (fit),original_t_removed,0.9444444444444444,0.9411014448083334,7.363683462142944,7,9,30
Ecoli,best_rule,FOLD-RM (fit),original_t_removed,0.9166666666666666,0.9242788113861111,7.4817540645599365,8,9,30
Ecoli,best_rule,FOLD-RM (fit),original_t_removed,0.9166666666666666,0.9146502124888889,7.568970441818237,8,9,30
Ecoli,best_rule,FOLD-RM (fit),original_t_removed,0.8888888888888888,0.9003344060999999,7.582745552062988,9,10,30
Ecoli,best_rule,FOLD-RM (fit),original_t_removed,0.8888888888888888,0.9248787883888889,7.582745552062988,8,9,30
Ecoli,best_rule,FOLD-RM (fit),original_t_removed,1.0,0.9931717127083334,7.589771270751953,8,9,30
Ecoli,best_rule,FOLD-RM (fit),original_t_removed,0.8888888888888888,0.9143834030027778,7.591606378555298,8,9,30
Ecoli,best_rule,FOLD-RM (fit),original_t_removed,0.8611111111111112,0.8880776794833333,7.683752536773682,8,9,30
Ecoli,best_rule,FOLD-RM (fit),IG_over_P,0.9166666666666666,0.9503251886666667,5.109009742736816,6,5,30
Ecoli,best_rule,FOLD-RM (fit),IG_over_P,0.9444444444444444,0.9445980181805556,7.067591428756714,5,4,30
Ecoli,best_rule,FOLD-RM (fit),IG_over_P,0.9722222222222222,0.9590100031333333,7.258807182312012,16,14,30
Ecoli,best_rule,FOLD-RM (fit),IG_over_P,0.9722222222222222,0.95079742175,8.605420351028442,13,12,30
Ecoli,best_rule,FOLD-RM (fit),IG_over_P,0.9722222222222222,0.9615287543805555,8.816485166549683,8,7,30
Ecoli,best_rule,FOLD-RM (fit),IG_over_P,0.8888888888888888,0.9192347483777777,9.15203070640564,8,7,30
Ecoli,best_rule,FOLD-RM (fit),IG_over_P,0.9444444444444444,0.9380101926666666,9.562284231185913,7,6,30
Ecoli,best_rule,FOLD-RM (fit),IG_over_P,0.9444444444444444,0.9322987611000001,9.6846182346344,49,48,30
Ecoli,best_rule,FOLD-RM (fit),IG_over_P,0.9166666666666666,0.9223359086333334,9.849672079086304,14,13,30
Ecoli,best_rule,FOLD-RM (fit),IG_over_P,0.8611111111111112,0.8631605693527777,9.927502870559692,10,9,30
Ecoli,best_rule,FOLD-RM (fit),IG_over_P,0.9444444444444444,0.9502388558166667,10.549631357192993,16,15,30
Ecoli,best_rule,FOLD-RM (fit),IG_over_P,0.9166666666666666,0.9351538825305555,11.087823867797852,12,11,30
Ecoli,best_rule,FOLD-RM (fit),IG_over_P,0.9166666666666666,0.9382033533666667,11.133130073547363,14,13,30
Ecoli,best_rule,FOLD-RM (fit),IG_over_P,0.8888888888888888,0.9141727126666667,11.329017639160156,8,7,30
Ecoli,best_rule,FOLD-RM (fit),IG_over_P,0.8333333333333334,0.9023285477194444,11.440995931625366,12,11,30
Ecoli,best_rule,FOLD-RM (fit),IG_over_P,0.9444444444444444,0.8810095919166667,11.671623945236206,45,44,30
Ecoli,best_rule,FOLD-RM (fit),IG_over_P,0.9166666666666666,0.9332474529305556,12.586191892623901,12,11,30
Ecoli,best_rule,FOLD-RM (fit),IG_over_P,0.9166666666666666,0.8580927193611111,12.771497964859009,47,46,30
Ecoli,best_rule,FOLD-RM (fit),IG_over_P,0.9444444444444444,0.8848166319444444,12.920839548110962,49,49,30
Ecoli,best_rule,FOLD-RM (fit),IG_over_P,0.8888888888888888,0.9160589233111112,17.742706298828125,24,23,30
Ecoli,best_rule,FOLD-RM (fit),IG_over_P,0.6944444444444444,0.8078540832027776,20.492197513580322,26,26,30
Ecoli,best_rule,FOLD-RM (fit),IG_over_P,0.8888888888888888,0.9147497492555555,21.48486042022705,39,37,30
Ecoli,best_rule,FOLD-RM (fit),IG_over_P,1.0,0.9536951160555556,22.10561776161194,32,31,30
Ecoli,best_rule,FOLD-RM (fit),IG_over_P,0.9166666666666666,0.918976732675,24.995083808898926,42,41,30
Ecoli,best_rule,FOLD-RM (fit),IG_over_P,0.8055555555555556,0.8975083681861111,25.695400714874268,29,28,30
Ecoli,best_rule,FOLD-RM (fit),IG_over_P,0.9166666666666666,0.9082849936444445,26.104158878326416,37,36,30
Ecoli,best_rule,FOLD-RM (fit),IG_over_P,0.7777777777777778,0.8335969461805556,26.118988513946533,65,64,30
Ecoli,best_rule,FOLD-RM (fit),IG_over_P,0.8888888888888888,0.8901896805638889,26.193483352661133,55,54,30
Ecoli,best_rule,FOLD-RM (fit),IG_over_P,0.7777777777777778,0.8272493577722222,26.699344396591187,65,64,30
Ecoli,best_rule,FOLD-RM (fit),IG_over_P,0.8611111111111112,0.9102582361583333,26.77198028564453,44,43,30
Ecoli,best_rule,FOLD-RM (fit),IG_over_P2,0.9444444444444444,0.8888398058861111,12.562342643737793,42,56,30
Ecoli,best_rule,FOLD-RM (fit),IG_over_P2,0.8888888888888888,0.8414718379666666,13.610183000564575,39,55,30
Ecoli,best_rule,FOLD-RM (fit),IG_over_P2,0.9722222222222222,0.9388534160416666,14.164175987243652,49,60,30
Ecoli,best_rule,FOLD-RM (fit),IG_over_P2,0.8055555555555556,0.8385319442527778,14.347929000854492,42,62,30
Ecoli,best_rule,FOLD-RM (fit),IG_over_P2,0.8333333333333334,0.7978670912777777,14.353267908096313,40,48,30
Ecoli,best_rule,FOLD-RM (fit),IG_over_P2,1.0,0.9138406184,14.506166458129883,42,55,30
Ecoli,best_rule,FOLD-RM (fit),IG_over_P2,0.9444444444444444,0.893062489911111,14.765852689743042,41,55,30
Ecoli,best_rule,FOLD-RM (fit),IG_over_P2,0.8055555555555556,0.7634836839527777,14.912692546844482,42,57,30
Ecoli,best_rule,FOLD-RM (fit),IG_over_P2,0.9444444444444444,0.8978175969638889,14.953871488571167,42,61,30
Ecoli,best_rule,FOLD-RM (fit),IG_over_P2,0.8888888888888888,0.8539842189277778,15.184357166290283,39,53,30
Ecoli,best_rule,FOLD-RM (fit),IG_over_P2,0.9444444444444444,0.8935080432361111,15.286388397216797,39,55,30
Ecoli,best_rule,FOLD-RM (fit),IG_over_P2,0.8888888888888888,0.8676838995138889,15.378124237060547,42,56,30
Ecoli,best_rule,FOLD-RM (fit),IG_over_P2,0.9444444444444444,0.8872972380694445,15.504745244979858,43,57,30
Ecoli,best_rule,FOLD-RM (fit),IG_over_P2,0.8611111111111112,0.8413693628472223,15.56813669204712,43,62,30
Ecoli,best_rule,FOLD-RM (fit),IG_over_P2,0.9722222222222222,0.9067419537666667,15.771719694137573,43,54,30
Ecoli,best_rule,FOLD-RM (fit),IG_over_P2,0.8333333333333334,0.7985238503500001,15.870615005493164,41,58,30
Ecoli,best_rule,FOLD-RM (fit),IG_over_P2,0.9166666666666666,0.8585039905083334,16.21402597427368,37,55,30
Ecoli,best_rule,FOLD-RM (fit),IG_over_P2,0.75,0.7758132576333333,16.23539400100708,41,63,30
Ecoli,best_rule,FOLD-RM (fit),IG_over_P2,0.8055555555555556,0.8095887831722224,16.270434617996216,41,54,30
Ecoli,best_rule,FOLD-RM (fit),IG_over_P2,0.8888888888888888,0.8673296028694444,16.28094458580017,45,63,30
Ecoli,best_rule,FOLD-RM (fit),IG_over_P2,1.0,0.9342476063888889,16.536802291870117,39,51,30
Ecoli,best_rule,FOLD-RM (fit),IG_over_P2,0.8611111111111112,0.8782534565583334,16.552752256393433,47,66,30
Ecoli,best_rule,FOLD-RM (fit),IG_over_P2,0.9166666666666666,0.9017126189833333,16.57688617706299,46,65,30
Ecoli,best_rule,FOLD-RM (fit),IG_over_P2,0.8333333333333334,0.8464664288555555,16.583240747451782,47,64,30
Ecoli,best_rule,FOLD-RM (fit),IG_over_P2,0.9444444444444444,0.9081333806888889,16.62630844116211,41,60,30
Ecoli,best_rule,FOLD-RM (fit),IG_over_P2,0.9166666666666666,0.9109935916222223,16.73267364501953,44,59,30
Ecoli,best_rule,FOLD-RM (fit),IG_over_P2,0.8055555555555556,0.7833610051555556,16.74294877052307,40,53,30
Ecoli,best_rule,FOLD-RM (fit),IG_over_P2,0.8055555555555556,0.8479271873694445,16.775110721588135,47,64,30
Ecoli,best_rule,FOLD-RM (fit),IG_over_P2,0.9444444444444444,0.8890126047861111,16.800357818603516,45,64,30
Ecoli,best_rule,FOLD-RM (fit),IG_over_P2,0.7777777777777778,0.770994138538889,16.79983949661255,39,58,30
Ecoli,best_rule,FOLD-RM (fit),LogOddsRatio,0.9722222222222222,0.9696938106333334,3.2009050846099854,6,6,30
Ecoli,best_rule,FOLD-RM (fit),LogOddsRatio,0.9444444444444444,0.9634731420861111,3.449880599975586,7,7,30
Ecoli,best_rule,FOLD-RM (fit),LogOddsRatio,0.9444444444444444,0.9417580296361111,3.60534405708313,7,7,30
Ecoli,best_rule,FOLD-RM (fit),LogOddsRatio,0.9444444444444444,0.9736631654055555,3.6250011920928955,6,6,30
Ecoli,best_rule,FOLD-RM (fit),LogOddsRatio,0.9722222222222222,0.971047272225,3.7584829330444336,6,6,30
Ecoli,best_rule,FOLD-RM (fit),LogOddsRatio,0.8333333333333334,0.8662307336555555,4.0303168296813965,5,5,30
Ecoli,best_rule,FOLD-RM (fit),LogOddsRatio,0.8611111111111112,0.8708062412638888,4.041515350341797,6,6,30
Ecoli,best_rule,FOLD-RM (fit),LogOddsRatio,0.9166666666666666,0.9240605165444444,4.0904552936553955,6,6,30
Ecoli,best_rule,FOLD-RM (fit),LogOddsRatio,0.9444444444444444,0.9474481142888889,4.35460090637207,7,7,30
Ecoli,best_rule,FOLD-RM (fit),LogOddsRatio,0.9444444444444444,0.9678283264,4.43745756149292,6,6,30
Ecoli,best_rule,FOLD-RM (fit),LogOddsRatio,0.9722222222222222,0.9704205663583333,4.67067551612854,7,7,30
Ecoli,best_rule,FOLD-RM (fit),LogOddsRatio,0.9722222222222222,0.9661277930916667,4.694288969039917,6,6,30
Ecoli,best_rule,FOLD-RM (fit),LogOddsRatio,0.7777777777777778,0.8288685591527778,4.923091173171997,6,6,30
Ecoli,best_rule,FOLD-RM (fit),LogOddsRatio,0.8888888888888888,0.9133311868277778,4.945753812789917,6,6,30
Ecoli,best_rule,FOLD-RM (fit),LogOddsRatio,0.9166666666666666,0.9257043014833333,5.05556845664978,8,8,30
Ecoli,best_rule,FOLD-RM (fit),LogOddsRatio,0.9722222222222222,0.9840028161472222,5.092364549636841,7,7,30
Ecoli,best_rule,FOLD-RM (fit),LogOddsRatio,0.8888888888888888,0.9171245026083333,5.277754545211792,8,8,30
Ecoli,best_rule,FOLD-RM (fit),LogOddsRatio,0.9722222222222222,0.9517220366388889,5.2989723682403564,6,6,30
Ecoli,best_rule,FOLD-RM (fit),LogOddsRatio,0.9166666666666666,0.9563926332444445,5.353158712387085,6,6,30
Ecoli,best_rule,FOLD-RM (fit),LogOddsRatio,0.9722222222222222,0.9680274891111111,5.361185073852539,7,7,30
Ecoli,best_rule,FOLD-RM (fit),LogOddsRatio,0.9722222222222222,0.9665454176694445,5.490346670150757,6,6,30
Ecoli,best_rule,FOLD-RM (fit),LogOddsRatio,0.9166666666666666,0.9225252864722222,5.50178074836731,7,7,30
Ecoli,best_rule,FOLD-RM (fit),LogOddsRatio,0.8888888888888888,0.9040029884277777,5.527098894119263,7,7,30
Ecoli,best_rule,FOLD-RM (fit),LogOddsRatio,0.8888888888888888,0.894004499875,5.52602744102478,7,7,30
Ecoli,best_rule,FOLD-RM (fit),LogOddsRatio,0.8888888888888888,0.9068172850305556,5.569315671920776,6,7,30
Ecoli,best_rule,FOLD-RM (fit),LogOddsRatio,0.9444444444444444,0.9456852257916667,5.575315952301025,5,5,30
Ecoli,best_rule,FOLD-RM (fit),LogOddsRatio,0.9166666666666666,0.9333132867888889,5.755710601806641,6,6,30
Ecoli,best_rule,FOLD-RM (fit),LogOddsRatio,0.9444444444444444,0.9492318021666667,5.748288631439209,7,7,30
Ecoli,best_rule,FOLD-RM (fit),LogOddsRatio,0.9166666666666666,0.9180765809166667,5.787702560424805,7,7,30
Ecoli,best_rule,FOLD-RM (fit),LogOddsRatio,0.9166666666666666,0.9478950137305555,5.844642639160156,7,7,30
Ecoli,best_rule,FOLD-RM (fit),MathewsCC,0.8611111111111112,0.8728084263916667,6.461013317108154,8,8,30
Ecoli,best_rule,FOLD-RM (fit),MathewsCC,0.9166666666666666,0.8788200096944444,8.522451639175415,43,43,30
Ecoli,best_rule,FOLD-RM (fit),MathewsCC,0.8888888888888888,0.8930894510999999,9.169673204421997,49,49,30
Ecoli,best_rule,FOLD-RM (fit),MathewsCC,0.9444444444444444,0.9413279110166667,10.699030876159668,12,12,30
Ecoli,best_rule,FOLD-RM (fit),MathewsCC,0.9166666666666666,0.8846601257777778,10.79904055595398,48,49,30
Ecoli,best_rule,FOLD-RM (fit),MathewsCC,0.9166666666666666,0.8546117679194445,10.853117942810059,46,46,30
Ecoli,best_rule,FOLD-RM (fit),MathewsCC,0.8888888888888888,0.8369046331583334,10.899415969848633,45,45,30
Ecoli,best_rule,FOLD-RM (fit),MathewsCC,0.8611111111111112,0.8321340451805554,10.960744619369507,50,50,30
Ecoli,best_rule,FOLD-RM (fit),MathewsCC,1.0,0.8973743455277777,11.013718843460083,42,42,30
Ecoli,best_rule,FOLD-RM (fit),MathewsCC,0.9444444444444444,0.9193801672277777,11.438614845275879,50,50,30
Ecoli,best_rule,FOLD-RM (fit),MathewsCC,0.9444444444444444,0.8910777844944444,11.612401247024536,49,49,30
Ecoli,best_rule,FOLD-RM (fit),MathewsCC,0.9166666666666666,0.8732229484722221,11.844796657562256,49,50,30
Ecoli,best_rule,FOLD-RM (fit),MathewsCC,0.9444444444444444,0.88562394615,11.887305736541748,48,48,30
Ecoli,best_rule,FOLD-RM (fit),MathewsCC,0.8888888888888888,0.8637603336222222,11.920844554901123,48,48,30
Ecoli,best_rule,FOLD-RM (fit),MathewsCC,1.0,0.9065561260527778,11.971668481826782,44,45,30
Ecoli,best_rule,FOLD-RM (fit),MathewsCC,0.8888888888888888,0.8808789222305555,12.146892070770264,50,50,30
Ecoli,best_rule,FOLD-RM (fit),MathewsCC,0.8611111111111112,0.8342630529666666,12.221451759338379,49,49,30
Ecoli,best_rule,FOLD-RM (fit),MathewsCC,0.8888888888888888,0.8987457144055555,12.219646215438843,51,52,30
Ecoli,best_rule,FOLD-RM (fit),MathewsCC,0.9166666666666666,0.8830809571666667,12.234259128570557,49,49,30
Ecoli,best_rule,FOLD-RM (fit),MathewsCC,1.0,0.9154018738888889,12.260864973068237,45,45,30
Ecoli,best_rule,FOLD-RM (fit),MathewsCC,0.8611111111111112,0.8985606051555555,12.29088807106018,48,49,30
Ecoli,best_rule,FOLD-RM (fit),MathewsCC,0.8888888888888888,0.9218797909583333,12.334557294845581,11,11,30
Ecoli,best_rule,FOLD-RM (fit),MathewsCC,0.8888888888888888,0.8947566808666667,12.506903171539307,10,10,30
Ecoli,best_rule,FOLD-RM (fit),MathewsCC,0.9444444444444444,0.9470910982277778,12.548272371292114,11,11,30
Ecoli,best_rule,FOLD-RM (fit),MathewsCC,0.8888888888888888,0.9021415680277778,12.630503416061401,48,48,30
Ecoli,best_rule,FOLD-RM (fit),MathewsCC,0.9444444444444444,0.89756319175,12.637389659881592,52,52,30
Ecoli,best_rule,FOLD-RM (fit),MathewsCC,0.8055555555555556,0.830350421,12.728293657302856,12,12,30
Ecoli,best_rule,FOLD-RM (fit),MathewsCC,0.9166666666666666,0.8870974000166667,12.794546842575073,51,51,30
Ecoli,best_rule,FOLD-RM (fit),MathewsCC,0.9722222222222222,0.8821555146527778,12.795108795166016,48,49,30
Ecoli,best_rule,FOLD-RM (fit),MathewsCC,0.8611111111111112,0.8425129105388889,12.8898606300354,48,48,30
Ecoli,best_rule,FOLD-RM (fit),MathewsCC_mod,0.9444444444444444,0.9588631408833334,6.054710865020752,6,7,30
Ecoli,best_rule,FOLD-RM (fit),MathewsCC_mod,0.9166666666666666,0.9228937045861111,6.634943246841431,6,6,30
Ecoli,best_rule,FOLD-RM (fit),MathewsCC_mod,0.8888888888888888,0.9241534894388889,6.810672760009766,5,6,30
Ecoli,best_rule,FOLD-RM (fit),MathewsCC_mod,0.9722222222222222,0.9657916404694444,7.961015224456787,7,7,30
Ecoli,best_rule,FOLD-RM (fit),MathewsCC_mod,0.8055555555555556,0.8253415350138888,8.01057744026184,8,9,30
Ecoli,best_rule,FOLD-RM (fit),MathewsCC_mod,0.8888888888888888,0.8946209985611111,8.007075786590576,7,8,30
Ecoli,best_rule,FOLD-RM (fit),MathewsCC_mod,0.8888888888888888,0.942233964,8.157632112503052,9,9,30
Ecoli,best_rule,FOLD-RM (fit),MathewsCC_mod,0.8611111111111112,0.8680702542055555,8.226330041885376,6,6,30
Ecoli,best_rule,FOLD-RM (fit),MathewsCC_mod,0.9166666666666666,0.9256418659416668,8.27980899810791,7,8,30
Ecoli,best_rule,FOLD-RM (fit),MathewsCC_mod,0.9444444444444444,0.9548503486972222,8.68912672996521,9,9,30
Ecoli,best_rule,FOLD-RM (fit),MathewsCC_mod,0.9444444444444444,0.9328383110388889,9.133378744125366,8,9,30
Ecoli,best_rule,FOLD-RM (fit),MathewsCC_mod,0.9722222222222222,0.9616795252638889,9.182699918746948,7,8,30
Ecoli,best_rule,FOLD-RM (fit),MathewsCC_mod,0.9444444444444444,0.9376763017722222,9.473121166229248,10,11,30
Ecoli,best_rule,FOLD-RM (fit),MathewsCC_mod,0.9722222222222222,0.9741321135833333,9.690238237380981,7,8,30
Ecoli,best_rule,FOLD-RM (fit),MathewsCC_mod,0.8333333333333334,0.8466410703222221,9.764988422393799,10,11,30
Ecoli,best_rule,FOLD-RM (fit),MathewsCC_mod,0.8611111111111112,0.8847733227194444,9.861024141311646,9,10,30
Ecoli,best_rule,FOLD-RM (fit),MathewsCC_mod,0.8888888888888888,0.8896835346555556,9.950683355331421,8,9,30
Ecoli,best_rule,FOLD-RM (fit),MathewsCC_mod,0.8888888888888888,0.9251015321111111,10.13170075416565,9,9,30
Ecoli,best_rule,FOLD-RM (fit),MathewsCC_mod,0.9166666666666666,0.9188774708444445,10.226075649261475,12,12,30
Ecoli,best_rule,FOLD-RM (fit),MathewsCC_mod,0.9722222222222222,0.9647252461361111,10.275832176208496,12,13,30
Ecoli,best_rule,FOLD-RM (fit),MathewsCC_mod,0.9444444444444444,0.9433863102333333,10.293659210205078,8,9,30
Ecoli,best_rule,FOLD-RM (fit),MathewsCC_mod,0.8888888888888888,0.9201409128361111,10.420151472091675,9,10,30
Ecoli,best_rule,FOLD-RM (fit),MathewsCC_mod,0.9166666666666666,0.9140150736222222,10.418092727661133,12,12,30
Ecoli,best_rule,FOLD-RM (fit),MathewsCC_mod,0.9166666666666666,0.9163787838666667,10.53747844696045,10,10,30
Ecoli,best_rule,FOLD-RM (fit),MathewsCC_mod,0.9166666666666666,0.9484443580916667,10.578232765197754,11,11,30
Ecoli,best_rule,FOLD-RM (fit),MathewsCC_mod,0.9722222222222222,0.9584309096555556,10.648840188980103,12,12,30
Ecoli,best_rule,FOLD-RM (fit),MathewsCC_mod,0.9444444444444444,0.974589380825,10.703466415405273,8,8,30
Ecoli,best_rule,FOLD-RM (fit),MathewsCC_mod,0.9444444444444444,0.9474673088555555,10.745841026306152,10,10,30
Ecoli,best_rule,FOLD-RM (fit),MathewsCC_mod,0.9166666666666666,0.9166245861333333,10.754548788070679,8,9,30
Ecoli,best_rule,FOLD-RM (fit),MathewsCC_mod,0.9166666666666666,0.9248415561694444,10.786373615264893,10,11,30
Ecoli,best_rule,FOLD-RM (fit),MathewsP,0.9166666666666666,0.9213148073722223,5.258554458618164,5,5,30
Ecoli,best_rule,FOLD-RM (fit),MathewsP,0.8333333333333334,0.9008135156916666,7.244375228881836,5,5,30
Ecoli,best_rule,FOLD-RM (fit),MathewsP,0.8888888888888888,0.907574192813889,7.774801731109619,6,6,30
Ecoli,best_rule,FOLD-RM (fit),MathewsP,0.8888888888888888,0.9120632487777778,7.8558030128479,6,6,30
Ecoli,best_rule,FOLD-RM (fit),MathewsP,0.9444444444444444,0.9405938299861111,8.442793846130371,7,7,30
Ecoli,best_rule,FOLD-RM (fit),MathewsP,0.9444444444444444,0.9408793841944445,8.641861200332642,9,9,30
Ecoli,best_rule,FOLD-RM (fit),MathewsP,0.9166666666666666,0.9243347570888889,8.758090734481812,7,7,30
Ecoli,best_rule,FOLD-RM (fit),MathewsP,0.8888888888888888,0.8861517803722223,9.199662208557129,8,9,30
Ecoli,best_rule,FOLD-RM (fit),MathewsP,0.8611111111111112,0.8917985811055555,9.306982517242432,8,9,30
Ecoli,best_rule,FOLD-RM (fit),MathewsP,0.9722222222222222,0.9650034286138889,9.425037145614624,6,6,30
Ecoli,best_rule,FOLD-RM (fit),MathewsP,0.9722222222222222,0.9810426281833333,9.451589107513428,7,7,30
Ecoli,best_rule,FOLD-RM (fit),MathewsP,0.9166666666666666,0.9301112199138889,9.759593486785889,8,8,30
Ecoli,best_rule,FOLD-RM (fit),MathewsP,0.9166666666666666,0.9288231909472222,9.939673662185669,9,9,30
Ecoli,best_rule,FOLD-RM (fit),MathewsP,0.8611111111111112,0.9135124419055556,10.22754716873169,8,8,30
Ecoli,best_rule,FOLD-RM (fit),MathewsP,0.9444444444444444,0.9560822761416666,10.235645532608032,7,7,30
Ecoli,best_rule,FOLD-RM (fit),MathewsP,0.8333333333333334,0.8524029224333333,10.272188663482666,8,9,30
Ecoli,best_rule,FOLD-RM (fit),MathewsP,0.9444444444444444,0.9450745709583334,10.289275884628296,7,7,30
Ecoli,best_rule,FOLD-RM (fit),MathewsP,0.9722222222222222,0.9584280177472222,10.33119797706604,8,9,30
Ecoli,best_rule,FOLD-RM (fit),MathewsP,0.8888888888888888,0.9066290971305555,10.883216142654419,8,9,30
Ecoli,best_rule,FOLD-RM (fit),MathewsP,0.9722222222222222,0.9571948028722223,10.983386278152466,8,8,30
Ecoli,best_rule,FOLD-RM (fit),MathewsP,0.8611111111111112,0.9150694055833334,10.99953818321228,8,9,30
Ecoli,best_rule,FOLD-RM (fit),MathewsP,0.8888888888888888,0.9174055849583334,11.011095762252808,7,7,30
Ecoli,best_rule,FOLD-RM (fit),MathewsP,0.9722222222222222,0.9556799892361111,11.043006420135498,8,9,30
Ecoli,best_rule,FOLD-RM (fit),MathewsP,0.8888888888888888,0.9044309095083334,11.214654922485352,7,7,30
Ecoli,best_rule,FOLD-RM (fit),MathewsP,1.0,0.9747533791888889,11.222924947738647,9,9,30
Ecoli,best_rule,FOLD-RM (fit),MathewsP,0.8888888888888888,0.899073370913889,11.239062309265137,10,11,30
Ecoli,best_rule,FOLD-RM (fit),MathewsP,0.9444444444444444,0.9464423977777777,11.286866903305054,10,10,30
Ecoli,best_rule,FOLD-RM (fit),MathewsP,0.9722222222222222,0.9615957154388889,11.592485666275024,9,10,30
Ecoli,best_rule,FOLD-RM (fit),MathewsP,0.9722222222222222,0.9546507175972223,11.583933591842651,8,9,30
Ecoli,best_rule,FOLD-RM (fit),MathewsP,0.8888888888888888,0.9141219640666667,11.600942611694336,10,11,30
Ecoli,best_rule,FOLD-RM (fit),MathewsP2,0.9166666666666666,0.9345246245694445,5.912904500961304,5,5,30
Ecoli,best_rule,FOLD-RM (fit),MathewsP2,0.9444444444444444,0.9499540946583334,6.661253452301025,5,5,30
Ecoli,best_rule,FOLD-RM (fit),MathewsP2,0.9166666666666666,0.9331253678222222,6.767829656600952,6,6,30
Ecoli,best_rule,FOLD-RM (fit),MathewsP2,0.9444444444444444,0.9555295728527777,6.933672189712524,5,5,30
Ecoli,best_rule,FOLD-RM (fit),MathewsP2,0.9722222222222222,0.9626708397333333,7.2714128494262695,6,6,30
Ecoli,best_rule,FOLD-RM (fit),MathewsP2,0.9166666666666666,0.937022228075,7.4553399085998535,6,6,30
Ecoli,best_rule,FOLD-RM (fit),MathewsP2,0.8888888888888888,0.9388504871416666,7.599365472793579,6,6,30
Ecoli,best_rule,FOLD-RM (fit),MathewsP2,0.9166666666666666,0.9597826087722222,7.7015931606292725,6,6,30
Ecoli,best_rule,FOLD-RM (fit),MathewsP2,0.9444444444444444,0.9451227604027778,7.757242679595947,6,6,30
Ecoli,best_rule,FOLD-RM (fit),MathewsP2,0.9444444444444444,0.9706688888083334,7.8567891120910645,7,7,30
Ecoli,best_rule,FOLD-RM (fit),MathewsP2,0.9722222222222222,0.9812482341,7.888033151626587,7,7,30
Ecoli,best_rule,FOLD-RM (fit),MathewsP2,0.9444444444444444,0.9727939400083333,8.073822021484375,7,7,30
Ecoli,best_rule,FOLD-RM (fit),MathewsP2,0.9444444444444444,0.9594040249777778,8.169970989227295,6,6,30
Ecoli,best_rule,FOLD-RM (fit),MathewsP2,0.9166666666666666,0.9236868952833334,8.294751644134521,8,8,30
Ecoli,best_rule,FOLD-RM (fit),MathewsP2,0.8611111111111112,0.8783522457027778,8.432149648666382,8,8,30
Ecoli,best_rule,FOLD-RM (fit),MathewsP2,1.0,0.9894183710777777,8.856938362121582,7,7,30
Ecoli,best_rule,FOLD-RM (fit),MathewsP2,0.9722222222222222,0.9649864328027777,8.872156620025635,6,6,30
Ecoli,best_rule,FOLD-RM (fit),MathewsP2,0.8888888888888888,0.9049718262861111,9.089354991912842,6,6,30
Ecoli,best_rule,FOLD-RM (fit),MathewsP2,0.9166666666666666,0.9552190978,9.319360256195068,6,6,30
Ecoli,best_rule,FOLD-RM (fit),MathewsP2,0.9722222222222222,0.9820997844888889,9.484622716903687,7,7,30
Ecoli,best_rule,FOLD-RM (fit),MathewsP2,0.9166666666666666,0.91545304905,9.729870796203613,8,8,30
Ecoli,best_rule,FOLD-RM (fit),MathewsP2,0.9166666666666666,0.9352159745944444,9.85444188117981,8,9,30
Ecoli,best_rule,FOLD-RM (fit),MathewsP2,0.9444444444444444,0.9403819980222222,9.915547132492065,7,7,30
Ecoli,best_rule,FOLD-RM (fit),MathewsP2,0.8611111111111112,0.8905485148333333,10.073699712753296,8,8,30
Ecoli,best_rule,FOLD-RM (fit),MathewsP2,0.9444444444444444,0.922348837975,10.194120645523071,7,8,30
Ecoli,best_rule,FOLD-RM (fit),MathewsP2,0.9722222222222222,0.9526773179166667,10.296369791030884,9,10,30
Ecoli,best_rule,FOLD-RM (fit),MathewsP2,0.8888888888888888,0.8897355161916667,10.391463994979858,8,8,30
Ecoli,best_rule,FOLD-RM (fit),MathewsP2,0.9444444444444444,0.9408035074388889,10.42510437965393,10,11,30
Ecoli,best_rule,FOLD-RM (fit),MathewsP2,0.9166666666666666,0.9358846115055555,10.434149265289307,7,7,30
Ecoli,best_rule,FOLD-RM (fit),MathewsP2,0.8611111111111112,0.8831453480111111,10.4717276096344,10,11,30
Ecoli,best_rule,FOLD-RM (fit),MathewsP3,0.9722222222222222,0.9673359644111111,6.513736963272095,7,7,30
Ecoli,best_rule,FOLD-RM (fit),MathewsP3,0.9722222222222222,0.9627590872333334,7.0456624031066895,6,6,30
Ecoli,best_rule,FOLD-RM (fit),MathewsP3,0.9166666666666666,0.9197409672638889,7.491817235946655,5,5,30
Ecoli,best_rule,FOLD-RM (fit),MathewsP3,0.8333333333333334,0.8934396917055556,7.628515005111694,5,5,30
Ecoli,best_rule,FOLD-RM (fit),MathewsP3,0.9722222222222222,0.9592793103611111,7.652992248535156,6,6,30
Ecoli,best_rule,FOLD-RM (fit),MathewsP3,0.9166666666666666,0.9269203517944444,7.711495637893677,5,5,30
Ecoli,best_rule,FOLD-RM (fit),MathewsP3,0.8888888888888888,0.8972588868722222,7.844048023223877,5,5,30
Ecoli,best_rule,FOLD-RM (fit),MathewsP3,0.8888888888888888,0.9139377810666666,7.925722360610962,5,5,30
Ecoli,best_rule,FOLD-RM (fit),MathewsP3,0.9722222222222222,0.9674715337722222,8.080653429031372,6,6,30
Ecoli,best_rule,FOLD-RM (fit),MathewsP3,0.8888888888888888,0.9206740234722223,8.091167449951172,6,6,30
Ecoli,best_rule,FOLD-RM (fit),MathewsP3,0.9722222222222222,0.9822627119833334,8.161360502243042,6,6,30
Ecoli,best_rule,FOLD-RM (fit),MathewsP3,0.8611111111111112,0.8770979166666668,8.389095544815063,7,7,30
Ecoli,best_rule,FOLD-RM (fit),MathewsP3,0.9722222222222222,0.958733376075,8.470598220825195,7,7,30
Ecoli,best_rule,FOLD-RM (fit),MathewsP3,0.9444444444444444,0.9347715635611111,8.506059169769287,7,7,30
Ecoli,best_rule,FOLD-RM (fit),MathewsP3,0.9166666666666666,0.9311314036027778,8.763317346572876,6,6,30
Ecoli,best_rule,FOLD-RM (fit),MathewsP3,0.9166666666666666,0.9349093961083333,9.470093965530396,7,7,30
Ecoli,best_rule,FOLD-RM (fit),MathewsP3,0.9166666666666666,0.9229530576416667,9.614396333694458,8,8,30
Ecoli,best_rule,FOLD-RM (fit),MathewsP3,0.8888888888888888,0.8900366174333333,9.624630212783813,6,6,30
Ecoli,best_rule,FOLD-RM (fit),MathewsP3,0.9722222222222222,0.9708960798305555,9.648069620132446,7,7,30
Ecoli,best_rule,FOLD-RM (fit),MathewsP3,0.9444444444444444,0.947554784111111,9.655377864837646,7,7,30
Ecoli,best_rule,FOLD-RM (fit),MathewsP3,0.8888888888888888,0.8995682961416667,9.696462392807007,7,7,30
Ecoli,best_rule,FOLD-RM (fit),MathewsP3,0.9722222222222222,0.9659870410722222,9.728877305984497,7,7,30
Ecoli,best_rule,FOLD-RM (fit),MathewsP3,0.9166666666666666,0.9184892070305555,9.84035611152649,7,7,30
Ecoli,best_rule,FOLD-RM (fit),MathewsP3,1.0,0.9853524537194445,9.871997594833374,8,8,30
Ecoli,best_rule,FOLD-RM (fit),MathewsP3,0.9166666666666666,0.9163047307694445,9.965608596801758,6,6,30
Ecoli,best_rule,FOLD-RM (fit),MathewsP3,0.8888888888888888,0.8983754866055556,10.10345458984375,7,7,30
Ecoli,best_rule,FOLD-RM (fit),MathewsP3,0.8888888888888888,0.9084615960194444,10.112587213516235,7,7,30
Ecoli,best_rule,FOLD-RM (fit),MathewsP3,0.9444444444444444,0.9381841633527778,10.108543634414673,7,7,30
Ecoli,best_rule,FOLD-RM (fit),MathewsP3,0.9722222222222222,0.9560955068472222,10.153454065322876,7,7,30
Ecoli,best_rule,FOLD-RM (fit),MathewsP3,0.9444444444444444,0.9549898589638889,10.162616491317749,7,7,30
Ecoli,info_gain,FOLD-RM (fit),original,0.9166666666666666,0.9192639001472223,1.5028572082519531,7,7,30
Ecoli,info_gain,FOLD-RM (fit),original,0.9166666666666666,0.9184262984305556,1.6003293991088867,8,9,30
Ecoli,info_gain,FOLD-RM (fit),original,0.9444444444444444,0.9640531635,1.6108551025390625,7,7,30
Ecoli,info_gain,FOLD-RM (fit),original,0.8888888888888888,0.9168312245972221,1.6911792755126953,7,7,30
Ecoli,info_gain,FOLD-RM (fit),original,0.8888888888888888,0.9154581951,1.6886773109436035,7,7,30
Ecoli,info_gain,FOLD-RM (fit),original,0.8611111111111112,0.8753441642194444,1.708045482635498,6,6,30
Ecoli,info_gain,FOLD-RM (fit),original,0.9166666666666666,0.9237382090666666,1.7714357376098633,7,7,30
Ecoli,info_gain,FOLD-RM (fit),original,0.9444444444444444,0.9510639159000001,1.78334641456604,7,7,30
Ecoli,info_gain,FOLD-RM (fit),original,0.9444444444444444,0.9506373393555556,1.8739142417907715,7,7,30
Ecoli,info_gain,FOLD-RM (fit),original,0.8888888888888888,0.9288458772,1.8784165382385254,7,7,30
Ecoli,info_gain,FOLD-RM (fit),original,0.9166666666666666,0.9327282041277778,1.8759145736694336,7,7,30
Ecoli,info_gain,FOLD-RM (fit),original,1.0,0.989259773025,1.9276161193847656,8,8,30
Ecoli,info_gain,FOLD-RM (fit),original,0.8888888888888888,0.9074037832555556,2.0168864727020264,7,8,30
Ecoli,info_gain,FOLD-RM (fit),original,1.0,0.9864589951083333,2.0849058628082275,8,8,30
Ecoli,info_gain,FOLD-RM (fit),original,0.9722222222222222,0.9694762526166667,2.1277997493743896,7,7,30
Ecoli,info_gain,FOLD-RM (fit),original,0.9166666666666666,0.9226557001638889,2.1304051876068115,9,9,30
Ecoli,info_gain,FOLD-RM (fit),original,0.9444444444444444,0.938011271111111,2.1334052085876465,7,7,30
Ecoli,info_gain,FOLD-RM (fit),original,0.9444444444444444,0.9438134300722222,2.190211772918701,7,7,30
Ecoli,info_gain,FOLD-RM (fit),original,0.9722222222222222,0.9732273624,2.2318270206451416,7,7,30
Ecoli,info_gain,FOLD-RM (fit),original,0.9722222222222222,0.9713713546111111,2.2678983211517334,8,8,30
Ecoli,info_gain,FOLD-RM (fit),original,0.9166666666666666,0.9183930732333332,2.2730541229248047,7,7,30
Ecoli,info_gain,FOLD-RM (fit),original,0.9444444444444444,0.9556943799083334,2.2834484577178955,8,8,30
Ecoli,info_gain,FOLD-RM (fit),original,0.9444444444444444,0.9599074660222222,2.355715274810791,7,7,30
Ecoli,info_gain,FOLD-RM (fit),original,0.9444444444444444,0.9464111737666667,2.363717555999756,9,8,30
Ecoli,info_gain,FOLD-RM (fit),original,1.0,0.9774625814555555,2.3733317852020264,8,8,30
Ecoli,info_gain,FOLD-RM (fit),original,0.8333333333333334,0.8678807379472222,2.3885679244995117,8,9,30
Ecoli,info_gain,FOLD-RM (fit),original,0.9166666666666666,0.9471410343361111,2.395629405975342,9,9,30
Ecoli,info_gain,FOLD-RM (fit),original,0.9722222222222222,0.9615129996611111,2.3997912406921387,7,7,30
Ecoli,info_gain,FOLD-RM (fit),original,0.9722222222222222,0.9589267435333333,2.410611152648926,8,8,30
Ecoli,info_gain,FOLD-RM (fit),original,0.8611111111111112,0.8867745439111111,2.416306495666504,7,7,30
Ecoli,info_gain,FOLD-RM (fit),original_guarded,0.9166666666666666,0.9357318206777778,0.6929512023925781,7,7,30
Ecoli,info_gain,FOLD-RM (fit),original_guarded,0.8888888888888888,0.9122153391111111,1.1243400573730469,7,7,30
Ecoli,info_gain,FOLD-RM (fit),original_guarded,0.9722222222222222,0.9686225544916667,1.3436260223388672,8,8,30
Ecoli,info_gain,FOLD-RM (fit),original_guarded,0.9722222222222222,0.9735960478111111,1.3407933712005615,8,8,30
Ecoli,info_gain,FOLD-RM (fit),original_guarded,0.9166666666666666,0.9416589826694444,1.3524019718170166,8,8,30
Ecoli,info_gain,FOLD-RM (fit),original_guarded,0.9444444444444444,0.9577656434222223,1.4539008140563965,6,6,30
Ecoli,info_gain,FOLD-RM (fit),original_guarded,0.9722222222222222,0.9727747513222222,1.4740321636199951,8,8,30
Ecoli,info_gain,FOLD-RM (fit),original_guarded,0.9722222222222222,0.9677902353083333,1.526146650314331,8,8,30
Ecoli,info_gain,FOLD-RM (fit),original_guarded,0.9444444444444444,0.9485426360888889,1.5774898529052734,8,9,30
Ecoli,info_gain,FOLD-RM (fit),original_guarded,0.8888888888888888,0.9138301493000001,1.6056756973266602,7,8,30
Ecoli,info_gain,FOLD-RM (fit),original_guarded,0.8888888888888888,0.9414832628166667,1.6726419925689697,8,8,30
Ecoli,info_gain,FOLD-RM (fit),original_guarded,0.9722222222222222,0.9676539239666667,1.6905829906463623,8,8,30
Ecoli,info_gain,FOLD-RM (fit),original_guarded,0.9444444444444444,0.9454539497166667,1.7519421577453613,7,7,30
Ecoli,info_gain,FOLD-RM (fit),original_guarded,0.9444444444444444,0.9440304133027778,1.7654225826263428,7,7,30
Ecoli,info_gain,FOLD-RM (fit),original_guarded,0.9722222222222222,0.9641925421666667,1.7654225826263428,7,7,30
Ecoli,info_gain,FOLD-RM (fit),original_guarded,0.9444444444444444,0.9421685178777778,1.7726702690124512,8,8,30
Ecoli,info_gain,FOLD-RM (fit),original_guarded,0.9722222222222222,0.9761584454388889,1.7831532955169678,7,7,30
Ecoli,info_gain,FOLD-RM (fit),original_guarded,0.9722222222222222,0.9686460265694444,1.8055603504180908,9,9,30
Ecoli,info_gain,FOLD-RM (fit),original_guarded,0.9444444444444444,0.9492132567888889,1.818889856338501,7,7,30
Ecoli,info_gain,FOLD-RM (fit),original_guarded,0.9166666666666666,0.9560526846638889,1.8150634765625,8,9,30
Ecoli,info_gain,FOLD-RM (fit),original_guarded,0.9722222222222222,0.9643565731277778,1.833552360534668,8,8,30
Ecoli,info_gain,FOLD-RM (fit),original_guarded,1.0,0.990715947225,1.8865556716918945,9,9,30
Ecoli,info_gain,FOLD-RM (fit),original_guarded,0.9444444444444444,0.95086102705,1.9170823097229004,7,7,30
Ecoli,info_gain,FOLD-RM (fit),original_guarded,0.9722222222222222,0.9665882258027778,1.9795691967010498,7,7,30
Ecoli,info_gain,FOLD-RM (fit),original_guarded,0.9444444444444444,0.9375463092194444,1.9889554977416992,9,9,30
Ecoli,info_gain,FOLD-RM (fit),original_guarded,0.9722222222222222,0.9484121615194444,2.0103328227996826,8,7,30
Ecoli,info_gain,FOLD-RM (fit),original_guarded,0.8611111111111112,0.8782402193333334,2.0113329887390137,7,7,30
Ecoli,info_gain,FOLD-RM (fit),original_guarded,0.9444444444444444,0.938450550125,2.0291664600372314,7,7,30
Ecoli,info_gain,FOLD-RM (fit),original_guarded,0.9722222222222222,0.9810399055833333,2.031923294067383,8,8,30
Ecoli,info_gain,FOLD-RM (fit),original_guarded,0.9444444444444444,0.9510284864611112,2.0349247455596924,7,7,30
Ecoli,info_gain,FOLD-RM (fit),original_reweighted,0.9444444444444444,0.9516189579222222,2.7258758544921875,6,7,30
Ecoli,info_gain,FOLD-RM (fit),original_reweighted,0.9722222222222222,0.9681041309777778,2.9228098392486572,7,8,30
Ecoli,info_gain,FOLD-RM (fit),original_reweighted,0.9444444444444444,0.9370952049555556,3.031928777694702,9,9,30
Ecoli,info_gain,FOLD-RM (fit),original_reweighted,1.0,0.9907682089083333,3.3705999851226807,8,9,30
Ecoli,info_gain,FOLD-RM (fit),original_reweighted,0.8888888888888888,0.9111053503638888,3.4026923179626465,10,12,30
Ecoli,info_gain,FOLD-RM (fit),original_reweighted,0.9722222222222222,0.9676919421944444,3.423170566558838,8,9,30
Ecoli,info_gain,FOLD-RM (fit),original_reweighted,0.9444444444444444,0.9381961727555556,3.586970090866089,8,8,30
Ecoli,info_gain,FOLD-RM (fit),original_reweighted,0.9722222222222222,0.9663375265111112,3.62750244140625,7,8,30
Ecoli,info_gain,FOLD-RM (fit),original_reweighted,0.9444444444444444,0.94656382265,3.6553168296813965,9,10,30
Ecoli,info_gain,FOLD-RM (fit),original_reweighted,0.8611111111111112,0.8702149819027778,3.699706792831421,9,9,30
Ecoli,info_gain,FOLD-RM (fit),original_reweighted,0.9722222222222222,0.9608841044638889,3.751189708709717,8,9,30
Ecoli,info_gain,FOLD-RM (fit),original_reweighted,0.9722222222222222,0.9745773151833333,3.7786312103271484,7,8,30
Ecoli,info_gain,FOLD-RM (fit),original_reweighted,0.9444444444444444,0.9459444404611111,3.812885284423828,9,9,30
Ecoli,info_gain,FOLD-RM (fit),original_reweighted,0.9722222222222222,0.965679439325,3.867128849029541,7,8,30
Ecoli,info_gain,FOLD-RM (fit),original_reweighted,0.9444444444444444,0.945143625163889,3.95562744140625,10,12,30
Ecoli,info_gain,FOLD-RM (fit),original_reweighted,0.8888888888888888,0.8999049657333333,4.027947425842285,8,9,30
Ecoli,info_gain,FOLD-RM (fit),original_reweighted,0.8888888888888888,0.9091226400694444,4.043808937072754,7,8,30
Ecoli,info_gain,FOLD-RM (fit),original_reweighted,0.9166666666666666,0.9166477938388888,4.047436475753784,9,11,30
Ecoli,info_gain,FOLD-RM (fit),original_reweighted,0.8611111111111112,0.8812681517361111,4.088496208190918,8,8,30
Ecoli,info_gain,FOLD-RM (fit),original_reweighted,0.8055555555555556,0.8293297421527778,4.133796453475952,8,7,30
Ecoli,info_gain,FOLD-RM (fit),original_reweighted,0.9722222222222222,0.9626613947666667,4.17370343208313,8,9,30
Ecoli,info_gain,FOLD-RM (fit),original_reweighted,0.9722222222222222,0.9680139613833334,4.215299367904663,8,9,30
Ecoli,info_gain,FOLD-RM (fit),original_reweighted,0.8333333333333334,0.8510033284083333,4.230803489685059,7,8,30
Ecoli,info_gain,FOLD-RM (fit),original_reweighted,0.9166666666666666,0.9237879731472223,4.230803489685059,9,10,30
Ecoli,info_gain,FOLD-RM (fit),original_reweighted,0.9722222222222222,0.9677346569583334,4.222868919372559,8,9,30
Ecoli,info_gain,FOLD-RM (fit),original_reweighted,0.8888888888888888,0.9129603595888889,4.287585973739624,10,12,30
Ecoli,info_gain,FOLD-RM (fit),original_reweighted,0.9444444444444444,0.9441145341888889,4.306718349456787,10,12,30
Ecoli,info_gain,FOLD-RM (fit),original_reweighted,0.8888888888888888,0.9156547310583334,4.30765175819397,8,9,30
Ecoli,info_gain,FOLD-RM (fit),original_reweighted,0.9444444444444444,0.9410047475277777,4.317899703979492,7,8,30
Ecoli,info_gain,FOLD-RM (fit),original_reweighted,0.8333333333333334,0.8592368981972222,4.31689977645874,7,7,30
Ecoli,info_gain,FOLD-RM (fit),original_t_removed,0.9166666666666666,0.9318786788416666,1.4370691776275635,7,7,30
Ecoli,info_gain,FOLD-RM (fit),original_t_removed,0.9166666666666666,0.9306454073722222,1.4740731716156006,7,7,30
Ecoli,info_gain,FOLD-RM (fit),original_t_removed,0.9444444444444444,0.9574146014583333,1.6546926498413086,7,7,30
Ecoli,info_gain,FOLD-RM (fit),original_t_removed,0.9444444444444444,0.9630244665583333,1.6779890060424805,8,8,30
Ecoli,info_gain,FOLD-RM (fit),original_t_removed,0.9722222222222222,0.9731874198277778,1.7184607982635498,8,8,30
Ecoli,info_gain,FOLD-RM (fit),original_t_removed,1.0,0.9839107724861111,1.740983009338379,8,8,30
Ecoli,info_gain,FOLD-RM (fit),original_t_removed,0.8888888888888888,0.9086652412527778,1.7694776058197021,7,7,30
Ecoli,info_gain,FOLD-RM (fit),original_t_removed,0.9444444444444444,0.9448068983916666,1.8102142810821533,7,7,30
Ecoli,info_gain,FOLD-RM (fit),original_t_removed,0.9166666666666666,0.9243163693861112,1.8821508884429932,8,8,30
Ecoli,info_gain,FOLD-RM (fit),original_t_removed,0.8888888888888888,0.9132457556638889,2.0065033435821533,7,7,30
Ecoli,info_gain,FOLD-RM (fit),original_t_removed,0.9166666666666666,0.9438638030222222,2.030700922012329,9,9,30
Ecoli,info_gain,FOLD-RM (fit),original_t_removed,0.8888888888888888,0.9058915707444445,2.0721731185913086,7,7,30
Ecoli,info_gain,FOLD-RM (fit),original_t_removed,0.9166666666666666,0.9228064021694444,2.0962376594543457,7,7,30
Ecoli,info_gain,FOLD-RM (fit),original_t_removed,0.8888888888888888,0.9156023565666667,2.1185123920440674,7,7,30
Ecoli,info_gain,FOLD-RM (fit),original_t_removed,0.8888888888888888,0.8886722441972222,2.1496376991271973,7,7,30
Ecoli,info_gain,FOLD-RM (fit),original_t_removed,0.9722222222222222,0.9691737128861111,2.217118501663208,7,7,30
Ecoli,info_gain,FOLD-RM (fit),original_t_removed,0.8888888888888888,0.9044274334777778,2.2196204662323,7,7,30
Ecoli,info_gain,FOLD-RM (fit),original_t_removed,0.9722222222222222,0.9602091233055555,2.245722532272339,7,7,30
Ecoli,info_gain,FOLD-RM (fit),original_t_removed,0.9444444444444444,0.9496528192444444,2.261080741882324,7,7,30
Ecoli,info_gain,FOLD-RM (fit),original_t_removed,0.9166666666666666,0.9234380969305556,2.281362295150757,7,7,30
Ecoli,info_gain,FOLD-RM (fit),original_t_removed,0.9722222222222222,0.9617542923583333,2.332620143890381,8,8,30
Ecoli,info_gain,FOLD-RM (fit),original_t_removed,0.8611111111111112,0.8738200494944445,2.365238666534424,9,9,30
Ecoli,info_gain,FOLD-RM (fit),original_t_removed,0.9444444444444444,0.951692971188889,2.3813602924346924,7,7,30
Ecoli,info_gain,FOLD-RM (fit),original_t_removed,0.9444444444444444,0.9400229092138889,2.4061503410339355,8,9,30
Ecoli,info_gain,FOLD-RM (fit),original_t_removed,0.9444444444444444,0.9452740127888889,2.416485548019409,8,8,30
Ecoli,info_gain,FOLD-RM (fit),original_t_removed,0.9722222222222222,0.9728601121666667,2.441337823867798,8,8,30
Ecoli,info_gain,FOLD-RM (fit),original_t_removed,0.9722222222222222,0.96155846325,2.441337823867798,8,8,30
Ecoli,info_gain,FOLD-RM (fit),original_t_removed,0.9444444444444444,0.9382427541444445,2.4903769493103027,8,9,30
Ecoli,info_gain,FOLD-RM (fit),original_t_removed,0.9444444444444444,0.9508815228749999,2.5073702335357666,7,7,30
Ecoli,info_gain,FOLD-RM (fit),original_t_removed,0.9722222222222222,0.9731833901222222,2.487278938293457,8,8,30
Ecoli,info_gain,FOLD-RM (fit),IG_over_P,0.9722222222222222,0.948359514225,1.6207761764526367,15,13,30
Ecoli,info_gain,FOLD-RM (fit),IG_over_P,0.9444444444444444,0.93511017275,1.6267082691192627,15,14,30
Ecoli,info_gain,FOLD-RM (fit),IG_over_P,0.9166666666666666,0.9202003258222222,1.652015209197998,14,12,30
Ecoli,info_gain,FOLD-RM (fit),IG_over_P,0.8611111111111112,0.9160023684333333,1.6343505382537842,17,16,30
Ecoli,info_gain,FOLD-RM (fit),IG_over_P,0.9444444444444444,0.9676621986333334,1.8598034381866455,18,16,30
Ecoli,info_gain,FOLD-RM (fit),IG_over_P,0.9722222222222222,0.9725755434166666,1.8681228160858154,18,17,30
Ecoli,info_gain,FOLD-RM (fit),IG_over_P,1.0,0.9673306997916666,2.0470311641693115,16,14,30
Ecoli,info_gain,FOLD-RM (fit),IG_over_P,0.9444444444444444,0.9431205715777777,2.1148769855499268,14,13,30
Ecoli,info_gain,FOLD-RM (fit),IG_over_P,0.9444444444444444,0.9407980553583334,2.17919659614563,14,12,30
Ecoli,info_gain,FOLD-RM (fit),IG_over_P,0.9166666666666666,0.9297704922666666,2.217195749282837,15,13,30
Ecoli,info_gain,FOLD-RM (fit),IG_over_P,0.9166666666666666,0.9119477430194445,2.248030424118042,16,15,30
Ecoli,info_gain,FOLD-RM (fit),IG_over_P,0.8611111111111112,0.8816772071888889,2.329315662384033,10,9,30
Ecoli,info_gain,FOLD-RM (fit),IG_over_P,0.9166666666666666,0.9069032270333334,2.401965856552124,15,13,30
Ecoli,info_gain,FOLD-RM (fit),IG_over_P,0.9722222222222222,0.9507493925333333,2.432861804962158,17,16,30
Ecoli,info_gain,FOLD-RM (fit),IG_over_P,0.9444444444444444,0.9277189527083334,2.515329122543335,44,43,30
Ecoli,info_gain,FOLD-RM (fit),IG_over_P,0.9444444444444444,0.9542436911805555,2.515329122543335,16,15,30
Ecoli,info_gain,FOLD-RM (fit),IG_over_P,0.9166666666666666,0.9138556932972223,2.5991532802581787,12,11,30
Ecoli,info_gain,FOLD-RM (fit),IG_over_P,0.9444444444444444,0.9443930260916666,2.6384143829345703,13,12,30
Ecoli,info_gain,FOLD-RM (fit),IG_over_P,0.9444444444444444,0.9072619284722222,2.738737106323242,42,41,30
Ecoli,info_gain,FOLD-RM (fit),IG_over_P,0.9444444444444444,0.9230034431638889,2.8400301933288574,44,43,30
Ecoli,info_gain,FOLD-RM (fit),IG_over_P,0.9722222222222222,0.9329185075222222,2.8681797981262207,42,41,30
Ecoli,info_gain,FOLD-RM (fit),IG_over_P,0.9722222222222222,0.9185089805194444,2.916466236114502,42,41,30
Ecoli,info_gain,FOLD-RM (fit),IG_over_P,0.9722222222222222,0.9083126383777778,2.9561779499053955,42,41,30
Ecoli,info_gain,FOLD-RM (fit),IG_over_P,0.9444444444444444,0.9112654919694445,2.9561779499053955,43,42,30
Ecoli,info_gain,FOLD-RM (fit),IG_over_P,1.0,0.9672483743,2.9501209259033203,18,17,30
Ecoli,info_gain,FOLD-RM (fit),IG_over_P,0.9444444444444444,0.9065182693861111,3.0100879669189453,44,43,30
Ecoli,info_gain,FOLD-RM (fit),IG_over_P,0.9444444444444444,0.9176202209583334,3.064136028289795,44,43,30
Ecoli,info_gain,FOLD-RM (fit),IG_over_P,0.9444444444444444,0.863686559625,3.090188980102539,38,37,30
Ecoli,info_gain,FOLD-RM (fit),IG_over_P,0.9444444444444444,0.913717160488889,3.0943806171417236,46,45,30
Ecoli,info_gain,FOLD-RM (fit),IG_over_P,0.8888888888888888,0.8683587339388888,3.120849609375,43,42,30
Ecoli,info_gain,FOLD-RM (fit),IG_over_P2,0.9722222222222222,0.9154772715166667,12.355138778686523,39,51,30
Ecoli,info_gain,FOLD-RM (fit),IG_over_P2,0.9444444444444444,0.9036862310861111,12.562499523162842,44,54,30
Ecoli,info_gain,FOLD-RM (fit),IG_over_P2,0.8888888888888888,0.8514345349333332,13.475138187408447,39,60,30
Ecoli,info_gain,FOLD-RM (fit),IG_over_P2,0.9166666666666666,0.8479487900611111,13.507679224014282,42,56,30
Ecoli,info_gain,FOLD-RM (fit),IG_over_P2,0.8888888888888888,0.8831223025416667,14.594574689865112,42,55,30
Ecoli,info_gain,FOLD-RM (fit),IG_over_P2,0.9722222222222222,0.8987658273527778,14.619107246398926,40,59,30
Ecoli,info_gain,FOLD-RM (fit),IG_over_P2,0.8611111111111112,0.8215317067,14.749553203582764,41,56,30
Ecoli,info_gain,FOLD-RM (fit),IG_over_P2,0.8333333333333334,0.8399668919722223,14.875988721847534,40,51,30
Ecoli,info_gain,FOLD-RM (fit),IG_over_P2,0.9722222222222222,0.9155564756722222,15.030737161636353,44,58,30
Ecoli,info_gain,FOLD-RM (fit),IG_over_P2,0.9444444444444444,0.90499170495,15.0372633934021,42,52,30
Ecoli,info_gain,FOLD-RM (fit),IG_over_P2,0.9444444444444444,0.9034653140888887,15.09738826751709,41,55,30
Ecoli,info_gain,FOLD-RM (fit),IG_over_P2,0.9722222222222222,0.9055146402694445,15.116463661193848,38,58,30
Ecoli,info_gain,FOLD-RM (fit),IG_over_P2,0.9444444444444444,0.9144507927916666,15.334166288375854,41,61,30
Ecoli,info_gain,FOLD-RM (fit),IG_over_P2,0.8333333333333334,0.8433624940055555,15.346423625946045,44,54,30
Ecoli,info_gain,FOLD-RM (fit),IG_over_P2,0.9444444444444444,0.8631334162777777,15.484378576278687,44,55,30
Ecoli,info_gain,FOLD-RM (fit),IG_over_P2,0.9444444444444444,0.9098022273749999,15.508859634399414,47,57,30
Ecoli,info_gain,FOLD-RM (fit),IG_over_P2,0.8888888888888888,0.8782961179972223,15.511956930160522,44,57,30
Ecoli,info_gain,FOLD-RM (fit),IG_over_P2,1.0,0.9263514785583333,15.549262523651123,37,57,30
Ecoli,info_gain,FOLD-RM (fit),IG_over_P2,0.7777777777777778,0.8330057023777777,15.573983192443848,45,61,30
Ecoli,info_gain,FOLD-RM (fit),IG_over_P2,0.8888888888888888,0.8937565725444444,15.65686845779419,45,60,30
Ecoli,info_gain,FOLD-RM (fit),IG_over_P2,0.8888888888888888,0.8623434225944444,15.69590425491333,42,62,30
Ecoli,info_gain,FOLD-RM (fit),IG_over_P2,0.8333333333333334,0.862486460925,15.737149238586426,43,61,30
Ecoli,info_gain,FOLD-RM (fit),IG_over_P2,0.9166666666666666,0.8619755908972222,15.747506141662598,42,56,30
Ecoli,info_gain,FOLD-RM (fit),IG_over_P2,0.9722222222222222,0.8944441598583334,15.76479196548462,43,63,30
Ecoli,info_gain,FOLD-RM (fit),IG_over_P2,0.9166666666666666,0.9107164181833334,15.766737699508667,49,65,30
Ecoli,info_gain,FOLD-RM (fit),IG_over_P2,0.9444444444444444,0.9244498710777778,15.812183380126953,43,61,30
Ecoli,info_gain,FOLD-RM (fit),IG_over_P2,0.8055555555555556,0.7918108200972223,15.897166728973389,41,61,30
Ecoli,info_gain,FOLD-RM (fit),IG_over_P2,0.9166666666666666,0.8747670908527778,15.902641773223877,44,60,30
Ecoli,info_gain,FOLD-RM (fit),IG_over_P2,0.9444444444444444,0.8884004971222221,16.00348687171936,44,61,30
Ecoli,info_gain,FOLD-RM (fit),IG_over_P2,0.9444444444444444,0.8799977121416667,16.005188941955566,40,57,30
Ecoli,info_gain,FOLD-RM (fit),LogOddsRatio,0.8888888888888888,0.9057529220916667,1.0864977836608887,5,5,30
Ecoli,info_gain,FOLD-RM (fit),LogOddsRatio,0.9722222222222222,0.973889532875,1.1431126594543457,7,7,30
Ecoli,info_gain,FOLD-RM (fit),LogOddsRatio,0.9444444444444444,0.9456852257916667,1.2343199253082275,6,6,30
Ecoli,info_gain,FOLD-RM (fit),LogOddsRatio,0.9722222222222222,0.9626930948083333,1.2415130138397217,6,6,30
Ecoli,info_gain,FOLD-RM (fit),LogOddsRatio,0.9444444444444444,0.961523022575,1.2684848308563232,6,6,30
Ecoli,info_gain,FOLD-RM (fit),LogOddsRatio,0.9166666666666666,0.9105080317777778,1.2751843929290771,6,6,30
Ecoli,info_gain,FOLD-RM (fit),LogOddsRatio,0.9722222222222222,0.964889224775,1.3269462585449219,6,6,30
Ecoli,info_gain,FOLD-RM (fit),LogOddsRatio,0.8888888888888888,0.9108357819888889,1.3525514602661133,7,7,30
Ecoli,info_gain,FOLD-RM (fit),LogOddsRatio,0.9166666666666666,0.9490433930083333,1.4062292575836182,6,6,30
Ecoli,info_gain,FOLD-RM (fit),LogOddsRatio,0.9444444444444444,0.9506598744055555,1.4076170921325684,6,6,30
Ecoli,info_gain,FOLD-RM (fit),LogOddsRatio,0.9722222222222222,0.9669535584361111,1.4197640419006348,6,6,30
Ecoli,info_gain,FOLD-RM (fit),LogOddsRatio,0.9444444444444444,0.9415071114416667,1.4675769805908203,6,6,30
Ecoli,info_gain,FOLD-RM (fit),LogOddsRatio,0.9166666666666666,0.9219436449555555,1.5086591243743896,6,6,30
Ecoli,info_gain,FOLD-RM (fit),LogOddsRatio,0.9722222222222222,0.967387330925,1.5429294109344482,7,7,30
Ecoli,info_gain,FOLD-RM (fit),LogOddsRatio,0.9722222222222222,0.9633248692249999,1.563441276550293,7,7,30
Ecoli,info_gain,FOLD-RM (fit),LogOddsRatio,1.0,0.9916293801027778,1.5962295532226562,7,7,30
Ecoli,info_gain,FOLD-RM (fit),LogOddsRatio,0.9444444444444444,0.9767452759166667,1.6478216648101807,6,6,30
Ecoli,info_gain,FOLD-RM (fit),LogOddsRatio,0.9166666666666666,0.9359749944861111,1.69869065284729,7,7,30
Ecoli,info_gain,FOLD-RM (fit),LogOddsRatio,0.9722222222222222,0.9714019468444445,1.6850855350494385,7,7,30
Ecoli,info_gain,FOLD-RM (fit),LogOddsRatio,1.0,0.9891487309111111,1.7154419422149658,7,7,30
Ecoli,info_gain,FOLD-RM (fit),LogOddsRatio,0.9166666666666666,0.9334435626027777,1.7477741241455078,6,6,30
Ecoli,info_gain,FOLD-RM (fit),LogOddsRatio,0.9166666666666666,0.9421208555972223,1.7767491340637207,6,6,30
Ecoli,info_gain,FOLD-RM (fit),LogOddsRatio,0.9166666666666666,0.9237717775611111,1.799604892730713,7,7,30
Ecoli,info_gain,FOLD-RM (fit),LogOddsRatio,0.9722222222222222,0.9671540527861111,1.8246173858642578,7,7,30
Ecoli,info_gain,FOLD-RM (fit),LogOddsRatio,0.9166666666666666,0.9395066675916667,1.8350274562835693,6,6,30
Ecoli,info_gain,FOLD-RM (fit),LogOddsRatio,0.9722222222222222,0.9727879395305555,1.8350274562835693,7,7,30
Ecoli,info_gain,FOLD-RM (fit),LogOddsRatio,0.9722222222222222,0.9616897889694445,1.8623054027557373,6,6,30
Ecoli,info_gain,FOLD-RM (fit),LogOddsRatio,0.9722222222222222,0.9731930444361111,1.8829267024993896,7,7,30
Ecoli,info_gain,FOLD-RM (fit),LogOddsRatio,0.9722222222222222,0.9665775404944444,1.9018330574035645,6,6,30
Ecoli,info_gain,FOLD-RM (fit),LogOddsRatio,0.9166666666666666,0.9354997189027778,1.8939273357391357,6,6,30
Ecoli,info_gain,FOLD-RM (fit),MathewsCC,0.8888888888888888,0.9193199025250001,1.674048900604248,7,7,30
Ecoli,info_gain,FOLD-RM (fit),MathewsCC,0.9166666666666666,0.9485046034833333,2.341130256652832,7,7,30
Ecoli,info_gain,FOLD-RM (fit),MathewsCC,0.8333333333333334,0.8980751663777777,2.3852388858795166,11,11,30
Ecoli,info_gain,FOLD-RM (fit),MathewsCC,0.8611111111111112,0.8909277270638889,2.446505069732666,40,40,30
Ecoli,info_gain,FOLD-RM (fit),MathewsCC,0.9166666666666666,0.9247881942555556,2.4799985885620117,14,14,30
Ecoli,info_gain,FOLD-RM (fit),MathewsCC,0.9444444444444444,0.89956605425,2.5061538219451904,40,40,30
Ecoli,info_gain,FOLD-RM (fit),MathewsCC,0.8888888888888888,0.8910594329333333,2.5959694385528564,11,11,30
Ecoli,info_gain,FOLD-RM (fit),MathewsCC,0.8333333333333334,0.876423066611111,2.595673084259033,12,12,30
Ecoli,info_gain,FOLD-RM (fit),MathewsCC,0.9444444444444444,0.9071237719,2.794546604156494,42,43,30
Ecoli,info_gain,FOLD-RM (fit),MathewsCC,0.8888888888888888,0.9026990615222221,2.8435447216033936,43,43,30
Ecoli,info_gain,FOLD-RM (fit),MathewsCC,0.9166666666666666,0.9006370827666665,2.9298644065856934,44,43,30
Ecoli,info_gain,FOLD-RM (fit),MathewsCC,0.9166666666666666,0.9189316763472222,2.934093713760376,13,12,30
Ecoli,info_gain,FOLD-RM (fit),MathewsCC,0.9444444444444444,0.9417969709333334,2.995164155960083,12,12,30
Ecoli,info_gain,FOLD-RM (fit),MathewsCC,0.9166666666666666,0.9183680983138889,3.0603482723236084,13,13,30
Ecoli,info_gain,FOLD-RM (fit),MathewsCC,0.9444444444444444,0.9393847222222222,3.1709001064300537,17,16,30
Ecoli,info_gain,FOLD-RM (fit),MathewsCC,0.8888888888888888,0.9204104800388889,3.181065797805786,10,10,30
Ecoli,info_gain,FOLD-RM (fit),MathewsCC,0.8611111111111112,0.8828746690222222,3.2315690517425537,14,14,30
Ecoli,info_gain,FOLD-RM (fit),MathewsCC,0.9444444444444444,0.898091132461111,3.263730525970459,42,41,30
Ecoli,info_gain,FOLD-RM (fit),MathewsCC,0.9444444444444444,0.90877877095,3.305903434753418,45,45,30
Ecoli,info_gain,FOLD-RM (fit),MathewsCC,0.9166666666666666,0.9198811519527778,3.327522039413452,9,9,30
Ecoli,info_gain,FOLD-RM (fit),MathewsCC,0.9444444444444444,0.9319812799194445,3.352780342102051,15,14,30
Ecoli,info_gain,FOLD-RM (fit),MathewsCC,0.9722222222222222,0.9195750761333333,3.3875668048858643,42,42,30
Ecoli,info_gain,FOLD-RM (fit),MathewsCC,0.8611111111111112,0.8783453744166667,3.4785220623016357,10,9,30
Ecoli,info_gain,FOLD-RM (fit),MathewsCC,0.9166666666666666,0.9031527382055555,3.4934616088867188,43,43,30
Ecoli,info_gain,FOLD-RM (fit),MathewsCC,0.9166666666666666,0.8872391180638889,3.5187995433807373,44,44,30
Ecoli,info_gain,FOLD-RM (fit),MathewsCC,0.8055555555555556,0.8028211587722223,3.5167901515960693,39,40,30
Ecoli,info_gain,FOLD-RM (fit),MathewsCC,1.0,0.9267404401694445,3.563626289367676,44,44,30
Ecoli,info_gain,FOLD-RM (fit),MathewsCC,0.8888888888888888,0.9224803833222222,3.5767860412597656,42,42,30
Ecoli,info_gain,FOLD-RM (fit),MathewsCC,0.9722222222222222,0.9314260840194444,3.595484733581543,47,47,30
Ecoli,info_gain,FOLD-RM (fit),MathewsCC,0.9722222222222222,0.9270988026416667,3.5884053707122803,45,44,30
Ecoli,info_gain,FOLD-RM (fit),MathewsCC_mod,0.9166666666666666,0.9498943345055555,1.6199517250061035,7,7,30
Ecoli,info_gain,FOLD-RM (fit),MathewsCC_mod,0.9166666666666666,0.9325354982611112,1.6214475631713867,6,6,30
Ecoli,info_gain,FOLD-RM (fit),MathewsCC_mod,0.8611111111111112,0.8885574926416666,1.629533290863037,6,6,30
Ecoli,info_gain,FOLD-RM (fit),MathewsCC_mod,0.9166666666666666,0.9220330451916666,1.8511242866516113,7,8,30
Ecoli,info_gain,FOLD-RM (fit),MathewsCC_mod,1.0,0.9915466193,1.889528751373291,8,8,30
Ecoli,info_gain,FOLD-RM (fit),MathewsCC_mod,0.8888888888888888,0.9158971873638888,1.8951776027679443,6,6,30
Ecoli,info_gain,FOLD-RM (fit),MathewsCC_mod,0.8333333333333334,0.9197649265777778,2.0999135971069336,6,6,30
Ecoli,info_gain,FOLD-RM (fit),MathewsCC_mod,0.9166666666666666,0.948605132925,2.2166430950164795,6,6,30
Ecoli,info_gain,FOLD-RM (fit),MathewsCC_mod,0.9166666666666666,0.9396742625583333,2.3519484996795654,7,8,30
Ecoli,info_gain,FOLD-RM (fit),MathewsCC_mod,0.9166666666666666,0.9379932619361111,2.375422716140747,6,6,30
Ecoli,info_gain,FOLD-RM (fit),MathewsCC_mod,0.9722222222222222,0.9678193517194444,2.3869452476501465,7,7,30
Ecoli,info_gain,FOLD-RM (fit),MathewsCC_mod,0.9722222222222222,0.9732287961777778,2.4031941890716553,9,9,30
Ecoli,info_gain,FOLD-RM (fit),MathewsCC_mod,0.9444444444444444,0.9583321329611111,2.4371728897094727,7,7,30
Ecoli,info_gain,FOLD-RM (fit),MathewsCC_mod,0.9444444444444444,0.9546023609722223,2.4303791522979736,8,8,30
Ecoli,info_gain,FOLD-RM (fit),MathewsCC_mod,0.9166666666666666,0.9377610970111111,2.483829975128174,7,7,30
Ecoli,info_gain,FOLD-RM (fit),MathewsCC_mod,0.9166666666666666,0.9206170668666667,2.535881519317627,8,8,30
Ecoli,info_gain,FOLD-RM (fit),MathewsCC_mod,0.9722222222222222,0.9642129570583333,2.558838367462158,7,8,30
Ecoli,info_gain,FOLD-RM (fit),MathewsCC_mod,0.8888888888888888,0.893982824013889,2.580291509628296,8,8,30
Ecoli,info_gain,FOLD-RM (fit),MathewsCC_mod,0.8055555555555556,0.8795287422583333,2.61944317817688,8,8,30
Ecoli,info_gain,FOLD-RM (fit),MathewsCC_mod,0.9444444444444444,0.9514784412555556,2.791743755340576,9,9,30
Ecoli,info_gain,FOLD-RM (fit),MathewsCC_mod,0.8888888888888888,0.9225240030888888,2.792743682861328,7,7,30
Ecoli,info_gain,FOLD-RM (fit),MathewsCC_mod,0.8611111111111112,0.91024771975,2.8636603355407715,8,8,30
Ecoli,info_gain,FOLD-RM (fit),MathewsCC_mod,0.9444444444444444,0.9431461150527778,2.8723204135894775,8,8,30
Ecoli,info_gain,FOLD-RM (fit),MathewsCC_mod,0.9722222222222222,0.9752679834916667,2.90207576751709,8,8,30
Ecoli,info_gain,FOLD-RM (fit),MathewsCC_mod,0.9166666666666666,0.9461599329305556,2.9631569385528564,7,8,30
Ecoli,info_gain,FOLD-RM (fit),MathewsCC_mod,0.7777777777777778,0.8289587059333333,2.966660976409912,7,7,30
Ecoli,info_gain,FOLD-RM (fit),MathewsCC_mod,0.8888888888888888,0.8982427634361111,2.999372720718384,8,8,30
Ecoli,info_gain,FOLD-RM (fit),MathewsCC_mod,0.9166666666666666,0.9218262247,2.997790813446045,7,7,30
Ecoli,info_gain,FOLD-RM (fit),MathewsCC_mod,0.9444444444444444,0.9430064797055555,3.0053679943084717,9,8,30
Ecoli,info_gain,FOLD-RM (fit),MathewsCC_mod,0.8888888888888888,0.9125175447111111,3.0149972438812256,9,8,30
Ecoli,info_gain,FOLD-RM (fit),MathewsP,0.9444444444444444,0.9397447445444445,1.1856725215911865,8,8,30
Ecoli,info_gain,FOLD-RM (fit),MathewsP,0.8611111111111112,0.8874500297416666,1.5357697010040283,7,7,30
Ecoli,info_gain,FOLD-RM (fit),MathewsP,0.9444444444444444,0.9472589622333334,1.567608118057251,6,6,30
Ecoli,info_gain,FOLD-RM (fit),MathewsP,0.9166666666666666,0.9361814609666667,1.5893843173980713,8,8,30
Ecoli,info_gain,FOLD-RM (fit),MathewsP,0.9444444444444444,0.9529022630277778,1.6129505634307861,8,8,30
Ecoli,info_gain,FOLD-RM (fit),MathewsP,0.9722222222222222,0.9719928145416666,1.817887306213379,8,8,30
Ecoli,info_gain,FOLD-RM (fit),MathewsP,0.9444444444444444,0.9561744983472222,1.825136423110962,8,8,30
Ecoli,info_gain,FOLD-RM (fit),MathewsP,0.9722222222222222,0.9646939415027778,1.8742194175720215,8,8,30
Ecoli,info_gain,FOLD-RM (fit),MathewsP,0.9444444444444444,0.9477852843888889,1.9254934787750244,7,7,30
Ecoli,info_gain,FOLD-RM (fit),MathewsP,0.8333333333333334,0.8925681620722222,2.000100612640381,6,6,30
Ecoli,info_gain,FOLD-RM (fit),MathewsP,0.9166666666666666,0.9438531053166667,2.007777452468872,9,9,30
Ecoli,info_gain,FOLD-RM (fit),MathewsP,0.8888888888888888,0.8975190072194443,2.0180435180664062,9,9,30
Ecoli,info_gain,FOLD-RM (fit),MathewsP,0.9166666666666666,0.9342255540444444,2.0374584197998047,7,7,30
Ecoli,info_gain,FOLD-RM (fit),MathewsP,0.9444444444444444,0.9442212385444444,2.066960334777832,6,6,30
Ecoli,info_gain,FOLD-RM (fit),MathewsP,0.8888888888888888,0.9084817322500001,2.108651638031006,7,7,30
Ecoli,info_gain,FOLD-RM (fit),MathewsP,0.9444444444444444,0.9476620626666666,2.140672445297241,6,6,30
Ecoli,info_gain,FOLD-RM (fit),MathewsP,0.9444444444444444,0.9515378847333333,2.185969352722168,8,8,30
Ecoli,info_gain,FOLD-RM (fit),MathewsP,0.9722222222222222,0.9622084225194445,2.1869699954986572,7,7,30
Ecoli,info_gain,FOLD-RM (fit),MathewsP,0.8611111111111112,0.913700872825,2.207951068878174,8,8,30
Ecoli,info_gain,FOLD-RM (fit),MathewsP,0.8888888888888888,0.9419392943888889,2.2171061038970947,8,8,30
Ecoli,info_gain,FOLD-RM (fit),MathewsP,0.9444444444444444,0.956107241536111,2.265660047531128,9,9,30
Ecoli,info_gain,FOLD-RM (fit),MathewsP,0.9722222222222222,0.9703068284388889,2.249979019165039,8,8,30
Ecoli,info_gain,FOLD-RM (fit),MathewsP,0.8333333333333334,0.8718400000361111,2.2966103553771973,7,7,30
Ecoli,info_gain,FOLD-RM (fit),MathewsP,0.9444444444444444,0.9441424914916666,2.2888896465301514,7,7,30
Ecoli,info_gain,FOLD-RM (fit),MathewsP,0.9722222222222222,0.9691769870111111,2.3282458782196045,8,8,30
Ecoli,info_gain,FOLD-RM (fit),MathewsP,0.9166666666666666,0.9589711860861111,2.3364169597625732,8,8,30
Ecoli,info_gain,FOLD-RM (fit),MathewsP,0.9166666666666666,0.9355711397777777,2.36012864112854,8,8,30
Ecoli,info_gain,FOLD-RM (fit),MathewsP,0.8888888888888888,0.9058217652194445,2.3686683177948,8,8,30
Ecoli,info_gain,FOLD-RM (fit),MathewsP,0.9722222222222222,0.967313207125,2.3830506801605225,8,8,30
Ecoli,info_gain,FOLD-RM (fit),MathewsP,1.0,0.9847485726888889,2.3860490322113037,9,9,30
Ecoli,info_gain,FOLD-RM (fit),MathewsP2,0.9166666666666666,0.9327280325777778,1.3919289112091064,7,7,30
Ecoli,info_gain,FOLD-RM (fit),MathewsP2,0.9166666666666666,0.9375157516611111,1.5219626426696777,6,6,30
Ecoli,info_gain,FOLD-RM (fit),MathewsP2,0.9444444444444444,0.9423678905611111,1.616217851638794,7,7,30
Ecoli,info_gain,FOLD-RM (fit),MathewsP2,0.8888888888888888,0.9182494674972222,1.6289103031158447,8,8,30
Ecoli,info_gain,FOLD-RM (fit),MathewsP2,0.9722222222222222,0.9730297620833334,1.6434173583984375,9,9,30
Ecoli,info_gain,FOLD-RM (fit),MathewsP2,0.9166666666666666,0.9498488036472222,1.7467336654663086,6,6,30
Ecoli,info_gain,FOLD-RM (fit),MathewsP2,1.0,0.9900906223166667,1.7617149353027344,9,9,30
Ecoli,info_gain,FOLD-RM (fit),MathewsP2,0.9166666666666666,0.93397511055,1.840958595275879,5,5,30
Ecoli,info_gain,FOLD-RM (fit),MathewsP2,0.9166666666666666,0.9434626825444444,1.8689932823181152,7,7,30
Ecoli,info_gain,FOLD-RM (fit),MathewsP2,0.9166666666666666,0.9326398349972223,1.9271869659423828,5,5,30
Ecoli,info_gain,FOLD-RM (fit),MathewsP2,0.9444444444444444,0.9431414816861111,1.9353039264678955,6,6,30
Ecoli,info_gain,FOLD-RM (fit),MathewsP2,0.8888888888888888,0.9190539502861111,1.9713189601898193,7,7,30
Ecoli,info_gain,FOLD-RM (fit),MathewsP2,0.9722222222222222,0.9767390511888889,2.0041604042053223,8,8,30
Ecoli,info_gain,FOLD-RM (fit),MathewsP2,0.8888888888888888,0.9563964409722222,2.030932664871216,7,7,30
Ecoli,info_gain,FOLD-RM (fit),MathewsP2,0.9166666666666666,0.9515788658055555,2.045825719833374,6,6,30
Ecoli,info_gain,FOLD-RM (fit),MathewsP2,0.9444444444444444,0.9510350483138889,2.0708956718444824,8,8,30
Ecoli,info_gain,FOLD-RM (fit),MathewsP2,0.9444444444444444,0.9542182942138889,2.110623359680176,6,6,30
Ecoli,info_gain,FOLD-RM (fit),MathewsP2,0.9166666666666666,0.9266337725611111,2.1271026134490967,7,7,30
Ecoli,info_gain,FOLD-RM (fit),MathewsP2,0.9722222222222222,0.9749526879111111,2.148942470550537,8,8,30
Ecoli,info_gain,FOLD-RM (fit),MathewsP2,0.9722222222222222,0.9735801958333333,2.2001285552978516,8,8,30
Ecoli,info_gain,FOLD-RM (fit),MathewsP2,0.8888888888888888,0.9356341650222222,2.213473081588745,8,8,30
Ecoli,info_gain,FOLD-RM (fit),MathewsP2,0.9722222222222222,0.9687973094694444,2.2389793395996094,8,8,30
Ecoli,info_gain,FOLD-RM (fit),MathewsP2,0.8888888888888888,0.937997284925,2.263794422149658,6,6,30
Ecoli,info_gain,FOLD-RM (fit),MathewsP2,0.9722222222222222,0.9635885891916667,2.264749050140381,8,8,30
Ecoli,info_gain,FOLD-RM (fit),MathewsP2,0.9444444444444444,0.9649886172972222,2.271299123764038,9,9,30
Ecoli,info_gain,FOLD-RM (fit),MathewsP2,0.9444444444444444,0.9590410373777778,2.2914927005767822,8,8,30
Ecoli,info_gain,FOLD-RM (fit),MathewsP2,0.8888888888888888,0.9160111668638888,2.3040597438812256,5,5,30
Ecoli,info_gain,FOLD-RM (fit),MathewsP2,1.0,0.9853564702111111,2.3060600757598877,9,9,30
Ecoli,info_gain,FOLD-RM (fit),MathewsP2,0.9444444444444444,0.9535080171111111,2.3066680431365967,6,6,30
Ecoli,info_gain,FOLD-RM (fit),MathewsP2,0.9166666666666666,0.9299119773472222,2.3141732215881348,6,6,30
Ecoli,info_gain,FOLD-RM (fit),MathewsP3,0.9722222222222222,0.9686045362138889,1.1360795497894287,7,7,30
Ecoli,info_gain,FOLD-RM (fit),MathewsP3,0.9444444444444444,0.9681098537666667,1.3399395942687988,6,6,30
Ecoli,info_gain,FOLD-RM (fit),MathewsP3,0.9722222222222222,0.9762325066499999,1.4113361835479736,8,8,30
Ecoli,info_gain,FOLD-RM (fit),MathewsP3,0.9444444444444444,0.9487431614527777,1.6223843097686768,7,7,30
Ecoli,info_gain,FOLD-RM (fit),MathewsP3,0.9166666666666666,0.9393249977583333,1.62538480758667,7,7,30
Ecoli,info_gain,FOLD-RM (fit),MathewsP3,0.9722222222222222,0.9710649489777777,1.6846373081207275,8,8,30
Ecoli,info_gain,FOLD-RM (fit),MathewsP3,0.8888888888888888,0.9274440688638889,1.7302405834197998,7,7,30
Ecoli,info_gain,FOLD-RM (fit),MathewsP3,0.9722222222222222,0.9568606777333333,1.7456417083740234,7,7,30
Ecoli,info_gain,FOLD-RM (fit),MathewsP3,0.8888888888888888,0.9159470472527778,1.7734782695770264,7,7,30
Ecoli,info_gain,FOLD-RM (fit),MathewsP3,1.0,0.986582847075,1.8144171237945557,8,8,30
Ecoli,info_gain,FOLD-RM (fit),MathewsP3,0.9444444444444444,0.946657460063889,1.921863317489624,8,8,30
Ecoli,info_gain,FOLD-RM (fit),MathewsP3,0.8888888888888888,0.925050147611111,1.9255266189575195,7,7,30
Ecoli,info_gain,FOLD-RM (fit),MathewsP3,0.9444444444444444,0.9514658879333333,1.9327223300933838,7,7,30
Ecoli,info_gain,FOLD-RM (fit),MathewsP3,0.8055555555555556,0.8534100191444444,1.964371919631958,7,7,30
Ecoli,info_gain,FOLD-RM (fit),MathewsP3,0.8888888888888888,0.8964703486416666,1.992051362991333,7,7,30
Ecoli,info_gain,FOLD-RM (fit),MathewsP3,0.9444444444444444,0.9574889734638888,2.0042150020599365,7,7,30
Ecoli,info_gain,FOLD-RM (fit),MathewsP3,0.9444444444444444,0.9602840856472222,2.0222396850585938,8,8,30
Ecoli,info_gain,FOLD-RM (fit),MathewsP3,0.9444444444444444,0.952497368986111,2.0334928035736084,8,8,30
Ecoli,info_gain,FOLD-RM (fit),MathewsP3,0.9166666666666666,0.9232411991805556,2.0388693809509277,6,6,30
Ecoli,info_gain,FOLD-RM (fit),MathewsP3,0.9166666666666666,0.9362001162361111,2.071472644805908,7,7,30
Ecoli,info_gain,FOLD-RM (fit),MathewsP3,0.8611111111111112,0.8909331883805556,2.079521894454956,7,7,30
Ecoli,info_gain,FOLD-RM (fit),MathewsP3,0.9166666666666666,0.9409630798694444,2.089780807495117,7,7,30
Ecoli,info_gain,FOLD-RM (fit),MathewsP3,0.8888888888888888,0.8966775336944445,2.107811689376831,7,7,30
Ecoli,info_gain,FOLD-RM (fit),MathewsP3,0.9722222222222222,0.9609654167722222,2.1345198154449463,8,8,30
Ecoli,info_gain,FOLD-RM (fit),MathewsP3,0.9166666666666666,0.9301476324944444,2.141678810119629,8,8,30
Ecoli,info_gain,FOLD-RM (fit),MathewsP3,0.9722222222222222,0.9651638922472222,2.1661360263824463,7,7,30
Ecoli,info_gain,FOLD-RM (fit),MathewsP3,0.8888888888888888,0.924434866438889,2.1742756366729736,7,7,30
Ecoli,info_gain,FOLD-RM (fit),MathewsP3,0.9444444444444444,0.9584947752555556,2.1894383430480957,8,8,30
Ecoli,info_gain,FOLD-RM (fit),MathewsP3,0.8611111111111112,0.9015450563638889,2.20210862159729,7,7,30
Ecoli,info_gain,FOLD-RM (fit),MathewsP3,0.8888888888888888,0.9551462628888889,2.203611373901367,8,8,30
Weight Lifting,greedy,FOLD-RM (fit),original,0.7941176470588235,0.8848562556764705,2.9119889736175537,36,47,30
Weight Lifting,greedy,FOLD-RM (fit),original,0.75,0.8279153161161764,3.4028828144073486,38,44,30
Weight Lifting,greedy,FOLD-RM (fit),original,0.7205882352941176,0.826476720382353,3.4771275520324707,43,47,30
Weight Lifting,greedy,FOLD-RM (fit),original,0.8088235294117647,0.8571386809426471,3.573683500289917,30,36,30
Weight Lifting,greedy,FOLD-RM (fit),original,0.75,0.8411560668014706,3.702491521835327,32,35,30
Weight Lifting,greedy,FOLD-RM (fit),original,0.8676470588235294,0.9152356862514706,3.9691195487976074,35,45,30
Weight Lifting,greedy,FOLD-RM (fit),original,0.7794117647058824,0.8276828907044118,4.055795907974243,41,47,30
Weight Lifting,greedy,FOLD-RM (fit),original,0.7647058823529411,0.8434542044544118,4.099268436431885,38,49,30
Weight Lifting,greedy,FOLD-RM (fit),original,0.7941176470588235,0.8407826364176472,4.145728588104248,40,47,30
Weight Lifting,greedy,FOLD-RM (fit),original,0.8235294117647058,0.8759750838308823,4.203495979309082,41,49,30
Weight Lifting,greedy,FOLD-RM (fit),original,0.7647058823529411,0.8308478371073531,4.283910274505615,35,44,30
Weight Lifting,greedy,FOLD-RM (fit),original,0.8235294117647058,0.8686274333779411,4.322315454483032,36,42,30
Weight Lifting,greedy,FOLD-RM (fit),original,0.7352941176470589,0.7946553476264705,4.384393692016602,41,53,30
Weight Lifting,greedy,FOLD-RM (fit),original,0.7647058823529411,0.8424755395985294,4.425501346588135,41,49,30
Weight Lifting,greedy,FOLD-RM (fit),original,0.7941176470588235,0.8533589334058824,4.4423158168792725,41,49,30
Weight Lifting,greedy,FOLD-RM (fit),original,0.8382352941176471,0.8834996203323529,4.47383189201355,42,47,30
Weight Lifting,greedy,FOLD-RM (fit),original,0.8382352941176471,0.8811334925470589,4.464328765869141,40,49,30
Weight Lifting,greedy,FOLD-RM (fit),original,0.75,0.8587735274588235,4.4824745655059814,43,56,30
Weight Lifting,greedy,FOLD-RM (fit),original,0.7794117647058824,0.8630954875058824,4.515376567840576,39,47,30
Weight Lifting,greedy,FOLD-RM (fit),original,0.8676470588235294,0.9141117063191178,4.556665897369385,46,57,30
Weight Lifting,greedy,FOLD-RM (fit),original,0.7647058823529411,0.8365828121132354,4.5746169090271,28,31,30
Weight Lifting,greedy,FOLD-RM (fit),original,0.8088235294117647,0.8658370554647059,4.5868144035339355,44,53,30
Weight Lifting,greedy,FOLD-RM (fit),original,0.8382352941176471,0.88852089285,4.5788140296936035,36,45,30
Weight Lifting,greedy,FOLD-RM (fit),original,0.8088235294117647,0.8682039667617646,4.698739767074585,43,49,30
Weight Lifting,greedy,FOLD-RM (fit),original,0.8088235294117647,0.8607738670514706,4.705243825912476,47,57,30
Weight Lifting,greedy,FOLD-RM (fit),original,0.8088235294117647,0.8747760068117647,4.751905918121338,43,53,30
Weight Lifting,greedy,FOLD-RM (fit),original,0.75,0.8154394019617648,4.769469499588013,45,56,30
Weight Lifting,greedy,FOLD-RM (fit),original,0.9117647058823529,0.923894759225,4.796576261520386,46,56,30
Weight Lifting,greedy,FOLD-RM (fit),original,0.8088235294117647,0.8317065834617645,4.793308258056641,40,50,30
Weight Lifting,greedy,FOLD-RM (fit),original,0.7058823529411765,0.7744651356897061,4.823309898376465,38,41,30
Weight Lifting,greedy,FOLD-RM (fit),original_guarded,0.8529411764705882,0.8826765772044116,1.8680987358093262,39,47,30
Weight Lifting,greedy,FOLD-RM (fit),original_guarded,0.7647058823529411,0.8253450439367649,2.1552927494049072,41,51,30
Weight Lifting,greedy,FOLD-RM (fit),original_guarded,0.8382352941176471,0.8812914327558824,2.57796311378479,44,45,30
Weight Lifting,greedy,FOLD-RM (fit),original_guarded,0.7647058823529411,0.843060044875,2.6087517738342285,37,48,30
Weight Lifting,greedy,FOLD-RM (fit),original_guarded,0.7794117647058824,0.8519268976970589,2.6293301582336426,34,43,30
Weight Lifting,greedy,FOLD-RM (fit),original_guarded,0.8529411764705882,0.9018236088338236,2.6953117847442627,41,52,30
Weight Lifting,greedy,FOLD-RM (fit),original_guarded,0.7794117647058824,0.8529880299382354,2.8716483116149902,42,52,30
Weight Lifting,greedy,FOLD-RM (fit),original_guarded,0.75,0.8459218033014706,3.0190577507019043,51,59,30
Weight Lifting,greedy,FOLD-RM (fit),original_guarded,0.8382352941176471,0.879577490757353,3.0119736194610596,43,51,30
Weight Lifting,greedy,FOLD-RM (fit),original_guarded,0.8529411764705882,0.8981093704014704,3.0430660247802734,43,52,30
Weight Lifting,greedy,FOLD-RM (fit),original_guarded,0.7647058823529411,0.8478478367779412,3.055262804031372,41,53,30
Weight Lifting,greedy,FOLD-RM (fit),original_guarded,0.8382352941176471,0.8848413855279411,3.073859930038452,41,44,30
Weight Lifting,greedy,FOLD-RM (fit),original_guarded,0.7794117647058824,0.8274635291573531,3.1960997581481934,41,45,30
Weight Lifting,greedy,FOLD-RM (fit),original_guarded,0.8235294117647058,0.8602443442970589,3.2016146183013916,42,55,30
Weight Lifting,greedy,FOLD-RM (fit),original_guarded,0.7941176470588235,0.8316603760823529,3.2036147117614746,40,55,30
Weight Lifting,greedy,FOLD-RM (fit),original_guarded,0.7647058823529411,0.8153864557985293,3.2576704025268555,40,48,30
Weight Lifting,greedy,FOLD-RM (fit),original_guarded,0.7794117647058824,0.8318958423279411,3.258089065551758,38,47,30
Weight Lifting,greedy,FOLD-RM (fit),original_guarded,0.75,0.8197352532264707,3.260671854019165,37,49,30
Weight Lifting,greedy,FOLD-RM (fit),original_guarded,0.75,0.7977389489088234,3.2849478721618652,36,46,30
Weight Lifting,greedy,FOLD-RM (fit),original_guarded,0.75,0.8077602160779412,3.2880730628967285,38,43,30
Weight Lifting,greedy,FOLD-RM (fit),original_guarded,0.8235294117647058,0.8661904488882353,3.3289554119110107,40,50,30
Weight Lifting,greedy,FOLD-RM (fit),original_guarded,0.7352941176470589,0.7876234110014707,3.4078128337860107,36,40,30
Weight Lifting,greedy,FOLD-RM (fit),original_guarded,0.8235294117647058,0.8727136129191176,3.5024797916412354,44,48,30
Weight Lifting,greedy,FOLD-RM (fit),original_guarded,0.7941176470588235,0.8335341523249999,3.5311524868011475,43,49,30
Weight Lifting,greedy,FOLD-RM (fit),original_guarded,0.8529411764705882,0.8835615864117647,3.542600631713867,41,46,30
Weight Lifting,greedy,FOLD-RM (fit),original_guarded,0.7941176470588235,0.8974625157367647,3.5447604656219482,43,55,30
Weight Lifting,greedy,FOLD-RM (fit),original_guarded,0.7794117647058824,0.823609689797059,3.6058170795440674,41,49,30
Weight Lifting,greedy,FOLD-RM (fit),original_guarded,0.8235294117647058,0.8681514980558824,3.6130425930023193,42,52,30
Weight Lifting,greedy,FOLD-RM (fit),original_guarded,0.8088235294117647,0.8661128636058824,3.6059584617614746,39,50,30
Weight Lifting,greedy,FOLD-RM (fit),original_guarded,0.7941176470588235,0.8667893096897058,3.624359607696533,44,56,30
Weight Lifting,greedy,FOLD-RM (fit),original_reweighted,0.75,0.8284778980823528,4.815635681152344,39,49,30
Weight Lifting,greedy,FOLD-RM (fit),original_reweighted,0.7205882352941176,0.7801021018044118,5.039671182632446,39,51,30
Weight Lifting,greedy,FOLD-RM (fit),original_reweighted,0.7941176470588235,0.850990709575,5.128993034362793,41,57,30
Weight Lifting,greedy,FOLD-RM (fit),original_reweighted,0.6911764705882353,0.7669858887235295,5.565148115158081,38,48,30
Weight Lifting,greedy,FOLD-RM (fit),original_reweighted,0.7205882352941176,0.7740739651941178,5.680084705352783,45,55,30
Weight Lifting,greedy,FOLD-RM (fit),original_reweighted,0.7647058823529411,0.8211494713323529,5.751294136047363,34,45,30
Weight Lifting,greedy,FOLD-RM (fit),original_reweighted,0.75,0.8362504995735294,5.931487798690796,42,51,30
Weight Lifting,greedy,FOLD-RM (fit),original_reweighted,0.8529411764705882,0.8952396870926471,6.009671926498413,39,59,30
Weight Lifting,greedy,FOLD-RM (fit),original_reweighted,0.7352941176470589,0.8516590763617647,6.137885808944702,45,63,30
Weight Lifting,greedy,FOLD-RM (fit),original_reweighted,0.7941176470588235,0.8713866400441177,6.141201734542847,44,58,30
Weight Lifting,greedy,FOLD-RM (fit),original_reweighted,0.7941176470588235,0.8733951250279413,6.200453519821167,44,60,30
Weight Lifting,greedy,FOLD-RM (fit),original_reweighted,0.7647058823529411,0.8399172241176469,6.256846904754639,42,57,30
Weight Lifting,greedy,FOLD-RM (fit),original_reweighted,0.7794117647058824,0.8378259270970588,6.3339316844940186,40,52,30
Weight Lifting,greedy,FOLD-RM (fit),original_reweighted,0.7794117647058824,0.8312931506808823,6.349237442016602,46,65,30
Weight Lifting,greedy,FOLD-RM (fit),original_reweighted,0.7647058823529411,0.847920045917647,6.375781774520874,44,61,30
Weight Lifting,greedy,FOLD-RM (fit),original_reweighted,0.8382352941176471,0.8847618180279413,6.3672778606414795,42,65,30
Weight Lifting,greedy,FOLD-RM (fit),original_reweighted,0.7941176470588235,0.8630558863529412,6.388286113739014,46,66,30
Weight Lifting,greedy,FOLD-RM (fit),original_reweighted,0.7205882352941176,0.8211686748029411,6.444899082183838,43,60,30
Weight Lifting,greedy,FOLD-RM (fit),original_reweighted,0.7794117647058824,0.8552076471691177,6.552340984344482,42,58,30
Weight Lifting,greedy,FOLD-RM (fit),original_reweighted,0.8382352941176471,0.8730853884617648,6.569788932800293,45,57,30
Weight Lifting,greedy,FOLD-RM (fit),original_reweighted,0.7941176470588235,0.8723539661058823,6.548618793487549,42,61,30
Weight Lifting,greedy,FOLD-RM (fit),original_reweighted,0.7794117647058824,0.8565065949132352,6.597676515579224,42,62,30
Weight Lifting,greedy,FOLD-RM (fit),original_reweighted,0.7941176470588235,0.8450532340823529,6.645351886749268,42,56,30
Weight Lifting,greedy,FOLD-RM (fit),original_reweighted,0.8529411764705882,0.88370651405,6.654173135757446,41,55,30
Weight Lifting,greedy,FOLD-RM (fit),original_reweighted,0.8529411764705882,0.886293004657353,6.671819448471069,44,61,30
Weight Lifting,greedy,FOLD-RM (fit),original_reweighted,0.7352941176470589,0.8456096363573529,6.705019950866699,48,62,30
Weight Lifting,greedy,FOLD-RM (fit),original_reweighted,0.7941176470588235,0.8728128581470589,6.754323959350586,41,60,30
Weight Lifting,greedy,FOLD-RM (fit),original_reweighted,0.7647058823529411,0.8106666040397057,6.759825944900513,37,56,30
Weight Lifting,greedy,FOLD-RM (fit),original_reweighted,0.75,0.8073470054867646,6.785818576812744,42,59,30
Weight Lifting,greedy,FOLD-RM (fit),original_reweighted,0.7647058823529411,0.8608415632676472,6.800343751907349,39,58,30
Weight Lifting,greedy,FOLD-RM (fit),original_t_removed,0.7941176470588235,0.8661498621161765,4.650253534317017,38,58,30
Weight Lifting,greedy,FOLD-RM (fit),original_t_removed,0.8235294117647058,0.8702497104441176,4.8893208503723145,34,54,30
Weight Lifting,greedy,FOLD-RM (fit),original_t_removed,0.75,0.8022524982808825,5.072711944580078,32,53,30
Weight Lifting,greedy,FOLD-RM (fit),original_t_removed,0.75,0.8106645495955882,5.3019959926605225,31,49,30
Weight Lifting,greedy,FOLD-RM (fit),original_t_removed,0.75,0.8422082242588236,5.380860090255737,38,60,30
Weight Lifting,greedy,FOLD-RM (fit),original_t_removed,0.6911764705882353,0.7689216767264706,5.732225656509399,30,53,30
Weight Lifting,greedy,FOLD-RM (fit),original_t_removed,0.7352941176470589,0.8054859544911765,5.757715463638306,35,59,30
Weight Lifting,greedy,FOLD-RM (fit),original_t_removed,0.8235294117647058,0.8575881500235294,5.790374755859375,38,66,30
Weight Lifting,greedy,FOLD-RM (fit),original_t_removed,0.7205882352941176,0.8742912952779412,6.108733177185059,24,48,30
Weight Lifting,greedy,FOLD-RM (fit),original_t_removed,0.7352941176470589,0.8007204116514707,6.376284599304199,33,57,30
Weight Lifting,greedy,FOLD-RM (fit),original_t_removed,0.8529411764705882,0.8929334313808824,6.535271883010864,40,58,30
Weight Lifting,greedy,FOLD-RM (fit),original_t_removed,0.8088235294117647,0.8820729626279411,6.982797622680664,41,60,30
Weight Lifting,greedy,FOLD-RM (fit),original_t_removed,0.7941176470588235,0.8530472786823531,7.031646251678467,40,69,30
Weight Lifting,greedy,FOLD-RM (fit),original_t_removed,0.6911764705882353,0.771222010745588,7.256441593170166,35,59,30
Weight Lifting,greedy,FOLD-RM (fit),original_t_removed,0.7205882352941176,0.8350355374794117,7.281589984893799,46,73,30
Weight Lifting,greedy,FOLD-RM (fit),original_t_removed,0.6764705882352942,0.7932473233411764,7.4105401039123535,37,62,30
Weight Lifting,greedy,FOLD-RM (fit),original_t_removed,0.8235294117647058,0.8711599485911765,7.50410008430481,46,69,30
Weight Lifting,greedy,FOLD-RM (fit),original_t_removed,0.7794117647058824,0.8307147767794119,7.523239374160767,37,57,30
Weight Lifting,greedy,FOLD-RM (fit),original_t_removed,0.7058823529411765,0.8379521700352941,7.552305221557617,40,68,30
Weight Lifting,greedy,FOLD-RM (fit),original_t_removed,0.75,0.8413451808867647,7.560532331466675,47,65,30
Weight Lifting,greedy,FOLD-RM (fit),original_t_removed,0.7647058823529411,0.8276965875455883,7.637538194656372,42,62,30
Weight Lifting,greedy,FOLD-RM (fit),original_t_removed,0.7647058823529411,0.8687951399308823,7.709143161773682,44,76,30
Weight Lifting,greedy,FOLD-RM (fit),original_t_removed,0.8088235294117647,0.8827475852544118,7.724061965942383,46,70,30
Weight Lifting,greedy,FOLD-RM (fit),original_t_removed,0.7794117647058824,0.8697721221470589,7.747691631317139,42,73,30
Weight Lifting,greedy,FOLD-RM (fit),original_t_removed,0.7647058823529411,0.851671267139706,7.732106685638428,39,61,30
Weight Lifting,greedy,FOLD-RM (fit),original_t_removed,0.75,0.8449450109941177,7.801825523376465,48,70,30
Weight Lifting,greedy,FOLD-RM (fit),original_t_removed,0.7058823529411765,0.8220486700602941,7.826995134353638,42,67,30
Weight Lifting,greedy,FOLD-RM (fit),original_t_removed,0.75,0.8447161595029412,7.84374213218689,41,68,30
Weight Lifting,greedy,FOLD-RM (fit),original_t_removed,0.7941176470588235,0.8421585325735295,7.857707738876343,43,69,30
Weight Lifting,greedy,FOLD-RM (fit),original_t_removed,0.8382352941176471,0.871586562332353,7.897533178329468,43,65,30
Weight Lifting,greedy,FOLD-RM (fit),IG_over_P,0.4264705882352941,0.7549798069470588,21.27619433403015,172,171,30
Weight Lifting,greedy,FOLD-RM (fit),IG_over_P,0.5441176470588235,0.768959556542647,21.40290904045105,178,177,30
Weight Lifting,greedy,FOLD-RM (fit),IG_over_P,0.5294117647058824,0.7843907792617647,22.78358817100525,181,180,30
Weight Lifting,greedy,FOLD-RM (fit),IG_over_P,0.6911764705882353,0.8106836187397058,23.29034161567688,183,182,30
Weight Lifting,greedy,FOLD-RM (fit),IG_over_P,0.6176470588235294,0.8004716472897058,23.598062992095947,189,188,30
Weight Lifting,greedy,FOLD-RM (fit),IG_over_P,0.6323529411764706,0.8096954302808823,23.744325876235962,186,185,30
Weight Lifting,greedy,FOLD-RM (fit),IG_over_P,0.5735294117647058,0.7956863818632351,24.03166127204895,195,194,30
Weight Lifting,greedy,FOLD-RM (fit),IG_over_P,0.6617647058823529,0.8103305871970587,24.39165210723877,177,176,30
Weight Lifting,greedy,FOLD-RM (fit),IG_over_P,0.5588235294117647,0.7816568399720587,24.472619771957397,187,186,30
Weight Lifting,greedy,FOLD-RM (fit),IG_over_P,0.6911764705882353,0.8147370973338235,24.573035955429077,191,190,30
Weight Lifting,greedy,FOLD-RM (fit),IG_over_P,0.6323529411764706,0.7955718213426469,24.79924440383911,187,186,30
Weight Lifting,greedy,FOLD-RM (fit),IG_over_P,0.6470588235294118,0.809084602117647,24.875324964523315,189,188,30
Weight Lifting,greedy,FOLD-RM (fit),IG_over_P,0.6470588235294118,0.8115995146544117,25.102173566818237,190,189,30
Weight Lifting,greedy,FOLD-RM (fit),IG_over_P,0.6323529411764706,0.7957671018588235,25.27506923675537,194,193,30
Weight Lifting,greedy,FOLD-RM (fit),IG_over_P,0.5294117647058824,0.7911804707941176,25.29269051551819,198,197,30
Weight Lifting,greedy,FOLD-RM (fit),IG_over_P,0.5882352941176471,0.7880457117985293,25.43324112892151,195,194,30
Weight Lifting,greedy,FOLD-RM (fit),IG_over_P,0.5441176470588235,0.7713600421308823,25.50827717781067,187,186,30
Weight Lifting,greedy,FOLD-RM (fit),IG_over_P,0.6323529411764706,0.7823607456382352,25.518154621124268,169,167,30
Weight Lifting,greedy,FOLD-RM (fit),IG_over_P,0.6029411764705882,0.8046739312985294,25.553555250167847,191,190,30
Weight Lifting,greedy,FOLD-RM (fit),IG_over_P,0.7352941176470589,0.828645691760294,25.592996835708618,182,181,30
Weight Lifting,greedy,FOLD-RM (fit),IG_over_P,0.6176470588235294,0.8153660872647059,25.637993335723877,187,186,30
Weight Lifting,greedy,FOLD-RM (fit),IG_over_P,0.5294117647058824,0.7672664709735293,25.66100025177002,177,176,30
Weight Lifting,greedy,FOLD-RM (fit),IG_over_P,0.6911764705882353,0.8125773552014706,25.696589946746826,190,188,30
Weight Lifting,greedy,FOLD-RM (fit),IG_over_P,0.6176470588235294,0.794974425402941,25.80603575706482,187,186,30
Weight Lifting,greedy,FOLD-RM (fit),IG_over_P,0.5735294117647058,0.8017431586485293,25.856913805007935,179,178,30
Weight Lifting,greedy,FOLD-RM (fit),IG_over_P,0.5441176470588235,0.7838723081911765,26.024513959884644,192,191,30
Weight Lifting,greedy,FOLD-RM (fit),IG_over_P,0.5588235294117647,0.7815255024999999,26.04488730430603,186,185,30
Weight Lifting,greedy,FOLD-RM (fit),IG_over_P,0.6176470588235294,0.8023777465294117,26.069932460784912,188,187,30
Weight Lifting,greedy,FOLD-RM (fit),IG_over_P,0.7058823529411765,0.8098126160029411,26.098130702972412,191,190,30
Weight Lifting,greedy,FOLD-RM (fit),IG_over_P,0.7058823529411765,0.8181422066132352,26.190770864486694,192,191,30
Weight Lifting,greedy,FOLD-RM (fit),IG_over_P2,0.5735294117647058,0.6455151709823531,34.23256278038025,20,12,30
Weight Lifting,greedy,FOLD-RM (fit),IG_over_P2,0.5735294117647058,0.6576984701264705,34.45916938781738,21,12,30
Weight Lifting,greedy,FOLD-RM (fit),IG_over_P2,0.5735294117647058,0.6536184745823528,34.72221827507019,23,9,30
Weight Lifting,greedy,FOLD-RM (fit),IG_over_P2,0.5735294117647058,0.6489319721617648,34.76119804382324,22,11,30
Weight Lifting,greedy,FOLD-RM (fit),IG_over_P2,0.6470588235294118,0.7272704622970589,35.04684805870056,24,11,30
Weight Lifting,greedy,FOLD-RM (fit),IG_over_P2,0.5735294117647058,0.6887191506617647,36.104164361953735,21,11,30
Weight Lifting,greedy,FOLD-RM (fit),IG_over_P2,0.6323529411764706,0.680607285325,36.12083721160889,20,11,30
Weight Lifting,greedy,FOLD-RM (fit),IG_over_P2,0.3088235294117647,0.48479468145735316,36.90717172622681,22,10,30
Weight Lifting,greedy,FOLD-RM (fit),IG_over_P2,0.6323529411764706,0.6871867791999999,37.012240409851074,20,11,30
Weight Lifting,greedy,FOLD-RM (fit),IG_over_P2,0.38235294117647056,0.4833523016852941,37.03899335861206,22,11,30
Weight Lifting,greedy,FOLD-RM (fit),IG_over_P2,0.4117647058823529,0.594762546017647,37.379920959472656,21,9,30
Weight Lifting,greedy,FOLD-RM (fit),IG_over_P2,0.6470588235294118,0.7231333014970587,38.03669238090515,20,10,30
Weight Lifting,greedy,FOLD-RM (fit),IG_over_P2,0.36764705882352944,0.5709381633720588,38.25221037864685,21,11,30
Weight Lifting,greedy,FOLD-RM (fit),IG_over_P2,0.5588235294117647,0.6888032136411764,38.589264154434204,21,10,30
Weight Lifting,greedy,FOLD-RM (fit),IG_over_P2,0.5735294117647058,0.6520244663117649,38.90881872177124,23,10,30
Weight Lifting,greedy,FOLD-RM (fit),IG_over_P2,0.6764705882352942,0.7409904739823527,38.958749532699585,23,11,30
Weight Lifting,greedy,FOLD-RM (fit),IG_over_P2,0.5147058823529411,0.6665759953926473,39.14870643615723,25,11,30
Weight Lifting,greedy,FOLD-RM (fit),IG_over_P2,0.5588235294117647,0.6651006283264707,39.242568492889404,24,11,30
Weight Lifting,greedy,FOLD-RM (fit),IG_over_P2,0.5294117647058824,0.669283116917647,39.31049847602844,21,10,30
Weight Lifting,greedy,FOLD-RM (fit),IG_over_P2,0.6470588235294118,0.7044147424955881,39.626548528671265,22,12,30
Weight Lifting,greedy,FOLD-RM (fit),IG_over_P2,0.45588235294117646,0.5361519640941175,39.68980383872986,24,10,30
Weight Lifting,greedy,FOLD-RM (fit),IG_over_P2,0.6029411764705882,0.7141856197029413,39.751503229141235,21,10,30
Weight Lifting,greedy,FOLD-RM (fit),IG_over_P2,0.38235294117647056,0.5638484270499999,39.853145122528076,20,9,30
Weight Lifting,greedy,FOLD-RM (fit),IG_over_P2,0.5735294117647058,0.6924066541264706,39.873706102371216,20,10,30
Weight Lifting,greedy,FOLD-RM (fit),IG_over_P2,0.4852941176470588,0.6158213024176469,39.87817144393921,23,11,30
Weight Lifting,greedy,FOLD-RM (fit),IG_over_P2,0.5294117647058824,0.6265211433294116,39.94620084762573,21,13,30
Weight Lifting,greedy,FOLD-RM (fit),IG_over_P2,0.5,0.6588887156014707,39.970290660858154,23,12,30
Weight Lifting,greedy,FOLD-RM (fit),IG_over_P2,0.5735294117647058,0.7222445772735295,40.031373739242554,23,12,30
Weight Lifting,greedy,FOLD-RM (fit),IG_over_P2,0.5294117647058824,0.591021824445588,40.06349468231201,25,9,30
Weight Lifting,greedy,FOLD-RM (fit),IG_over_P2,0.47058823529411764,0.5822636888294119,40.06521415710449,22,9,30
Weight Lifting,greedy,FOLD-RM (fit),LogOddsRatio,0.7794117647058824,0.846146374239706,5.987590789794922,50,60,30
Weight Lifting,greedy,FOLD-RM (fit),LogOddsRatio,0.8676470588235294,0.8832273806779412,6.421273708343506,43,57,30
Weight Lifting,greedy,FOLD-RM (fit),LogOddsRatio,0.6911764705882353,0.7781109521235294,6.778863191604614,37,47,30
Weight Lifting,greedy,FOLD-RM (fit),LogOddsRatio,0.8676470588235294,0.9051888598588236,6.851927042007446,43,64,30
Weight Lifting,greedy,FOLD-RM (fit),LogOddsRatio,0.7058823529411765,0.8084879501852942,7.014689683914185,46,64,30
Weight Lifting,greedy,FOLD-RM (fit),LogOddsRatio,0.8382352941176471,0.8811172608926471,7.030889987945557,52,80,30
Weight Lifting,greedy,FOLD-RM (fit),LogOddsRatio,0.7794117647058824,0.8587287439529412,7.185967206954956,57,78,30
Weight Lifting,greedy,FOLD-RM (fit),LogOddsRatio,0.6911764705882353,0.7761973564808821,7.232109308242798,47,63,30
Weight Lifting,greedy,FOLD-RM (fit),LogOddsRatio,0.7794117647058824,0.8381412833352941,7.243305683135986,50,71,30
Weight Lifting,greedy,FOLD-RM (fit),LogOddsRatio,0.7352941176470589,0.810962239067647,7.307168006896973,48,59,30
Weight Lifting,greedy,FOLD-RM (fit),LogOddsRatio,0.75,0.8053264798426472,7.390884876251221,49,60,30
Weight Lifting,greedy,FOLD-RM (fit),LogOddsRatio,0.7058823529411765,0.8406590677617647,7.67397928237915,52,73,30
Weight Lifting,greedy,FOLD-RM (fit),LogOddsRatio,0.7647058823529411,0.8351659108029411,7.689396381378174,47,57,30
Weight Lifting,greedy,FOLD-RM (fit),LogOddsRatio,0.7352941176470589,0.8078157085161763,7.969076871871948,45,66,30
Weight Lifting,greedy,FOLD-RM (fit),LogOddsRatio,0.7794117647058824,0.8381197184867647,8.028316736221313,52,63,30
Weight Lifting,greedy,FOLD-RM (fit),LogOddsRatio,0.6911764705882353,0.7852562132529411,8.042049884796143,48,73,30
Weight Lifting,greedy,FOLD-RM (fit),LogOddsRatio,0.7647058823529411,0.8381828659102941,8.169174432754517,57,73,30
Weight Lifting,greedy,FOLD-RM (fit),LogOddsRatio,0.7794117647058824,0.8602915912647058,8.319776773452759,52,72,30
Weight Lifting,greedy,FOLD-RM (fit),LogOddsRatio,0.8088235294117647,0.8653339842411765,8.384829998016357,46,61,30
Weight Lifting,greedy,FOLD-RM (fit),LogOddsRatio,0.8235294117647058,0.8602628902382354,8.430049896240234,59,77,30
Weight Lifting,greedy,FOLD-RM (fit),LogOddsRatio,0.7058823529411765,0.8154549153029412,8.599270582199097,49,65,30
Weight Lifting,greedy,FOLD-RM (fit),LogOddsRatio,0.7794117647058824,0.8565364154220589,8.615544557571411,61,77,30
Weight Lifting,greedy,FOLD-RM (fit),LogOddsRatio,0.75,0.8431317370632353,8.75832486152649,61,81,30
Weight Lifting,greedy,FOLD-RM (fit),LogOddsRatio,0.8088235294117647,0.8672472937720589,8.768880844116211,57,79,30
Weight Lifting,greedy,FOLD-RM (fit),LogOddsRatio,0.7647058823529411,0.8238381718308823,8.76117205619812,60,79,30
Weight Lifting,greedy,FOLD-RM (fit),LogOddsRatio,0.6911764705882353,0.737953750189706,8.83603024482727,61,72,30
Weight Lifting,greedy,FOLD-RM (fit),LogOddsRatio,0.8235294117647058,0.8873522367705883,8.857513904571533,54,80,30
Weight Lifting,greedy,FOLD-RM (fit),LogOddsRatio,0.8235294117647058,0.8726921358338235,8.873708963394165,53,85,30
Weight Lifting,greedy,FOLD-RM (fit),LogOddsRatio,0.75,0.8377736810235294,8.886937618255615,56,75,30
Weight Lifting,greedy,FOLD-RM (fit),LogOddsRatio,0.8676470588235294,0.8957577436029411,8.957845449447632,66,81,30
Weight Lifting,greedy,FOLD-RM (fit),MathewsCC,0.7941176470588235,0.8380963681088236,3.7822840213775635,44,47,30
Weight Lifting,greedy,FOLD-RM (fit),MathewsCC,0.8529411764705882,0.8790681820735293,3.9611520767211914,43,46,30
Weight Lifting,greedy,FOLD-RM (fit),MathewsCC,0.7352941176470589,0.8253013128794117,4.036684989929199,40,49,30
Weight Lifting,greedy,FOLD-RM (fit),MathewsCC,0.8676470588235294,0.9074077718735294,4.093865394592285,47,49,30
Weight Lifting,greedy,FOLD-RM (fit),MathewsCC,0.8088235294117647,0.8461570376,4.19486665725708,48,47,30
Weight Lifting,greedy,FOLD-RM (fit),MathewsCC,0.7941176470588235,0.8583460782514706,4.318119525909424,44,47,30
Weight Lifting,greedy,FOLD-RM (fit),MathewsCC,0.8382352941176471,0.8814782195602942,4.52262282371521,45,49,30
Weight Lifting,greedy,FOLD-RM (fit),MathewsCC,0.7941176470588235,0.8327073916411765,4.659546375274658,41,47,30
Weight Lifting,greedy,FOLD-RM (fit),MathewsCC,0.8823529411764706,0.9058687485382353,4.715054988861084,48,53,30
Weight Lifting,greedy,FOLD-RM (fit),MathewsCC,0.75,0.8467204070852941,4.858252286911011,49,50,30
Weight Lifting,greedy,FOLD-RM (fit),MathewsCC,0.7794117647058824,0.8342326191029411,4.88455605506897,44,43,30
Weight Lifting,greedy,FOLD-RM (fit),MathewsCC,0.6911764705882353,0.7637071007852941,4.93154239654541,44,43,30
Weight Lifting,greedy,FOLD-RM (fit),MathewsCC,0.7058823529411765,0.7957156429514706,4.992993116378784,44,45,30
Weight Lifting,greedy,FOLD-RM (fit),MathewsCC,0.75,0.843620947407353,5.0519514083862305,46,45,30
Weight Lifting,greedy,FOLD-RM (fit),MathewsCC,0.8676470588235294,0.9042887633176471,5.112896919250488,49,55,30
Weight Lifting,greedy,FOLD-RM (fit),MathewsCC,0.7352941176470589,0.7758028220235293,5.13829231262207,41,42,30
Weight Lifting,greedy,FOLD-RM (fit),MathewsCC,0.8382352941176471,0.8783069607382353,5.150615692138672,47,52,30
Weight Lifting,greedy,FOLD-RM (fit),MathewsCC,0.7941176470588235,0.8476057018308824,5.1662209033966064,42,44,30
Weight Lifting,greedy,FOLD-RM (fit),MathewsCC,0.7794117647058824,0.8404692321661764,5.1913392543792725,40,42,30
Weight Lifting,greedy,FOLD-RM (fit),MathewsCC,0.8088235294117647,0.855796297832353,5.182173490524292,42,48,30
Weight Lifting,greedy,FOLD-RM (fit),MathewsCC,0.7941176470588235,0.8663487473602941,5.245358228683472,40,45,30
Weight Lifting,greedy,FOLD-RM (fit),MathewsCC,0.8235294117647058,0.8926468348161765,5.245948553085327,50,51,30
Weight Lifting,greedy,FOLD-RM (fit),MathewsCC,0.8088235294117647,0.8666796623029412,5.256395578384399,46,53,30
Weight Lifting,greedy,FOLD-RM (fit),MathewsCC,0.8235294117647058,0.8695617367455883,5.271112442016602,43,49,30
Weight Lifting,greedy,FOLD-RM (fit),MathewsCC,0.8970588235294118,0.9198976036147058,5.291477203369141,50,53,30
Weight Lifting,greedy,FOLD-RM (fit),MathewsCC,0.8970588235294118,0.9310246288147058,5.326789140701294,48,56,30
Weight Lifting,greedy,FOLD-RM (fit),MathewsCC,0.8235294117647058,0.8659912019691176,5.339033365249634,47,46,30
Weight Lifting,greedy,FOLD-RM (fit),MathewsCC,0.8823529411764706,0.9063098187249999,5.3660242557525635,49,49,30
Weight Lifting,greedy,FOLD-RM (fit),MathewsCC,0.8088235294117647,0.8354945332558824,5.384383678436279,40,44,30
Weight Lifting,greedy,FOLD-RM (fit),MathewsCC,0.8088235294117647,0.8428244036205882,5.415930509567261,43,42,30
Weight Lifting,greedy,FOLD-RM (fit),MathewsCC_mod,0.8823529411764706,0.9101699328279411,2.870898962020874,46,48,30
Weight Lifting,greedy,FOLD-RM (fit),MathewsCC_mod,0.8235294117647058,0.885785960392647,3.830784797668457,44,46,30
Weight Lifting,greedy,FOLD-RM (fit),MathewsCC_mod,0.8382352941176471,0.8890625189279412,4.042804479598999,45,48,30
Weight Lifting,greedy,FOLD-RM (fit),MathewsCC_mod,0.8235294117647058,0.8703786475764707,4.36988639831543,46,50,30
Weight Lifting,greedy,FOLD-RM (fit),MathewsCC_mod,0.7941176470588235,0.8643000507544119,4.467959403991699,45,49,30
Weight Lifting,greedy,FOLD-RM (fit),MathewsCC_mod,0.7058823529411765,0.8190744266117647,4.509436845779419,43,44,30
Weight Lifting,greedy,FOLD-RM (fit),MathewsCC_mod,0.8088235294117647,0.8748641559029413,4.606117248535156,48,49,30
Weight Lifting,greedy,FOLD-RM (fit),MathewsCC_mod,0.7794117647058824,0.8135760292264705,4.676102876663208,41,40,30
Weight Lifting,greedy,FOLD-RM (fit),MathewsCC_mod,0.8529411764705882,0.8938603333529411,4.680741310119629,50,51,30
Weight Lifting,greedy,FOLD-RM (fit),MathewsCC_mod,0.8088235294117647,0.8607370009661764,4.726364612579346,44,50,30
Weight Lifting,greedy,FOLD-RM (fit),MathewsCC_mod,0.75,0.8059677444470589,4.781142950057983,45,43,30
Weight Lifting,greedy,FOLD-RM (fit),MathewsCC_mod,0.8088235294117647,0.8704871764102942,4.7796454429626465,46,50,30
Weight Lifting,greedy,FOLD-RM (fit),MathewsCC_mod,0.7941176470588235,0.8282271257705883,4.813444137573242,44,41,30
Weight Lifting,greedy,FOLD-RM (fit),MathewsCC_mod,0.8529411764705882,0.8832186712397059,4.808447599411011,49,49,30
Weight Lifting,greedy,FOLD-RM (fit),MathewsCC_mod,0.7205882352941176,0.7926983442102942,4.824788570404053,44,39,30
Weight Lifting,greedy,FOLD-RM (fit),MathewsCC_mod,0.7941176470588235,0.8698824845529411,4.886900424957275,45,52,30
Weight Lifting,greedy,FOLD-RM (fit),MathewsCC_mod,0.8235294117647058,0.8809420316750001,4.905712842941284,43,49,30
Weight Lifting,greedy,FOLD-RM (fit),MathewsCC_mod,0.8529411764705882,0.888981394160294,4.914149045944214,47,52,30
Weight Lifting,greedy,FOLD-RM (fit),MathewsCC_mod,0.7794117647058824,0.8654203467044118,5.034294605255127,50,52,30
Weight Lifting,greedy,FOLD-RM (fit),MathewsCC_mod,0.7205882352941176,0.8124370700176471,5.037628889083862,43,47,30
Weight Lifting,greedy,FOLD-RM (fit),MathewsCC_mod,0.7794117647058824,0.8545818740808824,5.057985067367554,44,46,30
Weight Lifting,greedy,FOLD-RM (fit),MathewsCC_mod,0.8235294117647058,0.8846806629897058,5.0634894371032715,45,54,30
Weight Lifting,greedy,FOLD-RM (fit),MathewsCC_mod,0.7794117647058824,0.8318157237250001,5.105660915374756,44,44,30
Weight Lifting,greedy,FOLD-RM (fit),MathewsCC_mod,0.8382352941176471,0.8838012238911764,5.125102758407593,45,50,30
Weight Lifting,greedy,FOLD-RM (fit),MathewsCC_mod,0.7352941176470589,0.8221264642617647,5.18119478225708,39,44,30
Weight Lifting,greedy,FOLD-RM (fit),MathewsCC_mod,0.7794117647058824,0.8289121207205883,5.214657306671143,43,46,30
Weight Lifting,greedy,FOLD-RM (fit),MathewsCC_mod,0.8235294117647058,0.8843665627367645,5.214300632476807,43,48,30
Weight Lifting,greedy,FOLD-RM (fit),MathewsCC_mod,0.8088235294117647,0.8859950058411765,5.225388526916504,48,55,30
Weight Lifting,greedy,FOLD-RM (fit),MathewsCC_mod,0.8382352941176471,0.8955344333117647,5.248641490936279,47,51,30
Weight Lifting,greedy,FOLD-RM (fit),MathewsCC_mod,0.7647058823529411,0.8158675697779412,5.271746873855591,44,46,30
Weight Lifting,greedy,FOLD-RM (fit),MathewsP,0.7647058823529411,0.8607856896044117,4.266265630722046,58,51,30
Weight Lifting,greedy,FOLD-RM (fit),MathewsP,0.6911764705882353,0.773901960972059,4.869043827056885,43,36,30
Weight Lifting,greedy,FOLD-RM (fit),MathewsP,0.7352941176470589,0.8414985370397058,5.11518406867981,51,48,30
Weight Lifting,greedy,FOLD-RM (fit),MathewsP,0.8676470588235294,0.8994402457691176,5.256940126419067,46,52,30
Weight Lifting,greedy,FOLD-RM (fit),MathewsP,0.75,0.8689858863720589,5.2955322265625,61,52,30
Weight Lifting,greedy,FOLD-RM (fit),MathewsP,0.7941176470588235,0.8626240198779414,5.394966125488281,53,50,30
Weight Lifting,greedy,FOLD-RM (fit),MathewsP,0.7941176470588235,0.8662566125147059,5.402935981750488,54,54,30
Weight Lifting,greedy,FOLD-RM (fit),MathewsP,0.9558823529411765,0.9615626860455883,5.558752059936523,64,61,30
Weight Lifting,greedy,FOLD-RM (fit),MathewsP,0.7205882352941176,0.8223738489205883,5.693241357803345,50,43,30
Weight Lifting,greedy,FOLD-RM (fit),MathewsP,0.7647058823529411,0.8254849247970589,5.702824115753174,51,45,30
Weight Lifting,greedy,FOLD-RM (fit),MathewsP,0.7941176470588235,0.878270439025,5.704376697540283,47,49,30
Weight Lifting,greedy,FOLD-RM (fit),MathewsP,0.75,0.8245460712749999,5.742513179779053,55,50,30
Weight Lifting,greedy,FOLD-RM (fit),MathewsP,0.75,0.8246849642897058,5.823499441146851,53,50,30
Weight Lifting,greedy,FOLD-RM (fit),MathewsP,0.7794117647058824,0.8728644605808824,5.858210325241089,57,56,30
Weight Lifting,greedy,FOLD-RM (fit),MathewsP,0.8235294117647058,0.8907196443073528,5.875242233276367,54,51,30
Weight Lifting,greedy,FOLD-RM (fit),MathewsP,0.75,0.8107965269955884,5.898768663406372,52,42,30
Weight Lifting,greedy,FOLD-RM (fit),MathewsP,0.7794117647058824,0.8427536256308822,5.920978784561157,54,47,30
Weight Lifting,greedy,FOLD-RM (fit),MathewsP,0.7941176470588235,0.8992912212602941,5.915496587753296,61,64,30
Weight Lifting,greedy,FOLD-RM (fit),MathewsP,0.6323529411764706,0.7205806490470588,5.952473163604736,43,39,30
Weight Lifting,greedy,FOLD-RM (fit),MathewsP,0.8529411764705882,0.8939468925514706,6.02875542640686,52,52,30
Weight Lifting,greedy,FOLD-RM (fit),MathewsP,0.6617647058823529,0.7735635010764705,6.032259941101074,50,47,30
Weight Lifting,greedy,FOLD-RM (fit),MathewsP,0.75,0.8102465691,6.16035270690918,51,45,30
Weight Lifting,greedy,FOLD-RM (fit),MathewsP,0.8529411764705882,0.8853614774985294,6.184781312942505,62,51,30
Weight Lifting,greedy,FOLD-RM (fit),MathewsP,0.7941176470588235,0.8367067401382353,6.206673622131348,55,46,30
Weight Lifting,greedy,FOLD-RM (fit),MathewsP,0.7794117647058824,0.847377836867647,6.214217185974121,56,46,30
Weight Lifting,greedy,FOLD-RM (fit),MathewsP,0.7941176470588235,0.8503126316867646,6.2818286418914795,57,45,30
Weight Lifting,greedy,FOLD-RM (fit),MathewsP,0.8088235294117647,0.843394894982353,6.286222457885742,57,46,30
Weight Lifting,greedy,FOLD-RM (fit),MathewsP,0.7647058823529411,0.8496709084617646,6.317989110946655,59,56,30
Weight Lifting,greedy,FOLD-RM (fit),MathewsP,0.8676470588235294,0.8930557489352942,6.355879783630371,57,48,30
Weight Lifting,greedy,FOLD-RM (fit),MathewsP,0.7794117647058824,0.8292949191602941,6.369755744934082,60,50,30
Weight Lifting,greedy,FOLD-RM (fit),MathewsP2,0.8529411764705882,0.9222207639852941,5.513505697250366,66,55,30
Weight Lifting,greedy,FOLD-RM (fit),MathewsP2,0.7647058823529411,0.8599274900838235,6.033071279525757,54,50,30
Weight Lifting,greedy,FOLD-RM (fit),MathewsP2,0.75,0.8491669469779412,6.064530849456787,61,58,30
Weight Lifting,greedy,FOLD-RM (fit),MathewsP2,0.7794117647058824,0.8363293396529412,6.166133642196655,48,42,30
Weight Lifting,greedy,FOLD-RM (fit),MathewsP2,0.7941176470588235,0.8682636680161765,6.387341260910034,55,49,30
Weight Lifting,greedy,FOLD-RM (fit),MathewsP2,0.7941176470588235,0.8354753286264704,6.6439902782440186,64,55,30
Weight Lifting,greedy,FOLD-RM (fit),MathewsP2,0.7941176470588235,0.8402144563838235,6.765665054321289,50,46,30
Weight Lifting,greedy,FOLD-RM (fit),MathewsP2,0.8088235294117647,0.8660030110279411,6.792860507965088,59,52,30
Weight Lifting,greedy,FOLD-RM (fit),MathewsP2,0.6764705882352942,0.8525867876088236,6.835775136947632,68,66,30
Weight Lifting,greedy,FOLD-RM (fit),MathewsP2,0.7647058823529411,0.8400726974014706,7.256046533584595,61,50,30
Weight Lifting,greedy,FOLD-RM (fit),MathewsP2,0.7352941176470589,0.8315431677779411,7.254207372665405,58,47,30
Weight Lifting,greedy,FOLD-RM (fit),MathewsP2,0.75,0.8331825777411765,7.2567102909088135,58,50,30
Weight Lifting,greedy,FOLD-RM (fit),MathewsP2,0.7794117647058824,0.8489224308367648,7.289278984069824,62,50,30
Weight Lifting,greedy,FOLD-RM (fit),MathewsP2,0.8235294117647058,0.8807793064455882,7.5598955154418945,48,45,30
Weight Lifting,greedy,FOLD-RM (fit),MathewsP2,0.75,0.8462489716102941,7.609533071517944,67,53,30
Weight Lifting,greedy,FOLD-RM (fit),MathewsP2,0.7058823529411765,0.8210071932029412,7.695567607879639,62,57,30
Weight Lifting,greedy,FOLD-RM (fit),MathewsP2,0.75,0.8688490683382353,7.867194175720215,68,68,30
Weight Lifting,greedy,FOLD-RM (fit),MathewsP2,0.7941176470588235,0.847992739035294,7.904088497161865,59,50,30
Weight Lifting,greedy,FOLD-RM (fit),MathewsP2,0.8382352941176471,0.8922793724882353,7.907607793807983,63,57,30
Weight Lifting,greedy,FOLD-RM (fit),MathewsP2,0.75,0.8697294633602942,7.994662523269653,75,70,30
Weight Lifting,greedy,FOLD-RM (fit),MathewsP2,0.6911764705882353,0.8682658240823529,8.035991907119751,83,77,30
Weight Lifting,greedy,FOLD-RM (fit),MathewsP2,0.75,0.8829892079808824,8.06263279914856,72,70,30
Weight Lifting,greedy,FOLD-RM (fit),MathewsP2,0.7794117647058824,0.8617543757352941,8.08510446548462,73,66,30
Weight Lifting,greedy,FOLD-RM (fit),MathewsP2,0.7647058823529411,0.8687457032088235,8.111304998397827,68,64,30
Weight Lifting,greedy,FOLD-RM (fit),MathewsP2,0.8088235294117647,0.8677330694029411,8.099826097488403,75,70,30
Weight Lifting,greedy,FOLD-RM (fit),MathewsP2,0.8235294117647058,0.9011363318352941,8.181582689285278,76,71,30
Weight Lifting,greedy,FOLD-RM (fit),MathewsP2,0.7352941176470589,0.8979418378529412,8.226625204086304,94,86,30
Weight Lifting,greedy,FOLD-RM (fit),MathewsP2,0.8088235294117647,0.870608435642647,8.259765625,76,71,30
Weight Lifting,greedy,FOLD-RM (fit),MathewsP2,0.7647058823529411,0.8441200480426472,8.303954124450684,88,78,30
Weight Lifting,greedy,FOLD-RM (fit),MathewsP2,0.8235294117647058,0.895008325092647,8.344385147094727,88,81,30
Weight Lifting,greedy,FOLD-RM (fit),MathewsP3,0.7794117647058824,0.8075847396617646,7.121340990066528,55,50,30
Weight Lifting,greedy,FOLD-RM (fit),MathewsP3,0.7352941176470589,0.8214765982220588,7.54355788230896,66,60,30
Weight Lifting,greedy,FOLD-RM (fit),MathewsP3,0.7352941176470589,0.8247154242441177,7.811519384384155,55,48,30
Weight Lifting,greedy,FOLD-RM (fit),MathewsP3,0.8529411764705882,0.8629994590029411,7.881199836730957,63,56,30
Weight Lifting,greedy,FOLD-RM (fit),MathewsP3,0.75,0.8652583985029412,8.336128950119019,82,82,30
Weight Lifting,greedy,FOLD-RM (fit),MathewsP3,0.75,0.8331377609323529,8.603690147399902,72,71,30
Weight Lifting,greedy,FOLD-RM (fit),MathewsP3,0.5735294117647058,0.7756761063279412,9.153262615203857,79,77,30
Weight Lifting,greedy,FOLD-RM (fit),MathewsP3,0.6617647058823529,0.8544433090676471,9.477421760559082,86,80,30
Weight Lifting,greedy,FOLD-RM (fit),MathewsP3,0.5882352941176471,0.8006749890970588,9.50270700454712,82,76,30
Weight Lifting,greedy,FOLD-RM (fit),MathewsP3,0.6911764705882353,0.7828208103897059,9.849316835403442,88,76,30
Weight Lifting,greedy,FOLD-RM (fit),MathewsP3,0.6323529411764706,0.815661845975,10.024931907653809,89,80,30
Weight Lifting,greedy,FOLD-RM (fit),MathewsP3,0.7647058823529411,0.8492180064823528,10.570372819900513,82,77,30
Weight Lifting,greedy,FOLD-RM (fit),MathewsP3,0.7941176470588235,0.8174794185485293,11.036503553390503,85,73,30
Weight Lifting,greedy,FOLD-RM (fit),MathewsP3,0.6470588235294118,0.8509604472558823,11.11759090423584,94,90,30
Weight Lifting,greedy,FOLD-RM (fit),MathewsP3,0.6617647058823529,0.8436255823808824,11.260776996612549,83,80,30
Weight Lifting,greedy,FOLD-RM (fit),MathewsP3,0.7352941176470589,0.8632920981691177,11.528781652450562,104,94,30
Weight Lifting,greedy,FOLD-RM (fit),MathewsP3,0.6617647058823529,0.8638467869970587,11.56986689567566,100,99,30
Weight Lifting,greedy,FOLD-RM (fit),MathewsP3,0.7058823529411765,0.8468408823632352,11.642576694488525,93,85,30
Weight Lifting,greedy,FOLD-RM (fit),MathewsP3,0.8382352941176471,0.8787443011352941,11.735479831695557,103,100,30
Weight Lifting,greedy,FOLD-RM (fit),MathewsP3,0.7058823529411765,0.8495144898676471,11.766974925994873,88,84,30
Weight Lifting,greedy,FOLD-RM (fit),MathewsP3,0.7941176470588235,0.8683134471661764,11.819806098937988,111,105,30
Weight Lifting,greedy,FOLD-RM (fit),MathewsP3,0.6176470588235294,0.8423407108102942,11.930504322052002,111,104,30
Weight Lifting,greedy,FOLD-RM (fit),MathewsP3,0.6323529411764706,0.8373704911808824,12.003362655639648,98,87,30
Weight Lifting,greedy,FOLD-RM (fit),MathewsP3,0.6470588235294118,0.8411712433102941,12.461859703063965,116,110,30
Weight Lifting,greedy,FOLD-RM (fit),MathewsP3,0.6911764705882353,0.8829417944117648,12.64460825920105,117,110,30
Weight Lifting,greedy,FOLD-RM (fit),MathewsP3,0.7205882352941176,0.8327975656735294,12.819818258285522,123,120,30
Weight Lifting,greedy,FOLD-RM (fit),MathewsP3,0.6470588235294118,0.8332014991882353,12.86094069480896,108,106,30
Weight Lifting,greedy,FOLD-RM (fit),MathewsP3,0.6764705882352942,0.8460368048558824,12.888435363769531,122,117,30
Weight Lifting,greedy,FOLD-RM (fit),MathewsP3,0.6176470588235294,0.7923688952323529,12.994974136352539,130,123,30
Weight Lifting,greedy,FOLD-RM (fit),MathewsP3,0.5882352941176471,0.8146775176602941,13.025398254394531,129,123,30
Weight Lifting,round_robin,FOLD-RM (fit),original,0.8529411764705882,0.8709656796838237,2.7921605110168457,27,31,30
Weight Lifting,round_robin,FOLD-RM (fit),original,0.8529411764705882,0.8881470055764705,3.770618438720703,27,33,30
Weight Lifting,round_robin,FOLD-RM (fit),original,0.7647058823529411,0.8548343805058823,4.34168815612793,29,32,30
Weight Lifting,round_robin,FOLD-RM (fit),original,0.7647058823529411,0.8353714620250001,4.510885000228882,32,41,30
Weight Lifting,round_robin,FOLD-RM (fit),original,0.8676470588235294,0.8867131618705881,4.583806037902832,31,39,30
Weight Lifting,round_robin,FOLD-RM (fit),original,0.8235294117647058,0.8466378899588235,4.727125644683838,27,29,30
Weight Lifting,round_robin,FOLD-RM (fit),original,0.8382352941176471,0.8716168557808823,4.907909393310547,31,41,30
Weight Lifting,round_robin,FOLD-RM (fit),original,0.8823529411764706,0.90105194255,5.0149712562561035,22,28,30
Weight Lifting,round_robin,FOLD-RM (fit),original,0.8676470588235294,0.8956472570441175,5.2958714962005615,26,33,30
Weight Lifting,round_robin,FOLD-RM (fit),original,0.7352941176470589,0.8257702102161764,5.317519187927246,34,31,30
Weight Lifting,round_robin,FOLD-RM (fit),original,0.8235294117647058,0.8741706032367647,5.3330078125,30,36,30
Weight Lifting,round_robin,FOLD-RM (fit),original,0.7647058823529411,0.8353765517088234,5.3469672203063965,29,39,30
Weight Lifting,round_robin,FOLD-RM (fit),original,0.8088235294117647,0.8692393237352941,5.4183642864227295,26,33,30
Weight Lifting,round_robin,FOLD-RM (fit),original,0.8382352941176471,0.8799718517602942,5.414855718612671,42,47,30
Weight Lifting,round_robin,FOLD-RM (fit),original,0.8676470588235294,0.8824698380102941,5.434198379516602,30,36,30
Weight Lifting,round_robin,FOLD-RM (fit),original,0.7647058823529411,0.821851823332353,5.45155668258667,25,27,30
Weight Lifting,round_robin,FOLD-RM (fit),original,0.75,0.8325888411205882,5.581543922424316,34,37,30
Weight Lifting,round_robin,FOLD-RM (fit),original,0.8676470588235294,0.8906520700911764,5.598994493484497,31,38,30
Weight Lifting,round_robin,FOLD-RM (fit),original,0.8235294117647058,0.8624838538176469,5.60922908782959,37,43,30
Weight Lifting,round_robin,FOLD-RM (fit),original,0.8676470588235294,0.8833442119279411,5.650967359542847,24,26,30
Weight Lifting,round_robin,FOLD-RM (fit),original,0.7941176470588235,0.8301620485352941,5.650967359542847,37,46,30
Weight Lifting,round_robin,FOLD-RM (fit),original,0.8676470588235294,0.9188105003661764,5.696003198623657,36,43,30
Weight Lifting,round_robin,FOLD-RM (fit),original,0.8235294117647058,0.8744686047441177,5.745835304260254,35,40,30
Weight Lifting,round_robin,FOLD-RM (fit),original,0.7794117647058824,0.8319786645088235,5.921547889709473,38,43,30
Weight Lifting,round_robin,FOLD-RM (fit),original,0.7794117647058824,0.8587590187411764,5.9195473194122314,39,44,30
Weight Lifting,round_robin,FOLD-RM (fit),original,0.8529411764705882,0.8890676894014706,5.934921741485596,37,47,30
Weight Lifting,round_robin,FOLD-RM (fit),original,0.7352941176470589,0.8178397872823528,5.961986064910889,38,52,30
Weight Lifting,round_robin,FOLD-RM (fit),original,0.7941176470588235,0.8477622388029411,6.023576974868774,39,49,30
Weight Lifting,round_robin,FOLD-RM (fit),original,0.8088235294117647,0.8484054282808824,6.032811880111694,33,49,30
Weight Lifting,round_robin,FOLD-RM (fit),original,0.8235294117647058,0.8610193736573529,6.044568061828613,36,49,30
Weight Lifting,round_robin,FOLD-RM (fit),original_guarded,0.7647058823529411,0.8098317264352943,2.7535040378570557,31,39,30
Weight Lifting,round_robin,FOLD-RM (fit),original_guarded,0.7941176470588235,0.8527414427955882,3.1243464946746826,30,46,30
Weight Lifting,round_robin,FOLD-RM (fit),original_guarded,0.8382352941176471,0.8619001808102941,3.164888620376587,37,44,30
Weight Lifting,round_robin,FOLD-RM (fit),original_guarded,0.8088235294117647,0.8602771038705882,3.240678548812866,42,55,30
Weight Lifting,round_robin,FOLD-RM (fit),original_guarded,0.7647058823529411,0.8169443117411764,3.277021646499634,36,45,30
Weight Lifting,round_robin,FOLD-RM (fit),original_guarded,0.8529411764705882,0.8674392343617647,3.4529924392700195,37,53,30
Weight Lifting,round_robin,FOLD-RM (fit),original_guarded,0.8382352941176471,0.8706150961426471,3.4685332775115967,31,43,30
Weight Lifting,round_robin,FOLD-RM (fit),original_guarded,0.6911764705882353,0.7847225984499998,3.463425874710083,38,47,30
Weight Lifting,round_robin,FOLD-RM (fit),original_guarded,0.7205882352941176,0.7942014168411764,3.4999475479125977,31,46,30
Weight Lifting,round_robin,FOLD-RM (fit),original_guarded,0.8088235294117647,0.856641249875,3.617011547088623,31,41,30
Weight Lifting,round_robin,FOLD-RM (fit),original_guarded,0.8529411764705882,0.8936558513852941,3.7475662231445312,39,49,30
Weight Lifting,round_robin,FOLD-RM (fit),original_guarded,0.8088235294117647,0.846479721539706,3.757350444793701,34,45,30
Weight Lifting,round_robin,FOLD-RM (fit),original_guarded,0.8529411764705882,0.8840018411294117,3.907029151916504,35,43,30
Weight Lifting,round_robin,FOLD-RM (fit),original_guarded,0.7941176470588235,0.8383338821779411,3.921304225921631,32,38,30
Weight Lifting,round_robin,FOLD-RM (fit),original_guarded,0.7794117647058824,0.8402523041838235,3.937915086746216,35,46,30
Weight Lifting,round_robin,FOLD-RM (fit),original_guarded,0.7941176470588235,0.8292810176705883,3.969696044921875,41,45,30
Weight Lifting,round_robin,FOLD-RM (fit),original_guarded,0.8382352941176471,0.877404222989706,4.000542402267456,37,46,30
Weight Lifting,round_robin,FOLD-RM (fit),original_guarded,0.8529411764705882,0.896882935682353,4.020418167114258,43,48,30
Weight Lifting,round_robin,FOLD-RM (fit),original_guarded,0.8235294117647058,0.8655594753794118,4.037554025650024,39,46,30
Weight Lifting,round_robin,FOLD-RM (fit),original_guarded,0.7794117647058824,0.8481044188058824,4.065747261047363,40,50,30
Weight Lifting,round_robin,FOLD-RM (fit),original_guarded,0.7941176470588235,0.8291469596985295,4.102489233016968,36,42,30
Weight Lifting,round_robin,FOLD-RM (fit),original_guarded,0.8088235294117647,0.8478298376102942,4.1637468338012695,40,45,30
Weight Lifting,round_robin,FOLD-RM (fit),original_guarded,0.8529411764705882,0.8884194650220589,4.18914008140564,39,48,30
Weight Lifting,round_robin,FOLD-RM (fit),original_guarded,0.7794117647058824,0.8563282724088236,4.2077248096466064,36,40,30
Weight Lifting,round_robin,FOLD-RM (fit),original_guarded,0.8235294117647058,0.8714909410455882,4.199095726013184,40,50,30
Weight Lifting,round_robin,FOLD-RM (fit),original_guarded,0.7794117647058824,0.8430726463161765,4.2111780643463135,38,39,30
Weight Lifting,round_robin,FOLD-RM (fit),original_guarded,0.8088235294117647,0.8669900531058824,4.241642475128174,36,45,30
Weight Lifting,round_robin,FOLD-RM (fit),original_guarded,0.7647058823529411,0.8325228112205882,4.266868591308594,39,45,30
Weight Lifting,round_robin,FOLD-RM (fit),original_guarded,0.7647058823529411,0.8197435938514706,4.2860400676727295,35,44,30
Weight Lifting,round_robin,FOLD-RM (fit),original_guarded,0.75,0.8382998636044118,4.28603458404541,39,48,30
Weight Lifting,round_robin,FOLD-RM (fit),original_reweighted,0.7941176470588235,0.8554648618602941,5.360546350479126,29,51,30
Weight Lifting,round_robin,FOLD-RM (fit),original_reweighted,0.8823529411764706,0.9139270612602941,7.16426944732666,33,56,30
Weight Lifting,round_robin,FOLD-RM (fit),original_reweighted,0.7647058823529411,0.8289537813117647,7.213304758071899,30,46,30
Weight Lifting,round_robin,FOLD-RM (fit),original_reweighted,0.8529411764705882,0.885338967432353,7.261573076248169,32,49,30
Weight Lifting,round_robin,FOLD-RM (fit),original_reweighted,0.8088235294117647,0.8471728485911765,7.280292510986328,37,60,30
Weight Lifting,round_robin,FOLD-RM (fit),original_reweighted,0.7794117647058824,0.8431927317352941,7.313727140426636,30,45,30
Weight Lifting,round_robin,FOLD-RM (fit),original_reweighted,0.8088235294117647,0.8538292590220589,7.352305173873901,35,56,30
Weight Lifting,round_robin,FOLD-RM (fit),original_reweighted,0.7352941176470589,0.8135723762808824,7.435083627700806,37,58,30
Weight Lifting,round_robin,FOLD-RM (fit),original_reweighted,0.7058823529411765,0.7943583324558823,7.938614845275879,34,46,30
Weight Lifting,round_robin,FOLD-RM (fit),original_reweighted,0.8382352941176471,0.8811404265617647,7.9980998039245605,32,50,30
Weight Lifting,round_robin,FOLD-RM (fit),original_reweighted,0.7647058823529411,0.8390155153852942,8.141264915466309,33,53,30
Weight Lifting,round_robin,FOLD-RM (fit),original_reweighted,0.7205882352941176,0.7831919797088234,8.228579759597778,36,55,30
Weight Lifting,round_robin,FOLD-RM (fit),original_reweighted,0.8382352941176471,0.8953572253132354,8.50159478187561,35,59,30
Weight Lifting,round_robin,FOLD-RM (fit),original_reweighted,0.7794117647058824,0.824799281767647,8.57833743095398,32,51,30
Weight Lifting,round_robin,FOLD-RM (fit),original_reweighted,0.8088235294117647,0.8519911659897058,8.65466022491455,34,53,30
Weight Lifting,round_robin,FOLD-RM (fit),original_reweighted,0.7794117647058824,0.8409769557911765,8.665428876876831,38,59,30
Weight Lifting,round_robin,FOLD-RM (fit),original_reweighted,0.8529411764705882,0.8896484183147059,8.944309949874878,34,61,30
Weight Lifting,round_robin,FOLD-RM (fit),original_reweighted,0.8088235294117647,0.8476001518294117,9.036525964736938,35,61,30
Weight Lifting,round_robin,FOLD-RM (fit),original_reweighted,0.6911764705882353,0.7624512023176471,9.102873086929321,33,51,30
Weight Lifting,round_robin,FOLD-RM (fit),original_reweighted,0.8676470588235294,0.8939312191955883,9.100986242294312,34,55,30
Weight Lifting,round_robin,FOLD-RM (fit),original_reweighted,0.8088235294117647,0.8555677814632352,9.119351625442505,34,58,30
Weight Lifting,round_robin,FOLD-RM (fit),original_reweighted,0.8088235294117647,0.8608558427617647,9.150662660598755,36,62,30
Weight Lifting,round_robin,FOLD-RM (fit),original_reweighted,0.8088235294117647,0.8425052882323529,9.160722017288208,32,52,30
Weight Lifting,round_robin,FOLD-RM (fit),original_reweighted,0.7647058823529411,0.8270372526955883,9.217241048812866,37,59,30
Weight Lifting,round_robin,FOLD-RM (fit),original_reweighted,0.8235294117647058,0.8690447360338236,9.273799180984497,40,59,30
Weight Lifting,round_robin,FOLD-RM (fit),original_reweighted,0.8088235294117647,0.851062981592647,9.290955543518066,33,57,30
Weight Lifting,round_robin,FOLD-RM (fit),original_reweighted,0.8676470588235294,0.8895716070691176,9.326043128967285,38,60,30
Weight Lifting,round_robin,FOLD-RM (fit),original_reweighted,0.8235294117647058,0.8466663116073528,9.325583457946777,32,62,30
Weight Lifting,round_robin,FOLD-RM (fit),original_reweighted,0.8529411764705882,0.8978847983308824,9.348812818527222,35,64,30
Weight Lifting,round_robin,FOLD-RM (fit),original_reweighted,0.7794117647058824,0.8290763302499999,9.356813192367554,34,55,30
Weight Lifting,round_robin,FOLD-RM (fit),original_t_removed,0.6764705882352942,0.788059490447059,4.652414560317993,29,42,30
Weight Lifting,round_robin,FOLD-RM (fit),original_t_removed,0.8382352941176471,0.8673229046882353,7.416502237319946,29,54,30
Weight Lifting,round_robin,FOLD-RM (fit),original_t_removed,0.7058823529411765,0.7746754085338234,7.4378342628479,32,62,30
Weight Lifting,round_robin,FOLD-RM (fit),original_t_removed,0.8529411764705882,0.8855348296264707,7.602465629577637,30,54,30
Weight Lifting,round_robin,FOLD-RM (fit),original_t_removed,0.7794117647058824,0.8296523474661766,8.8128662109375,29,50,30
Weight Lifting,round_robin,FOLD-RM (fit),original_t_removed,0.7794117647058824,0.8520807047102941,8.89420747756958,30,61,30
Weight Lifting,round_robin,FOLD-RM (fit),original_t_removed,0.8088235294117647,0.8459426267264706,9.010541439056396,30,57,30
Weight Lifting,round_robin,FOLD-RM (fit),original_t_removed,0.8529411764705882,0.8959028627514706,9.088977098464966,33,66,30
Weight Lifting,round_robin,FOLD-RM (fit),original_t_removed,0.7941176470588235,0.8800553047455882,9.132261514663696,35,58,30
Weight Lifting,round_robin,FOLD-RM (fit),original_t_removed,0.8382352941176471,0.870188209517647,9.155047416687012,30,55,30
Weight Lifting,round_robin,FOLD-RM (fit),original_t_removed,0.7647058823529411,0.8132234191485295,9.83051323890686,31,49,30
Weight Lifting,round_robin,FOLD-RM (fit),original_t_removed,0.7205882352941176,0.8088808667558823,9.906936407089233,33,56,30
Weight Lifting,round_robin,FOLD-RM (fit),original_t_removed,0.8676470588235294,0.8950961677661765,9.910366773605347,30,63,30
Weight Lifting,round_robin,FOLD-RM (fit),original_t_removed,0.8235294117647058,0.8553649502602942,10.002198219299316,33,64,30
Weight Lifting,round_robin,FOLD-RM (fit),original_t_removed,0.7794117647058824,0.8487556025867647,10.04269528388977,30,64,30
Weight Lifting,round_robin,FOLD-RM (fit),original_t_removed,0.7647058823529411,0.8205026256691176,10.071444034576416,30,60,30
Weight Lifting,round_robin,FOLD-RM (fit),original_t_removed,0.8382352941176471,0.8787702709602941,10.082642793655396,30,51,30
Weight Lifting,round_robin,FOLD-RM (fit),original_t_removed,0.8382352941176471,0.8597456345544118,10.199218988418579,39,73,30
Weight Lifting,round_robin,FOLD-RM (fit),original_t_removed,0.7941176470588235,0.8455656397926471,10.268876552581787,29,49,30
Weight Lifting,round_robin,FOLD-RM (fit),original_t_removed,0.7205882352941176,0.8058562292411764,10.360933780670166,32,65,30
Weight Lifting,round_robin,FOLD-RM (fit),original_t_removed,0.8382352941176471,0.8805261198926471,10.414005994796753,33,69,30
Weight Lifting,round_robin,FOLD-RM (fit),original_t_removed,0.8529411764705882,0.8692051362514707,10.420318841934204,33,64,30
Weight Lifting,round_robin,FOLD-RM (fit),original_t_removed,0.75,0.8149476253323529,10.439366817474365,37,66,30
Weight Lifting,round_robin,FOLD-RM (fit),original_t_removed,0.7352941176470589,0.7975557482117649,10.488056421279907,31,59,30
Weight Lifting,round_robin,FOLD-RM (fit),original_t_removed,0.7941176470588235,0.8368415469617647,10.530438899993896,33,61,30
Weight Lifting,round_robin,FOLD-RM (fit),original_t_removed,0.8235294117647058,0.8560683280999999,10.629083395004272,35,66,30
Weight Lifting,round_robin,FOLD-RM (fit),original_t_removed,0.8235294117647058,0.8653805802882353,10.684602499008179,35,67,30
Weight Lifting,round_robin,FOLD-RM (fit),original_t_removed,0.8676470588235294,0.8908545613294118,10.708617925643921,37,70,30
Weight Lifting,round_robin,FOLD-RM (fit),original_t_removed,0.7941176470588235,0.850808772807353,10.728272438049316,32,61,30
Weight Lifting,round_robin,FOLD-RM (fit),original_t_removed,0.75,0.8121925493588233,10.737687110900879,37,67,30
Weight Lifting,round_robin,FOLD-RM (fit),IG_over_P,0.7352941176470589,0.7881856107661765,13.511613130569458,66,58,30
Weight Lifting,round_robin,FOLD-RM (fit),IG_over_P,0.6470588235294118,0.7742634940147058,13.844799041748047,92,86,30
Weight Lifting,round_robin,FOLD-RM (fit),IG_over_P,0.7794117647058824,0.8225723919470589,15.370992660522461,105,104,30
Weight Lifting,round_robin,FOLD-RM (fit),IG_over_P,0.6617647058823529,0.7630124258838235,15.61931037902832,99,94,30
Weight Lifting,round_robin,FOLD-RM (fit),IG_over_P,0.6470588235294118,0.7456906480926471,16.00377583503723,88,81,30
Weight Lifting,round_robin,FOLD-RM (fit),IG_over_P,0.7647058823529411,0.8372698422808823,16.499185800552368,102,97,30
Weight Lifting,round_robin,FOLD-RM (fit),IG_over_P,0.7058823529411765,0.7618612737602942,18.09995698928833,94,90,30
Weight Lifting,round_robin,FOLD-RM (fit),IG_over_P,0.7058823529411765,0.7666318958,18.37383532524109,96,88,30
Weight Lifting,round_robin,FOLD-RM (fit),IG_over_P,0.7352941176470589,0.7944378371985295,18.446184873580933,101,95,30
Weight Lifting,round_robin,FOLD-RM (fit),IG_over_P,0.7794117647058824,0.8433894249602942,18.721280336380005,117,110,30
Weight Lifting,round_robin,FOLD-RM (fit),IG_over_P,0.5882352941176471,0.7123850048397058,18.741692066192627,133,129,30
Weight Lifting,round_robin,FOLD-RM (fit),IG_over_P,0.6911764705882353,0.7426735026441178,18.769003868103027,111,103,30
Weight Lifting,round_robin,FOLD-RM (fit),IG_over_P,0.5882352941176471,0.663363542289706,18.884966373443604,120,117,30
Weight Lifting,round_robin,FOLD-RM (fit),IG_over_P,0.7647058823529411,0.829947560382353,19.143832683563232,106,102,30
Weight Lifting,round_robin,FOLD-RM (fit),IG_over_P,0.7352941176470589,0.8083704499279412,19.1477472782135,115,113,30
Weight Lifting,round_robin,FOLD-RM (fit),IG_over_P,0.6470588235294118,0.6797440411661766,19.367764949798584,113,110,30
Weight Lifting,round_robin,FOLD-RM (fit),IG_over_P,0.6176470588235294,0.7204074051852942,19.48793601989746,124,121,30
Weight Lifting,round_robin,FOLD-RM (fit),IG_over_P,0.7352941176470589,0.7986074756647059,19.671437978744507,125,122,30
Weight Lifting,round_robin,FOLD-RM (fit),IG_over_P,0.7205882352941176,0.7792587643161764,19.777012825012207,104,98,30
Weight Lifting,round_robin,FOLD-RM (fit),IG_over_P,0.75,0.7895683228470589,19.867138624191284,105,99,30
Weight Lifting,round_robin,FOLD-RM (fit),IG_over_P,0.7352941176470589,0.7837635852955882,20.006522178649902,105,102,30
Weight Lifting,round_robin,FOLD-RM (fit),IG_over_P,0.7205882352941176,0.798584103464706,20.308313846588135,117,112,30
Weight Lifting,round_robin,FOLD-RM (fit),IG_over_P,0.7058823529411765,0.8116194742764705,20.331900596618652,118,117,30
Weight Lifting,round_robin,FOLD-RM (fit),IG_over_P,0.7647058823529411,0.8117073416455883,20.32971715927124,129,127,30
Weight Lifting,round_robin,FOLD-RM (fit),IG_over_P,0.5735294117647058,0.6890472704544115,20.424535274505615,127,122,30
Weight Lifting,round_robin,FOLD-RM (fit),IG_over_P,0.6470588235294118,0.734141440189706,20.456395626068115,118,107,30
Weight Lifting,round_robin,FOLD-RM (fit),IG_over_P,0.7352941176470589,0.7964725507647058,20.457395553588867,116,111,30
Weight Lifting,round_robin,FOLD-RM (fit),IG_over_P,0.6176470588235294,0.685505804439706,20.571014881134033,131,127,30
Weight Lifting,round_robin,FOLD-RM (fit),IG_over_P,0.75,0.8194302165382353,20.594932556152344,121,112,30
Weight Lifting,round_robin,FOLD-RM (fit),IG_over_P,0.6617647058823529,0.7840871633338236,20.614829778671265,124,122,30
Weight Lifting,round_robin,FOLD-RM (fit),IG_over_P2,0.5735294117647058,0.6616723199205884,30.26848077774048,15,9,30
Weight Lifting,round_robin,FOLD-RM (fit),IG_over_P2,0.23529411764705882,0.42505167355147067,30.45004177093506,16,10,30
Weight Lifting,round_robin,FOLD-RM (fit),IG_over_P2,0.5588235294117647,0.6770975267338234,30.679451942443848,18,8,30
Weight Lifting,round_robin,FOLD-RM (fit),IG_over_P2,0.11764705882352941,0.6263876993955886,32.331079721450806,16,8,30
Weight Lifting,round_robin,FOLD-RM (fit),IG_over_P2,0.75,0.7992543987647063,32.90258598327637,16,9,30
Weight Lifting,round_robin,FOLD-RM (fit),IG_over_P2,0.4411764705882353,0.5660432613014705,33.6772403717041,18,10,30
Weight Lifting,round_robin,FOLD-RM (fit),IG_over_P2,0.6764705882352942,0.7647042453088236,34.66013169288635,17,8,30
Weight Lifting,round_robin,FOLD-RM (fit),IG_over_P2,0.5294117647058824,0.6522275248808826,36.91650342941284,19,8,30
Weight Lifting,round_robin,FOLD-RM (fit),IG_over_P2,0.16176470588235295,0.6475559340764709,37.66315150260925,19,10,30
Weight Lifting,round_robin,FOLD-RM (fit),IG_over_P2,0.3235294117647059,0.4890654767852938,38.33016872406006,18,10,30
Weight Lifting,round_robin,FOLD-RM (fit),IG_over_P2,0.75,0.8016530821485294,39.15057063102722,16,7,30
Weight Lifting,round_robin,FOLD-RM (fit),IG_over_P2,0.5294117647058824,0.6600989371161762,39.602813482284546,16,10,30
Weight Lifting,round_robin,FOLD-RM (fit),IG_over_P2,0.6617647058823529,0.7295993307470587,40.10095000267029,17,7,30
Weight Lifting,round_robin,FOLD-RM (fit),IG_over_P2,0.1323529411764706,0.6094913366691178,40.56466007232666,17,10,30
Weight Lifting,round_robin,FOLD-RM (fit),IG_over_P2,0.16176470588235295,0.343831968133823,40.62801218032837,18,10,30
Weight Lifting,round_robin,FOLD-RM (fit),IG_over_P2,0.36764705882352944,0.7094250732029413,41.06613349914551,16,7,30
Weight Lifting,round_robin,FOLD-RM (fit),IG_over_P2,0.22058823529411764,0.6666178004808826,41.08465814590454,13,9,30
Weight Lifting,round_robin,FOLD-RM (fit),IG_over_P2,0.5,0.5841395238794117,41.2189667224884,132,123,30
Weight Lifting,round_robin,FOLD-RM (fit),IG_over_P2,0.17647058823529413,0.6651437922250003,41.41455888748169,16,8,30
Weight Lifting,round_robin,FOLD-RM (fit),IG_over_P2,0.10294117647058823,0.6103219097897062,43.54643940925598,15,8,30
Weight Lifting,round_robin,FOLD-RM (fit),IG_over_P2,0.16176470588235295,0.6622655317661768,44.01437854766846,124,114,30
Weight Lifting,round_robin,FOLD-RM (fit),IG_over_P2,0.11764705882352941,0.6206643609029415,44.66576266288757,18,8,30
Weight Lifting,round_robin,FOLD-RM (fit),IG_over_P2,0.0,0.6508253719000006,44.70434045791626,18,10,30
Weight Lifting,round_robin,FOLD-RM (fit),IG_over_P2,0.16176470588235295,0.6119531901088241,45.149370193481445,125,119,30
Weight Lifting,round_robin,FOLD-RM (fit),IG_over_P2,0.1323529411764706,0.6147354053205887,45.300716400146484,14,10,30
Weight Lifting,round_robin,FOLD-RM (fit),IG_over_P2,0.19117647058823528,0.6531943737000003,45.32299518585205,124,115,30
Weight Lifting,round_robin,FOLD-RM (fit),IG_over_P2,0.16176470588235295,0.6288182699397062,45.565274715423584,18,9,30
Weight Lifting,round_robin,FOLD-RM (fit),IG_over_P2,0.22058823529411764,0.6644240634602945,45.65388345718384,17,9,30
Weight Lifting,round_robin,FOLD-RM (fit),IG_over_P2,0.19117647058823528,0.6558634372367649,45.91646361351013,16,9,30
Weight Lifting,round_robin,FOLD-RM (fit),IG_over_P2,0.45588235294117646,0.7684085599176472,45.93709683418274,17,9,30
Weight Lifting,round_robin,FOLD-RM (fit),LogOddsRatio,0.6764705882352942,0.7695432617941176,6.851413249969482,34,52,30
Weight Lifting,round_robin,FOLD-RM (fit),LogOddsRatio,0.7205882352941176,0.8034762140161764,7.421557188034058,50,65,30
Weight Lifting,round_robin,FOLD-RM (fit),LogOddsRatio,0.7205882352941176,0.8124140714294117,7.64813232421875,51,63,30
Weight Lifting,round_robin,FOLD-RM (fit),LogOddsRatio,0.8088235294117647,0.8542990513205884,7.893361330032349,46,61,30
Weight Lifting,round_robin,FOLD-RM (fit),LogOddsRatio,0.7205882352941176,0.774487063364706,8.03207278251648,52,58,30
Weight Lifting,round_robin,FOLD-RM (fit),LogOddsRatio,0.8382352941176471,0.8795137384,8.086806297302246,60,79,30
Weight Lifting,round_robin,FOLD-RM (fit),LogOddsRatio,0.7205882352941176,0.8092305504617647,8.385982990264893,49,69,30
Weight Lifting,round_robin,FOLD-RM (fit),LogOddsRatio,0.7794117647058824,0.8291878044985295,8.460121393203735,45,61,30
Weight Lifting,round_robin,FOLD-RM (fit),LogOddsRatio,0.8529411764705882,0.8925178655897058,8.510269403457642,49,63,30
Weight Lifting,round_robin,FOLD-RM (fit),LogOddsRatio,0.7352941176470589,0.8085709073955882,8.540712118148804,38,57,30
Weight Lifting,round_robin,FOLD-RM (fit),LogOddsRatio,0.7205882352941176,0.7908468935294116,8.739999055862427,48,66,30
Weight Lifting,round_robin,FOLD-RM (fit),LogOddsRatio,0.7205882352941176,0.7979331763779411,8.77759337425232,47,60,30
Weight Lifting,round_robin,FOLD-RM (fit),LogOddsRatio,0.7058823529411765,0.7421746342867648,8.82383108139038,44,56,30
Weight Lifting,round_robin,FOLD-RM (fit),LogOddsRatio,0.7794117647058824,0.8183814105838235,9.078275918960571,58,84,30
Weight Lifting,round_robin,FOLD-RM (fit),LogOddsRatio,0.6764705882352942,0.764555230925,9.119997501373291,48,65,30
Weight Lifting,round_robin,FOLD-RM (fit),LogOddsRatio,0.7794117647058824,0.8453343266985294,9.687494277954102,51,70,30
Weight Lifting,round_robin,FOLD-RM (fit),LogOddsRatio,0.8382352941176471,0.8777968448720588,9.723999261856079,54,69,30
Weight Lifting,round_robin,FOLD-RM (fit),LogOddsRatio,0.75,0.7872617471823531,9.95467233657837,53,66,30
Weight Lifting,round_robin,FOLD-RM (fit),LogOddsRatio,0.6470588235294118,0.7129038797161764,10.076996803283691,43,60,30
Weight Lifting,round_robin,FOLD-RM (fit),LogOddsRatio,0.7794117647058824,0.8418613794235295,10.257521152496338,63,83,30
Weight Lifting,round_robin,FOLD-RM (fit),LogOddsRatio,0.75,0.8190057438794117,10.260294437408447,64,82,30
Weight Lifting,round_robin,FOLD-RM (fit),LogOddsRatio,0.7352941176470589,0.7957820578602939,10.372559309005737,47,65,30
Weight Lifting,round_robin,FOLD-RM (fit),LogOddsRatio,0.8088235294117647,0.8492843651000002,10.382979393005371,57,75,30
Weight Lifting,round_robin,FOLD-RM (fit),LogOddsRatio,0.8088235294117647,0.8622093634573528,10.425692081451416,57,74,30
Weight Lifting,round_robin,FOLD-RM (fit),LogOddsRatio,0.7352941176470589,0.7972444151558824,10.443242311477661,55,71,30
Weight Lifting,round_robin,FOLD-RM (fit),LogOddsRatio,0.8529411764705882,0.8811471905470588,10.512395143508911,52,76,30
Weight Lifting,round_robin,FOLD-RM (fit),LogOddsRatio,0.75,0.8168719748102939,10.516011476516724,58,75,30
Weight Lifting,round_robin,FOLD-RM (fit),LogOddsRatio,0.75,0.8101190984661766,10.57350468635559,48,60,30
Weight Lifting,round_robin,FOLD-RM (fit),LogOddsRatio,0.7352941176470589,0.7880808732205882,10.594293355941772,56,68,30
Weight Lifting,round_robin,FOLD-RM (fit),LogOddsRatio,0.8235294117647058,0.8687466080691177,10.633350849151611,60,83,30
Weight Lifting,round_robin,FOLD-RM (fit),MathewsCC,0.7941176470588235,0.8372173668397058,4.812074899673462,47,47,30
Weight Lifting,round_robin,FOLD-RM (fit),MathewsCC,0.6911764705882353,0.7416277793323529,5.020946264266968,43,41,30
Weight Lifting,round_robin,FOLD-RM (fit),MathewsCC,0.75,0.7853134327441176,5.3989784717559814,41,38,30
Weight Lifting,round_robin,FOLD-RM (fit),MathewsCC,0.7647058823529411,0.8309105048161765,5.612170219421387,44,44,30
Weight Lifting,round_robin,FOLD-RM (fit),MathewsCC,0.8382352941176471,0.886981444575,5.654530048370361,44,49,30
Weight Lifting,round_robin,FOLD-RM (fit),MathewsCC,0.8088235294117647,0.8521820589882354,6.0111284255981445,45,49,30
Weight Lifting,round_robin,FOLD-RM (fit),MathewsCC,0.8970588235294118,0.9161857732441177,6.03443169593811,45,48,30
Weight Lifting,round_robin,FOLD-RM (fit),MathewsCC,0.7647058823529411,0.8386999414264705,6.054835081100464,43,43,30
Weight Lifting,round_robin,FOLD-RM (fit),MathewsCC,0.7352941176470589,0.7970881658279412,6.3729612827301025,40,42,30
Weight Lifting,round_robin,FOLD-RM (fit),MathewsCC,0.8529411764705882,0.8842261893161765,6.373757839202881,48,47,30
Weight Lifting,round_robin,FOLD-RM (fit),MathewsCC,0.8088235294117647,0.8669357577602941,6.6506500244140625,49,50,30
Weight Lifting,round_robin,FOLD-RM (fit),MathewsCC,0.75,0.7987088624808825,6.701774835586548,39,41,30
Weight Lifting,round_robin,FOLD-RM (fit),MathewsCC,0.8235294117647058,0.8869815585176472,6.822625398635864,48,46,30
Weight Lifting,round_robin,FOLD-RM (fit),MathewsCC,0.7647058823529411,0.839614205189706,6.839367151260376,43,46,30
Weight Lifting,round_robin,FOLD-RM (fit),MathewsCC,0.7794117647058824,0.8460502818485295,6.845367670059204,48,48,30
Weight Lifting,round_robin,FOLD-RM (fit),MathewsCC,0.8088235294117647,0.8469579284911766,7.021975994110107,46,47,30
Weight Lifting,round_robin,FOLD-RM (fit),MathewsCC,0.8235294117647058,0.8718739533691175,7.048812627792358,49,47,30
Weight Lifting,round_robin,FOLD-RM (fit),MathewsCC,0.8382352941176471,0.8903961157588235,7.0981669425964355,44,46,30
Weight Lifting,round_robin,FOLD-RM (fit),MathewsCC,0.7352941176470589,0.8122370197661765,7.18751335144043,43,44,30
Weight Lifting,round_robin,FOLD-RM (fit),MathewsCC,0.7941176470588235,0.8439667070073529,7.237178087234497,45,44,30
Weight Lifting,round_robin,FOLD-RM (fit),MathewsCC,0.8676470588235294,0.8871709141558823,7.277322053909302,46,50,30
Weight Lifting,round_robin,FOLD-RM (fit),MathewsCC,0.8088235294117647,0.8731935892691177,7.302851915359497,49,48,30
Weight Lifting,round_robin,FOLD-RM (fit),MathewsCC,0.7205882352941176,0.7926089051367649,7.328816890716553,40,39,30
Weight Lifting,round_robin,FOLD-RM (fit),MathewsCC,0.8235294117647058,0.8694093552779412,7.327877044677734,43,42,30
Weight Lifting,round_robin,FOLD-RM (fit),MathewsCC,0.7205882352941176,0.8060829906911766,7.367247581481934,38,42,30
Weight Lifting,round_robin,FOLD-RM (fit),MathewsCC,0.8235294117647058,0.8574572611529412,7.40830659866333,43,41,30
Weight Lifting,round_robin,FOLD-RM (fit),MathewsCC,0.8235294117647058,0.8682624977220589,7.445818901062012,48,47,30
Weight Lifting,round_robin,FOLD-RM (fit),MathewsCC,0.8088235294117647,0.8404434966485295,7.463331937789917,41,40,30
Weight Lifting,round_robin,FOLD-RM (fit),MathewsCC,0.7794117647058824,0.8254240778014705,7.463331937789917,44,45,30
Weight Lifting,round_robin,FOLD-RM (fit),MathewsCC,0.8088235294117647,0.8594782941088235,7.487733602523804,46,46,30
Weight Lifting,round_robin,FOLD-RM (fit),MathewsCC_mod,0.6911764705882353,0.7904906190823529,5.423439025878906,45,44,30
Weight Lifting,round_robin,FOLD-RM (fit),MathewsCC_mod,0.7941176470588235,0.8490915542632353,5.691982984542847,41,45,30
Weight Lifting,round_robin,FOLD-RM (fit),MathewsCC_mod,0.7352941176470589,0.7798687960014703,6.080596923828125,41,42,30
Weight Lifting,round_robin,FOLD-RM (fit),MathewsCC_mod,0.8235294117647058,0.8509040764485294,6.127089262008667,39,42,30
Weight Lifting,round_robin,FOLD-RM (fit),MathewsCC_mod,0.75,0.8035583946588236,6.182403087615967,42,40,30
Weight Lifting,round_robin,FOLD-RM (fit),MathewsCC_mod,0.8088235294117647,0.8751303992132353,6.189505338668823,43,46,30
Weight Lifting,round_robin,FOLD-RM (fit),MathewsCC_mod,0.7205882352941176,0.7838446669191177,6.423629283905029,38,36,30
Weight Lifting,round_robin,FOLD-RM (fit),MathewsCC_mod,0.75,0.8290433011691176,6.419951438903809,40,44,30
Weight Lifting,round_robin,FOLD-RM (fit),MathewsCC_mod,0.7941176470588235,0.8334712399514705,6.5635411739349365,44,46,30
Weight Lifting,round_robin,FOLD-RM (fit),MathewsCC_mod,0.7647058823529411,0.815389260707353,6.58511209487915,38,41,30
Weight Lifting,round_robin,FOLD-RM (fit),MathewsCC_mod,0.8088235294117647,0.8538857510014706,6.591831922531128,43,48,30
Weight Lifting,round_robin,FOLD-RM (fit),MathewsCC_mod,0.7941176470588235,0.8268636040279412,6.614408731460571,42,43,30
Weight Lifting,round_robin,FOLD-RM (fit),MathewsCC_mod,0.8529411764705882,0.886474598057353,6.66277289390564,45,44,30
Weight Lifting,round_robin,FOLD-RM (fit),MathewsCC_mod,0.7647058823529411,0.8575461772264706,6.8205835819244385,46,44,30
Weight Lifting,round_robin,FOLD-RM (fit),MathewsCC_mod,0.7794117647058824,0.8485576867529411,6.896713018417358,44,48,30
Weight Lifting,round_robin,FOLD-RM (fit),MathewsCC_mod,0.8382352941176471,0.860012254067647,6.985162258148193,42,46,30
Weight Lifting,round_robin,FOLD-RM (fit),MathewsCC_mod,0.7941176470588235,0.8450515314794117,7.094344854354858,45,46,30
Weight Lifting,round_robin,FOLD-RM (fit),MathewsCC_mod,0.7647058823529411,0.8075949559147058,7.107793092727661,43,45,30
Weight Lifting,round_robin,FOLD-RM (fit),MathewsCC_mod,0.8529411764705882,0.8950873660058823,7.128654956817627,41,43,30
Weight Lifting,round_robin,FOLD-RM (fit),MathewsCC_mod,0.8088235294117647,0.8562885986808824,7.138933181762695,49,50,30
Weight Lifting,round_robin,FOLD-RM (fit),MathewsCC_mod,0.7794117647058824,0.8382912197308823,7.174112796783447,45,47,30
Weight Lifting,round_robin,FOLD-RM (fit),MathewsCC_mod,0.8088235294117647,0.8581138050117646,7.251134634017944,42,44,30
Weight Lifting,round_robin,FOLD-RM (fit),MathewsCC_mod,0.7794117647058824,0.8378176867014705,7.276306390762329,40,42,30
Weight Lifting,round_robin,FOLD-RM (fit),MathewsCC_mod,0.8235294117647058,0.868752682267647,7.297216415405273,47,52,30
Weight Lifting,round_robin,FOLD-RM (fit),MathewsCC_mod,0.8235294117647058,0.8571249271455883,7.312925100326538,44,45,30
Weight Lifting,round_robin,FOLD-RM (fit),MathewsCC_mod,0.7794117647058824,0.8390709110514706,7.324402093887329,46,46,30
Weight Lifting,round_robin,FOLD-RM (fit),MathewsCC_mod,0.9117647058823529,0.9177515561705882,7.358386278152466,48,45,30
Weight Lifting,round_robin,FOLD-RM (fit),MathewsCC_mod,0.8235294117647058,0.8679287318235295,7.3946874141693115,47,47,30
Weight Lifting,round_robin,FOLD-RM (fit),MathewsCC_mod,0.7352941176470589,0.8279185122573529,7.458519458770752,42,46,30
Weight Lifting,round_robin,FOLD-RM (fit),MathewsCC_mod,0.8235294117647058,0.8577363429632353,7.5191333293914795,51,48,30
Weight Lifting,round_robin,FOLD-RM (fit),MathewsP,0.8382352941176471,0.857965604075,5.920931100845337,50,42,30
Weight Lifting,round_robin,FOLD-RM (fit),MathewsP,0.7647058823529411,0.8250443941735295,6.515605926513672,55,46,30
Weight Lifting,round_robin,FOLD-RM (fit),MathewsP,0.7205882352941176,0.8141266606279411,6.9443886280059814,42,40,30
Weight Lifting,round_robin,FOLD-RM (fit),MathewsP,0.7941176470588235,0.8406186438500001,7.083996295928955,47,43,30
Weight Lifting,round_robin,FOLD-RM (fit),MathewsP,0.7941176470588235,0.8401232910823528,7.29121208190918,46,41,30
Weight Lifting,round_robin,FOLD-RM (fit),MathewsP,0.8235294117647058,0.8593943631000001,7.3004021644592285,51,48,30
Weight Lifting,round_robin,FOLD-RM (fit),MathewsP,0.7794117647058824,0.8065793675632352,7.434013366699219,43,40,30
Weight Lifting,round_robin,FOLD-RM (fit),MathewsP,0.7794117647058824,0.8101758383970589,7.443517446517944,48,42,30
Weight Lifting,round_robin,FOLD-RM (fit),MathewsP,0.7647058823529411,0.8381120732911764,7.557668685913086,51,41,30
Weight Lifting,round_robin,FOLD-RM (fit),MathewsP,0.75,0.8477933097205883,8.007746934890747,53,49,30
Weight Lifting,round_robin,FOLD-RM (fit),MathewsP,0.8382352941176471,0.8826356788132355,8.03713870048523,52,49,30
Weight Lifting,round_robin,FOLD-RM (fit),MathewsP,0.8529411764705882,0.8923155305676471,8.089216709136963,51,44,30
Weight Lifting,round_robin,FOLD-RM (fit),MathewsP,0.8529411764705882,0.8776892822176471,8.245002746582031,51,48,30
Weight Lifting,round_robin,FOLD-RM (fit),MathewsP,0.7941176470588235,0.8355943143470588,8.254570245742798,51,47,30
Weight Lifting,round_robin,FOLD-RM (fit),MathewsP,0.7794117647058824,0.8342359005897059,8.273579835891724,43,42,30
Weight Lifting,round_robin,FOLD-RM (fit),MathewsP,0.8088235294117647,0.8513237446029411,8.282074928283691,47,43,30
Weight Lifting,round_robin,FOLD-RM (fit),MathewsP,0.8382352941176471,0.8566785042882353,8.299883604049683,48,44,30
Weight Lifting,round_robin,FOLD-RM (fit),MathewsP,0.75,0.8155820157294116,8.33771014213562,50,43,30
Weight Lifting,round_robin,FOLD-RM (fit),MathewsP,0.7941176470588235,0.857058763064706,8.381696939468384,47,43,30
Weight Lifting,round_robin,FOLD-RM (fit),MathewsP,0.7941176470588235,0.8645401548338234,8.45369029045105,48,44,30
Weight Lifting,round_robin,FOLD-RM (fit),MathewsP,0.8088235294117647,0.8541345219088236,8.499678373336792,52,45,30
Weight Lifting,round_robin,FOLD-RM (fit),MathewsP,0.8382352941176471,0.8856082599455882,8.508849859237671,52,47,30
Weight Lifting,round_robin,FOLD-RM (fit),MathewsP,0.7941176470588235,0.8542240376308823,8.518426656723022,57,48,30
Weight Lifting,round_robin,FOLD-RM (fit),MathewsP,0.8235294117647058,0.8559044014941177,8.54135012626648,49,44,30
Weight Lifting,round_robin,FOLD-RM (fit),MathewsP,0.8529411764705882,0.8949029175161765,8.568487167358398,52,46,30
Weight Lifting,round_robin,FOLD-RM (fit),MathewsP,0.7941176470588235,0.8576229091117648,8.576189279556274,53,50,30
Weight Lifting,round_robin,FOLD-RM (fit),MathewsP,0.8823529411764706,0.8920279378911765,8.54235029220581,54,48,30
Weight Lifting,round_robin,FOLD-RM (fit),MathewsP,0.8529411764705882,0.8772059942970588,8.611688613891602,53,50,30
Weight Lifting,round_robin,FOLD-RM (fit),MathewsP,0.8823529411764706,0.891998460325,8.55485486984253,52,48,30
Weight Lifting,round_robin,FOLD-RM (fit),MathewsP,0.8529411764705882,0.8664584358264705,8.617063760757446,52,51,30
Weight Lifting,round_robin,FOLD-RM (fit),MathewsP2,0.7794117647058824,0.833277336375,6.720361709594727,57,53,30
Weight Lifting,round_robin,FOLD-RM (fit),MathewsP2,0.8676470588235294,0.887276539807353,6.864147424697876,51,44,30
Weight Lifting,round_robin,FOLD-RM (fit),MathewsP2,0.7941176470588235,0.8258651084941178,7.570736885070801,48,45,30
Weight Lifting,round_robin,FOLD-RM (fit),MathewsP2,0.8088235294117647,0.8354548373338234,7.5926244258880615,48,44,30
Weight Lifting,round_robin,FOLD-RM (fit),MathewsP2,0.8088235294117647,0.8724137649279411,7.625207901000977,53,52,30
Weight Lifting,round_robin,FOLD-RM (fit),MathewsP2,0.7647058823529411,0.8307549292794116,7.642390012741089,42,40,30
Weight Lifting,round_robin,FOLD-RM (fit),MathewsP2,0.8382352941176471,0.8752056668470588,7.703574180603027,56,50,30
Weight Lifting,round_robin,FOLD-RM (fit),MathewsP2,0.8382352941176471,0.8862510139720587,7.779066801071167,57,53,30
Weight Lifting,round_robin,FOLD-RM (fit),MathewsP2,0.75,0.8169219818470588,7.973174571990967,53,47,30
Weight Lifting,round_robin,FOLD-RM (fit),MathewsP2,0.7352941176470589,0.8183567027588236,8.048449277877808,56,55,30
Weight Lifting,round_robin,FOLD-RM (fit),MathewsP2,0.7647058823529411,0.8113192174249999,8.116292953491211,52,45,30
Weight Lifting,round_robin,FOLD-RM (fit),MathewsP2,0.75,0.8195346521132352,8.129202127456665,53,49,30
Weight Lifting,round_robin,FOLD-RM (fit),MathewsP2,0.75,0.8055759199308823,8.520970582962036,43,38,30
Weight Lifting,round_robin,FOLD-RM (fit),MathewsP2,0.8382352941176471,0.8678651824367647,8.585334539413452,55,49,30
Weight Lifting,round_robin,FOLD-RM (fit),MathewsP2,0.8382352941176471,0.8815302852,8.588515281677246,52,45,30
Weight Lifting,round_robin,FOLD-RM (fit),MathewsP2,0.8088235294117647,0.8516696059088236,8.609168529510498,45,42,30
Weight Lifting,round_robin,FOLD-RM (fit),MathewsP2,0.8235294117647058,0.842553771339706,8.681767225265503,57,49,30
Weight Lifting,round_robin,FOLD-RM (fit),MathewsP2,0.8382352941176471,0.8723090893264707,8.763281345367432,53,50,30
Weight Lifting,round_robin,FOLD-RM (fit),MathewsP2,0.7794117647058824,0.8663092791014706,8.865897417068481,64,56,30
Weight Lifting,round_robin,FOLD-RM (fit),MathewsP2,0.8235294117647058,0.8593794090220588,8.872796535491943,56,52,30
Weight Lifting,round_robin,FOLD-RM (fit),MathewsP2,0.7941176470588235,0.8486591541720587,8.898833513259888,54,54,30
Weight Lifting,round_robin,FOLD-RM (fit),MathewsP2,0.8382352941176471,0.8761645825161765,8.914135694503784,60,56,30
Weight Lifting,round_robin,FOLD-RM (fit),MathewsP2,0.8823529411764706,0.8844264428661764,8.91736888885498,52,49,30
Weight Lifting,round_robin,FOLD-RM (fit),MathewsP2,0.7794117647058824,0.8501689888470588,8.937995672225952,60,55,30
Weight Lifting,round_robin,FOLD-RM (fit),MathewsP2,0.8088235294117647,0.8523951215514706,8.937995672225952,49,46,30
Weight Lifting,round_robin,FOLD-RM (fit),MathewsP2,0.8235294117647058,0.875543968225,8.944894790649414,51,48,30
Weight Lifting,round_robin,FOLD-RM (fit),MathewsP2,0.8088235294117647,0.8687794016205882,8.978025197982788,62,57,30
Weight Lifting,round_robin,FOLD-RM (fit),MathewsP2,0.8235294117647058,0.8611060015411764,9.000731706619263,53,48,30
Weight Lifting,round_robin,FOLD-RM (fit),MathewsP2,0.7647058823529411,0.8336492236676472,9.043278455734253,55,47,30
Weight Lifting,round_robin,FOLD-RM (fit),MathewsP2,0.8529411764705882,0.8914576341191177,9.056967973709106,60,55,30
Weight Lifting,round_robin,FOLD-RM (fit),MathewsP3,0.8088235294117647,0.8807691371794117,7.36834979057312,58,54,30
Weight Lifting,round_robin,FOLD-RM (fit),MathewsP3,0.75,0.8361944884514706,7.373858213424683,55,50,30
Weight Lifting,round_robin,FOLD-RM (fit),MathewsP3,0.7941176470588235,0.8512289418779412,7.694325685501099,52,48,30
Weight Lifting,round_robin,FOLD-RM (fit),MathewsP3,0.8235294117647058,0.8655043912544118,7.797680616378784,54,47,30
Weight Lifting,round_robin,FOLD-RM (fit),MathewsP3,0.7647058823529411,0.8020167882588234,7.8188769817352295,47,45,30
Weight Lifting,round_robin,FOLD-RM (fit),MathewsP3,0.7205882352941176,0.8206941925352941,8.401151895523071,53,52,30
Weight Lifting,round_robin,FOLD-RM (fit),MathewsP3,0.7941176470588235,0.8277808444338235,8.598224401473999,44,38,30
Weight Lifting,round_robin,FOLD-RM (fit),MathewsP3,0.7794117647058824,0.8337997633588237,8.634535074234009,56,52,30
Weight Lifting,round_robin,FOLD-RM (fit),MathewsP3,0.7647058823529411,0.8118784073294119,8.652803897857666,49,47,30
Weight Lifting,round_robin,FOLD-RM (fit),MathewsP3,0.7205882352941176,0.8220765007205881,8.66846776008606,46,43,30
Weight Lifting,round_robin,FOLD-RM (fit),MathewsP3,0.8235294117647058,0.8655061505014706,8.975386381149292,63,55,30
Weight Lifting,round_robin,FOLD-RM (fit),MathewsP3,0.7794117647058824,0.817277093189706,8.969050645828247,50,47,30
Weight Lifting,round_robin,FOLD-RM (fit),MathewsP3,0.7647058823529411,0.853414817282353,8.993194818496704,62,59,30
Weight Lifting,round_robin,FOLD-RM (fit),MathewsP3,0.7647058823529411,0.8203326291911763,9.078410625457764,59,53,30
Weight Lifting,round_robin,FOLD-RM (fit),MathewsP3,0.7794117647058824,0.8350051106191176,9.197455644607544,52,48,30
Weight Lifting,round_robin,FOLD-RM (fit),MathewsP3,0.7205882352941176,0.8160271995735294,9.237726926803589,65,59,30
Weight Lifting,round_robin,FOLD-RM (fit),MathewsP3,0.8382352941176471,0.8560358243676471,9.37305736541748,55,51,30
Weight Lifting,round_robin,FOLD-RM (fit),MathewsP3,0.7647058823529411,0.8103999889367648,9.364378213882446,56,50,30
Weight Lifting,round_robin,FOLD-RM (fit),MathewsP3,0.8970588235294118,0.9147423174382352,9.437125205993652,67,62,30
Weight Lifting,round_robin,FOLD-RM (fit),MathewsP3,0.7941176470588235,0.8365828493279411,9.493187665939331,58,56,30
Weight Lifting,round_robin,FOLD-RM (fit),MathewsP3,0.7647058823529411,0.821495819532353,9.64120101928711,60,54,30
Weight Lifting,round_robin,FOLD-RM (fit),MathewsP3,0.8088235294117647,0.8582990468323529,9.671267986297607,60,54,30
Weight Lifting,round_robin,FOLD-RM (fit),MathewsP3,0.8235294117647058,0.8760616119308824,9.69901156425476,65,63,30
Weight Lifting,round_robin,FOLD-RM (fit),MathewsP3,0.7794117647058824,0.83828943145,9.778950214385986,62,54,30
Weight Lifting,round_robin,FOLD-RM (fit),MathewsP3,0.8382352941176471,0.8667305526029412,9.783950090408325,66,62,30
Weight Lifting,round_robin,FOLD-RM (fit),MathewsP3,0.7941176470588235,0.8485537688191177,9.796686172485352,57,54,30
Weight Lifting,round_robin,FOLD-RM (fit),MathewsP3,0.8382352941176471,0.8677063343485294,9.791512250900269,58,53,30
Weight Lifting,round_robin,FOLD-RM (fit),MathewsP3,0.8382352941176471,0.8762860676764704,9.812483310699463,62,53,30
Weight Lifting,round_robin,FOLD-RM (fit),MathewsP3,0.7058823529411765,0.8293691695955883,9.822682619094849,66,58,30
Weight Lifting,round_robin,FOLD-RM (fit),MathewsP3,0.8235294117647058,0.863476238585294,9.858783721923828,59,56,30
Weight Lifting,best_rule,FOLD-RM (fit),original,0.058823529411764705,0.7445309377205882,12.256383419036865,12,15,30
Weight Lifting,best_rule,FOLD-RM (fit),original,0.07352941176470588,0.7658270905147059,13.858735799789429,11,17,30
Weight Lifting,best_rule,FOLD-RM (fit),original,0.17647058823529413,0.7723315229941177,17.110110998153687,9,13,30
Weight Lifting,best_rule,FOLD-RM (fit),original,0.08823529411764706,0.7599517316926471,17.713279485702515,8,12,30
Weight Lifting,best_rule,FOLD-RM (fit),original,0.19117647058823528,0.7715107294779412,18.608017683029175,10,13,30
Weight Lifting,best_rule,FOLD-RM (fit),original,0.7647058823529411,0.8051050687102941,18.89889359474182,26,32,30
Weight Lifting,best_rule,FOLD-RM (fit),original,0.1323529411764706,0.777460048375,19.195483922958374,12,15,30
Weight Lifting,best_rule,FOLD-RM (fit),original,0.7794117647058824,0.8208500267808824,20.9102463722229,31,38,30
Weight Lifting,best_rule,FOLD-RM (fit),original,0.7941176470588235,0.8546418271897058,22.043850660324097,28,35,30
Weight Lifting,best_rule,FOLD-RM (fit),original,0.7647058823529411,0.8744057475602942,22.3992817401886,28,37,30
Weight Lifting,best_rule,FOLD-RM (fit),original,0.11764705882352941,0.7557555209867648,22.452211380004883,13,20,30
Weight Lifting,best_rule,FOLD-RM (fit),original,0.7647058823529411,0.8817737185676471,22.544618129730225,23,28,30
Weight Lifting,best_rule,FOLD-RM (fit),original,0.7941176470588235,0.8405542258852942,23.042269468307495,32,42,30
Weight Lifting,best_rule,FOLD-RM (fit),original,0.7794117647058824,0.8310484390602941,23.22425937652588,29,39,30
Weight Lifting,best_rule,FOLD-RM (fit),original,0.1323529411764706,0.7658189044617647,23.500722408294678,14,21,30
Weight Lifting,best_rule,FOLD-RM (fit),original,0.75,0.7945960320500001,23.68272829055786,31,42,30
Weight Lifting,best_rule,FOLD-RM (fit),original,0.8676470588235294,0.901020497864706,23.80868887901306,28,33,30
Weight Lifting,best_rule,FOLD-RM (fit),original,0.6323529411764706,0.8396753405602941,23.917587518692017,25,34,30
Weight Lifting,best_rule,FOLD-RM (fit),original,0.75,0.8079448133441178,24.00342059135437,29,39,30
Weight Lifting,best_rule,FOLD-RM (fit),original,0.7794117647058824,0.8813430800632354,24.179398775100708,28,36,30
Weight Lifting,best_rule,FOLD-RM (fit),original,0.8382352941176471,0.89167782845,24.321792602539062,38,42,30
Weight Lifting,best_rule,FOLD-RM (fit),original,0.7794117647058824,0.8156102152705881,24.67361879348755,33,35,30
Weight Lifting,best_rule,FOLD-RM (fit),original,0.8382352941176471,0.868135917682353,24.814594745635986,28,37,30
Weight Lifting,best_rule,FOLD-RM (fit),original,0.8235294117647058,0.8465223430838235,24.962241172790527,26,36,30
Weight Lifting,best_rule,FOLD-RM (fit),original,0.8235294117647058,0.8593683298970589,25.007619857788086,32,42,30
Weight Lifting,best_rule,FOLD-RM (fit),original,0.7941176470588235,0.8688874745132353,25.167531967163086,34,42,30
Weight Lifting,best_rule,FOLD-RM (fit),original,0.8382352941176471,0.8581455920720589,25.304145574569702,30,40,30
Weight Lifting,best_rule,FOLD-RM (fit),original,0.7941176470588235,0.8326873063897058,25.32112717628479,30,40,30
Weight Lifting,best_rule,FOLD-RM (fit),original,0.8382352941176471,0.8691729539235293,25.43384838104248,32,38,30
Weight Lifting,best_rule,FOLD-RM (fit),original,0.8088235294117647,0.8547874833161764,25.490370988845825,33,43,30
Weight Lifting,best_rule,FOLD-RM (fit),original_guarded,0.8382352941176471,0.8743626611205884,16.44926166534424,30,42,30
Weight Lifting,best_rule,FOLD-RM (fit),original_guarded,0.8235294117647058,0.8721888267794118,16.511481523513794,34,42,30
Weight Lifting,best_rule,FOLD-RM (fit),original_guarded,0.8529411764705882,0.8851551299808824,16.54086446762085,33,44,30
Weight Lifting,best_rule,FOLD-RM (fit),original_guarded,0.7941176470588235,0.8176666504558823,16.869499683380127,30,38,30
Weight Lifting,best_rule,FOLD-RM (fit),original_guarded,0.8235294117647058,0.8482852240617648,16.89488124847412,31,39,30
Weight Lifting,best_rule,FOLD-RM (fit),original_guarded,0.7941176470588235,0.8177023170955882,17.19948983192444,28,39,30
Weight Lifting,best_rule,FOLD-RM (fit),original_guarded,0.8382352941176471,0.8590655055808825,17.39668560028076,36,47,30
Weight Lifting,best_rule,FOLD-RM (fit),original_guarded,0.7352941176470589,0.7998988394191177,17.76142120361328,30,38,30
Weight Lifting,best_rule,FOLD-RM (fit),original_guarded,0.7205882352941176,0.7771464345191176,17.924027681350708,31,36,30
Weight Lifting,best_rule,FOLD-RM (fit),original_guarded,0.8235294117647058,0.8577905927911764,17.934539556503296,30,44,30
Weight Lifting,best_rule,FOLD-RM (fit),original_guarded,0.8382352941176471,0.8728115649617647,18.12456488609314,30,41,30
Weight Lifting,best_rule,FOLD-RM (fit),original_guarded,0.7794117647058824,0.8140802254470588,18.266090631484985,33,43,30
Weight Lifting,best_rule,FOLD-RM (fit),original_guarded,0.8676470588235294,0.8818097556941177,18.382203102111816,29,37,30
Weight Lifting,best_rule,FOLD-RM (fit),original_guarded,0.8088235294117647,0.8351046005,18.36571955680847,29,40,30
Weight Lifting,best_rule,FOLD-RM (fit),original_guarded,0.7352941176470589,0.7817619473661764,18.434948921203613,38,49,30
Weight Lifting,best_rule,FOLD-RM (fit),original_guarded,0.8235294117647058,0.8677432751911766,18.859727144241333,30,42,30
Weight Lifting,best_rule,FOLD-RM (fit),original_guarded,0.75,0.8029036698308822,18.85630178451538,34,49,30
Weight Lifting,best_rule,FOLD-RM (fit),original_guarded,0.7941176470588235,0.8452944340823529,18.93285036087036,34,41,30
Weight Lifting,best_rule,FOLD-RM (fit),original_guarded,0.8235294117647058,0.8579705800220588,18.952101469039917,36,46,30
Weight Lifting,best_rule,FOLD-RM (fit),original_guarded,0.6764705882352942,0.7248314598573531,18.997721433639526,29,36,30
Weight Lifting,best_rule,FOLD-RM (fit),original_guarded,0.7794117647058824,0.818979262832353,19.133527994155884,29,37,30
Weight Lifting,best_rule,FOLD-RM (fit),original_guarded,0.7794117647058824,0.8189256923455883,19.16800093650818,29,36,30
Weight Lifting,best_rule,FOLD-RM (fit),original_guarded,0.8382352941176471,0.8756097271720588,19.241319179534912,32,46,30
Weight Lifting,best_rule,FOLD-RM (fit),original_guarded,0.8235294117647058,0.8514262579441176,19.321593761444092,34,46,30
Weight Lifting,best_rule,FOLD-RM (fit),original_guarded,0.8529411764705882,0.8710756712750001,19.399073839187622,30,45,30
Weight Lifting,best_rule,FOLD-RM (fit),original_guarded,0.8529411764705882,0.9139857022970588,19.487683296203613,31,43,30
Weight Lifting,best_rule,FOLD-RM (fit),original_guarded,0.8529411764705882,0.8876242025764706,19.47821831703186,32,48,30
Weight Lifting,best_rule,FOLD-RM (fit),original_guarded,0.8088235294117647,0.8408815318220588,19.541956186294556,32,40,30
Weight Lifting,best_rule,FOLD-RM (fit),original_guarded,0.75,0.7833289217617648,19.628811836242676,31,42,30
Weight Lifting,best_rule,FOLD-RM (fit),original_guarded,0.8823529411764706,0.9063060329088235,19.652518033981323,37,48,30
Weight Lifting,best_rule,FOLD-RM (fit),original_reweighted,0.07352941176470588,0.7455878395044118,25.49291753768921,17,31,30
Weight Lifting,best_rule,FOLD-RM (fit),original_reweighted,0.7941176470588235,0.8499726889632353,27.06900143623352,24,46,30
Weight Lifting,best_rule,FOLD-RM (fit),original_reweighted,0.7941176470588235,0.8580777261000001,29.78769612312317,27,46,30
Weight Lifting,best_rule,FOLD-RM (fit),original_reweighted,0.75,0.8143442418882353,30.632502555847168,26,51,30
Weight Lifting,best_rule,FOLD-RM (fit),original_reweighted,0.8235294117647058,0.8604119543882354,31.35236406326294,25,42,30
Weight Lifting,best_rule,FOLD-RM (fit),original_reweighted,0.8088235294117647,0.8880884831308824,31.879703760147095,36,62,30
Weight Lifting,best_rule,FOLD-RM (fit),original_reweighted,0.8529411764705882,0.8637857311926471,32.015666007995605,29,41,30
Weight Lifting,best_rule,FOLD-RM (fit),original_reweighted,0.7941176470588235,0.8238079722749998,32.928049087524414,34,55,30
Weight Lifting,best_rule,FOLD-RM (fit),original_reweighted,0.7205882352941176,0.8288364226323529,33.18887162208557,31,54,30
Weight Lifting,best_rule,FOLD-RM (fit),original_reweighted,0.7794117647058824,0.8472221585455882,33.35609817504883,34,54,30
Weight Lifting,best_rule,FOLD-RM (fit),original_reweighted,0.8235294117647058,0.8566434457455883,33.545894384384155,37,58,30
Weight Lifting,best_rule,FOLD-RM (fit),original_reweighted,0.8235294117647058,0.8641753931102941,33.672080278396606,33,54,30
Weight Lifting,best_rule,FOLD-RM (fit),original_reweighted,0.75,0.815473476895588,33.96117544174194,30,56,30
Weight Lifting,best_rule,FOLD-RM (fit),original_reweighted,0.8088235294117647,0.8525466247941176,34.000831842422485,30,53,30
Weight Lifting,best_rule,FOLD-RM (fit),original_reweighted,0.8529411764705882,0.8892696793985294,34.066752195358276,32,58,30
Weight Lifting,best_rule,FOLD-RM (fit),original_reweighted,0.7794117647058824,0.8413125439705882,34.11703157424927,31,51,30
Weight Lifting,best_rule,FOLD-RM (fit),original_reweighted,0.7647058823529411,0.8150484448970589,34.374011754989624,32,48,30
Weight Lifting,best_rule,FOLD-RM (fit),original_reweighted,0.8529411764705882,0.8743947908205881,34.49788856506348,28,51,30
Weight Lifting,best_rule,FOLD-RM (fit),original_reweighted,0.8529411764705882,0.9013738798088236,34.81741166114807,32,60,30
Weight Lifting,best_rule,FOLD-RM (fit),original_reweighted,0.8235294117647058,0.848964064657353,34.91280436515808,30,59,30
Weight Lifting,best_rule,FOLD-RM (fit),original_reweighted,0.8676470588235294,0.8801366016911765,34.9443678855896,34,56,30
Weight Lifting,best_rule,FOLD-RM (fit),original_reweighted,0.8235294117647058,0.8727813854382352,34.96015286445618,28,45,30
Weight Lifting,best_rule,FOLD-RM (fit),original_reweighted,0.7941176470588235,0.8471320433882353,34.972386598587036,30,56,30
Weight Lifting,best_rule,FOLD-RM (fit),original_reweighted,0.8529411764705882,0.8819801918897059,35.12862181663513,28,56,30
Weight Lifting,best_rule,FOLD-RM (fit),original_reweighted,0.8088235294117647,0.8756552355852941,35.174493074417114,34,59,30
Weight Lifting,best_rule,FOLD-RM (fit),original_reweighted,0.7352941176470589,0.8403215245029412,35.23250150680542,29,53,30
Weight Lifting,best_rule,FOLD-RM (fit),original_reweighted,0.8529411764705882,0.8700648508205883,35.23421621322632,37,55,30
Weight Lifting,best_rule,FOLD-RM (fit),original_reweighted,0.7647058823529411,0.8460079446823529,35.300981521606445,31,55,30
Weight Lifting,best_rule,FOLD-RM (fit),original_reweighted,0.8382352941176471,0.8774513595691177,35.417359828948975,29,63,30
Weight Lifting,best_rule,FOLD-RM (fit),original_reweighted,0.8088235294117647,0.8548415591794117,35.46123790740967,32,57,30
Weight Lifting,best_rule,FOLD-RM (fit),original_t_removed,0.8235294117647058,0.8811871071441176,26.876351833343506,28,46,30
Weight Lifting,best_rule,FOLD-RM (fit),original_t_removed,0.75,0.8133657607735295,27.308492422103882,27,52,30
Weight Lifting,best_rule,FOLD-RM (fit),original_t_removed,0.75,0.8075114912205882,27.623295307159424,27,50,30
Weight Lifting,best_rule,FOLD-RM (fit),original_t_removed,0.8235294117647058,0.8479609604220588,28.532854557037354,24,50,30
Weight Lifting,best_rule,FOLD-RM (fit),original_t_removed,0.7647058823529411,0.8379407338882354,30.74185609817505,27,50,30
Weight Lifting,best_rule,FOLD-RM (fit),original_t_removed,0.7794117647058824,0.8435759319088235,31.35304284095764,26,49,30
Weight Lifting,best_rule,FOLD-RM (fit),original_t_removed,0.75,0.8388652902647058,32.246041774749756,27,61,30
Weight Lifting,best_rule,FOLD-RM (fit),original_t_removed,0.7205882352941176,0.800929311967647,32.25217890739441,29,50,30
Weight Lifting,best_rule,FOLD-RM (fit),original_t_removed,0.8382352941176471,0.8756182299294119,32.38278079032898,26,51,30
Weight Lifting,best_rule,FOLD-RM (fit),original_t_removed,0.8676470588235294,0.9073850652161765,32.71177959442139,28,59,30
Weight Lifting,best_rule,FOLD-RM (fit),original_t_removed,0.7794117647058824,0.8616741705294119,32.85765528678894,25,46,30
Weight Lifting,best_rule,FOLD-RM (fit),original_t_removed,0.8382352941176471,0.8743431538455881,33.32596564292908,28,53,30
Weight Lifting,best_rule,FOLD-RM (fit),original_t_removed,0.7205882352941176,0.7984008432823528,33.40402913093567,31,59,30
Weight Lifting,best_rule,FOLD-RM (fit),original_t_removed,0.7794117647058824,0.8119907638367647,33.5821053981781,25,47,30
Weight Lifting,best_rule,FOLD-RM (fit),original_t_removed,0.7647058823529411,0.8249297440279413,34.024869203567505,27,55,30
Weight Lifting,best_rule,FOLD-RM (fit),original_t_removed,0.75,0.8353487805176472,34.968812227249146,27,53,30
Weight Lifting,best_rule,FOLD-RM (fit),original_t_removed,0.7352941176470589,0.8106059270279411,35.08980131149292,30,69,30
Weight Lifting,best_rule,FOLD-RM (fit),original_t_removed,0.7941176470588235,0.8475998220044118,35.137378215789795,27,51,30
Weight Lifting,best_rule,FOLD-RM (fit),original_t_removed,0.7647058823529411,0.8385333497117646,35.14694118499756,28,58,30
Weight Lifting,best_rule,FOLD-RM (fit),original_t_removed,0.7058823529411765,0.784597733157353,36.10333490371704,30,64,30
Weight Lifting,best_rule,FOLD-RM (fit),original_t_removed,0.7941176470588235,0.8592833294970588,36.17149496078491,30,71,30
Weight Lifting,best_rule,FOLD-RM (fit),original_t_removed,0.7941176470588235,0.8717419130058823,36.391462326049805,30,63,30
Weight Lifting,best_rule,FOLD-RM (fit),original_t_removed,0.7352941176470589,0.8136587589455883,36.491326570510864,31,63,30
Weight Lifting,best_rule,FOLD-RM (fit),original_t_removed,0.7647058823529411,0.8092624544441176,36.54604959487915,30,59,30
Weight Lifting,best_rule,FOLD-RM (fit),original_t_removed,0.8088235294117647,0.8636566330735295,36.68525958061218,28,61,30
Weight Lifting,best_rule,FOLD-RM (fit),original_t_removed,0.7794117647058824,0.8310608845397058,36.989458084106445,28,56,30
Weight Lifting,best_rule,FOLD-RM (fit),original_t_removed,0.7941176470588235,0.8470404645514706,36.99417543411255,30,59,30
Weight Lifting,best_rule,FOLD-RM (fit),original_t_removed,0.8235294117647058,0.8918923419852941,37.26806831359863,34,66,30
Weight Lifting,best_rule,FOLD-RM (fit),original_t_removed,0.7352941176470589,0.785395971692647,37.32497024536133,33,68,30
Weight Lifting,best_rule,FOLD-RM (fit),original_t_removed,0.7794117647058824,0.8356103858529411,37.62798523902893,32,64,30
Weight Lifting,best_rule,FOLD-RM (fit),IG_over_P,0.6764705882352942,0.7305810249632354,72.13162326812744,50,48,30
Weight Lifting,best_rule,FOLD-RM (fit),IG_over_P,0.7205882352941176,0.7463921529470586,76.1742115020752,74,72,30
Weight Lifting,best_rule,FOLD-RM (fit),IG_over_P,0.7205882352941176,0.7582187191235296,77.58223176002502,128,125,30
Weight Lifting,best_rule,FOLD-RM (fit),IG_over_P,0.7941176470588235,0.777198364427941,78.59837794303894,171,168,30
Weight Lifting,best_rule,FOLD-RM (fit),IG_over_P,0.7058823529411765,0.7474195576205884,79.44039821624756,132,129,30
Weight Lifting,best_rule,FOLD-RM (fit),IG_over_P,0.7058823529411765,0.7732259924749998,79.67932176589966,125,122,30
Weight Lifting,best_rule,FOLD-RM (fit),IG_over_P,0.75,0.7651169466455882,81.8335931301117,133,130,30
Weight Lifting,best_rule,FOLD-RM (fit),IG_over_P,0.8088235294117647,0.829471727582353,82.05710220336914,64,63,30
Weight Lifting,best_rule,FOLD-RM (fit),IG_over_P,0.75,0.7881048373132353,82.47192430496216,57,55,30
Weight Lifting,best_rule,FOLD-RM (fit),IG_over_P,0.75,0.8007821676029411,82.90830206871033,57,56,30
Weight Lifting,best_rule,FOLD-RM (fit),IG_over_P,0.7058823529411765,0.7506156005102942,83.15590023994446,58,57,30
Weight Lifting,best_rule,FOLD-RM (fit),IG_over_P,0.7941176470588235,0.8123583873411766,83.17619514465332,79,77,30
Weight Lifting,best_rule,FOLD-RM (fit),IG_over_P,0.7205882352941176,0.7536591464500001,83.24670720100403,59,58,30
Weight Lifting,best_rule,FOLD-RM (fit),IG_over_P,0.7058823529411765,0.7383466339161766,83.5335545539856,73,72,30
Weight Lifting,best_rule,FOLD-RM (fit),IG_over_P,0.7647058823529411,0.7569805294485293,84.04234290122986,168,166,30
Weight Lifting,best_rule,FOLD-RM (fit),IG_over_P,0.7941176470588235,0.7501323458647059,84.0565299987793,167,165,30
Weight Lifting,best_rule,FOLD-RM (fit),IG_over_P,0.7205882352941176,0.7188555224955883,84.09804105758667,170,169,30
Weight Lifting,best_rule,FOLD-RM (fit),IG_over_P,0.8235294117647058,0.7792095187573529,84.19950437545776,166,163,30
Weight Lifting,best_rule,FOLD-RM (fit),IG_over_P,0.7794117647058824,0.748523295692647,85.02516078948975,170,168,30
Weight Lifting,best_rule,FOLD-RM (fit),IG_over_P,0.75,0.7888948978205881,85.15879154205322,54,52,30
Weight Lifting,best_rule,FOLD-RM (fit),IG_over_P,0.8088235294117647,0.8222159069220589,85.20000648498535,81,79,30
Weight Lifting,best_rule,FOLD-RM (fit),IG_over_P,0.7794117647058824,0.7982569408485294,85.44813179969788,76,75,30
Weight Lifting,best_rule,FOLD-RM (fit),IG_over_P,0.7352941176470589,0.7616237758485294,85.66525983810425,74,72,30
Weight Lifting,best_rule,FOLD-RM (fit),IG_over_P,0.75,0.7397736672794115,85.70189452171326,174,172,30
Weight Lifting,best_rule,FOLD-RM (fit),IG_over_P,0.7794117647058824,0.7500366132749998,85.7231776714325,169,166,30
Weight Lifting,best_rule,FOLD-RM (fit),IG_over_P,0.7352941176470589,0.787014388282353,85.77756571769714,57,56,30
Weight Lifting,best_rule,FOLD-RM (fit),IG_over_P,0.7941176470588235,0.7705328799764704,85.96972346305847,175,173,30
Weight Lifting,best_rule,FOLD-RM (fit),IG_over_P,0.7794117647058824,0.7946716969205883,86.02620244026184,78,76,30
Weight Lifting,best_rule,FOLD-RM (fit),IG_over_P,0.7941176470588235,0.7693096326485293,86.10455513000488,172,169,30
Weight Lifting,best_rule,FOLD-RM (fit),IG_over_P,0.75,0.7322967157588235,86.15156412124634,167,165,30
Weight Lifting,best_rule,FOLD-RM (fit),IG_over_P2,0.4264705882352941,0.5248055931338234,35.35943651199341,23,13,30
Weight Lifting,best_rule,FOLD-RM (fit),IG_over_P2,0.5294117647058824,0.6503114563573528,37.309428691864014,25,15,30
Weight Lifting,best_rule,FOLD-RM (fit),IG_over_P2,0.39705882352941174,0.4852619589794117,37.42251253128052,23,15,30
Weight Lifting,best_rule,FOLD-RM (fit),IG_over_P2,0.5735294117647058,0.6360555799647059,37.84799098968506,21,10,30
Weight Lifting,best_rule,FOLD-RM (fit),IG_over_P2,0.6470588235294118,0.7061876277485294,37.899352073669434,24,9,30
Weight Lifting,best_rule,FOLD-RM (fit),IG_over_P2,0.5588235294117647,0.638673131395588,38.38059949874878,21,12,30
Weight Lifting,best_rule,FOLD-RM (fit),IG_over_P2,0.5882352941176471,0.7075420724117647,38.993398666381836,22,11,30
Weight Lifting,best_rule,FOLD-RM (fit),IG_over_P2,0.5,0.5967774696308823,39.12700915336609,22,11,30
Weight Lifting,best_rule,FOLD-RM (fit),IG_over_P2,0.5588235294117647,0.6314689432044116,39.67095351219177,20,11,30
Weight Lifting,best_rule,FOLD-RM (fit),IG_over_P2,0.75,0.7892890918691176,40.125036001205444,22,12,30
Weight Lifting,best_rule,FOLD-RM (fit),IG_over_P2,0.6470588235294118,0.7201363496441175,40.48421812057495,22,10,30
Weight Lifting,best_rule,FOLD-RM (fit),IG_over_P2,0.3088235294117647,0.43384821646323535,40.785117864608765,25,12,30
Weight Lifting,best_rule,FOLD-RM (fit),IG_over_P2,0.5,0.6299961717764706,40.99060940742493,22,10,30
Weight Lifting,best_rule,FOLD-RM (fit),IG_over_P2,0.7058823529411765,0.7516460328249999,41.029025077819824,22,12,30
Weight Lifting,best_rule,FOLD-RM (fit),IG_over_P2,0.6764705882352942,0.7542838817735296,41.252596855163574,22,12,30
Weight Lifting,best_rule,FOLD-RM (fit),IG_over_P2,0.5441176470588235,0.6282937499455884,41.39156937599182,22,12,30
Weight Lifting,best_rule,FOLD-RM (fit),IG_over_P2,0.5294117647058824,0.6183822988735295,41.43528151512146,25,11,30
Weight Lifting,best_rule,FOLD-RM (fit),IG_over_P2,0.6176470588235294,0.6885157119235292,41.53040623664856,22,12,30
Weight Lifting,best_rule,FOLD-RM (fit),IG_over_P2,0.45588235294117646,0.6069222136161765,41.84641718864441,22,12,30
Weight Lifting,best_rule,FOLD-RM (fit),IG_over_P2,0.6617647058823529,0.7046620756308823,41.92507839202881,21,10,30
Weight Lifting,best_rule,FOLD-RM (fit),IG_over_P2,0.39705882352941174,0.5141164276955881,41.98851442337036,22,11,30
Weight Lifting,best_rule,FOLD-RM (fit),IG_over_P2,0.4411764705882353,0.5936066160000001,42.188997983932495,21,12,30
Weight Lifting,best_rule,FOLD-RM (fit),IG_over_P2,0.5882352941176471,0.6625342898985297,42.20747947692871,23,11,30
Weight Lifting,best_rule,FOLD-RM (fit),IG_over_P2,0.5,0.5782955682191173,42.27189350128174,21,10,30
Weight Lifting,best_rule,FOLD-RM (fit),IG_over_P2,0.4117647058823529,0.5844299654794118,42.33858275413513,22,12,30
Weight Lifting,best_rule,FOLD-RM (fit),IG_over_P2,0.6764705882352942,0.7713170654941178,42.390565156936646,22,11,30
Weight Lifting,best_rule,FOLD-RM (fit),IG_over_P2,0.45588235294117646,0.5507879206102938,42.492701292037964,32,22,30
Weight Lifting,best_rule,FOLD-RM (fit),IG_over_P2,0.6470588235294118,0.7033010111250002,42.54225945472717,21,11,30
Weight Lifting,best_rule,FOLD-RM (fit),IG_over_P2,0.4852941176470588,0.5782305158749999,42.58596134185791,20,10,30
Weight Lifting,best_rule,FOLD-RM (fit),IG_over_P2,0.4117647058823529,0.5328089743558824,42.64729833602905,23,10,30
Weight Lifting,best_rule,FOLD-RM (fit),LogOddsRatio,0.7941176470588235,0.8622050403529412,14.845153093338013,45,50,30
Weight Lifting,best_rule,FOLD-RM (fit),LogOddsRatio,0.8088235294117647,0.8469166119529412,20.260383129119873,48,57,30
Weight Lifting,best_rule,FOLD-RM (fit),LogOddsRatio,0.7352941176470589,0.7865179832441176,22.446644067764282,39,50,30
Weight Lifting,best_rule,FOLD-RM (fit),LogOddsRatio,0.7941176470588235,0.8496276507397059,22.941456079483032,45,57,30
Weight Lifting,best_rule,FOLD-RM (fit),LogOddsRatio,0.7794117647058824,0.8321975373720589,24.220972061157227,52,65,30
Weight Lifting,best_rule,FOLD-RM (fit),LogOddsRatio,0.8529411764705882,0.9016902253588235,24.475829124450684,50,56,30
Weight Lifting,best_rule,FOLD-RM (fit),LogOddsRatio,0.8235294117647058,0.8626400995823529,24.733262300491333,53,66,30
Weight Lifting,best_rule,FOLD-RM (fit),LogOddsRatio,0.8235294117647058,0.8542190609911764,25.33000659942627,58,64,30
Weight Lifting,best_rule,FOLD-RM (fit),LogOddsRatio,0.8235294117647058,0.8504012710058825,25.80423641204834,47,55,30
Weight Lifting,best_rule,FOLD-RM (fit),LogOddsRatio,0.7205882352941176,0.772956423210294,25.921905994415283,55,60,30
Weight Lifting,best_rule,FOLD-RM (fit),LogOddsRatio,0.8529411764705882,0.8799062844926471,26.393170833587646,47,68,30
Weight Lifting,best_rule,FOLD-RM (fit),LogOddsRatio,0.8088235294117647,0.8422408306911765,26.40117835998535,41,62,30
Weight Lifting,best_rule,FOLD-RM (fit),LogOddsRatio,0.7941176470588235,0.8410339269352941,26.597333431243896,58,65,30
Weight Lifting,best_rule,FOLD-RM (fit),LogOddsRatio,0.7647058823529411,0.8349333471014706,27.059351921081543,57,66,30
Weight Lifting,best_rule,FOLD-RM (fit),LogOddsRatio,0.8088235294117647,0.8358654018455882,27.409912824630737,48,67,30
Weight Lifting,best_rule,FOLD-RM (fit),LogOddsRatio,0.7794117647058824,0.8160905375235294,27.533623218536377,60,70,30
Weight Lifting,best_rule,FOLD-RM (fit),LogOddsRatio,0.8235294117647058,0.8618325623661766,27.622915267944336,64,80,30
Weight Lifting,best_rule,FOLD-RM (fit),LogOddsRatio,0.8529411764705882,0.8918584244632353,27.70248818397522,63,70,30
Weight Lifting,best_rule,FOLD-RM (fit),LogOddsRatio,0.7941176470588235,0.8514564953911765,27.87437891960144,57,60,30
Weight Lifting,best_rule,FOLD-RM (fit),LogOddsRatio,0.7647058823529411,0.8054126551205881,28.009570360183716,51,57,30
Weight Lifting,best_rule,FOLD-RM (fit),LogOddsRatio,0.7794117647058824,0.8243623413617646,28.091654777526855,54,63,30
Weight Lifting,best_rule,FOLD-RM (fit),LogOddsRatio,0.7941176470588235,0.8624652359,28.220385313034058,57,70,30
Weight Lifting,best_rule,FOLD-RM (fit),LogOddsRatio,0.7941176470588235,0.8241439827705882,28.347558736801147,58,68,30
Weight Lifting,best_rule,FOLD-RM (fit),LogOddsRatio,0.7352941176470589,0.7886951909794118,28.347558736801147,51,64,30
Weight Lifting,best_rule,FOLD-RM (fit),LogOddsRatio,0.8088235294117647,0.8384773737352942,28.52206254005432,53,60,30
Weight Lifting,best_rule,FOLD-RM (fit),LogOddsRatio,0.7941176470588235,0.8349657927147058,28.59678816795349,55,71,30
Weight Lifting,best_rule,FOLD-RM (fit),LogOddsRatio,0.8235294117647058,0.8566701630588235,28.656293392181396,59,75,30
Weight Lifting,best_rule,FOLD-RM (fit),LogOddsRatio,0.75,0.80345524885,28.68527126312256,57,61,30
Weight Lifting,best_rule,FOLD-RM (fit),LogOddsRatio,0.8235294117647058,0.8612404900470588,28.871694087982178,69,77,30
Weight Lifting,best_rule,FOLD-RM (fit),LogOddsRatio,0.8382352941176471,0.8771877730191175,28.924492597579956,63,77,30
Weight Lifting,best_rule,FOLD-RM (fit),MathewsCC,0.8235294117647058,0.8601611542691175,19.012211799621582,40,42,30
Weight Lifting,best_rule,FOLD-RM (fit),MathewsCC,0.8676470588235294,0.8915811695720589,19.717297554016113,40,43,30
Weight Lifting,best_rule,FOLD-RM (fit),MathewsCC,0.7941176470588235,0.8706576420823529,20.244688510894775,69,62,30
Weight Lifting,best_rule,FOLD-RM (fit),MathewsCC,0.8235294117647058,0.8702504809088235,21.468371629714966,46,47,30
Weight Lifting,best_rule,FOLD-RM (fit),MathewsCC,0.8088235294117647,0.8694542497573529,22.86228609085083,43,43,30
Weight Lifting,best_rule,FOLD-RM (fit),MathewsCC,0.7647058823529411,0.8634132532235295,23.714192867279053,68,66,30
Weight Lifting,best_rule,FOLD-RM (fit),MathewsCC,0.7647058823529411,0.8186006346176471,23.96290922164917,71,70,30
Weight Lifting,best_rule,FOLD-RM (fit),MathewsCC,0.6911764705882353,0.87606536835,23.996179819107056,101,101,30
Weight Lifting,best_rule,FOLD-RM (fit),MathewsCC,0.75,0.8141226254029411,24.187206983566284,36,39,30
Weight Lifting,best_rule,FOLD-RM (fit),MathewsCC,0.7352941176470589,0.8297310344985294,24.201467752456665,56,57,30
Weight Lifting,best_rule,FOLD-RM (fit),MathewsCC,0.6176470588235294,0.8627217555691176,24.35505747795105,103,97,30
Weight Lifting,best_rule,FOLD-RM (fit),MathewsCC,0.8382352941176471,0.8815273050970589,24.43282914161682,43,43,30
Weight Lifting,best_rule,FOLD-RM (fit),MathewsCC,0.75,0.8423278333617648,24.514511108398438,65,63,30
Weight Lifting,best_rule,FOLD-RM (fit),MathewsCC,0.6470588235294118,0.8191198946338236,24.6429443359375,66,66,30
Weight Lifting,best_rule,FOLD-RM (fit),MathewsCC,0.8529411764705882,0.894272291582353,24.654393196105957,46,46,30
Weight Lifting,best_rule,FOLD-RM (fit),MathewsCC,0.5294117647058824,0.8239082690573529,24.83932900428772,95,94,30
Weight Lifting,best_rule,FOLD-RM (fit),MathewsCC,0.7941176470588235,0.8824276150808824,25.18135929107666,70,68,30
Weight Lifting,best_rule,FOLD-RM (fit),MathewsCC,0.75,0.8629701235382353,25.24579882621765,69,70,30
Weight Lifting,best_rule,FOLD-RM (fit),MathewsCC,0.7205882352941176,0.8306126474514706,25.358458042144775,67,63,30
Weight Lifting,best_rule,FOLD-RM (fit),MathewsCC,0.5735294117647058,0.8239817957455883,25.46443772315979,98,98,30
Weight Lifting,best_rule,FOLD-RM (fit),MathewsCC,0.6911764705882353,0.8586881677044118,25.52420711517334,100,100,30
Weight Lifting,best_rule,FOLD-RM (fit),MathewsCC,0.6764705882352942,0.8377737754220589,25.580623388290405,62,59,30
Weight Lifting,best_rule,FOLD-RM (fit),MathewsCC,0.8823529411764706,0.9056623168294119,25.640109300613403,44,43,30
Weight Lifting,best_rule,FOLD-RM (fit),MathewsCC,0.6176470588235294,0.8483452124720589,25.71184992790222,99,96,30
Weight Lifting,best_rule,FOLD-RM (fit),MathewsCC,0.6617647058823529,0.8358581530808823,25.92851686477661,68,63,30
Weight Lifting,best_rule,FOLD-RM (fit),MathewsCC,0.7647058823529411,0.9102566200279412,25.93773651123047,109,113,30
Weight Lifting,best_rule,FOLD-RM (fit),MathewsCC,0.75,0.8413102018720587,26.02726435661316,50,50,30
Weight Lifting,best_rule,FOLD-RM (fit),MathewsCC,0.6617647058823529,0.8508183782852942,26.061362504959106,106,109,30
Weight Lifting,best_rule,FOLD-RM (fit),MathewsCC,0.6470588235294118,0.8638374921647058,26.13371968269348,99,103,30
Weight Lifting,best_rule,FOLD-RM (fit),MathewsCC,0.6764705882352942,0.8450257220544117,26.138739585876465,102,103,30
Weight Lifting,best_rule,FOLD-RM (fit),MathewsCC_mod,0.8676470588235294,0.8834408346852942,19.241305351257324,42,45,30
Weight Lifting,best_rule,FOLD-RM (fit),MathewsCC_mod,0.7647058823529411,0.837055696182353,19.647359371185303,37,38,30
Weight Lifting,best_rule,FOLD-RM (fit),MathewsCC_mod,0.8676470588235294,0.8960117507470587,21.4905846118927,42,44,30
Weight Lifting,best_rule,FOLD-RM (fit),MathewsCC_mod,0.75,0.7955817987544118,21.75705647468567,39,38,30
Weight Lifting,best_rule,FOLD-RM (fit),MathewsCC_mod,0.7794117647058824,0.8365308171647059,21.808262586593628,34,39,30
Weight Lifting,best_rule,FOLD-RM (fit),MathewsCC_mod,0.8088235294117647,0.8509993859529411,21.903687000274658,45,47,30
Weight Lifting,best_rule,FOLD-RM (fit),MathewsCC_mod,0.7647058823529411,0.8177063539323528,22.858598709106445,49,49,30
Weight Lifting,best_rule,FOLD-RM (fit),MathewsCC_mod,0.7794117647058824,0.8146093591485295,23.268287897109985,42,42,30
Weight Lifting,best_rule,FOLD-RM (fit),MathewsCC_mod,0.75,0.8129789599705883,23.2908353805542,39,43,30
Weight Lifting,best_rule,FOLD-RM (fit),MathewsCC_mod,0.8529411764705882,0.8845969887308823,23.279329776763916,43,48,30
Weight Lifting,best_rule,FOLD-RM (fit),MathewsCC_mod,0.8235294117647058,0.8677753510941177,23.929824829101562,41,41,30
Weight Lifting,best_rule,FOLD-RM (fit),MathewsCC_mod,0.8088235294117647,0.8487946825455883,24.03521418571472,42,44,30
Weight Lifting,best_rule,FOLD-RM (fit),MathewsCC_mod,0.8676470588235294,0.8996142622044119,24.08167576789856,35,36,30
Weight Lifting,best_rule,FOLD-RM (fit),MathewsCC_mod,0.7941176470588235,0.8254197211911765,24.15464735031128,42,45,30
Weight Lifting,best_rule,FOLD-RM (fit),MathewsCC_mod,0.7941176470588235,0.8263601687529412,24.17635202407837,36,37,30
Weight Lifting,best_rule,FOLD-RM (fit),MathewsCC_mod,0.7794117647058824,0.8317884728970588,24.268834114074707,44,46,30
Weight Lifting,best_rule,FOLD-RM (fit),MathewsCC_mod,0.8382352941176471,0.8768570965705883,24.28690266609192,43,45,30
Weight Lifting,best_rule,FOLD-RM (fit),MathewsCC_mod,0.7941176470588235,0.8499112538808824,24.622812032699585,44,48,30
Weight Lifting,best_rule,FOLD-RM (fit),MathewsCC_mod,0.7647058823529411,0.8271398738485294,24.82288146018982,44,48,30
Weight Lifting,best_rule,FOLD-RM (fit),MathewsCC_mod,0.7794117647058824,0.8111996196617648,25.053536415100098,45,45,30
Weight Lifting,best_rule,FOLD-RM (fit),MathewsCC_mod,0.7941176470588235,0.8794941819852942,25.090192794799805,45,43,30
Weight Lifting,best_rule,FOLD-RM (fit),MathewsCC_mod,0.8382352941176471,0.8803177466411765,25.237533807754517,42,47,30
Weight Lifting,best_rule,FOLD-RM (fit),MathewsCC_mod,0.8235294117647058,0.8659628231514706,25.249719381332397,43,47,30
Weight Lifting,best_rule,FOLD-RM (fit),MathewsCC_mod,0.8088235294117647,0.8400848629602942,25.312963724136353,49,48,30
Weight Lifting,best_rule,FOLD-RM (fit),MathewsCC_mod,0.8529411764705882,0.8813007401544118,25.464036226272583,49,50,30
Weight Lifting,best_rule,FOLD-RM (fit),MathewsCC_mod,0.8382352941176471,0.8741134850014706,25.503963232040405,41,43,30
Weight Lifting,best_rule,FOLD-RM (fit),MathewsCC_mod,0.8676470588235294,0.9047508139676471,25.707177877426147,46,46,30
Weight Lifting,best_rule,FOLD-RM (fit),MathewsCC_mod,0.7794117647058824,0.8157368419235295,25.80102229118347,45,44,30
Weight Lifting,best_rule,FOLD-RM (fit),MathewsCC_mod,0.7205882352941176,0.7764788435308825,25.977773666381836,46,46,30
Weight Lifting,best_rule,FOLD-RM (fit),MathewsCC_mod,0.8382352941176471,0.8597365242,25.988006591796875,41,39,30
Weight Lifting,best_rule,FOLD-RM (fit),MathewsP,0.7794117647058824,0.8274605321470588,23.83927321434021,41,38,30
Weight Lifting,best_rule,FOLD-RM (fit),MathewsP,0.7352941176470589,0.7998085046397059,24.01054072380066,44,40,30
Weight Lifting,best_rule,FOLD-RM (fit),MathewsP,0.8235294117647058,0.8452515490220589,26.297308206558228,49,44,30
Weight Lifting,best_rule,FOLD-RM (fit),MathewsP,0.8088235294117647,0.8343838022191176,27.285862922668457,45,44,30
Weight Lifting,best_rule,FOLD-RM (fit),MathewsP,0.7647058823529411,0.8442607161220588,27.656880140304565,45,41,30
Weight Lifting,best_rule,FOLD-RM (fit),MathewsP,0.7941176470588235,0.8282467676117649,27.653196573257446,42,40,30
Weight Lifting,best_rule,FOLD-RM (fit),MathewsP,0.7352941176470589,0.79007010685,28.154771089553833,43,40,30
Weight Lifting,best_rule,FOLD-RM (fit),MathewsP,0.8088235294117647,0.8275297783235296,28.926884651184082,42,39,30
Weight Lifting,best_rule,FOLD-RM (fit),MathewsP,0.7794117647058824,0.8201150452647058,29.08338952064514,44,39,30
Weight Lifting,best_rule,FOLD-RM (fit),MathewsP,0.8676470588235294,0.8886169583691176,30.05284023284912,47,45,30
Weight Lifting,best_rule,FOLD-RM (fit),MathewsP,0.7794117647058824,0.8091798295838236,30.0807044506073,43,40,30
Weight Lifting,best_rule,FOLD-RM (fit),MathewsP,0.8382352941176471,0.8690442908661766,30.64583730697632,45,44,30
Weight Lifting,best_rule,FOLD-RM (fit),MathewsP,0.8970588235294118,0.9170652432058823,30.768304586410522,49,45,30
Weight Lifting,best_rule,FOLD-RM (fit),MathewsP,0.8529411764705882,0.8797186850147058,30.755731105804443,48,45,30
Weight Lifting,best_rule,FOLD-RM (fit),MathewsP,0.6911764705882353,0.7800156240323529,30.784924745559692,44,43,30
Weight Lifting,best_rule,FOLD-RM (fit),MathewsP,0.7941176470588235,0.8199560684955882,30.918334007263184,45,43,30
Weight Lifting,best_rule,FOLD-RM (fit),MathewsP,0.8235294117647058,0.8727670831411765,31.067435026168823,47,44,30
Weight Lifting,best_rule,FOLD-RM (fit),MathewsP,0.8088235294117647,0.8350290964073529,31.105203866958618,43,41,30
Weight Lifting,best_rule,FOLD-RM (fit),MathewsP,0.8529411764705882,0.8674388890205882,31.345499753952026,44,42,30
Weight Lifting,best_rule,FOLD-RM (fit),MathewsP,0.8382352941176471,0.8570088490882354,31.37026286125183,43,40,30
Weight Lifting,best_rule,FOLD-RM (fit),MathewsP,0.7647058823529411,0.826787755975,31.451762676239014,48,47,30
Weight Lifting,best_rule,FOLD-RM (fit),MathewsP,0.8088235294117647,0.8303531248191177,31.54320216178894,40,38,30
Weight Lifting,best_rule,FOLD-RM (fit),MathewsP,0.7941176470588235,0.8399322743808824,31.671982288360596,47,42,30
Weight Lifting,best_rule,FOLD-RM (fit),MathewsP,0.8235294117647058,0.853553997964706,31.67216181755066,46,43,30
Weight Lifting,best_rule,FOLD-RM (fit),MathewsP,0.8529411764705882,0.8714076599073528,31.91855239868164,47,45,30
Weight Lifting,best_rule,FOLD-RM (fit),MathewsP,0.8235294117647058,0.8572601229235294,31.960646152496338,45,43,30
Weight Lifting,best_rule,FOLD-RM (fit),MathewsP,0.8382352941176471,0.8651551367823529,31.970975875854492,50,48,30
Weight Lifting,best_rule,FOLD-RM (fit),MathewsP,0.8235294117647058,0.8522199246014707,32.15520358085632,49,47,30
Weight Lifting,best_rule,FOLD-RM (fit),MathewsP,0.8529411764705882,0.8763092265308824,32.19934892654419,45,44,30
Weight Lifting,best_rule,FOLD-RM (fit),MathewsP,0.8088235294117647,0.8397852692897059,32.22732758522034,44,42,30
Weight Lifting,best_rule,FOLD-RM (fit),MathewsP2,0.8235294117647058,0.8532798992588235,29.36617112159729,46,43,30
Weight Lifting,best_rule,FOLD-RM (fit),MathewsP2,0.8235294117647058,0.8456858805382352,30.536032915115356,45,43,30
Weight Lifting,best_rule,FOLD-RM (fit),MathewsP2,0.8676470588235294,0.8944117590911764,31.087904453277588,44,41,30
Weight Lifting,best_rule,FOLD-RM (fit),MathewsP2,0.8088235294117647,0.8377625503294118,32.55785059928894,46,45,30
Weight Lifting,best_rule,FOLD-RM (fit),MathewsP2,0.7941176470588235,0.8406581474117647,33.10472869873047,43,40,30
Weight Lifting,best_rule,FOLD-RM (fit),MathewsP2,0.8235294117647058,0.8559064566485294,33.1884286403656,46,43,30
Weight Lifting,best_rule,FOLD-RM (fit),MathewsP2,0.75,0.8008542340250001,33.390361070632935,43,39,30
Weight Lifting,best_rule,FOLD-RM (fit),MathewsP2,0.8235294117647058,0.8621746406926472,33.63781523704529,46,43,30
Weight Lifting,best_rule,FOLD-RM (fit),MathewsP2,0.8235294117647058,0.843513411835294,33.64672350883484,44,43,30
Weight Lifting,best_rule,FOLD-RM (fit),MathewsP2,0.7794117647058824,0.8364522300382354,34.88949990272522,50,46,30
Weight Lifting,best_rule,FOLD-RM (fit),MathewsP2,0.7941176470588235,0.8300367623852941,34.99909496307373,47,46,30
Weight Lifting,best_rule,FOLD-RM (fit),MathewsP2,0.8088235294117647,0.8411398780470588,35.03523826599121,46,44,30
Weight Lifting,best_rule,FOLD-RM (fit),MathewsP2,0.8235294117647058,0.8668164316852941,35.343883752822876,46,45,30
Weight Lifting,best_rule,FOLD-RM (fit),MathewsP2,0.7205882352941176,0.7682724483500001,35.38617491722107,42,40,30
Weight Lifting,best_rule,FOLD-RM (fit),MathewsP2,0.7794117647058824,0.807714917660294,35.765509843826294,46,43,30
Weight Lifting,best_rule,FOLD-RM (fit),MathewsP2,0.8382352941176471,0.8674671702132353,35.79724168777466,48,45,30
Weight Lifting,best_rule,FOLD-RM (fit),MathewsP2,0.8088235294117647,0.8428170914632355,36.05575513839722,47,45,30
Weight Lifting,best_rule,FOLD-RM (fit),MathewsP2,0.8235294117647058,0.8644061313338235,36.16552424430847,54,50,30
Weight Lifting,best_rule,FOLD-RM (fit),MathewsP2,0.7352941176470589,0.792705069435294,36.39616823196411,44,42,30
Weight Lifting,best_rule,FOLD-RM (fit),MathewsP2,0.8382352941176471,0.8788088246191176,36.49453616142273,53,51,30
Weight Lifting,best_rule,FOLD-RM (fit),MathewsP2,0.8235294117647058,0.8744170831455883,36.57703447341919,49,46,30
Weight Lifting,best_rule,FOLD-RM (fit),MathewsP2,0.8529411764705882,0.8833605866235295,36.607916831970215,50,47,30
Weight Lifting,best_rule,FOLD-RM (fit),MathewsP2,0.75,0.8114325945808822,36.781304359436035,50,50,30
Weight Lifting,best_rule,FOLD-RM (fit),MathewsP2,0.8529411764705882,0.9011114057102941,37.02426886558533,55,51,30
Weight Lifting,best_rule,FOLD-RM (fit),MathewsP2,0.7941176470588235,0.8645665961661766,37.17226314544678,51,47,30
Weight Lifting,best_rule,FOLD-RM (fit),MathewsP2,0.8382352941176471,0.8585169455455881,37.19716262817383,49,45,30
Weight Lifting,best_rule,FOLD-RM (fit),MathewsP2,0.7941176470588235,0.8231161170382353,37.32639670372009,48,45,30
Weight Lifting,best_rule,FOLD-RM (fit),MathewsP2,0.8088235294117647,0.8374623373558824,37.456239461898804,49,46,30
Weight Lifting,best_rule,FOLD-RM (fit),MathewsP2,0.7205882352941176,0.7722675745558825,37.635069131851196,52,49,30
Weight Lifting,best_rule,FOLD-RM (fit),MathewsP2,0.8382352941176471,0.878260304217647,37.69739532470703,57,48,30
Weight Lifting,best_rule,FOLD-RM (fit),MathewsP3,0.75,0.7853331199955883,35.83443903923035,46,43,30
Weight Lifting,best_rule,FOLD-RM (fit),MathewsP3,0.8529411764705882,0.8842972286838235,36.100157260894775,45,41,30
Weight Lifting,best_rule,FOLD-RM (fit),MathewsP3,0.7352941176470589,0.8068346017867647,36.53500962257385,47,42,30
Weight Lifting,best_rule,FOLD-RM (fit),MathewsP3,0.7647058823529411,0.8330765448691176,37.83040475845337,52,47,30
Weight Lifting,best_rule,FOLD-RM (fit),MathewsP3,0.7352941176470589,0.8190273132764704,39.41993570327759,48,41,30
Weight Lifting,best_rule,FOLD-RM (fit),MathewsP3,0.7352941176470589,0.8125291750029411,40.42945837974548,54,45,30
Weight Lifting,best_rule,FOLD-RM (fit),MathewsP3,0.75,0.7997650355250001,41.06367492675781,50,48,30
Weight Lifting,best_rule,FOLD-RM (fit),MathewsP3,0.75,0.8322646522058823,41.14265251159668,50,48,30
Weight Lifting,best_rule,FOLD-RM (fit),MathewsP3,0.8382352941176471,0.8610784147367647,41.40827941894531,48,47,30
Weight Lifting,best_rule,FOLD-RM (fit),MathewsP3,0.7205882352941176,0.8066092355720587,41.7457320690155,58,55,30
Weight Lifting,best_rule,FOLD-RM (fit),MathewsP3,0.8088235294117647,0.8394779871544118,41.91385006904602,50,45,30
Weight Lifting,best_rule,FOLD-RM (fit),MathewsP3,0.6911764705882353,0.8167447178617647,42.02792549133301,55,48,30
Weight Lifting,best_rule,FOLD-RM (fit),MathewsP3,0.8382352941176471,0.878289371442647,42.48401427268982,53,51,30
Weight Lifting,best_rule,FOLD-RM (fit),MathewsP3,0.8529411764705882,0.8713350747588235,42.621254205703735,51,49,30
Weight Lifting,best_rule,FOLD-RM (fit),MathewsP3,0.6911764705882353,0.7868292256205882,43.46221113204956,56,53,30
Weight Lifting,best_rule,FOLD-RM (fit),MathewsP3,0.8529411764705882,0.8712309502911765,43.900485038757324,56,54,30
Weight Lifting,best_rule,FOLD-RM (fit),MathewsP3,0.7647058823529411,0.8185250129808824,44.56841802597046,54,50,30
Weight Lifting,best_rule,FOLD-RM (fit),MathewsP3,0.8088235294117647,0.8582724300397058,45.256760120391846,50,45,30
Weight Lifting,best_rule,FOLD-RM (fit),MathewsP3,0.7941176470588235,0.8550439015735294,45.54598641395569,53,46,30
Weight Lifting,best_rule,FOLD-RM (fit),MathewsP3,0.8235294117647058,0.8516073695941176,45.610257625579834,52,47,30
Weight Lifting,best_rule,FOLD-RM (fit),MathewsP3,0.7647058823529411,0.8381805917102941,46.124979972839355,59,54,30
Weight Lifting,best_rule,FOLD-RM (fit),MathewsP3,0.7941176470588235,0.8351056778852941,46.16255784034729,52,48,30
Weight Lifting,best_rule,FOLD-RM (fit),MathewsP3,0.75,0.8500139809323528,46.188902854919434,66,61,30
Weight Lifting,best_rule,FOLD-RM (fit),MathewsP3,0.7647058823529411,0.8305768942367647,46.180888652801514,57,55,30
Weight Lifting,best_rule,FOLD-RM (fit),MathewsP3,0.8676470588235294,0.8846603224029411,46.420955181121826,55,54,30
Weight Lifting,best_rule,FOLD-RM (fit),MathewsP3,0.8088235294117647,0.8586430274794118,46.626490116119385,62,61,30
Weight Lifting,best_rule,FOLD-RM (fit),MathewsP3,0.8235294117647058,0.8538026183058823,46.63591980934143,52,49,30
Weight Lifting,best_rule,FOLD-RM (fit),MathewsP3,0.7941176470588235,0.8430424728882352,46.8191819190979,59,53,30
Weight Lifting,best_rule,FOLD-RM (fit),MathewsP3,0.8088235294117647,0.8541669296470589,47.0602068901062,58,53,30
Weight Lifting,best_rule,FOLD-RM (fit),MathewsP3,0.75,0.8233296341499999,47.12546634674072,61,59,30
Weight Lifting,info_gain,FOLD-RM (fit),original,0.7794117647058824,0.8545330194426471,3.2719602584838867,31,36,30
Weight Lifting,info_gain,FOLD-RM (fit),original,0.7647058823529411,0.8393579614411766,3.2991697788238525,40,50,30
Weight Lifting,info_gain,FOLD-RM (fit),original,0.8088235294117647,0.8463248645911765,3.4573466777801514,37,40,30
Weight Lifting,info_gain,FOLD-RM (fit),original,0.8088235294117647,0.8560600985838236,3.62754225730896,37,43,30
Weight Lifting,info_gain,FOLD-RM (fit),original,0.7058823529411765,0.8307653497499999,3.7304186820983887,39,47,30
Weight Lifting,info_gain,FOLD-RM (fit),original,0.8823529411764706,0.9055236042264706,3.7856006622314453,35,45,30
Weight Lifting,info_gain,FOLD-RM (fit),original,0.7205882352941176,0.8339722087308823,4.016070604324341,40,47,30
Weight Lifting,info_gain,FOLD-RM (fit),original,0.7647058823529411,0.8634046200191177,4.049445390701294,41,46,30
Weight Lifting,info_gain,FOLD-RM (fit),original,0.7058823529411765,0.810548962582353,4.131659746170044,33,38,30
Weight Lifting,info_gain,FOLD-RM (fit),original,0.8529411764705882,0.9084230426102942,4.151952266693115,39,50,30
Weight Lifting,info_gain,FOLD-RM (fit),original,0.6764705882352942,0.801869911807353,4.275691032409668,38,46,30
Weight Lifting,info_gain,FOLD-RM (fit),original,0.7352941176470589,0.81819915775,4.292003870010376,34,42,30
Weight Lifting,info_gain,FOLD-RM (fit),original,0.75,0.8060666556779412,4.4060516357421875,36,45,30
Weight Lifting,info_gain,FOLD-RM (fit),original,0.7647058823529411,0.8490732225235293,4.443890333175659,43,51,30
Weight Lifting,info_gain,FOLD-RM (fit),original,0.7794117647058824,0.8441948056764706,4.4857659339904785,35,52,30
Weight Lifting,info_gain,FOLD-RM (fit),original,0.7941176470588235,0.8631457567088235,4.547461986541748,41,50,30
Weight Lifting,info_gain,FOLD-RM (fit),original,0.7794117647058824,0.867116103525,4.5530781745910645,46,54,30
Weight Lifting,info_gain,FOLD-RM (fit),original,0.8823529411764706,0.9189542671852942,4.607726812362671,45,59,30
Weight Lifting,info_gain,FOLD-RM (fit),original,0.7794117647058824,0.8601387098794119,4.6236045360565186,44,55,30
Weight Lifting,info_gain,FOLD-RM (fit),original,0.7794117647058824,0.8771920617955882,4.643222332000732,44,56,30
Weight Lifting,info_gain,FOLD-RM (fit),original,0.7794117647058824,0.8537235264808825,4.650756120681763,35,44,30
Weight Lifting,info_gain,FOLD-RM (fit),original,0.7647058823529411,0.8530550134676471,4.667982339859009,45,49,30
Weight Lifting,info_gain,FOLD-RM (fit),original,0.8529411764705882,0.8940227946029412,4.67415976524353,33,33,30
Weight Lifting,info_gain,FOLD-RM (fit),original,0.7205882352941176,0.7747271747588235,4.687250137329102,42,48,30
Weight Lifting,info_gain,FOLD-RM (fit),original,0.7205882352941176,0.8542174351897059,4.707634449005127,40,51,30
Weight Lifting,info_gain,FOLD-RM (fit),original,0.8235294117647058,0.8793971248191177,4.786863088607788,40,47,30
Weight Lifting,info_gain,FOLD-RM (fit),original,0.75,0.8057115039382354,4.783374309539795,34,40,30
Weight Lifting,info_gain,FOLD-RM (fit),original,0.8235294117647058,0.8809819695044118,4.785374402999878,47,52,30
Weight Lifting,info_gain,FOLD-RM (fit),original,0.8088235294117647,0.8597953344764706,4.83436918258667,41,49,30
Weight Lifting,info_gain,FOLD-RM (fit),original,0.7794117647058824,0.8459378211647058,4.851063251495361,40,46,30
Weight Lifting,info_gain,FOLD-RM (fit),original_guarded,0.7647058823529411,0.8402692774455882,1.8530666828155518,40,47,30
Weight Lifting,info_gain,FOLD-RM (fit),original_guarded,0.8529411764705882,0.8958649296044118,2.3348822593688965,43,56,30
Weight Lifting,info_gain,FOLD-RM (fit),original_guarded,0.8088235294117647,0.8627825857720588,2.396646499633789,43,52,30
Weight Lifting,info_gain,FOLD-RM (fit),original_guarded,0.7352941176470589,0.845921879117647,2.5384902954101562,39,48,30
Weight Lifting,info_gain,FOLD-RM (fit),original_guarded,0.8382352941176471,0.859546388832353,2.7380824089050293,44,54,30
Weight Lifting,info_gain,FOLD-RM (fit),original_guarded,0.7794117647058824,0.8307823573014705,2.788784980773926,37,48,30
Weight Lifting,info_gain,FOLD-RM (fit),original_guarded,0.8676470588235294,0.9000012071955882,2.792081117630005,39,52,30
Weight Lifting,info_gain,FOLD-RM (fit),original_guarded,0.7647058823529411,0.8544865499382353,2.8461520671844482,38,43,30
Weight Lifting,info_gain,FOLD-RM (fit),original_guarded,0.8235294117647058,0.869575558825,2.8840115070343018,42,54,30
Weight Lifting,info_gain,FOLD-RM (fit),original_guarded,0.7647058823529411,0.8203305532632352,3.136834144592285,41,46,30
Weight Lifting,info_gain,FOLD-RM (fit),original_guarded,0.7941176470588235,0.8633645324279412,3.178067207336426,43,52,30
Weight Lifting,info_gain,FOLD-RM (fit),original_guarded,0.7941176470588235,0.870486896425,3.3239591121673584,39,50,30
Weight Lifting,info_gain,FOLD-RM (fit),original_guarded,0.7352941176470589,0.827205800507353,3.3429019451141357,41,45,30
Weight Lifting,info_gain,FOLD-RM (fit),original_guarded,0.8088235294117647,0.8557487777926471,3.3599233627319336,44,52,30
Weight Lifting,info_gain,FOLD-RM (fit),original_guarded,0.8382352941176471,0.8670584069102941,3.3937673568725586,42,51,30
Weight Lifting,info_gain,FOLD-RM (fit),original_guarded,0.7352941176470589,0.7960839490617647,3.4347519874572754,39,44,30
Weight Lifting,info_gain,FOLD-RM (fit),original_guarded,0.8088235294117647,0.8713634840058824,3.4572887420654297,44,57,30
Weight Lifting,info_gain,FOLD-RM (fit),original_guarded,0.8088235294117647,0.8624839817338236,3.508164167404175,38,46,30
Weight Lifting,info_gain,FOLD-RM (fit),original_guarded,0.8235294117647058,0.8697078580117646,3.5250489711761475,43,59,30
Weight Lifting,info_gain,FOLD-RM (fit),original_guarded,0.7941176470588235,0.8490341112691177,3.527158260345459,41,50,30
Weight Lifting,info_gain,FOLD-RM (fit),original_guarded,0.8235294117647058,0.9037252910147059,3.559741258621216,46,60,30
Weight Lifting,info_gain,FOLD-RM (fit),original_guarded,0.7647058823529411,0.8565980882588236,3.606518507003784,38,47,30
Weight Lifting,info_gain,FOLD-RM (fit),original_guarded,0.7352941176470589,0.8251169138176471,3.6043589115142822,45,57,30
Weight Lifting,info_gain,FOLD-RM (fit),original_guarded,0.8382352941176471,0.8633574648220589,3.641948938369751,45,49,30
Weight Lifting,info_gain,FOLD-RM (fit),original_guarded,0.7794117647058824,0.8707312499661766,3.6801483631134033,40,49,30
Weight Lifting,info_gain,FOLD-RM (fit),original_guarded,0.75,0.8430120513897059,3.704484224319458,37,42,30
Weight Lifting,info_gain,FOLD-RM (fit),original_guarded,0.8235294117647058,0.8484318756426471,3.704484224319458,44,54,30
Weight Lifting,info_gain,FOLD-RM (fit),original_guarded,0.8088235294117647,0.8650146056955883,3.704484224319458,41,52,30
Weight Lifting,info_gain,FOLD-RM (fit),original_guarded,0.7941176470588235,0.878451185407353,3.7048542499542236,46,55,30
Weight Lifting,info_gain,FOLD-RM (fit),original_guarded,0.8235294117647058,0.8992424486176469,3.7253847122192383,41,55,30
Weight Lifting,info_gain,FOLD-RM (fit),original_reweighted,0.8235294117647058,0.8627720293485295,4.795267820358276,34,39,30
Weight Lifting,info_gain,FOLD-RM (fit),original_reweighted,0.8382352941176471,0.8920856162264706,4.8560168743133545,41,60,30
Weight Lifting,info_gain,FOLD-RM (fit),original_reweighted,0.8529411764705882,0.8823074698676471,5.6474645137786865,42,63,30
Weight Lifting,info_gain,FOLD-RM (fit),original_reweighted,0.75,0.8293237471323529,5.696996212005615,38,52,30
Weight Lifting,info_gain,FOLD-RM (fit),original_reweighted,0.8529411764705882,0.8985626443058824,5.868421792984009,44,54,30
Weight Lifting,info_gain,FOLD-RM (fit),original_reweighted,0.7794117647058824,0.8469927366250001,5.891030788421631,42,53,30
Weight Lifting,info_gain,FOLD-RM (fit),original_reweighted,0.8235294117647058,0.8565618286323529,5.901895046234131,46,60,30
Weight Lifting,info_gain,FOLD-RM (fit),original_reweighted,0.7058823529411765,0.7926759644014705,6.026042461395264,42,55,30
Weight Lifting,info_gain,FOLD-RM (fit),original_reweighted,0.7647058823529411,0.8199667049617647,6.016035318374634,40,53,30
Weight Lifting,info_gain,FOLD-RM (fit),original_reweighted,0.8823529411764706,0.9059267825544118,6.0477705001831055,41,59,30
Weight Lifting,info_gain,FOLD-RM (fit),original_reweighted,0.7794117647058824,0.8572827731926471,6.179946422576904,40,53,30
Weight Lifting,info_gain,FOLD-RM (fit),original_reweighted,0.7647058823529411,0.8519633250852942,6.241687297821045,41,56,30
Weight Lifting,info_gain,FOLD-RM (fit),original_reweighted,0.7941176470588235,0.8371518574029411,6.324820518493652,42,56,30
Weight Lifting,info_gain,FOLD-RM (fit),original_reweighted,0.7352941176470589,0.7675606517235295,6.419682741165161,39,52,30
Weight Lifting,info_gain,FOLD-RM (fit),original_reweighted,0.75,0.7972983518338236,6.483365774154663,30,44,30
Weight Lifting,info_gain,FOLD-RM (fit),original_reweighted,0.8676470588235294,0.8928053994455882,6.565279722213745,44,63,30
Weight Lifting,info_gain,FOLD-RM (fit),original_reweighted,0.7794117647058824,0.866887170882353,6.565279722213745,44,58,30
Weight Lifting,info_gain,FOLD-RM (fit),original_reweighted,0.75,0.8125476682808825,6.6950061321258545,41,57,30
Weight Lifting,info_gain,FOLD-RM (fit),original_reweighted,0.7941176470588235,0.8409487301852941,6.756780385971069,42,56,30
Weight Lifting,info_gain,FOLD-RM (fit),original_reweighted,0.7941176470588235,0.8510050346205883,6.786588430404663,45,61,30
Weight Lifting,info_gain,FOLD-RM (fit),original_reweighted,0.6911764705882353,0.8226832546338236,6.7882490158081055,41,57,30
Weight Lifting,info_gain,FOLD-RM (fit),original_reweighted,0.7647058823529411,0.8477113841750001,6.810816526412964,40,52,30
Weight Lifting,info_gain,FOLD-RM (fit),original_reweighted,0.7647058823529411,0.8148828709897058,6.828300714492798,41,54,30
Weight Lifting,info_gain,FOLD-RM (fit),original_reweighted,0.8088235294117647,0.893053223814706,6.838792085647583,37,53,30
Weight Lifting,info_gain,FOLD-RM (fit),original_reweighted,0.7352941176470589,0.8243536355926471,6.940451622009277,34,44,30
Weight Lifting,info_gain,FOLD-RM (fit),original_reweighted,0.8235294117647058,0.9016606715264706,6.950592517852783,46,70,30
Weight Lifting,info_gain,FOLD-RM (fit),original_reweighted,0.7941176470588235,0.879560420592647,6.960955858230591,41,64,30
Weight Lifting,info_gain,FOLD-RM (fit),original_reweighted,0.8382352941176471,0.8789968931544117,6.975424289703369,41,58,30
Weight Lifting,info_gain,FOLD-RM (fit),original_reweighted,0.8088235294117647,0.8844698667235295,6.987412691116333,42,64,30
Weight Lifting,info_gain,FOLD-RM (fit),original_reweighted,0.7647058823529411,0.818721893545588,6.960599660873413,37,50,30
Weight Lifting,info_gain,FOLD-RM (fit),original_t_removed,0.7205882352941176,0.8036689899911764,5.052119493484497,40,60,30
Weight Lifting,info_gain,FOLD-RM (fit),original_t_removed,0.7647058823529411,0.8354493187235295,5.128423690795898,32,52,30
Weight Lifting,info_gain,FOLD-RM (fit),original_t_removed,0.7647058823529411,0.8179414684852941,5.422444820404053,37,65,30
Weight Lifting,info_gain,FOLD-RM (fit),original_t_removed,0.7941176470588235,0.8448213562808823,5.671220541000366,38,60,30
Weight Lifting,info_gain,FOLD-RM (fit),original_t_removed,0.7352941176470589,0.8029957492955883,6.024734020233154,30,49,30
Weight Lifting,info_gain,FOLD-RM (fit),original_t_removed,0.7205882352941176,0.7946736014764705,6.505035638809204,44,67,30
Weight Lifting,info_gain,FOLD-RM (fit),original_t_removed,0.8235294117647058,0.8527458758558825,6.52387261390686,36,57,30
Weight Lifting,info_gain,FOLD-RM (fit),original_t_removed,0.7941176470588235,0.8433093539558824,6.631283521652222,40,65,30
Weight Lifting,info_gain,FOLD-RM (fit),original_t_removed,0.8676470588235294,0.8912183628220588,6.6601762771606445,42,66,30
Weight Lifting,info_gain,FOLD-RM (fit),original_t_removed,0.7647058823529411,0.8281982086205883,6.923611402511597,34,56,30
Weight Lifting,info_gain,FOLD-RM (fit),original_t_removed,0.7352941176470589,0.8374932914544116,6.956284999847412,43,66,30
Weight Lifting,info_gain,FOLD-RM (fit),original_t_removed,0.8088235294117647,0.8639997788941176,7.043882846832275,39,63,30
Weight Lifting,info_gain,FOLD-RM (fit),original_t_removed,0.75,0.8115960954852941,7.273796558380127,36,65,30
Weight Lifting,info_gain,FOLD-RM (fit),original_t_removed,0.7794117647058824,0.840676443685294,7.296980381011963,37,59,30
Weight Lifting,info_gain,FOLD-RM (fit),original_t_removed,0.7941176470588235,0.871098790660294,7.316331148147583,44,68,30
Weight Lifting,info_gain,FOLD-RM (fit),original_t_removed,0.7647058823529411,0.8525621272514705,7.32784628868103,46,70,30
Weight Lifting,info_gain,FOLD-RM (fit),original_t_removed,0.7794117647058824,0.8659910673352941,7.398784637451172,39,66,30
Weight Lifting,info_gain,FOLD-RM (fit),original_t_removed,0.7647058823529411,0.841369011157353,7.600201845169067,41,58,30
Weight Lifting,info_gain,FOLD-RM (fit),original_t_removed,0.6617647058823529,0.8134057609735293,7.7066779136657715,45,71,30
Weight Lifting,info_gain,FOLD-RM (fit),original_t_removed,0.7352941176470589,0.7964390073220589,7.879186630249023,38,67,30
Weight Lifting,info_gain,FOLD-RM (fit),original_t_removed,0.7794117647058824,0.8688738168000001,7.910751104354858,44,71,30
Weight Lifting,info_gain,FOLD-RM (fit),original_t_removed,0.8088235294117647,0.8938045347970589,8.170979976654053,50,75,30
Weight Lifting,info_gain,FOLD-RM (fit),original_t_removed,0.7941176470588235,0.8791345833117646,8.181763172149658,46,73,30
Weight Lifting,info_gain,FOLD-RM (fit),original_t_removed,0.8529411764705882,0.8893394287205881,8.26297402381897,47,84,30
Weight Lifting,info_gain,FOLD-RM (fit),original_t_removed,0.7647058823529411,0.8544095813132353,8.448693752288818,53,83,30
Weight Lifting,info_gain,FOLD-RM (fit),original_t_removed,0.75,0.8448222614338236,8.478755712509155,49,75,30
Weight Lifting,info_gain,FOLD-RM (fit),original_t_removed,0.75,0.8074495410485294,8.507246255874634,43,67,30
Weight Lifting,info_gain,FOLD-RM (fit),original_t_removed,0.8382352941176471,0.8842902416558823,8.52591347694397,51,89,30
Weight Lifting,info_gain,FOLD-RM (fit),original_t_removed,0.8235294117647058,0.9051191384867647,8.54040813446045,48,81,30
Weight Lifting,info_gain,FOLD-RM (fit),original_t_removed,0.8529411764705882,0.8971651912602941,8.574288845062256,51,84,30
Weight Lifting,info_gain,FOLD-RM (fit),IG_over_P,0.5735294117647058,0.7878962966749998,21.870239973068237,173,172,30
Weight Lifting,info_gain,FOLD-RM (fit),IG_over_P,0.5294117647058824,0.765925632985294,23.22793221473694,160,159,30
Weight Lifting,info_gain,FOLD-RM (fit),IG_over_P,0.6323529411764706,0.7963604035720587,23.57461452484131,178,177,30
Weight Lifting,info_gain,FOLD-RM (fit),IG_over_P,0.6323529411764706,0.7909123668573528,23.829200506210327,186,185,30
Weight Lifting,info_gain,FOLD-RM (fit),IG_over_P,0.6029411764705882,0.8138069456161765,23.83577251434326,180,179,30
Weight Lifting,info_gain,FOLD-RM (fit),IG_over_P,0.5588235294117647,0.789526197285294,24.001116514205933,183,182,30
Weight Lifting,info_gain,FOLD-RM (fit),IG_over_P,0.5294117647058824,0.770579275567647,24.230409145355225,165,164,30
Weight Lifting,info_gain,FOLD-RM (fit),IG_over_P,0.5735294117647058,0.7985004413235293,24.412452220916748,203,202,30
Weight Lifting,info_gain,FOLD-RM (fit),IG_over_P,0.4411764705882353,0.7754862474220587,24.75242519378662,186,185,30
Weight Lifting,info_gain,FOLD-RM (fit),IG_over_P,0.6029411764705882,0.787388295357353,25.246927499771118,191,190,30
Weight Lifting,info_gain,FOLD-RM (fit),IG_over_P,0.5588235294117647,0.7849235292352941,25.348441123962402,175,174,30
Weight Lifting,info_gain,FOLD-RM (fit),IG_over_P,0.5882352941176471,0.8027415357632353,25.558127641677856,193,192,30
Weight Lifting,info_gain,FOLD-RM (fit),IG_over_P,0.5588235294117647,0.7908511714529411,25.66855025291443,182,181,30
Weight Lifting,info_gain,FOLD-RM (fit),IG_over_P,0.6176470588235294,0.8202274593514705,25.730618476867676,190,189,30
Weight Lifting,info_gain,FOLD-RM (fit),IG_over_P,0.5,0.7884601245911763,25.908908128738403,179,178,30
Weight Lifting,info_gain,FOLD-RM (fit),IG_over_P,0.5147058823529411,0.7772693334970587,26.450573444366455,187,186,30
Weight Lifting,info_gain,FOLD-RM (fit),IG_over_P,0.45588235294117646,0.7736925309588234,26.4914071559906,176,175,30
Weight Lifting,info_gain,FOLD-RM (fit),IG_over_P,0.4852941176470588,0.7861588741911764,26.481370210647583,195,194,30
Weight Lifting,info_gain,FOLD-RM (fit),IG_over_P,0.5882352941176471,0.7951523314411764,27.113328218460083,191,190,30
Weight Lifting,info_gain,FOLD-RM (fit),IG_over_P,0.6617647058823529,0.8101757181294117,27.191943883895874,193,192,30
Weight Lifting,info_gain,FOLD-RM (fit),IG_over_P,0.5147058823529411,0.7726428854720587,27.255335330963135,194,193,30
Weight Lifting,info_gain,FOLD-RM (fit),IG_over_P,0.5735294117647058,0.7722543384705882,27.408385038375854,170,169,30
Weight Lifting,info_gain,FOLD-RM (fit),IG_over_P,0.5735294117647058,0.7908620995720588,27.418431758880615,188,187,30
Weight Lifting,info_gain,FOLD-RM (fit),IG_over_P,0.6617647058823529,0.7912523562573529,27.50621771812439,192,191,30
Weight Lifting,info_gain,FOLD-RM (fit),IG_over_P,0.6470588235294118,0.8264183439073529,27.651021003723145,195,194,30
Weight Lifting,info_gain,FOLD-RM (fit),IG_over_P,0.6764705882352942,0.8050159666882353,27.778109312057495,184,183,30
Weight Lifting,info_gain,FOLD-RM (fit),IG_over_P,0.5294117647058824,0.7766699139367647,27.78512954711914,194,193,30
Weight Lifting,info_gain,FOLD-RM (fit),IG_over_P,0.5,0.7683182025955881,27.860493183135986,186,185,30
Weight Lifting,info_gain,FOLD-RM (fit),IG_over_P,0.6029411764705882,0.7908723954014706,27.87123942375183,190,189,30
Weight Lifting,info_gain,FOLD-RM (fit),IG_over_P,0.5882352941176471,0.8051482212779412,27.85696053504944,190,189,30
Weight Lifting,info_gain,FOLD-RM (fit),IG_over_P2,0.5882352941176471,0.6364636078764705,31.524070978164673,20,11,30
Weight Lifting,info_gain,FOLD-RM (fit),IG_over_P2,0.29411764705882354,0.4737470051455883,31.555121183395386,22,11,30
Weight Lifting,info_gain,FOLD-RM (fit),IG_over_P2,0.5735294117647058,0.707786079875,33.868693590164185,22,10,30
Weight Lifting,info_gain,FOLD-RM (fit),IG_over_P2,0.3235294117647059,0.45422203236323566,33.98556399345398,22,11,30
Weight Lifting,info_gain,FOLD-RM (fit),IG_over_P2,0.4411764705882353,0.5258187319691179,35.6096773147583,22,10,30
Weight Lifting,info_gain,FOLD-RM (fit),IG_over_P2,0.4411764705882353,0.5180506565088239,35.875030755996704,22,12,30
Weight Lifting,info_gain,FOLD-RM (fit),IG_over_P2,0.5147058823529411,0.5964677684367647,36.171507358551025,20,10,30
Weight Lifting,info_gain,FOLD-RM (fit),IG_over_P2,0.5588235294117647,0.6822221482867646,36.37851929664612,20,11,30
Weight Lifting,info_gain,FOLD-RM (fit),IG_over_P2,0.5294117647058824,0.639568050947059,36.688411235809326,21,10,30
Weight Lifting,info_gain,FOLD-RM (fit),IG_over_P2,0.47058823529411764,0.5975834581058822,36.81559491157532,21,10,30
Weight Lifting,info_gain,FOLD-RM (fit),IG_over_P2,0.7941176470588235,0.829402240342647,36.82986497879028,21,12,30
Weight Lifting,info_gain,FOLD-RM (fit),IG_over_P2,0.3382352941176471,0.4732815072926472,36.961233377456665,24,11,30
Weight Lifting,info_gain,FOLD-RM (fit),IG_over_P2,0.5588235294117647,0.6385285372352941,37.075042963027954,25,14,30
Weight Lifting,info_gain,FOLD-RM (fit),IG_over_P2,0.7647058823529411,0.8114490024044119,37.251362562179565,22,10,30
Weight Lifting,info_gain,FOLD-RM (fit),IG_over_P2,0.6764705882352942,0.7246230593808825,37.43375325202942,19,11,30
Weight Lifting,info_gain,FOLD-RM (fit),IG_over_P2,0.5735294117647058,0.6450546473911765,37.43825721740723,22,10,30
Weight Lifting,info_gain,FOLD-RM (fit),IG_over_P2,0.5147058823529411,0.6105242440147056,37.750916719436646,26,11,30
Weight Lifting,info_gain,FOLD-RM (fit),IG_over_P2,0.6029411764705882,0.673883523257353,38.31724500656128,21,10,30
Weight Lifting,info_gain,FOLD-RM (fit),IG_over_P2,0.5882352941176471,0.6977404094161763,38.54832053184509,22,10,30
Weight Lifting,info_gain,FOLD-RM (fit),IG_over_P2,0.6176470588235294,0.7002148744323531,38.558626651763916,25,10,30
Weight Lifting,info_gain,FOLD-RM (fit),IG_over_P2,0.6470588235294118,0.7115964575000002,38.56826734542847,20,12,30
Weight Lifting,info_gain,FOLD-RM (fit),IG_over_P2,0.5441176470588235,0.6892425765529414,38.748204946517944,25,8,30
Weight Lifting,info_gain,FOLD-RM (fit),IG_over_P2,0.5,0.6621674869058825,38.794596672058105,26,11,30
Weight Lifting,info_gain,FOLD-RM (fit),IG_over_P2,0.4852941176470588,0.5982405401382356,38.864537954330444,22,9,30
Weight Lifting,info_gain,FOLD-RM (fit),IG_over_P2,0.47058823529411764,0.6498881396602942,38.930200815200806,21,11,30
Weight Lifting,info_gain,FOLD-RM (fit),IG_over_P2,0.5,0.6721888367264706,38.958205699920654,24,11,30
Weight Lifting,info_gain,FOLD-RM (fit),IG_over_P2,0.5,0.5723214865264709,38.97394585609436,25,11,30
Weight Lifting,info_gain,FOLD-RM (fit),IG_over_P2,0.5735294117647058,0.7275073226852942,39.05666422843933,22,11,30
Weight Lifting,info_gain,FOLD-RM (fit),IG_over_P2,0.5588235294117647,0.6364074084088238,39.06688094139099,24,10,30
Weight Lifting,info_gain,FOLD-RM (fit),IG_over_P2,0.7205882352941176,0.7871617553117645,39.08426356315613,21,12,30
Weight Lifting,info_gain,FOLD-RM (fit),LogOddsRatio,0.7352941176470589,0.8068370574970588,4.278114080429077,48,54,30
Weight Lifting,info_gain,FOLD-RM (fit),LogOddsRatio,0.7647058823529411,0.8300035756323529,5.984752893447876,41,49,30
Weight Lifting,info_gain,FOLD-RM (fit),LogOddsRatio,0.7205882352941176,0.8102772299823529,6.318290710449219,45,67,30
Weight Lifting,info_gain,FOLD-RM (fit),LogOddsRatio,0.7647058823529411,0.8031071309,6.649989128112793,56,63,30
Weight Lifting,info_gain,FOLD-RM (fit),LogOddsRatio,0.7794117647058824,0.8427209882411766,6.938862323760986,55,73,30
Weight Lifting,info_gain,FOLD-RM (fit),LogOddsRatio,0.7794117647058824,0.8596738632220589,7.350446701049805,53,73,30
Weight Lifting,info_gain,FOLD-RM (fit),LogOddsRatio,0.7352941176470589,0.8065317450985294,7.367711067199707,43,64,30
Weight Lifting,info_gain,FOLD-RM (fit),LogOddsRatio,0.7794117647058824,0.8346698408779412,7.493093490600586,45,65,30
Weight Lifting,info_gain,FOLD-RM (fit),LogOddsRatio,0.8088235294117647,0.8558882304441177,7.575724840164185,55,71,30
Weight Lifting,info_gain,FOLD-RM (fit),LogOddsRatio,0.7794117647058824,0.8577745722029412,7.629721164703369,58,76,30
Weight Lifting,info_gain,FOLD-RM (fit),LogOddsRatio,0.7794117647058824,0.8753349664455883,7.658700942993164,61,84,30
Weight Lifting,info_gain,FOLD-RM (fit),LogOddsRatio,0.7647058823529411,0.8272261318794119,7.739183664321899,44,68,30
Weight Lifting,info_gain,FOLD-RM (fit),LogOddsRatio,0.7794117647058824,0.8387150650279412,7.810485601425171,55,65,30
Weight Lifting,info_gain,FOLD-RM (fit),LogOddsRatio,0.7205882352941176,0.7627281883661764,7.995839357376099,54,60,30
Weight Lifting,info_gain,FOLD-RM (fit),LogOddsRatio,0.75,0.8446476161779413,8.061317682266235,60,76,30
Weight Lifting,info_gain,FOLD-RM (fit),LogOddsRatio,0.6470588235294118,0.790790074630882,8.140648603439331,56,78,30
Weight Lifting,info_gain,FOLD-RM (fit),LogOddsRatio,0.7058823529411765,0.8252966407058823,8.162203788757324,52,68,30
Weight Lifting,info_gain,FOLD-RM (fit),LogOddsRatio,0.8235294117647058,0.8657259671132354,8.234472751617432,51,72,30
Weight Lifting,info_gain,FOLD-RM (fit),LogOddsRatio,0.8235294117647058,0.8580855313058824,8.350713729858398,63,75,30
Weight Lifting,info_gain,FOLD-RM (fit),LogOddsRatio,0.7941176470588235,0.8471331421088235,8.449759006500244,52,70,30
Weight Lifting,info_gain,FOLD-RM (fit),LogOddsRatio,0.7794117647058824,0.843786203407353,8.501232862472534,47,72,30
Weight Lifting,info_gain,FOLD-RM (fit),LogOddsRatio,0.7058823529411765,0.8349223239249998,8.515049695968628,70,91,30
Weight Lifting,info_gain,FOLD-RM (fit),LogOddsRatio,0.7647058823529411,0.8066467988279411,8.54054880142212,52,63,30
Weight Lifting,info_gain,FOLD-RM (fit),LogOddsRatio,0.75,0.7969969764000002,8.630015134811401,55,65,30
Weight Lifting,info_gain,FOLD-RM (fit),LogOddsRatio,0.8088235294117647,0.872769728232353,8.786720991134644,61,79,30
Weight Lifting,info_gain,FOLD-RM (fit),LogOddsRatio,0.7647058823529411,0.8457975473985295,8.84415078163147,50,80,30
Weight Lifting,info_gain,FOLD-RM (fit),LogOddsRatio,0.8970588235294118,0.9120428111941176,8.870286226272583,50,62,30
Weight Lifting,info_gain,FOLD-RM (fit),LogOddsRatio,0.8382352941176471,0.8872851042808825,9.021392583847046,64,84,30
Weight Lifting,info_gain,FOLD-RM (fit),LogOddsRatio,0.7794117647058824,0.8478023994558824,9.105288982391357,63,83,30
Weight Lifting,info_gain,FOLD-RM (fit),LogOddsRatio,0.7941176470588235,0.840035024910294,9.09762692451477,56,79,30
Weight Lifting,info_gain,FOLD-RM (fit),MathewsCC,0.8088235294117647,0.8684576566970589,3.565549612045288,45,48,30
Weight Lifting,info_gain,FOLD-RM (fit),MathewsCC,0.7647058823529411,0.8410251143499999,4.494312047958374,51,48,30
Weight Lifting,info_gain,FOLD-RM (fit),MathewsCC,0.75,0.8158496872338237,4.531965017318726,45,48,30
Weight Lifting,info_gain,FOLD-RM (fit),MathewsCC,0.7352941176470589,0.787651623307353,4.7724528312683105,42,39,30
Weight Lifting,info_gain,FOLD-RM (fit),MathewsCC,0.7941176470588235,0.8658660782397057,4.838737726211548,45,54,30
Weight Lifting,info_gain,FOLD-RM (fit),MathewsCC,0.7794117647058824,0.8498706394117648,4.879652976989746,43,46,30
Weight Lifting,info_gain,FOLD-RM (fit),MathewsCC,0.8235294117647058,0.8744873006735294,5.00588059425354,43,44,30
Weight Lifting,info_gain,FOLD-RM (fit),MathewsCC,0.8235294117647058,0.8548262387147059,5.0429322719573975,42,44,30
Weight Lifting,info_gain,FOLD-RM (fit),MathewsCC,0.8088235294117647,0.8853877450514704,5.136902570724487,53,53,30
Weight Lifting,info_gain,FOLD-RM (fit),MathewsCC,0.7794117647058824,0.8252091560867647,5.150057554244995,45,46,30
Weight Lifting,info_gain,FOLD-RM (fit),MathewsCC,0.75,0.8374420814602941,5.175847768783569,47,49,30
Weight Lifting,info_gain,FOLD-RM (fit),MathewsCC,0.7941176470588235,0.8765963296397059,5.216805458068848,49,53,30
Weight Lifting,info_gain,FOLD-RM (fit),MathewsCC,0.7941176470588235,0.8435764784147058,5.293910026550293,45,48,30
Weight Lifting,info_gain,FOLD-RM (fit),MathewsCC,0.7647058823529411,0.8379062919470588,5.355314493179321,45,51,30
Weight Lifting,info_gain,FOLD-RM (fit),MathewsCC,0.8676470588235294,0.8955590685176471,5.368333578109741,47,50,30
Weight Lifting,info_gain,FOLD-RM (fit),MathewsCC,0.75,0.8585190314088236,5.4446492195129395,43,47,30
Weight Lifting,info_gain,FOLD-RM (fit),MathewsCC,0.7647058823529411,0.8644963735632354,5.523336172103882,50,53,30
Weight Lifting,info_gain,FOLD-RM (fit),MathewsCC,0.8676470588235294,0.9000385140220588,5.52008581161499,47,50,30
Weight Lifting,info_gain,FOLD-RM (fit),MathewsCC,0.8088235294117647,0.8588221234867648,5.528241872787476,48,51,30
Weight Lifting,info_gain,FOLD-RM (fit),MathewsCC,0.8823529411764706,0.9213821238602941,5.5807435512542725,49,56,30
Weight Lifting,info_gain,FOLD-RM (fit),MathewsCC,0.8382352941176471,0.890579299782353,5.7505505084991455,41,45,30
Weight Lifting,info_gain,FOLD-RM (fit),MathewsCC,0.8235294117647058,0.9167410821808823,5.767640829086304,47,54,30
Weight Lifting,info_gain,FOLD-RM (fit),MathewsCC,0.8088235294117647,0.8658373592147058,5.765068054199219,45,50,30
Weight Lifting,info_gain,FOLD-RM (fit),MathewsCC,0.8382352941176471,0.887270960732353,5.790870189666748,49,51,30
Weight Lifting,info_gain,FOLD-RM (fit),MathewsCC,0.7647058823529411,0.8286225469132352,5.806753873825073,53,49,30
Weight Lifting,info_gain,FOLD-RM (fit),MathewsCC,0.8235294117647058,0.863105679342647,5.8077592849731445,40,49,30
Weight Lifting,info_gain,FOLD-RM (fit),MathewsCC,0.8382352941176471,0.8783422170823529,5.816004037857056,52,50,30
Weight Lifting,info_gain,FOLD-RM (fit),MathewsCC,0.7794117647058824,0.8195492219441177,5.846007585525513,44,46,30
Weight Lifting,info_gain,FOLD-RM (fit),MathewsCC,0.9117647058823529,0.9334882224985294,5.85517692565918,50,52,30
Weight Lifting,info_gain,FOLD-RM (fit),MathewsCC,0.8676470588235294,0.9005474240514706,5.896891355514526,53,52,30
Weight Lifting,info_gain,FOLD-RM (fit),MathewsCC_mod,0.7647058823529411,0.8363184476058823,4.078303575515747,41,45,30
Weight Lifting,info_gain,FOLD-RM (fit),MathewsCC_mod,0.8529411764705882,0.8936633771647058,4.262639999389648,48,48,30
Weight Lifting,info_gain,FOLD-RM (fit),MathewsCC_mod,0.8382352941176471,0.8782664612426472,4.429363489151001,44,48,30
Weight Lifting,info_gain,FOLD-RM (fit),MathewsCC_mod,0.8382352941176471,0.8912727109911764,4.544597387313843,45,51,30
Weight Lifting,info_gain,FOLD-RM (fit),MathewsCC_mod,0.7941176470588235,0.8629093147911765,4.60311222076416,42,44,30
Weight Lifting,info_gain,FOLD-RM (fit),MathewsCC_mod,0.7647058823529411,0.8050428568911764,4.640400409698486,43,43,30
Weight Lifting,info_gain,FOLD-RM (fit),MathewsCC_mod,0.6911764705882353,0.787653446307353,4.677556753158569,35,38,30
Weight Lifting,info_gain,FOLD-RM (fit),MathewsCC_mod,0.7941176470588235,0.8371880012205882,4.83552360534668,45,44,30
Weight Lifting,info_gain,FOLD-RM (fit),MathewsCC_mod,0.7647058823529411,0.8627041815014705,4.84706974029541,44,44,30
Weight Lifting,info_gain,FOLD-RM (fit),MathewsCC_mod,0.7205882352941176,0.7872216601455883,4.893320322036743,42,46,30
Weight Lifting,info_gain,FOLD-RM (fit),MathewsCC_mod,0.8529411764705882,0.8974125868632352,4.897384166717529,40,42,30
Weight Lifting,info_gain,FOLD-RM (fit),MathewsCC_mod,0.8235294117647058,0.8677119871382353,5.021074533462524,42,44,30
Weight Lifting,info_gain,FOLD-RM (fit),MathewsCC_mod,0.8676470588235294,0.8963275794132353,5.042491436004639,47,51,30
Weight Lifting,info_gain,FOLD-RM (fit),MathewsCC_mod,0.8235294117647058,0.8695047606117647,5.0597217082977295,44,47,30
Weight Lifting,info_gain,FOLD-RM (fit),MathewsCC_mod,0.7794117647058824,0.8685253168558824,5.123445749282837,46,49,30
Weight Lifting,info_gain,FOLD-RM (fit),MathewsCC_mod,0.8529411764705882,0.8908594277323529,5.13357400894165,47,50,30
Weight Lifting,info_gain,FOLD-RM (fit),MathewsCC_mod,0.8382352941176471,0.8794956111514706,5.170275688171387,45,43,30
Weight Lifting,info_gain,FOLD-RM (fit),MathewsCC_mod,0.7647058823529411,0.8185784825970589,5.226700067520142,44,44,30
Weight Lifting,info_gain,FOLD-RM (fit),MathewsCC_mod,0.75,0.8393309202397059,5.293150901794434,41,43,30
Weight Lifting,info_gain,FOLD-RM (fit),MathewsCC_mod,0.8529411764705882,0.8931981994970588,5.3518922328948975,49,52,30
Weight Lifting,info_gain,FOLD-RM (fit),MathewsCC_mod,0.8088235294117647,0.8561042704529411,5.377694845199585,42,40,30
Weight Lifting,info_gain,FOLD-RM (fit),MathewsCC_mod,0.8676470588235294,0.9107285545529411,5.382853031158447,47,53,30
Weight Lifting,info_gain,FOLD-RM (fit),MathewsCC_mod,0.8235294117647058,0.8752973131602941,5.3919665813446045,40,47,30
Weight Lifting,info_gain,FOLD-RM (fit),MathewsCC_mod,0.7058823529411765,0.7780327525279411,5.403473138809204,44,47,30
Weight Lifting,info_gain,FOLD-RM (fit),MathewsCC_mod,0.8088235294117647,0.8567879457632352,5.403473138809204,45,48,30
Weight Lifting,info_gain,FOLD-RM (fit),MathewsCC_mod,0.7205882352941176,0.7857957629617647,5.469016790390015,50,45,30
Weight Lifting,info_gain,FOLD-RM (fit),MathewsCC_mod,0.8823529411764706,0.8995667964720587,5.473777532577515,44,49,30
Weight Lifting,info_gain,FOLD-RM (fit),MathewsCC_mod,0.7647058823529411,0.8418745943088235,5.493449926376343,47,50,30
Weight Lifting,info_gain,FOLD-RM (fit),MathewsCC_mod,0.8676470588235294,0.891665007464706,5.4931957721710205,42,48,30
Weight Lifting,info_gain,FOLD-RM (fit),MathewsCC_mod,0.8676470588235294,0.895444331825,5.493449926376343,46,54,30
Weight Lifting,info_gain,FOLD-RM (fit),MathewsP,0.8382352941176471,0.9033632077279411,4.43430233001709,54,50,30
Weight Lifting,info_gain,FOLD-RM (fit),MathewsP,0.7058823529411765,0.7962620640352941,5.180719375610352,57,51,30
Weight Lifting,info_gain,FOLD-RM (fit),MathewsP,0.8088235294117647,0.8724565433367647,5.500689506530762,54,49,30
Weight Lifting,info_gain,FOLD-RM (fit),MathewsP,0.7352941176470589,0.849272337817647,5.514555931091309,66,60,30
Weight Lifting,info_gain,FOLD-RM (fit),MathewsP,0.8235294117647058,0.8777487445426471,5.558122396469116,51,51,30
Weight Lifting,info_gain,FOLD-RM (fit),MathewsP,0.7058823529411765,0.7852555182661766,5.589742183685303,46,39,30
Weight Lifting,info_gain,FOLD-RM (fit),MathewsP,0.7941176470588235,0.854493303732353,5.613041877746582,62,51,30
Weight Lifting,info_gain,FOLD-RM (fit),MathewsP,0.7941176470588235,0.8359174410117647,5.625772953033447,47,40,30
Weight Lifting,info_gain,FOLD-RM (fit),MathewsP,0.8088235294117647,0.8843033673691176,5.638432025909424,55,51,30
Weight Lifting,info_gain,FOLD-RM (fit),MathewsP,0.8088235294117647,0.8670908509573528,5.791742563247681,54,48,30
Weight Lifting,info_gain,FOLD-RM (fit),MathewsP,0.8088235294117647,0.8671013335838236,5.809851408004761,53,51,30
Weight Lifting,info_gain,FOLD-RM (fit),MathewsP,0.7794117647058824,0.8790957021897059,5.849013328552246,62,61,30
Weight Lifting,info_gain,FOLD-RM (fit),MathewsP,0.7647058823529411,0.8509925988382353,5.907696962356567,53,42,30
Weight Lifting,info_gain,FOLD-RM (fit),MathewsP,0.8235294117647058,0.860664584689706,5.964761018753052,63,54,30
Weight Lifting,info_gain,FOLD-RM (fit),MathewsP,0.8088235294117647,0.8701858602470589,5.964761018753052,51,51,30
Weight Lifting,info_gain,FOLD-RM (fit),MathewsP,0.7647058823529411,0.8152672021794117,6.044283866882324,51,45,30
Weight Lifting,info_gain,FOLD-RM (fit),MathewsP,0.7794117647058824,0.8321349645441176,6.0780322551727295,58,51,30
Weight Lifting,info_gain,FOLD-RM (fit),MathewsP,0.7058823529411765,0.8567797996044118,6.196646451950073,54,53,30
Weight Lifting,info_gain,FOLD-RM (fit),MathewsP,0.8235294117647058,0.8695620907720588,6.2502336502075195,60,51,30
Weight Lifting,info_gain,FOLD-RM (fit),MathewsP,0.8235294117647058,0.8668669225558823,6.30497932434082,58,51,30
Weight Lifting,info_gain,FOLD-RM (fit),MathewsP,0.8088235294117647,0.8561028597441176,6.3031535148620605,55,49,30
Weight Lifting,info_gain,FOLD-RM (fit),MathewsP,0.7647058823529411,0.855566578517647,6.3566575050354,55,53,30
Weight Lifting,info_gain,FOLD-RM (fit),MathewsP,0.7352941176470589,0.8071309819999999,6.351139545440674,52,43,30
Weight Lifting,info_gain,FOLD-RM (fit),MathewsP,0.8382352941176471,0.8718706370749998,6.417917728424072,56,51,30
Weight Lifting,info_gain,FOLD-RM (fit),MathewsP,0.8676470588235294,0.9155718436764706,6.417917728424072,56,54,30
Weight Lifting,info_gain,FOLD-RM (fit),MathewsP,0.8088235294117647,0.8826867746897059,6.557703971862793,56,50,30
Weight Lifting,info_gain,FOLD-RM (fit),MathewsP,0.8382352941176471,0.888048731,6.546794891357422,57,59,30
Weight Lifting,info_gain,FOLD-RM (fit),MathewsP,0.7941176470588235,0.8472324292735294,6.58671498298645,56,48,30
Weight Lifting,info_gain,FOLD-RM (fit),MathewsP,0.7647058823529411,0.880150645375,6.63255500793457,67,63,30
Weight Lifting,info_gain,FOLD-RM (fit),MathewsP,0.8529411764705882,0.896119561442647,6.633555173873901,61,56,30
Weight Lifting,info_gain,FOLD-RM (fit),MathewsP2,0.7941176470588235,0.836401689542647,5.61548113822937,64,50,30
Weight Lifting,info_gain,FOLD-RM (fit),MathewsP2,0.8235294117647058,0.8610634949029411,6.152023077011108,56,50,30
Weight Lifting,info_gain,FOLD-RM (fit),MathewsP2,0.8382352941176471,0.8659165089911764,6.361660003662109,61,55,30
Weight Lifting,info_gain,FOLD-RM (fit),MathewsP2,0.8088235294117647,0.8704826198514706,6.794424533843994,68,59,30
Weight Lifting,info_gain,FOLD-RM (fit),MathewsP2,0.8382352941176471,0.892947827282353,7.249899625778198,68,58,30
Weight Lifting,info_gain,FOLD-RM (fit),MathewsP2,0.7794117647058824,0.8431018733632353,7.321270704269409,60,51,30
Weight Lifting,info_gain,FOLD-RM (fit),MathewsP2,0.8235294117647058,0.8713829732029411,7.327496767044067,64,56,30
Weight Lifting,info_gain,FOLD-RM (fit),MathewsP2,0.8235294117647058,0.8789932901573528,7.666249990463257,57,51,30
Weight Lifting,info_gain,FOLD-RM (fit),MathewsP2,0.75,0.8018527090294117,7.7614381313323975,51,44,30
Weight Lifting,info_gain,FOLD-RM (fit),MathewsP2,0.8235294117647058,0.8729403453470588,7.794842004776001,68,56,30
Weight Lifting,info_gain,FOLD-RM (fit),MathewsP2,0.8088235294117647,0.8633170567999999,7.9780473709106445,70,61,30
Weight Lifting,info_gain,FOLD-RM (fit),MathewsP2,0.8235294117647058,0.8673307362705882,8.07401442527771,67,59,30
Weight Lifting,info_gain,FOLD-RM (fit),MathewsP2,0.7352941176470589,0.8589923169838235,8.101292133331299,78,77,30
Weight Lifting,info_gain,FOLD-RM (fit),MathewsP2,0.7794117647058824,0.8792154276838234,8.166522979736328,68,64,30
Weight Lifting,info_gain,FOLD-RM (fit),MathewsP2,0.7941176470588235,0.8599839755,8.206161260604858,62,54,30
Weight Lifting,info_gain,FOLD-RM (fit),MathewsP2,0.7941176470588235,0.8507920367191176,8.253149032592773,62,56,30
Weight Lifting,info_gain,FOLD-RM (fit),MathewsP2,0.75,0.878472225477941,8.330391645431519,78,70,30
Weight Lifting,info_gain,FOLD-RM (fit),MathewsP2,0.7794117647058824,0.8685087417720587,8.378197431564331,74,62,30
Weight Lifting,info_gain,FOLD-RM (fit),MathewsP2,0.75,0.8528275651705881,8.53239917755127,80,70,30
Weight Lifting,info_gain,FOLD-RM (fit),MathewsP2,0.7352941176470589,0.8442210828367647,8.613558292388916,78,65,30
Weight Lifting,info_gain,FOLD-RM (fit),MathewsP2,0.8529411764705882,0.8900506883970589,8.646671295166016,71,56,30
Weight Lifting,info_gain,FOLD-RM (fit),MathewsP2,0.7352941176470589,0.8440675781470587,8.737899541854858,88,84,30
Weight Lifting,info_gain,FOLD-RM (fit),MathewsP2,0.8088235294117647,0.9089061656632352,8.75658893585205,75,72,30
Weight Lifting,info_gain,FOLD-RM (fit),MathewsP2,0.7647058823529411,0.8459766768941177,8.766835451126099,77,76,30
Weight Lifting,info_gain,FOLD-RM (fit),MathewsP2,0.8529411764705882,0.8612697835661765,8.81252384185791,65,59,30
Weight Lifting,info_gain,FOLD-RM (fit),MathewsP2,0.8235294117647058,0.8829364738970589,8.881786823272705,69,60,30
Weight Lifting,info_gain,FOLD-RM (fit),MathewsP2,0.6911764705882353,0.8326786944426471,8.947681665420532,83,76,30
Weight Lifting,info_gain,FOLD-RM (fit),MathewsP2,0.7352941176470589,0.884818004217647,8.954611778259277,96,91,30
Weight Lifting,info_gain,FOLD-RM (fit),MathewsP2,0.7352941176470589,0.8748224346338236,8.962392807006836,80,74,30
Weight Lifting,info_gain,FOLD-RM (fit),MathewsP2,0.6029411764705882,0.8258749727235294,9.018852710723877,85,82,30
Weight Lifting,info_gain,FOLD-RM (fit),MathewsP3,0.7647058823529411,0.837396433732353,7.863605737686157,58,52,30
Weight Lifting,info_gain,FOLD-RM (fit),MathewsP3,0.7647058823529411,0.8317583802014705,7.9012720584869385,61,56,30
Weight Lifting,info_gain,FOLD-RM (fit),MathewsP3,0.6764705882352942,0.8393151136705882,8.283482313156128,77,70,30
Weight Lifting,info_gain,FOLD-RM (fit),MathewsP3,0.8088235294117647,0.8469359526147059,8.518226623535156,72,62,30
Weight Lifting,info_gain,FOLD-RM (fit),MathewsP3,0.7647058823529411,0.8348498305000001,8.909015655517578,64,57,30
Weight Lifting,info_gain,FOLD-RM (fit),MathewsP3,0.7647058823529411,0.8467313004220587,9.024183988571167,68,63,30
Weight Lifting,info_gain,FOLD-RM (fit),MathewsP3,0.5441176470588235,0.8034661408485295,9.484238147735596,88,81,30
Weight Lifting,info_gain,FOLD-RM (fit),MathewsP3,0.7058823529411765,0.8298690956897059,9.68677830696106,70,65,30
Weight Lifting,info_gain,FOLD-RM (fit),MathewsP3,0.8088235294117647,0.8556252278970587,9.856147766113281,75,63,30
Weight Lifting,info_gain,FOLD-RM (fit),MathewsP3,0.7941176470588235,0.8725582432867647,9.87411618232727,73,67,30
Weight Lifting,info_gain,FOLD-RM (fit),MathewsP3,0.7941176470588235,0.8643313687941176,10.4523286819458,81,75,30
Weight Lifting,info_gain,FOLD-RM (fit),MathewsP3,0.7352941176470589,0.8560773645264705,10.479839086532593,96,89,30
Weight Lifting,info_gain,FOLD-RM (fit),MathewsP3,0.7205882352941176,0.8659263439147059,10.58125376701355,80,78,30
Weight Lifting,info_gain,FOLD-RM (fit),MathewsP3,0.7205882352941176,0.85522841945,10.633082151412964,96,89,30
Weight Lifting,info_gain,FOLD-RM (fit),MathewsP3,0.7205882352941176,0.858727593610294,11.110111951828003,98,96,30
Weight Lifting,info_gain,FOLD-RM (fit),MathewsP3,0.6617647058823529,0.8422728383852941,11.112937688827515,87,83,30
Weight Lifting,info_gain,FOLD-RM (fit),MathewsP3,0.6617647058823529,0.8362486385014705,11.13383412361145,90,87,30
Weight Lifting,info_gain,FOLD-RM (fit),MathewsP3,0.7352941176470589,0.8566901586485294,11.172688245773315,93,87,30
Weight Lifting,info_gain,FOLD-RM (fit),MathewsP3,0.6911764705882353,0.8398434972941176,11.233607769012451,79,75,30
Weight Lifting,info_gain,FOLD-RM (fit),MathewsP3,0.6617647058823529,0.8416129345808823,11.352043151855469,106,94,30
Weight Lifting,info_gain,FOLD-RM (fit),MathewsP3,0.6323529411764706,0.8409812448294117,11.488327741622925,88,83,30
Weight Lifting,info_gain,FOLD-RM (fit),MathewsP3,0.6764705882352942,0.8631545806985294,11.597624063491821,94,87,30
Weight Lifting,info_gain,FOLD-RM (fit),MathewsP3,0.7352941176470589,0.8762400440308823,11.608221054077148,102,93,30
Weight Lifting,info_gain,FOLD-RM (fit),MathewsP3,0.7205882352941176,0.8650538831764706,11.742424964904785,104,100,30
Weight Lifting,info_gain,FOLD-RM (fit),MathewsP3,0.6911764705882353,0.8647595093808824,11.886299848556519,98,94,30
Weight Lifting,info_gain,FOLD-RM (fit),MathewsP3,0.6617647058823529,0.8102250295985294,11.894575595855713,92,89,30
Weight Lifting,info_gain,FOLD-RM (fit),MathewsP3,0.7941176470588235,0.8771570350205883,12.075587034225464,99,95,30
Weight Lifting,info_gain,FOLD-RM (fit),MathewsP3,0.7205882352941176,0.8882963507970588,12.25258183479309,119,113,30
Weight Lifting,info_gain,FOLD-RM (fit),MathewsP3,0.47058823529411764,0.7908973032691176,12.26368260383606,130,123,30
Weight Lifting,info_gain,FOLD-RM (fit),MathewsP3,0.5294117647058824,0.7882612058661764,12.309828281402588,123,118,30
Wall Robot,greedy,FOLD-RM (fit),original,1.0,0.9996984213309317,130.48346304893494,14,15,30
Wall Robot,greedy,FOLD-RM (fit),original,1.0,0.9996658776809938,130.95152759552002,14,15,30
Wall Robot,greedy,FOLD-RM (fit),original,0.9987577639751553,0.9984607678204969,131.93214392662048,14,15,30
Wall Robot,greedy,FOLD-RM (fit),original,0.9987577639751553,0.9986859959754038,132.1373963356018,14,15,30
Wall Robot,greedy,FOLD-RM (fit),original,1.0,0.9998648558763975,135.11546182632446,14,15,30
Wall Robot,greedy,FOLD-RM (fit),original,1.0,0.9999232157252174,135.68836116790771,14,15,30
Wall Robot,greedy,FOLD-RM (fit),original,0.9987577639751553,0.9986427138356522,135.45931363105774,14,15,30
Wall Robot,greedy,FOLD-RM (fit),original,1.0,0.9999121745197516,136.8608148097992,14,15,30
Wall Robot,greedy,FOLD-RM (fit),original,0.9975155279503105,0.9972463801746584,142.37944078445435,15,17,30
Wall Robot,greedy,FOLD-RM (fit),original,0.9987577639751553,0.9984358780975156,142.703027009964,14,16,30
Wall Robot,greedy,FOLD-RM (fit),original,1.0,0.9998416281436024,143.104807138443,14,16,30
Wall Robot,greedy,FOLD-RM (fit),original,1.0,0.9999040848693168,143.3101658821106,11,15,30
Wall Robot,greedy,FOLD-RM (fit),original,1.0,0.9998722215111802,143.38925194740295,14,16,30
Wall Robot,greedy,FOLD-RM (fit),original,1.0,0.9993859599963976,143.62292456626892,16,18,30
Wall Robot,greedy,FOLD-RM (fit),original,0.9987577639751553,0.998448529811677,144.10889554023743,16,18,30
Wall Robot,greedy,FOLD-RM (fit),original,1.0,0.9998567252195031,144.9387149810791,16,18,30
Wall Robot,greedy,FOLD-RM (fit),original,1.0,0.9996717772791305,145.47117495536804,15,16,30
Wall Robot,greedy,FOLD-RM (fit),original,0.9987577639751553,0.998741095048944,145.8246955871582,15,17,30
Wall Robot,greedy,FOLD-RM (fit),original,1.0,0.9999054596908075,146.54748439788818,15,17,30
Wall Robot,greedy,FOLD-RM (fit),original,1.0,0.9996956259571429,146.44233322143555,15,16,30
Wall Robot,greedy,FOLD-RM (fit),original,1.0,0.9998856060224844,146.80879378318787,15,16,30
Wall Robot,greedy,FOLD-RM (fit),original,1.0,0.9996888975361491,146.84116220474243,15,17,30
Wall Robot,greedy,FOLD-RM (fit),original,0.9987577639751553,0.9984637251130435,147.11495232582092,15,17,30
Wall Robot,greedy,FOLD-RM (fit),original,0.9962732919254659,0.9959794454310559,147.43544149398804,13,18,30
Wall Robot,greedy,FOLD-RM (fit),original,0.9987577639751553,0.9986803743552795,147.29605913162231,15,17,30
Wall Robot,greedy,FOLD-RM (fit),original,1.0,0.9996458494363976,147.82925081253052,15,17,30
Wall Robot,greedy,FOLD-RM (fit),original,1.0,0.9998931911239751,148.01528549194336,15,17,30
Wall Robot,greedy,FOLD-RM (fit),original,0.9975155279503105,0.9972588254592547,148.28023886680603,14,19,30
Wall Robot,greedy,FOLD-RM (fit),original,0.9975155279503105,0.9972352048414906,148.98723530769348,16,19,30
Wall Robot,greedy,FOLD-RM (fit),original,0.9937888198757764,0.9937121982180124,149.16251754760742,16,18,30
Wall Robot,greedy,FOLD-RM (fit),original_guarded,0.9987577639751553,0.9986610291792546,89.61198258399963,15,17,30
Wall Robot,greedy,FOLD-RM (fit),original_guarded,0.9987577639751553,0.9982251229908075,89.61344194412231,9,11,30
Wall Robot,greedy,FOLD-RM (fit),original_guarded,1.0,0.9996654758437267,90.077139377594,14,15,30
Wall Robot,greedy,FOLD-RM (fit),original_guarded,0.9962732919254659,0.9962548546521739,91.34265971183777,14,15,30
Wall Robot,greedy,FOLD-RM (fit),original_guarded,1.0,0.9998652176837267,92.03595447540283,16,18,30
Wall Robot,greedy,FOLD-RM (fit),original_guarded,0.9962732919254659,0.996189745653913,92.49032855033875,14,15,30
Wall Robot,greedy,FOLD-RM (fit),original_guarded,0.9975155279503105,0.9969311023178883,93.34069490432739,15,16,30
Wall Robot,greedy,FOLD-RM (fit),original_guarded,1.0,0.9998928290708075,93.57470774650574,11,15,30
Wall Robot,greedy,FOLD-RM (fit),original_guarded,0.9975155279503105,0.9974223460537888,94.00585412979126,15,16,30
Wall Robot,greedy,FOLD-RM (fit),original_guarded,0.9987577639751553,0.9986574626908075,93.97040700912476,15,17,30
Wall Robot,greedy,FOLD-RM (fit),original_guarded,0.9987577639751553,0.9986745905544099,94.81092071533203,15,17,30
Wall Robot,greedy,FOLD-RM (fit),original_guarded,0.9987577639751553,0.9981665468165217,95.16809630393982,14,15,30
Wall Robot,greedy,FOLD-RM (fit),original_guarded,0.9975155279503105,0.9974704836942857,95.31545758247375,15,17,30
Wall Robot,greedy,FOLD-RM (fit),original_guarded,1.0,0.9998860168547826,96.08746719360352,15,17,30
Wall Robot,greedy,FOLD-RM (fit),original_guarded,1.0,0.9997027593629814,96.17104721069336,14,15,30
Wall Robot,greedy,FOLD-RM (fit),original_guarded,1.0,0.9998617495729193,96.39095568656921,15,17,30
Wall Robot,greedy,FOLD-RM (fit),original_guarded,1.0,0.9996812019696895,96.12475228309631,11,15,30
Wall Robot,greedy,FOLD-RM (fit),original_guarded,1.0,0.999889453441118,96.85288071632385,11,15,30
Wall Robot,greedy,FOLD-RM (fit),original_guarded,1.0,0.999879927,97.39158058166504,11,15,30
Wall Robot,greedy,FOLD-RM (fit),original_guarded,0.9987577639751553,0.9984651175863354,97.37423944473267,15,17,30
Wall Robot,greedy,FOLD-RM (fit),original_guarded,0.9987577639751553,0.9984734928735404,97.64038062095642,15,17,30
Wall Robot,greedy,FOLD-RM (fit),original_guarded,0.9987577639751553,0.9986707025347826,97.84906458854675,15,17,30
Wall Robot,greedy,FOLD-RM (fit),original_guarded,1.0,0.9998533010688199,98.21921801567078,16,18,30
Wall Robot,greedy,FOLD-RM (fit),original_guarded,0.9987577639751553,0.9985476058156522,98.3042483329773,16,18,30
Wall Robot,greedy,FOLD-RM (fit),original_guarded,0.9975155279503105,0.9969271783175155,98.26861310005188,15,17,30
Wall Robot,greedy,FOLD-RM (fit),original_guarded,0.9987577639751553,0.9987102921062112,98.7260971069336,12,15,30
Wall Robot,greedy,FOLD-RM (fit),original_guarded,0.9975155279503105,0.9974286934653416,99.32732462882996,14,18,30
Wall Robot,greedy,FOLD-RM (fit),original_guarded,0.9975155279503105,0.9974795581267081,99.30160880088806,15,18,30
Wall Robot,greedy,FOLD-RM (fit),original_guarded,0.9987577639751553,0.9986582634378882,99.38771677017212,14,18,30
Wall Robot,greedy,FOLD-RM (fit),original_guarded,1.0,0.9998779995562733,99.90272855758667,15,19,30
Wall Robot,greedy,FOLD-RM (fit),original_reweighted,0.9975155279503105,0.9972117726726708,244.55625462532043,13,15,30
Wall Robot,greedy,FOLD-RM (fit),original_reweighted,1.0,0.9996047420075777,256.12456035614014,13,17,30
Wall Robot,greedy,FOLD-RM (fit),original_reweighted,0.9987577639751553,0.9983754151265839,256.41741132736206,14,16,30
Wall Robot,greedy,FOLD-RM (fit),original_reweighted,0.9987577639751553,0.9986674513695653,259.468142747879,14,16,30
Wall Robot,greedy,FOLD-RM (fit),original_reweighted,0.9987577639751553,0.9986505857757764,259.5784080028534,14,16,30
Wall Robot,greedy,FOLD-RM (fit),original_reweighted,1.0,0.9996378057628571,260.4661338329315,14,16,30
Wall Robot,greedy,FOLD-RM (fit),original_reweighted,1.0,0.9993615274436025,261.43656635284424,15,16,30
Wall Robot,greedy,FOLD-RM (fit),original_reweighted,0.9987577639751553,0.9983729876549069,262.3839180469513,14,17,30
Wall Robot,greedy,FOLD-RM (fit),original_reweighted,0.9975155279503105,0.9973558318662112,262.902578830719,13,17,30
Wall Robot,greedy,FOLD-RM (fit),original_reweighted,1.0,0.9996237169437268,264.491806268692,14,16,30
Wall Robot,greedy,FOLD-RM (fit),original_reweighted,0.9987577639751553,0.9981154673257143,264.83683371543884,13,16,30
Wall Robot,greedy,FOLD-RM (fit),original_reweighted,1.0,0.9998610487278261,265.11912870407104,14,16,30
Wall Robot,greedy,FOLD-RM (fit),original_reweighted,1.0,0.9998585669236025,264.9631516933441,16,17,30
Wall Robot,greedy,FOLD-RM (fit),original_reweighted,1.0,0.9998696244962733,265.19198989868164,14,16,30
Wall Robot,greedy,FOLD-RM (fit),original_reweighted,0.9975155279503105,0.9973581139195031,265.7429323196411,14,17,30
Wall Robot,greedy,FOLD-RM (fit),original_reweighted,0.9987577639751553,0.9985874055196273,266.01161313056946,13,17,30
Wall Robot,greedy,FOLD-RM (fit),original_reweighted,1.0,0.9996266862614906,266.1202371120453,12,16,30
Wall Robot,greedy,FOLD-RM (fit),original_reweighted,0.9975155279503105,0.9974075251342858,266.4716100692749,16,17,30
Wall Robot,greedy,FOLD-RM (fit),original_reweighted,1.0,0.9996591773559006,267.7215573787689,14,16,30
Wall Robot,greedy,FOLD-RM (fit),original_reweighted,0.9987577639751553,0.9983877132836024,268.0936908721924,14,16,30
Wall Robot,greedy,FOLD-RM (fit),original_reweighted,0.9987577639751553,0.9985914095541615,268.2438952922821,13,17,30
Wall Robot,greedy,FOLD-RM (fit),original_reweighted,0.9987577639751553,0.9981376533587578,268.2369647026062,16,17,30
Wall Robot,greedy,FOLD-RM (fit),original_reweighted,0.9987577639751553,0.9984577191155279,268.63616371154785,16,17,30
Wall Robot,greedy,FOLD-RM (fit),original_reweighted,0.9975155279503105,0.9971712941452174,268.85061049461365,14,17,30
Wall Robot,greedy,FOLD-RM (fit),original_reweighted,0.9987577639751553,0.9980886405925466,269.9419548511505,14,17,30
Wall Robot,greedy,FOLD-RM (fit),original_reweighted,1.0,0.9998370345078261,270.46799635887146,16,17,30
Wall Robot,greedy,FOLD-RM (fit),original_reweighted,1.0,0.9996344970480745,270.7867021560669,13,18,30
Wall Robot,greedy,FOLD-RM (fit),original_reweighted,0.9975155279503105,0.9974444823768944,271.42139291763306,17,20,30
Wall Robot,greedy,FOLD-RM (fit),original_reweighted,0.9987577639751553,0.9986464536264597,271.3233299255371,17,20,30
Wall Robot,greedy,FOLD-RM (fit),original_reweighted,0.9962732919254659,0.9962144690834783,271.5823121070862,14,18,30
Wall Robot,greedy,FOLD-RM (fit),original_t_removed,0.9987577639751553,0.9984497507515528,131.4643213748932,10,11,30
Wall Robot,greedy,FOLD-RM (fit),original_t_removed,0.9987577639751553,0.9986583855412422,133.9130880832672,11,11,30
Wall Robot,greedy,FOLD-RM (fit),original_t_removed,0.9962732919254659,0.9962157372009938,134.22089266777039,11,11,30
Wall Robot,greedy,FOLD-RM (fit),original_t_removed,1.0,0.9999083972125465,135.66312551498413,11,11,30
Wall Robot,greedy,FOLD-RM (fit),original_t_removed,0.9987577639751553,0.9984497990857143,137.0911738872528,11,11,30
Wall Robot,greedy,FOLD-RM (fit),original_t_removed,0.9987577639751553,0.9986759210475776,137.34680223464966,11,11,30
Wall Robot,greedy,FOLD-RM (fit),original_t_removed,1.0,0.9996859975239751,137.51543354988098,9,11,30
Wall Robot,greedy,FOLD-RM (fit),original_t_removed,1.0,0.9999081771004968,137.79047441482544,12,13,30
Wall Robot,greedy,FOLD-RM (fit),original_t_removed,0.9975155279503105,0.9974687251021119,138.5409505367279,12,13,30
Wall Robot,greedy,FOLD-RM (fit),original_t_removed,1.0,0.9999099185870808,138.5281400680542,12,13,30
Wall Robot,greedy,FOLD-RM (fit),original_t_removed,1.0,0.9998575711311801,139.12610054016113,9,11,30
Wall Robot,greedy,FOLD-RM (fit),original_t_removed,1.0,0.9996806100031056,139.22565507888794,11,11,30
Wall Robot,greedy,FOLD-RM (fit),original_t_removed,0.9987577639751553,0.9984687716563975,140.01437544822693,11,11,30
Wall Robot,greedy,FOLD-RM (fit),original_t_removed,1.0,0.9998968809719254,140.50229239463806,9,11,30
Wall Robot,greedy,FOLD-RM (fit),original_t_removed,1.0,0.9998249274949068,140.37806487083435,11,11,30
Wall Robot,greedy,FOLD-RM (fit),original_t_removed,0.9987577639751553,0.9985018948248447,141.43291306495667,9,11,30
Wall Robot,greedy,FOLD-RM (fit),original_t_removed,1.0,0.9997088075228572,141.68084716796875,9,11,30
Wall Robot,greedy,FOLD-RM (fit),original_t_removed,1.0,0.9996615073080746,141.60913252830505,9,11,30
Wall Robot,greedy,FOLD-RM (fit),original_t_removed,0.9987577639751553,0.9986747818180124,141.3836727142334,12,13,30
Wall Robot,greedy,FOLD-RM (fit),original_t_removed,1.0,0.9996716765906832,141.9334511756897,11,11,30
Wall Robot,greedy,FOLD-RM (fit),original_t_removed,1.0,0.9999056128525465,142.2826271057129,10,13,30
Wall Robot,greedy,FOLD-RM (fit),original_t_removed,0.9987577639751553,0.998451148868323,142.57496762275696,11,13,30
Wall Robot,greedy,FOLD-RM (fit),original_t_removed,0.9987577639751553,0.9987215019207454,143.01556038856506,9,11,30
Wall Robot,greedy,FOLD-RM (fit),original_t_removed,1.0,0.9997051155749068,143.55733060836792,9,11,30
Wall Robot,greedy,FOLD-RM (fit),original_t_removed,1.0,0.9994007855700621,143.7591519355774,10,13,30
Wall Robot,greedy,FOLD-RM (fit),original_t_removed,1.0,0.9998827519151553,143.61177682876587,10,13,30
Wall Robot,greedy,FOLD-RM (fit),original_t_removed,1.0,0.9997010823696895,144.08951425552368,12,13,30
Wall Robot,greedy,FOLD-RM (fit),original_t_removed,1.0,0.9998824971823602,143.96606850624084,10,13,30
Wall Robot,greedy,FOLD-RM (fit),original_t_removed,0.9975155279503105,0.9972260887940373,145.57954120635986,13,15,30
Wall Robot,greedy,FOLD-RM (fit),original_t_removed,1.0,0.9998946978163975,145.6220304965973,14,15,30
