dataset,strategy,fit_method,accuracy,brier_score,time,num_rules,num_preds,trial_count
Wine,greedy,FOLD-RM (fit),0.9166666666666666,0.9208613615138889,0.2382979393005371,7,7,30
Wine,greedy,FOLD-RM (fit),0.9722222222222222,0.9684603112833333,0.3451650142669678,7,7,30
Wine,greedy,FOLD-RM (fit),0.9444444444444444,0.9495490043888889,0.37769484519958496,6,6,30
Wine,greedy,FOLD-RM (fit),0.9722222222222222,0.9677949261583333,0.4028487205505371,7,7,30
Wine,greedy,FOLD-RM (fit),0.9444444444444444,0.9557750351555556,0.4335520267486572,8,8,30
Wine,greedy,FOLD-RM (fit),0.9722222222222222,0.9660901685333333,0.46152353286743164,8,8,30
Wine,greedy,FOLD-RM (fit),0.8888888888888888,0.9163508234916666,0.406402587890625,6,6,30
Wine,greedy,FOLD-RM (fit),0.9722222222222222,0.9631579664972223,0.4635295867919922,7,7,30
Wine,greedy,FOLD-RM (fit),0.9444444444444444,0.9596923971388889,0.4855806827545166,7,7,30
Wine,greedy,FOLD-RM (fit),0.9166666666666666,0.9221379300416667,0.3473238945007324,6,6,30
Wine,greedy,FOLD-RM (fit),0.9166666666666666,0.9328760050027778,0.4758331775665283,7,7,30
Wine,greedy,FOLD-RM (fit),0.8888888888888888,0.9352145075472222,0.42806148529052734,6,6,30
Wine,greedy,FOLD-RM (fit),0.9722222222222222,0.9662780804194444,0.4408857822418213,8,8,30
Wine,greedy,FOLD-RM (fit),0.9722222222222222,0.9634836539333334,0.42969465255737305,7,7,30
Wine,greedy,FOLD-RM (fit),0.9722222222222222,0.9724710656666666,0.48314785957336426,8,8,30
Wine,greedy,FOLD-RM (fit),0.9444444444444444,0.9448641406055556,0.3996391296386719,7,7,30
Wine,greedy,FOLD-RM (fit),1.0,0.989385110625,0.4864044189453125,8,8,30
Wine,greedy,FOLD-RM (fit),0.9444444444444444,0.9441247230027778,0.3929586410522461,7,7,30
Wine,greedy,FOLD-RM (fit),0.9722222222222222,0.9589896897555555,0.3848996162414551,7,7,30
Wine,greedy,FOLD-RM (fit),0.9722222222222222,0.9718359221611111,0.4419517517089844,7,7,30
Wine,greedy,FOLD-RM (fit),0.9444444444444444,0.9499742882583333,0.3969910144805908,7,7,30
Wine,greedy,FOLD-RM (fit),0.9722222222222222,0.9695718209833334,0.41778135299682617,8,8,30
Wine,greedy,FOLD-RM (fit),0.9722222222222222,0.9855348372666667,0.4695701599121094,8,8,30
Wine,greedy,FOLD-RM (fit),0.9722222222222222,0.9659297202166667,0.3883087635040283,8,8,30
Wine,greedy,FOLD-RM (fit),0.9444444444444444,0.9337286361527778,0.39029455184936523,8,9,30
Wine,greedy,FOLD-RM (fit),0.8611111111111112,0.8879982027305555,0.39330554008483887,7,8,30
Wine,greedy,FOLD-RM (fit),0.9722222222222222,0.9749203801111112,0.4542989730834961,8,8,30
Wine,greedy,FOLD-RM (fit),0.9166666666666666,0.9237995601277778,0.38072681427001953,7,7,30
Wine,greedy,FOLD-RM (fit),0.9722222222222222,0.9728826575861111,0.47542262077331543,7,7,30
Wine,greedy,FOLD-RM (fit),0.9444444444444444,0.9453747895527778,0.4374094009399414,7,7,30
Wine,greedy,CON-FOLD (confidence_fit),0.9166666666666666,0.9291999264805555,0.3816871643066406,6,6,30
Wine,greedy,CON-FOLD (confidence_fit),0.8888888888888888,0.9140990494361111,0.4128105640411377,6,6,30
Wine,greedy,CON-FOLD (confidence_fit),0.9444444444444444,0.9455672692055556,0.41460561752319336,6,6,30
Wine,greedy,CON-FOLD (confidence_fit),0.9444444444444444,0.9389002530472222,0.4205794334411621,7,7,30
Wine,greedy,CON-FOLD (confidence_fit),0.9444444444444444,0.9384901095527778,0.4489021301269531,7,7,30
Wine,greedy,CON-FOLD (confidence_fit),0.8888888888888888,0.9164435766694444,0.45920848846435547,8,8,30
Wine,greedy,CON-FOLD (confidence_fit),0.9722222222222222,0.9674357983583334,0.45920848846435547,7,7,30
Wine,greedy,CON-FOLD (confidence_fit),0.9444444444444444,0.9465914735888888,0.4534473419189453,7,7,30
Wine,greedy,CON-FOLD (confidence_fit),0.9166666666666666,0.9453471720777777,0.43691158294677734,6,6,30
Wine,greedy,CON-FOLD (confidence_fit),0.8888888888888888,0.9039519143694444,0.4658067226409912,8,8,30
Wine,greedy,CON-FOLD (confidence_fit),0.9166666666666666,0.9286680025333334,0.46781158447265625,6,6,30
Wine,greedy,CON-FOLD (confidence_fit),0.9444444444444444,0.9563635921361111,0.4798316955566406,6,6,30
Wine,greedy,CON-FOLD (confidence_fit),0.9166666666666666,0.9266683511,0.47407054901123047,6,6,30
Wine,greedy,CON-FOLD (confidence_fit),0.8888888888888888,0.9368187951527778,0.44545459747314453,8,8,30
Wine,greedy,CON-FOLD (confidence_fit),0.9444444444444444,0.9618490068194444,0.49166059494018555,6,6,30
Wine,greedy,CON-FOLD (confidence_fit),0.9722222222222222,0.9714928289,0.4865381717681885,6,6,30
Wine,greedy,CON-FOLD (confidence_fit),0.9166666666666666,0.9713408181305555,0.4822206497192383,7,7,30
Wine,greedy,CON-FOLD (confidence_fit),0.9166666666666666,0.9488074446222222,0.4865381717681885,6,6,30
Wine,greedy,CON-FOLD (confidence_fit),0.9722222222222222,0.9677219711888889,0.4822206497192383,7,8,30
Wine,greedy,CON-FOLD (confidence_fit),0.8333333333333334,0.8621641395888888,0.5009555816650391,7,8,30
Wine,greedy,CON-FOLD (confidence_fit),0.9166666666666666,0.9471397560388889,0.5029056072235107,6,6,30
Wine,greedy,CON-FOLD (confidence_fit),0.9722222222222222,0.9831401917638889,0.5029056072235107,8,8,30
Wine,greedy,CON-FOLD (confidence_fit),0.8888888888888888,0.8911010612638889,0.5051155090332031,7,8,30
Wine,greedy,CON-FOLD (confidence_fit),0.9166666666666666,0.9669797799666666,0.49514055252075195,7,7,30
Wine,greedy,CON-FOLD (confidence_fit),0.9166666666666666,0.9269747930555555,0.1857008934020996,7,7,30
Wine,greedy,CON-FOLD (confidence_fit),0.9166666666666666,0.9358256242888889,0.44314098358154297,8,8,30
Wine,greedy,CON-FOLD (confidence_fit),0.9166666666666666,0.9268743232861112,0.19866323471069336,8,8,30
Wine,greedy,CON-FOLD (confidence_fit),0.8611111111111112,0.8888137415722223,0.5105674266815186,7,8,30
Wine,greedy,CON-FOLD (confidence_fit),0.9444444444444444,0.9492228096916666,0.4598836898803711,6,6,30
Wine,greedy,CON-FOLD (confidence_fit),0.9166666666666666,0.9275967902,0.48050689697265625,7,7,30
Wine,round_robin,FOLD-RM (fit),0.9444444444444444,0.9404627415527778,0.5091536045074463,9,9,30
Wine,round_robin,FOLD-RM (fit),0.9166666666666666,0.9220764895055555,0.5247311592102051,7,7,30
Wine,round_robin,FOLD-RM (fit),0.9444444444444444,0.9458604683638889,0.5250928401947021,7,7,30
Wine,round_robin,FOLD-RM (fit),0.8611111111111112,0.8773901669111112,0.5314886569976807,6,6,30
Wine,round_robin,FOLD-RM (fit),0.9166666666666666,0.9383870915138889,0.5334892272949219,9,8,30
Wine,round_robin,FOLD-RM (fit),0.9444444444444444,0.9451779366666667,0.5496330261230469,8,8,30
Wine,round_robin,FOLD-RM (fit),0.8888888888888888,0.9106905736555555,0.5540461540222168,9,9,30
Wine,round_robin,FOLD-RM (fit),0.8611111111111112,0.874451490486111,0.5599961280822754,9,9,30
Wine,round_robin,FOLD-RM (fit),1.0,0.9929601070083334,0.566295862197876,9,9,30
Wine,round_robin,FOLD-RM (fit),0.9722222222222222,0.984889164275,0.5624086856842041,9,9,30
Wine,round_robin,FOLD-RM (fit),0.8055555555555556,0.8393089560722222,0.5774338245391846,9,9,30
Wine,round_robin,FOLD-RM (fit),1.0,0.9821290080833334,0.5765447616577148,9,9,30
Wine,round_robin,FOLD-RM (fit),0.9722222222222222,0.9826506351000001,0.5829405784606934,8,8,30
Wine,round_robin,FOLD-RM (fit),0.9444444444444444,0.9596154047166666,0.590796709060669,8,8,30
Wine,round_robin,FOLD-RM (fit),0.9722222222222222,0.9843317437916667,0.590796709060669,9,9,30
Wine,round_robin,FOLD-RM (fit),0.8888888888888888,0.8998649306555555,0.5952098369598389,8,8,30
Wine,round_robin,FOLD-RM (fit),0.9166666666666666,0.9267422972111111,0.5932092666625977,10,10,30
Wine,round_robin,FOLD-RM (fit),0.9444444444444444,0.9482679185722223,0.5968327522277832,10,10,30
Wine,round_robin,FOLD-RM (fit),0.9444444444444444,0.9409736371277778,0.606806755065918,12,12,30
Wine,round_robin,FOLD-RM (fit),0.9166666666666666,0.9370555526444444,0.6111006736755371,9,9,30
Wine,round_robin,FOLD-RM (fit),0.9166666666666666,0.9073176647833333,0.6145131587982178,10,10,30
Wine,round_robin,FOLD-RM (fit),1.0,0.9823655157416666,0.6111006736755371,9,9,30
Wine,round_robin,FOLD-RM (fit),0.9722222222222222,0.9646723382166666,0.6111006736755371,9,9,30
Wine,round_robin,FOLD-RM (fit),0.8333333333333334,0.8563391183944444,0.6195299625396729,10,10,30
Wine,round_robin,FOLD-RM (fit),0.8611111111111112,0.8745833994833333,0.6215510368347168,10,11,30
Wine,round_robin,FOLD-RM (fit),0.7777777777777778,0.8564982203,0.572526216506958,8,8,30
Wine,round_robin,FOLD-RM (fit),0.9166666666666666,0.9248138819555556,0.5932092666625977,12,12,30
Wine,round_robin,FOLD-RM (fit),1.0,0.9925297061861111,0.6111006736755371,9,9,30
Wine,round_robin,FOLD-RM (fit),0.9444444444444444,0.9563693194305556,0.6145131587982178,9,9,30
Wine,round_robin,FOLD-RM (fit),1.0,0.9924089563277778,0.5720226764678955,9,9,30
Wine,round_robin,CON-FOLD (confidence_fit),0.8888888888888888,0.8997113010194444,0.4245259761810303,8,8,30
Wine,round_robin,CON-FOLD (confidence_fit),0.9166666666666666,0.924259355411111,0.43373942375183105,7,7,30
Wine,round_robin,CON-FOLD (confidence_fit),0.9722222222222222,0.9686419825444444,0.44844746589660645,7,7,30
Wine,round_robin,CON-FOLD (confidence_fit),0.8611111111111112,0.8768605780694444,0.44844746589660645,7,7,30
Wine,round_robin,CON-FOLD (confidence_fit),0.9166666666666666,0.9233652676972222,0.4874892234802246,6,6,30
Wine,round_robin,CON-FOLD (confidence_fit),0.8333333333333334,0.8763319875972222,0.494614839553833,6,6,30
Wine,round_robin,CON-FOLD (confidence_fit),0.9722222222222222,0.9690302375000001,0.512852668762207,6,6,30
Wine,round_robin,CON-FOLD (confidence_fit),0.8611111111111112,0.8921537926916666,0.5226335525512695,9,10,30
Wine,round_robin,CON-FOLD (confidence_fit),0.9722222222222222,0.9807676404833333,0.524634838104248,9,9,30
Wine,round_robin,CON-FOLD (confidence_fit),0.9722222222222222,0.9687519469972222,0.5306496620178223,6,6,30
Wine,round_robin,CON-FOLD (confidence_fit),0.9444444444444444,0.9429344184277778,0.5377984046936035,9,9,30
Wine,round_robin,CON-FOLD (confidence_fit),0.9444444444444444,0.949052327,0.5063698291778564,7,7,30
Wine,round_robin,CON-FOLD (confidence_fit),0.9166666666666666,0.9540506609638889,0.5493063926696777,9,9,30
Wine,round_robin,CON-FOLD (confidence_fit),0.9166666666666666,0.9372366560833333,0.5564777851104736,9,9,30
Wine,round_robin,CON-FOLD (confidence_fit),0.8611111111111112,0.905120024925,0.5493063926696777,8,8,30
Wine,round_robin,CON-FOLD (confidence_fit),0.9166666666666666,0.937673580511111,0.5638339519500732,8,8,30
Wine,round_robin,CON-FOLD (confidence_fit),0.9166666666666666,0.9352152724083334,0.5679488182067871,8,8,30
Wine,round_robin,CON-FOLD (confidence_fit),0.8888888888888888,0.9105077524833334,0.5679986476898193,8,8,30
Wine,round_robin,CON-FOLD (confidence_fit),0.8888888888888888,0.9084144317638889,0.5699985027313232,10,10,30
Wine,round_robin,CON-FOLD (confidence_fit),0.9722222222222222,0.9786555708527778,0.5709989070892334,8,8,30
Wine,round_robin,CON-FOLD (confidence_fit),0.9444444444444444,0.9429841048194444,0.5772743225097656,8,7,30
Wine,round_robin,CON-FOLD (confidence_fit),0.9166666666666666,0.9187391481722222,0.5848538875579834,8,8,30
Wine,round_robin,CON-FOLD (confidence_fit),0.9722222222222222,0.9823740770388889,0.5848312377929688,8,8,30
Wine,round_robin,CON-FOLD (confidence_fit),0.8611111111111112,0.8822776760416666,0.5564777851104736,7,8,30
Wine,round_robin,CON-FOLD (confidence_fit),0.9166666666666666,0.9219812731222222,0.5709989070892334,7,7,30
Wine,round_robin,CON-FOLD (confidence_fit),0.9166666666666666,0.9245800115166667,0.5679986476898193,8,8,30
Wine,round_robin,CON-FOLD (confidence_fit),0.9444444444444444,0.9565955040777778,0.5647878646850586,8,8,30
Wine,round_robin,CON-FOLD (confidence_fit),0.8888888888888888,0.9003131861694444,0.582815408706665,8,8,30
Wine,round_robin,CON-FOLD (confidence_fit),0.9166666666666666,0.9278116877,0.5699985027313232,8,8,30
Wine,round_robin,CON-FOLD (confidence_fit),0.9166666666666666,0.923558109211111,0.5818116664886475,11,11,30
Wine,best_rule,FOLD-RM (fit),0.8611111111111112,0.8751764279222223,1.256842851638794,6,6,30
Wine,best_rule,FOLD-RM (fit),0.8611111111111112,0.8755859295111111,1.3137996196746826,7,7,30
Wine,best_rule,FOLD-RM (fit),0.9166666666666666,0.9249280190222222,1.333543062210083,8,8,30
Wine,best_rule,FOLD-RM (fit),0.9166666666666666,0.9325779464805555,1.37581205368042,7,8,30
Wine,best_rule,FOLD-RM (fit),0.9166666666666666,0.934028267586111,1.4248919486999512,7,8,30
Wine,best_rule,FOLD-RM (fit),0.9722222222222222,0.9668997511305556,1.435058355331421,7,8,30
Wine,best_rule,FOLD-RM (fit),0.9444444444444444,0.93811644795,1.4402861595153809,8,8,30
Wine,best_rule,FOLD-RM (fit),0.9722222222222222,0.9612179568833333,1.4527277946472168,7,8,30
Wine,best_rule,FOLD-RM (fit),0.9166666666666666,0.9283110060222222,1.4660236835479736,8,9,30
Wine,best_rule,FOLD-RM (fit),0.9166666666666666,0.9147414586583333,1.4813849925994873,8,8,30
Wine,best_rule,FOLD-RM (fit),1.0,0.9928073768555555,1.4878151416778564,8,9,30
Wine,best_rule,FOLD-RM (fit),0.9444444444444444,0.9420755117222221,1.5018646717071533,7,8,30
Wine,best_rule,FOLD-RM (fit),0.9444444444444444,0.946742491075,1.5979444980621338,8,9,30
Wine,best_rule,FOLD-RM (fit),0.9444444444444444,0.9444461889083333,1.594728946685791,7,7,30
Wine,best_rule,FOLD-RM (fit),0.8888888888888888,0.8973542625666667,1.6238901615142822,7,8,30
Wine,best_rule,FOLD-RM (fit),0.8888888888888888,0.9062184379444445,1.6596345901489258,9,9,30
Wine,best_rule,FOLD-RM (fit),0.8333333333333334,0.84798867775,1.6659533977508545,8,8,30
Wine,best_rule,FOLD-RM (fit),0.8611111111111112,0.8729446843333334,1.6936421394348145,9,9,30
Wine,best_rule,FOLD-RM (fit),0.8611111111111112,0.8728000396916666,1.7146472930908203,9,9,30
Wine,best_rule,FOLD-RM (fit),0.9722222222222222,0.9698493073916666,1.787226915359497,8,9,30
Wine,best_rule,FOLD-RM (fit),0.9166666666666666,0.924638772675,1.8001351356506348,8,9,30
Wine,best_rule,FOLD-RM (fit),0.9166666666666666,0.9369492462666666,1.787226915359497,10,11,30
Wine,best_rule,FOLD-RM (fit),0.9166666666666666,0.9143349553333333,1.8186945915222168,8,8,30
Wine,best_rule,FOLD-RM (fit),0.8611111111111112,0.8720323508,1.8287198543548584,10,10,30
Wine,best_rule,FOLD-RM (fit),0.9444444444444444,0.9385443505027777,1.8381764888763428,10,11,30
Wine,best_rule,FOLD-RM (fit),1.0,0.9785744779694444,1.8423881530761719,8,8,30
Wine,best_rule,FOLD-RM (fit),0.8888888888888888,0.9446046430138889,1.8381764888763428,8,9,30
Wine,best_rule,FOLD-RM (fit),0.8888888888888888,0.9086919551722222,1.8381764888763428,8,9,30
Wine,best_rule,FOLD-RM (fit),0.9722222222222222,0.9639558051805556,1.8423881530761719,8,9,30
Wine,best_rule,FOLD-RM (fit),0.8055555555555556,0.8830972352388888,1.8182635307312012,8,9,30
Wine,best_rule,CON-FOLD (confidence_fit),0.9444444444444444,0.9465451546777778,1.1217474937438965,6,6,30
Wine,best_rule,CON-FOLD (confidence_fit),0.8888888888888888,0.8996222209833333,1.1399180889129639,6,6,30
Wine,best_rule,CON-FOLD (confidence_fit),0.9444444444444444,0.9448109226888889,1.164299488067627,6,6,30
Wine,best_rule,CON-FOLD (confidence_fit),0.8611111111111112,0.8778860042888889,1.2447896003723145,7,7,30
Wine,best_rule,CON-FOLD (confidence_fit),0.8055555555555556,0.8256512042777777,1.249100685119629,6,6,30
Wine,best_rule,CON-FOLD (confidence_fit),0.9722222222222222,0.9652893265583333,1.348132848739624,7,8,30
Wine,best_rule,CON-FOLD (confidence_fit),0.8888888888888888,0.9113709336222222,1.3446769714355469,6,6,30
Wine,best_rule,CON-FOLD (confidence_fit),0.9444444444444444,0.9419994708638889,1.3993806838989258,6,6,30
Wine,best_rule,CON-FOLD (confidence_fit),1.0,0.9837157796805556,1.4258389472961426,7,8,30
Wine,best_rule,CON-FOLD (confidence_fit),0.9444444444444444,0.9419435968194444,1.4248380661010742,6,6,30
Wine,best_rule,CON-FOLD (confidence_fit),0.9166666666666666,0.9529059010027778,1.4547722339630127,7,8,30
Wine,best_rule,CON-FOLD (confidence_fit),0.9722222222222222,0.9642789853444445,1.471562385559082,6,6,30
Wine,best_rule,CON-FOLD (confidence_fit),0.8333333333333334,0.8633861139111111,1.5557055473327637,8,8,30
Wine,best_rule,CON-FOLD (confidence_fit),0.9722222222222222,0.9684822506,1.5724976062774658,7,8,30
Wine,best_rule,CON-FOLD (confidence_fit),1.0,0.9927652251416667,1.598825216293335,7,8,30
Wine,best_rule,CON-FOLD (confidence_fit),0.9722222222222222,0.9636964805055556,1.585134744644165,7,8,30
Wine,best_rule,CON-FOLD (confidence_fit),0.8055555555555556,0.8262272495916667,1.6131439208984375,8,9,30
Wine,best_rule,CON-FOLD (confidence_fit),0.9166666666666666,0.9218495069388889,1.6189854145050049,7,7,30
Wine,best_rule,CON-FOLD (confidence_fit),0.9444444444444444,0.9358513298861111,1.6994683742523193,7,8,30
Wine,best_rule,CON-FOLD (confidence_fit),0.9722222222222222,0.9621863695861111,1.7257118225097656,8,8,30
Wine,best_rule,CON-FOLD (confidence_fit),0.9444444444444444,0.9426532004333333,1.721024513244629,8,8,30
Wine,best_rule,CON-FOLD (confidence_fit),0.8888888888888888,0.9039953799527778,1.7283382415771484,9,9,30
Wine,best_rule,CON-FOLD (confidence_fit),0.8611111111111112,0.8783804706388889,1.7473475933074951,9,9,30
Wine,best_rule,CON-FOLD (confidence_fit),0.9166666666666666,0.9132072960777777,1.7632091045379639,9,9,30
Wine,best_rule,CON-FOLD (confidence_fit),0.9444444444444444,0.9397646684777778,1.7745814323425293,8,9,30
Wine,best_rule,CON-FOLD (confidence_fit),0.8611111111111112,0.8912541047472222,1.7996609210968018,8,9,30
Wine,best_rule,CON-FOLD (confidence_fit),0.9444444444444444,0.9416084752833334,1.8022634983062744,9,9,30
Wine,best_rule,CON-FOLD (confidence_fit),0.8888888888888888,0.8953442381333333,1.8052630424499512,9,10,30
Wine,best_rule,CON-FOLD (confidence_fit),0.9444444444444444,0.9464561997222223,1.8093476295471191,8,9,30
Wine,best_rule,CON-FOLD (confidence_fit),0.9444444444444444,0.9441011340666666,1.8189539909362793,8,8,30
Wine,info_gain,FOLD-RM (fit),0.8611111111111112,0.881116521625,0.35846972465515137,6,6,30
Wine,info_gain,FOLD-RM (fit),0.9444444444444444,0.9456365199555555,0.3983321189880371,7,7,30
Wine,info_gain,FOLD-RM (fit),0.8888888888888888,0.9088795841222221,0.40672802925109863,7,7,30
Wine,info_gain,FOLD-RM (fit),0.9166666666666666,0.9167369300333333,0.42250585556030273,7,7,30
Wine,info_gain,FOLD-RM (fit),0.9444444444444444,0.9508413624972222,0.4281795024871826,7,7,30
Wine,info_gain,FOLD-RM (fit),0.9444444444444444,0.9453293828194445,0.42517995834350586,8,8,30
Wine,info_gain,FOLD-RM (fit),0.9166666666666666,0.9376777299666667,0.43952131271362305,8,8,30
Wine,info_gain,FOLD-RM (fit),0.9722222222222222,0.9619755464305555,0.43313145637512207,7,7,30
Wine,info_gain,FOLD-RM (fit),0.9444444444444444,0.9442616162666667,0.44878149032592773,7,7,30
Wine,info_gain,FOLD-RM (fit),0.9722222222222222,0.9722309948111111,0.449782133102417,8,8,30
Wine,info_gain,FOLD-RM (fit),1.0,0.9853756793138889,0.4437828063964844,8,8,30
Wine,info_gain,FOLD-RM (fit),0.9444444444444444,0.9467503722611111,0.4530754089355469,7,7,30
Wine,info_gain,FOLD-RM (fit),1.0,0.9867967396805556,0.4590747356414795,8,8,30
Wine,info_gain,FOLD-RM (fit),0.9444444444444444,0.9557953449138888,0.4550759792327881,7,7,30
Wine,info_gain,FOLD-RM (fit),0.9722222222222222,0.9719957079222222,0.4530754089355469,8,8,30
Wine,info_gain,FOLD-RM (fit),0.9444444444444444,0.9629395057833333,0.4550759792327881,8,8,30
Wine,info_gain,FOLD-RM (fit),1.0,0.9890047248777778,0.46662259101867676,8,9,30
Wine,info_gain,FOLD-RM (fit),1.0,0.9836778823972222,0.4706761837005615,8,8,30
Wine,info_gain,FOLD-RM (fit),0.9444444444444444,0.9441007484333334,0.4737973213195801,8,8,30
Wine,info_gain,FOLD-RM (fit),0.9444444444444444,0.9383855166916667,0.4777965545654297,8,9,30
Wine,info_gain,FOLD-RM (fit),0.9166666666666666,0.9372601372055556,0.47479796409606934,7,7,30
Wine,info_gain,FOLD-RM (fit),0.9444444444444444,0.9516354168388889,0.4802992343902588,7,8,30
Wine,info_gain,FOLD-RM (fit),0.8888888888888888,0.9123730671472222,0.48723363876342773,8,9,30
Wine,info_gain,FOLD-RM (fit),0.9722222222222222,0.9637767271833333,0.48284339904785156,8,9,30
Wine,info_gain,FOLD-RM (fit),0.9722222222222222,0.9687276761583333,0.4862344264984131,9,9,30
Wine,info_gain,FOLD-RM (fit),0.9444444444444444,0.9298445937055555,0.4842338562011719,9,8,30
Wine,info_gain,FOLD-RM (fit),0.8611111111111112,0.9047917018555556,0.4922785758972168,9,10,30
Wine,info_gain,FOLD-RM (fit),0.8888888888888888,0.9140492941166667,0.48523449897766113,8,9,30
Wine,info_gain,FOLD-RM (fit),0.9722222222222222,0.9695094189416666,0.45807480812072754,8,8,30
Wine,info_gain,FOLD-RM (fit),0.9444444444444444,0.94439300535,0.42318081855773926,7,7,30
Wine,info_gain,CON-FOLD (confidence_fit),0.9444444444444444,0.9416933805888889,0.4999251365661621,7,7,30
Wine,info_gain,CON-FOLD (confidence_fit),0.9444444444444444,0.9558255521888889,0.5263786315917969,7,7,30
Wine,info_gain,CON-FOLD (confidence_fit),0.9722222222222222,0.9628472621611112,0.5357203483581543,7,7,30
Wine,info_gain,CON-FOLD (confidence_fit),0.9444444444444444,0.9604819617194444,0.5251407623291016,7,7,30
Wine,info_gain,CON-FOLD (confidence_fit),0.9166666666666666,0.9181287291305555,0.5097737312316895,7,7,30
Wine,info_gain,CON-FOLD (confidence_fit),0.8888888888888888,0.8906133625694443,0.556307315826416,7,7,30
Wine,info_gain,CON-FOLD (confidence_fit),0.8888888888888888,0.9438787432555555,0.556058406829834,7,7,30
Wine,info_gain,CON-FOLD (confidence_fit),0.9722222222222222,0.9632423556472223,0.5768857002258301,7,7,30
Wine,info_gain,CON-FOLD (confidence_fit),0.9166666666666666,0.9451855607027778,0.5974652767181396,7,7,30
Wine,info_gain,CON-FOLD (confidence_fit),0.8333333333333334,0.8675808503083333,0.5869922637939453,6,6,30
Wine,info_gain,CON-FOLD (confidence_fit),0.9722222222222222,0.9682120562416667,0.5768857002258301,8,8,30
Wine,info_gain,CON-FOLD (confidence_fit),0.8888888888888888,0.9043566996,0.5879294872283936,7,7,30
Wine,info_gain,CON-FOLD (confidence_fit),0.9444444444444444,0.9404483265638889,0.6130738258361816,8,8,30
Wine,info_gain,CON-FOLD (confidence_fit),0.9166666666666666,0.9309475821305555,0.5768857002258301,7,7,30
Wine,info_gain,CON-FOLD (confidence_fit),0.9166666666666666,0.9370683405555555,0.6194777488708496,6,6,30
Wine,info_gain,CON-FOLD (confidence_fit),0.9722222222222222,0.9663396271083333,0.6234874725341797,7,7,30
Wine,info_gain,CON-FOLD (confidence_fit),0.9444444444444444,0.9651806960944445,0.6180477142333984,7,7,30
Wine,info_gain,CON-FOLD (confidence_fit),0.9166666666666666,0.9190590761166667,0.6180477142333984,8,8,30
Wine,info_gain,CON-FOLD (confidence_fit),0.9444444444444444,0.9652491188361111,0.6283524036407471,8,8,30
Wine,info_gain,CON-FOLD (confidence_fit),0.9166666666666666,0.9474464397666666,0.6076269149780273,7,7,30
Wine,info_gain,CON-FOLD (confidence_fit),0.8611111111111112,0.9173723533611111,0.6142573356628418,6,6,30
Wine,info_gain,CON-FOLD (confidence_fit),0.9722222222222222,0.9696249218027778,0.6196768283843994,8,8,30
Wine,info_gain,CON-FOLD (confidence_fit),0.9722222222222222,0.9677866987027778,0.6440999507904053,8,9,30
Wine,info_gain,CON-FOLD (confidence_fit),0.9166666666666666,0.9223787877,0.6491332054138184,7,7,30
Wine,info_gain,CON-FOLD (confidence_fit),0.8611111111111112,0.8842597991666667,0.6283524036407471,6,6,30
Wine,info_gain,CON-FOLD (confidence_fit),0.9444444444444444,0.9635758779666667,0.6353952884674072,7,7,30
Wine,info_gain,CON-FOLD (confidence_fit),0.8888888888888888,0.8976763914027778,0.6140379905700684,7,7,30
Wine,info_gain,CON-FOLD (confidence_fit),0.9444444444444444,0.9733899978944445,0.617931604385376,7,7,30
Wine,info_gain,CON-FOLD (confidence_fit),0.9722222222222222,0.9652448275638889,0.6180477142333984,7,7,30
Wine,info_gain,CON-FOLD (confidence_fit),0.9444444444444444,0.9405063092805556,0.5972132682800293,8,8,30
Ecoli,greedy,FOLD-RM (fit),0.7647058823529411,0.8376998042088235,0.9194889068603516,29,32,30
Ecoli,greedy,FOLD-RM (fit),0.7647058823529411,0.8258994746044117,0.9433655738830566,27,34,30
Ecoli,greedy,FOLD-RM (fit),0.7941176470588235,0.8467543667529412,0.9885594844818115,31,33,30
Ecoli,greedy,FOLD-RM (fit),0.7794117647058824,0.8466502624485294,1.0195121765136719,33,32,30
Ecoli,greedy,FOLD-RM (fit),0.75,0.8319781087897058,1.0512542724609375,27,31,30
Ecoli,greedy,FOLD-RM (fit),0.8382352941176471,0.8638957800676471,1.0822668075561523,29,38,30
Ecoli,greedy,FOLD-RM (fit),0.8088235294117647,0.8552959524147059,1.1235346794128418,29,37,30
Ecoli,greedy,FOLD-RM (fit),0.7794117647058824,0.8466016887735295,1.1667194366455078,36,45,30
Ecoli,greedy,FOLD-RM (fit),0.6911764705882353,0.7545118250985293,1.1852586269378662,39,36,30
Ecoli,greedy,FOLD-RM (fit),0.75,0.8446820053985294,1.2056217193603516,41,51,30
Ecoli,greedy,FOLD-RM (fit),0.75,0.8035072005867646,1.2032923698425293,38,47,30
Ecoli,greedy,FOLD-RM (fit),0.75,0.8581548969750001,1.2117393016815186,38,45,30
Ecoli,greedy,FOLD-RM (fit),0.8676470588235294,0.9061532372073529,1.230332851409912,40,50,30
Ecoli,greedy,FOLD-RM (fit),0.7352941176470589,0.8363533590235295,1.2157683372497559,39,47,30
Ecoli,greedy,FOLD-RM (fit),0.75,0.8419920327338235,1.2358622550964355,37,47,30
Ecoli,greedy,FOLD-RM (fit),0.7352941176470589,0.815697404492647,1.2870469093322754,42,44,30
Ecoli,greedy,FOLD-RM (fit),0.8235294117647058,0.8896381655058824,1.2684826850891113,42,51,30
Ecoli,greedy,FOLD-RM (fit),0.7941176470588235,0.8912841093088236,1.2971086502075195,45,56,30
Ecoli,greedy,FOLD-RM (fit),0.8235294117647058,0.8824757751455883,1.2971086502075195,36,44,30
Ecoli,greedy,FOLD-RM (fit),0.7941176470588235,0.8625254061691175,1.2971086502075195,39,50,30
Ecoli,greedy,FOLD-RM (fit),0.7941176470588235,0.8678896302367647,1.287778377532959,42,58,30
Ecoli,greedy,FOLD-RM (fit),0.7794117647058824,0.8216640895044118,1.3073692321777344,44,48,30
Ecoli,greedy,FOLD-RM (fit),0.8088235294117647,0.8594914433720588,1.2805438041687012,42,48,30
Ecoli,greedy,FOLD-RM (fit),0.8970588235294118,0.9216830094382353,1.2961935997009277,45,58,30
Ecoli,greedy,FOLD-RM (fit),0.8235294117647058,0.875550321492647,1.3024251461029053,42,49,30
Ecoli,greedy,FOLD-RM (fit),0.8382352941176471,0.8993209894485295,1.3178117275238037,46,58,30
Ecoli,greedy,FOLD-RM (fit),0.8088235294117647,0.8729814486514706,1.308945894241333,41,50,30
Ecoli,greedy,FOLD-RM (fit),0.8529411764705882,0.9056981759058823,1.287778377532959,44,51,30
Ecoli,greedy,FOLD-RM (fit),0.7941176470588235,0.8389813525294116,1.287778377532959,42,53,30
Ecoli,greedy,FOLD-RM (fit),0.8235294117647058,0.8937510227338236,1.2918074131011963,43,52,30
Ecoli,greedy,CON-FOLD (confidence_fit),0.7647058823529411,0.8777131863,1.0621836185455322,30,37,30
Ecoli,greedy,CON-FOLD (confidence_fit),0.7941176470588235,0.8279563220514705,1.1152560710906982,28,33,30
Ecoli,greedy,CON-FOLD (confidence_fit),0.8088235294117647,0.8531728645485295,1.132720947265625,29,31,30
Ecoli,greedy,CON-FOLD (confidence_fit),0.8088235294117647,0.869765271185294,1.1490707397460938,24,25,30
Ecoli,greedy,CON-FOLD (confidence_fit),0.7647058823529411,0.8425656313058824,1.1943390369415283,28,30,30
Ecoli,greedy,CON-FOLD (confidence_fit),0.7794117647058824,0.8474021931500001,1.2455902099609375,25,30,30
Ecoli,greedy,CON-FOLD (confidence_fit),0.7647058823529411,0.8251571285014706,1.2475941181182861,24,28,30
Ecoli,greedy,CON-FOLD (confidence_fit),0.8529411764705882,0.8873561580147059,1.2764246463775635,31,40,30
Ecoli,greedy,CON-FOLD (confidence_fit),0.7941176470588235,0.8526724405794117,1.3134288787841797,37,48,30
Ecoli,greedy,CON-FOLD (confidence_fit),0.7205882352941176,0.8050542610794118,1.317591667175293,34,43,30
Ecoli,greedy,CON-FOLD (confidence_fit),0.7352941176470589,0.8460542777205882,1.3425357341766357,38,47,30
Ecoli,greedy,CON-FOLD (confidence_fit),0.7794117647058824,0.8360446541411766,1.3286924362182617,31,36,30
Ecoli,greedy,CON-FOLD (confidence_fit),0.8382352941176471,0.8683628879264705,1.3316919803619385,31,39,30
Ecoli,greedy,CON-FOLD (confidence_fit),0.7647058823529411,0.8419708104823529,1.348031759262085,28,38,30
Ecoli,greedy,CON-FOLD (confidence_fit),0.7205882352941176,0.7787730437161764,1.3778448104858398,32,34,30
Ecoli,greedy,CON-FOLD (confidence_fit),0.7352941176470589,0.826291033875,1.3857064247131348,37,48,30
Ecoli,greedy,CON-FOLD (confidence_fit),0.7647058823529411,0.8592356602279412,1.3773679733276367,30,39,30
Ecoli,greedy,CON-FOLD (confidence_fit),0.8088235294117647,0.8640828477073529,1.4016482830047607,42,53,30
Ecoli,greedy,CON-FOLD (confidence_fit),0.7647058823529411,0.8291318113691176,1.385298490524292,38,48,30
Ecoli,greedy,CON-FOLD (confidence_fit),0.8235294117647058,0.8924279807205883,1.385298490524292,39,52,30
Ecoli,greedy,CON-FOLD (confidence_fit),0.8088235294117647,0.8751431444926471,1.368340253829956,32,41,30
Ecoli,greedy,CON-FOLD (confidence_fit),0.7794117647058824,0.8566713439955882,1.3929259777069092,39,50,30
Ecoli,greedy,CON-FOLD (confidence_fit),0.7941176470588235,0.8712571872985293,1.3905956745147705,32,41,30
Ecoli,greedy,CON-FOLD (confidence_fit),0.7941176470588235,0.8543647598191176,1.4169731140136719,35,41,30
Ecoli,greedy,CON-FOLD (confidence_fit),0.8676470588235294,0.9076038041838235,1.3905956745147705,40,52,30
Ecoli,greedy,CON-FOLD (confidence_fit),0.7941176470588235,0.8885620721514706,1.4169731140136719,40,54,30
Ecoli,greedy,CON-FOLD (confidence_fit),0.8382352941176471,0.9061706285176471,1.4085559844970703,40,50,30
Ecoli,greedy,CON-FOLD (confidence_fit),0.8088235294117647,0.84232864915,1.4010353088378906,34,45,30
Ecoli,greedy,CON-FOLD (confidence_fit),0.8235294117647058,0.8742473079838236,1.4120655059814453,39,48,30
Ecoli,greedy,CON-FOLD (confidence_fit),0.8823529411764706,0.9168013423044118,1.3929259777069092,38,53,30
Ecoli,round_robin,FOLD-RM (fit),0.7647058823529411,0.8345535389941178,1.1505398750305176,24,28,30
Ecoli,round_robin,FOLD-RM (fit),0.8088235294117647,0.8560553806397059,1.222219467163086,24,28,30
Ecoli,round_robin,FOLD-RM (fit),0.8088235294117647,0.8690872247897059,1.31099271774292,24,27,30
Ecoli,round_robin,FOLD-RM (fit),0.8235294117647058,0.8713997286529411,1.3129940032958984,26,31,30
Ecoli,round_robin,FOLD-RM (fit),0.8382352941176471,0.8809081413161766,1.422565221786499,24,29,30
Ecoli,round_robin,FOLD-RM (fit),0.8235294117647058,0.8629864584705882,1.4520814418792725,28,29,30
Ecoli,round_robin,FOLD-RM (fit),0.7647058823529411,0.8351047778647059,1.47623872756958,31,33,30
Ecoli,round_robin,FOLD-RM (fit),0.75,0.8054236983588232,1.4789421558380127,36,45,30
Ecoli,round_robin,FOLD-RM (fit),0.8235294117647058,0.8767447039735294,1.5241169929504395,31,39,30
Ecoli,round_robin,FOLD-RM (fit),0.7941176470588235,0.8356569548544117,1.5223805904388428,28,33,30
Ecoli,round_robin,FOLD-RM (fit),0.8235294117647058,0.875009295067647,1.5343937873840332,29,36,30
Ecoli,round_robin,FOLD-RM (fit),0.75,0.8179151237852943,1.5403318405151367,32,45,30
Ecoli,round_robin,FOLD-RM (fit),0.8088235294117647,0.862574202317647,1.5308277606964111,34,37,30
Ecoli,round_robin,FOLD-RM (fit),0.75,0.8377312405676469,1.586451768875122,37,40,30
Ecoli,round_robin,FOLD-RM (fit),0.8088235294117647,0.8561262457000001,1.5994906425476074,38,47,30
Ecoli,round_robin,FOLD-RM (fit),0.7352941176470589,0.8232422390441176,1.6169161796569824,30,36,30
Ecoli,round_robin,FOLD-RM (fit),0.7794117647058824,0.8299109086911765,1.622765302658081,35,43,30
Ecoli,round_robin,FOLD-RM (fit),0.8235294117647058,0.8767255218941176,1.6312739849090576,36,45,30
Ecoli,round_robin,FOLD-RM (fit),0.7058823529411765,0.8166123253,1.639836072921753,38,51,30
Ecoli,round_robin,FOLD-RM (fit),0.7794117647058824,0.8239368279514705,1.6439173221588135,35,42,30
Ecoli,round_robin,FOLD-RM (fit),0.7205882352941176,0.8062731555323528,1.6500380039215088,32,44,30
Ecoli,round_robin,FOLD-RM (fit),0.7941176470588235,0.8455796600058824,1.650038242340088,37,44,30
Ecoli,round_robin,FOLD-RM (fit),0.7941176470588235,0.863244107207353,1.6610517501831055,38,42,30
Ecoli,round_robin,FOLD-RM (fit),0.8235294117647058,0.8738463948941176,1.6712243556976318,36,49,30
Ecoli,round_robin,FOLD-RM (fit),0.7205882352941176,0.7972820547102941,1.660132646560669,37,48,30
Ecoli,round_robin,FOLD-RM (fit),0.8235294117647058,0.869713634547059,1.694850206375122,34,44,30
Ecoli,round_robin,FOLD-RM (fit),0.7352941176470589,0.8012910509102942,1.6862962245941162,40,46,30
Ecoli,round_robin,FOLD-RM (fit),0.8088235294117647,0.8646997606161765,1.6848366260528564,36,42,30
Ecoli,round_robin,FOLD-RM (fit),0.7647058823529411,0.8638291027955882,1.6893441677093506,43,47,30
Ecoli,round_robin,FOLD-RM (fit),0.8823529411764706,0.9102380622838236,1.6862962245941162,38,47,30
Ecoli,round_robin,CON-FOLD (confidence_fit),0.7794117647058824,0.8493778309161765,1.0646271705627441,16,19,30
Ecoli,round_robin,CON-FOLD (confidence_fit),0.8529411764705882,0.8766586980911765,1.307882308959961,22,27,30
Ecoli,round_robin,CON-FOLD (confidence_fit),0.7058823529411765,0.785264590914706,1.354825496673584,22,25,30
Ecoli,round_robin,CON-FOLD (confidence_fit),0.8235294117647058,0.8692057702632353,1.3545353412628174,22,22,30
Ecoli,round_robin,CON-FOLD (confidence_fit),0.7941176470588235,0.8577033164029412,1.3925962448120117,20,21,30
Ecoli,round_robin,CON-FOLD (confidence_fit),0.8088235294117647,0.8617733911514707,1.4116201400756836,25,29,30
Ecoli,round_robin,CON-FOLD (confidence_fit),0.8235294117647058,0.8754699755132354,1.436488151550293,19,20,30
Ecoli,round_robin,CON-FOLD (confidence_fit),0.7794117647058824,0.8344191711029412,1.4389996528625488,21,28,30
Ecoli,round_robin,CON-FOLD (confidence_fit),0.8823529411764706,0.9037775751279411,1.4555134773254395,21,26,30
Ecoli,round_robin,CON-FOLD (confidence_fit),0.8676470588235294,0.9025352166102941,1.463479995727539,26,28,30
Ecoli,round_robin,CON-FOLD (confidence_fit),0.7794117647058824,0.8582618797632353,1.47080397605896,15,19,30
Ecoli,round_robin,CON-FOLD (confidence_fit),0.6911764705882353,0.7864256427058824,1.4944682121276855,24,30,30
Ecoli,round_robin,CON-FOLD (confidence_fit),0.7941176470588235,0.8509675228882353,1.4969708919525146,21,28,30
Ecoli,round_robin,CON-FOLD (confidence_fit),0.7794117647058824,0.8444918508220589,1.490854024887085,23,24,30
Ecoli,round_robin,CON-FOLD (confidence_fit),0.8235294117647058,0.8777477429397058,1.5119514465332031,23,32,30
Ecoli,round_robin,CON-FOLD (confidence_fit),0.8529411764705882,0.8872887974191177,1.5155789852142334,17,21,30
Ecoli,round_robin,CON-FOLD (confidence_fit),0.8382352941176471,0.887238346125,1.5145697593688965,21,25,30
Ecoli,round_robin,CON-FOLD (confidence_fit),0.75,0.8598774115720589,1.5418391227722168,23,31,30
Ecoli,round_robin,CON-FOLD (confidence_fit),0.8235294117647058,0.8683154581838235,1.5428357124328613,21,33,30
Ecoli,round_robin,CON-FOLD (confidence_fit),0.8088235294117647,0.8679516563279411,1.5533454418182373,20,26,30
Ecoli,round_robin,CON-FOLD (confidence_fit),0.8382352941176471,0.8805431804088235,1.565847396850586,23,31,30
Ecoli,round_robin,CON-FOLD (confidence_fit),0.8235294117647058,0.8609668071558823,1.5795292854309082,25,30,30
Ecoli,round_robin,CON-FOLD (confidence_fit),0.8970588235294118,0.9094307194705882,1.5885376930236816,28,36,30
Ecoli,round_robin,CON-FOLD (confidence_fit),0.8088235294117647,0.8407241005073529,1.583531141281128,24,37,30
Ecoli,round_robin,CON-FOLD (confidence_fit),0.7941176470588235,0.8477362022058823,1.5934500694274902,25,33,30
Ecoli,round_robin,CON-FOLD (confidence_fit),0.7352941176470589,0.7898095475382353,1.5954501628875732,24,33,30
Ecoli,round_robin,CON-FOLD (confidence_fit),0.7794117647058824,0.8512864311794117,1.6004583835601807,21,27,30
Ecoli,round_robin,CON-FOLD (confidence_fit),0.8676470588235294,0.8949804955588235,1.6131763458251953,24,31,30
Ecoli,round_robin,CON-FOLD (confidence_fit),0.8823529411764706,0.9173190807941176,1.616659164428711,26,31,30
Ecoli,round_robin,CON-FOLD (confidence_fit),0.8382352941176471,0.8735860778235294,1.6119647026062012,27,34,30
Ecoli,best_rule,FOLD-RM (fit),0.058823529411764705,0.7503179383485294,3.4279191493988037,10,13,30
Ecoli,best_rule,FOLD-RM (fit),0.08823529411764706,0.7437876462147058,5.010548114776611,13,17,30
Ecoli,best_rule,FOLD-RM (fit),0.08823529411764706,0.7570669040720588,5.1238112449646,11,16,30
Ecoli,best_rule,FOLD-RM (fit),0.10294117647058823,0.7510801086764707,5.192336797714233,10,15,30
Ecoli,best_rule,FOLD-RM (fit),0.1323529411764706,0.7707229555147059,5.27733302116394,11,15,30
Ecoli,best_rule,FOLD-RM (fit),0.10294117647058823,0.7492393163897059,5.325145483016968,10,15,30
Ecoli,best_rule,FOLD-RM (fit),0.10294117647058823,0.7416436869117647,5.399137496948242,13,15,30
Ecoli,best_rule,FOLD-RM (fit),0.07352941176470588,0.7317831486029411,5.486541748046875,13,16,30
Ecoli,best_rule,FOLD-RM (fit),0.10294117647058823,0.7601230073867647,5.651237726211548,13,17,30
Ecoli,best_rule,FOLD-RM (fit),0.7941176470588235,0.8494373627588236,5.829808473587036,33,40,30
Ecoli,best_rule,FOLD-RM (fit),0.6764705882352942,0.741171718010294,5.906432628631592,27,36,30
Ecoli,best_rule,FOLD-RM (fit),0.1323529411764706,0.7681624467573529,5.931075572967529,16,26,30
Ecoli,best_rule,FOLD-RM (fit),0.07352941176470588,0.7507200221338235,5.944346904754639,11,16,30
Ecoli,best_rule,FOLD-RM (fit),0.8088235294117647,0.8468270532250002,5.9754369258880615,34,43,30
Ecoli,best_rule,FOLD-RM (fit),0.8529411764705882,0.8751500584573529,6.167585849761963,28,38,30
Ecoli,best_rule,FOLD-RM (fit),0.8382352941176471,0.9241592291867646,6.249253034591675,29,39,30
Ecoli,best_rule,FOLD-RM (fit),0.75,0.792770679210294,6.269584894180298,27,39,30
Ecoli,best_rule,FOLD-RM (fit),0.8235294117647058,0.857897739607353,6.292530536651611,33,42,30
Ecoli,best_rule,FOLD-RM (fit),0.6323529411764706,0.8626904586367646,6.324265718460083,27,36,30
Ecoli,best_rule,FOLD-RM (fit),0.6470588235294118,0.7982644862632353,6.340898275375366,24,31,30
Ecoli,best_rule,FOLD-RM (fit),0.7794117647058824,0.8498792942867646,6.468983173370361,32,42,30
Ecoli,best_rule,FOLD-RM (fit),0.6470588235294118,0.8156704991735296,6.506649017333984,28,31,30
Ecoli,best_rule,FOLD-RM (fit),0.75,0.8815026850205884,6.548717498779297,26,31,30
Ecoli,best_rule,FOLD-RM (fit),0.8382352941176471,0.8738265058058824,6.587835073471069,32,42,30
Ecoli,best_rule,FOLD-RM (fit),0.7941176470588235,0.849979624432353,6.600428819656372,36,41,30
Ecoli,best_rule,FOLD-RM (fit),0.8970588235294118,0.9064712012897059,6.611701726913452,34,41,30
Ecoli,best_rule,FOLD-RM (fit),0.8088235294117647,0.855152898875,6.609702110290527,29,41,30
Ecoli,best_rule,FOLD-RM (fit),0.7647058823529411,0.8716124617676471,6.661984205245972,27,34,30
Ecoli,best_rule,FOLD-RM (fit),0.8235294117647058,0.8455709643058824,6.677279472351074,29,39,30
Ecoli,best_rule,FOLD-RM (fit),0.8235294117647058,0.8659864681220588,6.725339889526367,31,45,30
Ecoli,best_rule,CON-FOLD (confidence_fit),0.08823529411764706,0.7677522820220588,3.8638341426849365,8,13,30
Ecoli,best_rule,CON-FOLD (confidence_fit),0.16176470588235295,0.7760780173161764,4.596210479736328,12,16,30
Ecoli,best_rule,CON-FOLD (confidence_fit),0.10294117647058823,0.7620678962058823,5.081793546676636,13,16,30
Ecoli,best_rule,CON-FOLD (confidence_fit),0.08823529411764706,0.7571932311779411,5.348757266998291,9,16,30
Ecoli,best_rule,CON-FOLD (confidence_fit),0.08823529411764706,0.7541930165264705,5.362186431884766,11,15,30
Ecoli,best_rule,CON-FOLD (confidence_fit),0.07352941176470588,0.7447486069088236,5.421081781387329,11,16,30
Ecoli,best_rule,CON-FOLD (confidence_fit),0.11764705882352941,0.7692792018661765,5.442148685455322,13,17,30
Ecoli,best_rule,CON-FOLD (confidence_fit),0.1323529411764706,0.7729547765088235,6.023927211761475,10,13,30
Ecoli,best_rule,CON-FOLD (confidence_fit),0.7941176470588235,0.8824392915647059,6.3307414054870605,21,26,30
Ecoli,best_rule,CON-FOLD (confidence_fit),0.10294117647058823,0.7709522820220588,6.397500276565552,13,19,30
Ecoli,best_rule,CON-FOLD (confidence_fit),0.7941176470588235,0.8424989236661765,6.425936937332153,22,26,30
Ecoli,best_rule,CON-FOLD (confidence_fit),0.75,0.7973871114191176,6.506367921829224,25,29,30
Ecoli,best_rule,CON-FOLD (confidence_fit),0.7941176470588235,0.8253074045029413,6.639058828353882,21,27,30
Ecoli,best_rule,CON-FOLD (confidence_fit),0.8676470588235294,0.8952143570264707,6.659831762313843,28,38,30
Ecoli,best_rule,CON-FOLD (confidence_fit),0.6911764705882353,0.8488928750470588,6.778140306472778,23,28,30
Ecoli,best_rule,CON-FOLD (confidence_fit),0.5735294117647058,0.8262393220617646,6.872931003570557,21,25,30
Ecoli,best_rule,CON-FOLD (confidence_fit),0.7941176470588235,0.861148774497059,6.94513201713562,28,38,30
Ecoli,best_rule,CON-FOLD (confidence_fit),0.8382352941176471,0.8616524617882354,7.140581130981445,28,34,30
Ecoli,best_rule,CON-FOLD (confidence_fit),0.8529411764705882,0.8808662522897059,7.21377968788147,24,32,30
Ecoli,best_rule,CON-FOLD (confidence_fit),0.5882352941176471,0.8634535777235294,7.2537806034088135,21,25,30
Ecoli,best_rule,CON-FOLD (confidence_fit),0.8088235294117647,0.8573940375632353,7.307710409164429,28,37,30
Ecoli,best_rule,CON-FOLD (confidence_fit),0.7794117647058824,0.8125136112147058,7.335740804672241,28,32,30
Ecoli,best_rule,CON-FOLD (confidence_fit),0.7941176470588235,0.8515479907750001,7.3464133739471436,28,34,30
Ecoli,best_rule,CON-FOLD (confidence_fit),0.7647058823529411,0.9092035059485293,7.428436756134033,23,30,30
Ecoli,best_rule,CON-FOLD (confidence_fit),0.8382352941176471,0.8648539157529412,7.43881630897522,28,35,30
Ecoli,best_rule,CON-FOLD (confidence_fit),0.7941176470588235,0.819732810882353,7.458992004394531,31,42,30
Ecoli,best_rule,CON-FOLD (confidence_fit),0.8088235294117647,0.8661125140705882,7.4735376834869385,28,41,30
Ecoli,best_rule,CON-FOLD (confidence_fit),0.75,0.8007804773294117,7.4484429359436035,32,43,30
Ecoli,best_rule,CON-FOLD (confidence_fit),0.8088235294117647,0.8347400743911764,7.449011564254761,28,39,30
Ecoli,best_rule,CON-FOLD (confidence_fit),0.7794117647058824,0.8064794206132353,7.473609685897827,31,43,30
Ecoli,info_gain,FOLD-RM (fit),0.6911764705882353,0.7882511968397059,0.8908786773681641,30,30,30
Ecoli,info_gain,FOLD-RM (fit),0.8382352941176471,0.872182404775,1.0785865783691406,36,37,30
Ecoli,info_gain,FOLD-RM (fit),0.7352941176470589,0.825250624317647,1.1560063362121582,40,48,30
Ecoli,info_gain,FOLD-RM (fit),0.7647058823529411,0.8072368462647058,1.1759755611419678,40,47,30
Ecoli,info_gain,FOLD-RM (fit),0.7941176470588235,0.8536593971632354,1.1885178089141846,37,47,30
Ecoli,info_gain,FOLD-RM (fit),0.7352941176470589,0.8165193654044117,1.1845073699951172,32,34,30
Ecoli,info_gain,FOLD-RM (fit),0.8676470588235294,0.8918086133705883,1.1932799816131592,32,35,30
Ecoli,info_gain,FOLD-RM (fit),0.7058823529411765,0.7955286971455883,1.2017827033996582,39,45,30
Ecoli,info_gain,FOLD-RM (fit),0.8382352941176471,0.878628521807353,1.1870148181915283,34,35,30
Ecoli,info_gain,FOLD-RM (fit),0.7941176470588235,0.8558360195455882,1.2236030101776123,40,54,30
Ecoli,info_gain,FOLD-RM (fit),0.8235294117647058,0.8822819631397059,1.2500550746917725,36,44,30
Ecoli,info_gain,FOLD-RM (fit),0.7205882352941176,0.8316020977779411,1.2500550746917725,38,50,30
Ecoli,info_gain,FOLD-RM (fit),0.7205882352941176,0.7986294501308824,1.2548794746398926,41,50,30
Ecoli,info_gain,FOLD-RM (fit),0.7794117647058824,0.8600070849852941,1.2737255096435547,41,45,30
Ecoli,info_gain,FOLD-RM (fit),0.7352941176470589,0.7940924127941174,1.2548794746398926,38,45,30
Ecoli,info_gain,FOLD-RM (fit),0.75,0.813087784357353,1.280688762664795,39,48,30
Ecoli,info_gain,FOLD-RM (fit),0.8088235294117647,0.8787126427058822,1.286086082458496,46,54,30
Ecoli,info_gain,FOLD-RM (fit),0.8088235294117647,0.8891600136514706,1.2909674644470215,41,50,30
Ecoli,info_gain,FOLD-RM (fit),0.8529411764705882,0.8881002100558824,1.2937211990356445,44,50,30
Ecoli,info_gain,FOLD-RM (fit),0.7941176470588235,0.8769602762647059,1.3043360710144043,43,51,30
Ecoli,info_gain,FOLD-RM (fit),0.8676470588235294,0.9064117766867648,1.2731571197509766,43,52,30
Ecoli,info_gain,FOLD-RM (fit),0.7205882352941176,0.7928163913147062,1.301252841949463,40,49,30
Ecoli,info_gain,FOLD-RM (fit),0.8823529411764706,0.905054236310294,1.313122034072876,43,49,30
Ecoli,info_gain,FOLD-RM (fit),0.7794117647058824,0.8545781430132353,1.3055903911590576,43,54,30
Ecoli,info_gain,FOLD-RM (fit),0.7205882352941176,0.8146163908161764,1.3162052631378174,42,52,30
Ecoli,info_gain,FOLD-RM (fit),0.8676470588235294,0.886724926182353,1.324981451034546,39,54,30
Ecoli,info_gain,FOLD-RM (fit),0.8235294117647058,0.8801679771455884,1.3143665790557861,43,52,30
Ecoli,info_gain,FOLD-RM (fit),0.8823529411764706,0.8948340294573528,1.3222856521606445,48,51,30
Ecoli,info_gain,FOLD-RM (fit),0.8382352941176471,0.8935974511588235,1.2548794746398926,42,46,30
Ecoli,info_gain,FOLD-RM (fit),0.8235294117647058,0.8756027621617647,1.262411117553711,42,51,30
Ecoli,info_gain,CON-FOLD (confidence_fit),0.8529411764705882,0.8902698960102942,1.012404203414917,32,32,30
Ecoli,info_gain,CON-FOLD (confidence_fit),0.7647058823529411,0.8284751320147059,1.0379056930541992,29,39,30
Ecoli,info_gain,CON-FOLD (confidence_fit),0.8382352941176471,0.8750146138264705,1.1193304061889648,29,31,30
Ecoli,info_gain,CON-FOLD (confidence_fit),0.8529411764705882,0.8972025016191177,1.150200366973877,29,33,30
Ecoli,info_gain,CON-FOLD (confidence_fit),0.7647058823529411,0.8252013287867648,1.162769079208374,37,44,30
Ecoli,info_gain,CON-FOLD (confidence_fit),0.75,0.8319514332205882,1.1814584732055664,35,41,30
Ecoli,info_gain,CON-FOLD (confidence_fit),0.75,0.8007686785455881,1.1620280742645264,34,41,30
Ecoli,info_gain,CON-FOLD (confidence_fit),0.7058823529411765,0.8397138047823529,1.2034642696380615,33,43,30
Ecoli,info_gain,CON-FOLD (confidence_fit),0.8088235294117647,0.8712200733147059,1.2163691520690918,29,37,30
Ecoli,info_gain,CON-FOLD (confidence_fit),0.7205882352941176,0.8124116730147058,1.2330248355865479,28,34,30
Ecoli,info_gain,CON-FOLD (confidence_fit),0.7941176470588235,0.8679093024779413,1.2566707134246826,29,35,30
Ecoli,info_gain,CON-FOLD (confidence_fit),0.7058823529411765,0.8122728902323529,1.2707018852233887,32,38,30
Ecoli,info_gain,CON-FOLD (confidence_fit),0.7794117647058824,0.854990763382353,1.2708959579467773,31,38,30
Ecoli,info_gain,CON-FOLD (confidence_fit),0.8088235294117647,0.8522011035485293,1.293410301208496,36,47,30
Ecoli,info_gain,CON-FOLD (confidence_fit),0.7352941176470589,0.8329940414735293,1.3044171333312988,36,46,30
Ecoli,info_gain,CON-FOLD (confidence_fit),0.8088235294117647,0.8692802362647059,1.295987844467163,34,44,30
Ecoli,info_gain,CON-FOLD (confidence_fit),0.8088235294117647,0.8899172696529412,1.3288209438323975,39,47,30
Ecoli,info_gain,CON-FOLD (confidence_fit),0.8088235294117647,0.8679606505749999,1.3196203708648682,36,42,30
Ecoli,info_gain,CON-FOLD (confidence_fit),0.7941176470588235,0.8666713256382352,1.3262293338775635,28,35,30
Ecoli,info_gain,CON-FOLD (confidence_fit),0.8088235294117647,0.8622653427470588,1.3270595073699951,37,48,30
Ecoli,info_gain,CON-FOLD (confidence_fit),0.8676470588235294,0.9096317813779413,1.337355613708496,33,43,30
Ecoli,info_gain,CON-FOLD (confidence_fit),0.7647058823529411,0.8324547527147058,1.3463640213012695,33,40,30
Ecoli,info_gain,CON-FOLD (confidence_fit),0.7647058823529411,0.8512677141911764,1.3341858386993408,30,38,30
Ecoli,info_gain,CON-FOLD (confidence_fit),0.8529411764705882,0.9053257483705882,1.3654429912567139,37,44,30
Ecoli,info_gain,CON-FOLD (confidence_fit),0.7352941176470589,0.8234225034823529,1.3588340282440186,34,45,30
Ecoli,info_gain,CON-FOLD (confidence_fit),0.7647058823529411,0.8241713282882352,1.366746187210083,32,40,30
Ecoli,info_gain,CON-FOLD (confidence_fit),0.8235294117647058,0.8935477903367648,1.3733551502227783,45,59,30
Ecoli,info_gain,CON-FOLD (confidence_fit),0.7941176470588235,0.8732482626088234,1.3654429912567139,28,40,30
Ecoli,info_gain,CON-FOLD (confidence_fit),0.8676470588235294,0.9011762046705882,1.3463640213012695,30,38,30
Ecoli,info_gain,CON-FOLD (confidence_fit),0.8088235294117647,0.8872274485352941,1.3577377796173096,43,50,30
Weight Lifting,greedy,FOLD-RM (fit),1.0,0.9996558848344099,38.08111381530762,14,14,30
Weight Lifting,greedy,FOLD-RM (fit),1.0,0.9998850919970186,40.29897689819336,14,15,30
Weight Lifting,greedy,FOLD-RM (fit),0.9962732919254659,0.995972497857267,40.48727822303772,14,15,30
Weight Lifting,greedy,FOLD-RM (fit),1.0,0.999901287513913,40.41762733459473,14,15,30
Weight Lifting,greedy,FOLD-RM (fit),1.0,0.9998904036462112,40.275131940841675,14,15,30
Weight Lifting,greedy,FOLD-RM (fit),0.9987577639751553,0.9984554086111801,40.44525623321533,14,16,30
Weight Lifting,greedy,FOLD-RM (fit),0.9987577639751553,0.998153407655031,40.88953924179077,14,16,30
Weight Lifting,greedy,FOLD-RM (fit),1.0,0.9998459739173913,41.134238958358765,15,17,30
Weight Lifting,greedy,FOLD-RM (fit),1.0,0.999395291468323,41.04446601867676,14,15,30
Weight Lifting,greedy,FOLD-RM (fit),1.0,0.99989354500559,42.062883615493774,11,15,30
Weight Lifting,greedy,FOLD-RM (fit),1.0,0.9999255552367702,42.4869863986969,11,15,30
Weight Lifting,greedy,FOLD-RM (fit),0.9987577639751553,0.9986807434407453,42.52477836608887,14,16,30
Weight Lifting,greedy,FOLD-RM (fit),0.9987577639751553,0.9987088605183851,42.42054343223572,11,15,30
Weight Lifting,greedy,FOLD-RM (fit),1.0,0.9998941339617391,42.68308472633362,11,15,30
Weight Lifting,greedy,FOLD-RM (fit),0.9987577639751553,0.9986575687303105,43.10518741607666,15,17,30
Weight Lifting,greedy,FOLD-RM (fit),1.0,0.9998643721762733,43.529905557632446,15,16,30
Weight Lifting,greedy,FOLD-RM (fit),1.0,0.9993882051759007,43.49429535865784,15,16,30
Weight Lifting,greedy,FOLD-RM (fit),0.9987577639751553,0.998559890631677,43.534249782562256,15,16,30
Weight Lifting,greedy,FOLD-RM (fit),1.0,0.9998906391711802,43.98076581954956,15,16,30
Weight Lifting,greedy,FOLD-RM (fit),1.0,0.9996749993064596,43.71514582633972,16,18,30
Weight Lifting,greedy,FOLD-RM (fit),0.9975155279503105,0.9974220679606212,43.99487495422363,15,17,30
Weight Lifting,greedy,FOLD-RM (fit),0.9987577639751553,0.998458273322733,44.3631272315979,15,17,30
Weight Lifting,greedy,FOLD-RM (fit),0.9962732919254659,0.9960219629847206,44.336071252822876,15,17,30
Weight Lifting,greedy,FOLD-RM (fit),1.0,0.9998745320848447,44.44880986213684,15,17,30
Weight Lifting,greedy,FOLD-RM (fit),1.0,0.999664109537267,44.57290196418762,15,17,30
Weight Lifting,greedy,FOLD-RM (fit),0.9987577639751553,0.9984327750668323,44.495912313461304,15,17,30
Weight Lifting,greedy,FOLD-RM (fit),1.0,0.9998556463118012,44.43721079826355,15,19,30
Weight Lifting,greedy,FOLD-RM (fit),1.0,0.9999158802419876,44.511279344558716,15,18,30
Weight Lifting,greedy,FOLD-RM (fit),1.0,0.9999033134465839,44.81150937080383,14,18,30
Weight Lifting,greedy,FOLD-RM (fit),1.0,0.9998866525618634,44.337117195129395,15,19,30
Weight Lifting,greedy,CON-FOLD (confidence_fit),0.9987577639751553,0.9981282372803727,32.323225021362305,12,12,30
Weight Lifting,greedy,CON-FOLD (confidence_fit),0.9975155279503105,0.9972267530890683,32.968963384628296,12,12,30
Weight Lifting,greedy,CON-FOLD (confidence_fit),0.9975155279503105,0.9971914424004968,32.98847937583923,12,11,30
Weight Lifting,greedy,CON-FOLD (confidence_fit),0.9900621118012423,0.9896064407203726,34.67044472694397,12,12,30
Weight Lifting,greedy,CON-FOLD (confidence_fit),0.9875776397515528,0.9874373070718012,34.652395486831665,12,12,30
Weight Lifting,greedy,CON-FOLD (confidence_fit),0.9888198757763975,0.9883883030036025,34.58351802825928,12,12,30
Weight Lifting,greedy,CON-FOLD (confidence_fit),0.9937888198757764,0.9935182095212423,34.86922907829285,12,12,30
Weight Lifting,greedy,CON-FOLD (confidence_fit),0.9950310559006211,0.9949152607619874,35.22572326660156,13,15,30
Weight Lifting,greedy,CON-FOLD (confidence_fit),0.9850931677018634,0.9853375213132919,35.268134117126465,12,12,30
Weight Lifting,greedy,CON-FOLD (confidence_fit),0.991304347826087,0.9912987580806212,35.276716470718384,12,12,30
Weight Lifting,greedy,CON-FOLD (confidence_fit),0.9875776397515528,0.9876508023765217,35.1592059135437,11,12,30
Weight Lifting,greedy,CON-FOLD (confidence_fit),0.9838509316770186,0.9839396998509317,35.390456438064575,12,12,30
Weight Lifting,greedy,CON-FOLD (confidence_fit),0.9838509316770186,0.9841782690576398,35.67467284202576,12,12,30
Weight Lifting,greedy,CON-FOLD (confidence_fit),0.977639751552795,0.9779679857530434,35.48609137535095,12,12,30
Weight Lifting,greedy,CON-FOLD (confidence_fit),0.9962732919254659,0.9962263490250932,35.438775062561035,13,13,30
Weight Lifting,greedy,CON-FOLD (confidence_fit),0.9962732919254659,0.99601172886882,36.88274812698364,10,13,30
Weight Lifting,greedy,CON-FOLD (confidence_fit),0.9987577639751553,0.9985708863751552,36.8560357093811,13,14,30
Weight Lifting,greedy,CON-FOLD (confidence_fit),0.9888198757763975,0.9888382324821118,37.85718131065369,12,14,30
Weight Lifting,greedy,CON-FOLD (confidence_fit),0.9900621118012423,0.9896446091072049,38.122865438461304,13,13,30
Weight Lifting,greedy,CON-FOLD (confidence_fit),0.991304347826087,0.9911627454686956,38.255476236343384,13,13,30
Weight Lifting,greedy,CON-FOLD (confidence_fit),0.9900621118012423,0.9901222306068324,38.58325481414795,13,14,30
Weight Lifting,greedy,CON-FOLD (confidence_fit),0.991304347826087,0.9910747348008694,38.769434213638306,13,14,30
Weight Lifting,greedy,CON-FOLD (confidence_fit),0.9987577639751553,0.9986488545086957,38.59314036369324,14,15,30
Weight Lifting,greedy,CON-FOLD (confidence_fit),0.991304347826087,0.9908600708975154,38.627957820892334,13,14,30
Weight Lifting,greedy,CON-FOLD (confidence_fit),0.9875776397515528,0.9878373853987578,39.052178621292114,13,14,30
Weight Lifting,greedy,CON-FOLD (confidence_fit),0.9925465838509316,0.9925316440632298,38.87754416465759,13,14,30
Weight Lifting,greedy,CON-FOLD (confidence_fit),0.991304347826087,0.9911514577285715,38.77371072769165,13,14,30
Weight Lifting,greedy,CON-FOLD (confidence_fit),0.986335403726708,0.9865413559831056,39.04022789001465,11,15,30
Weight Lifting,greedy,CON-FOLD (confidence_fit),0.9987577639751553,0.9986776136914286,39.05630326271057,14,15,30
Weight Lifting,greedy,CON-FOLD (confidence_fit),0.9962732919254659,0.9953192399930435,39.21781086921692,12,14,30
Weight Lifting,round_robin,FOLD-RM (fit),0.9987577639751553,0.9983317726971429,37.14515161514282,9,10,30
Weight Lifting,round_robin,FOLD-RM (fit),0.9987577639751553,0.9984974081332919,37.03945851325989,9,10,30
Weight Lifting,round_robin,FOLD-RM (fit),1.0,0.9996257895085714,37.65745949745178,10,11,30
Weight Lifting,round_robin,FOLD-RM (fit),0.9975155279503105,0.9973461418450932,38.27847146987915,9,10,30
Weight Lifting,round_robin,FOLD-RM (fit),1.0,0.9997979666703105,38.627418994903564,10,12,30
Weight Lifting,round_robin,FOLD-RM (fit),0.9937888198757764,0.9935163785500621,38.633548736572266,10,11,30
Weight Lifting,round_robin,FOLD-RM (fit),0.9987577639751553,0.998337782087205,39.06962752342224,10,11,30
Weight Lifting,round_robin,FOLD-RM (fit),1.0,0.9997530440339131,39.16132712364197,10,11,30
Weight Lifting,round_robin,FOLD-RM (fit),1.0,0.9997443956563975,38.93231415748596,10,11,30
Weight Lifting,round_robin,FOLD-RM (fit),1.0,0.9996949111029814,39.43515610694885,11,12,30
Weight Lifting,round_robin,FOLD-RM (fit),1.0,0.9997329149549068,39.32937836647034,10,12,30
Weight Lifting,round_robin,FOLD-RM (fit),0.9962732919254659,0.9959720931198757,39.40402364730835,10,11,30
Weight Lifting,round_robin,FOLD-RM (fit),0.9975155279503105,0.99720743538,39.694374561309814,9,10,30
Weight Lifting,round_robin,FOLD-RM (fit),1.0,0.9997225498657143,39.77264881134033,10,12,30
Weight Lifting,round_robin,FOLD-RM (fit),0.9987577639751553,0.998452963106087,40.0584819316864,11,12,30
Weight Lifting,round_robin,FOLD-RM (fit),1.0,0.9996791473141615,40.10937738418579,11,12,30
Weight Lifting,round_robin,FOLD-RM (fit),0.9975155279503105,0.9971134080803727,40.308605909347534,11,12,30
Weight Lifting,round_robin,FOLD-RM (fit),0.9987577639751553,0.9985810547155279,40.20008707046509,11,12,30
Weight Lifting,round_robin,FOLD-RM (fit),1.0,0.9997836232741615,40.221884965896606,12,13,30
Weight Lifting,round_robin,FOLD-RM (fit),0.9987577639751553,0.9982888650792546,40.63849139213562,12,13,30
Weight Lifting,round_robin,FOLD-RM (fit),0.9987577639751553,0.9988807013926708,40.41135573387146,11,12,30
Weight Lifting,round_robin,FOLD-RM (fit),1.0,0.9998526258813665,40.60524344444275,10,12,30
Weight Lifting,round_robin,FOLD-RM (fit),0.9975155279503105,0.997532607416646,40.22955250740051,11,12,30
Weight Lifting,round_robin,FOLD-RM (fit),1.0,0.9997402237413665,40.35086011886597,11,12,30
Weight Lifting,round_robin,FOLD-RM (fit),1.0,0.9996162240705591,40.82444214820862,11,12,30
Weight Lifting,round_robin,FOLD-RM (fit),0.9987577639751553,0.99847413112559,40.502776861190796,11,12,30
Weight Lifting,round_robin,FOLD-RM (fit),1.0,0.9997957466131677,40.55882978439331,11,12,30
Weight Lifting,round_robin,FOLD-RM (fit),0.9987577639751553,0.9984888634216149,40.949097633361816,12,13,30
Weight Lifting,round_robin,FOLD-RM (fit),0.9950310559006211,0.9954464096068323,40.839006662368774,13,15,30
Weight Lifting,round_robin,FOLD-RM (fit),0.9975155279503105,0.9971844196237267,41.73055982589722,15,16,30
Weight Lifting,round_robin,CON-FOLD (confidence_fit),0.9962732919254659,0.9961916033318013,37.82370114326477,8,9,30
Weight Lifting,round_robin,CON-FOLD (confidence_fit),0.9987577639751553,0.9986164116197516,38.60703253746033,8,9,30
Weight Lifting,round_robin,CON-FOLD (confidence_fit),0.9925465838509316,0.9924234992809938,38.472843408584595,8,9,30
Weight Lifting,round_robin,CON-FOLD (confidence_fit),0.9975155279503105,0.9971650475623602,39.38438868522644,8,9,30
Weight Lifting,round_robin,CON-FOLD (confidence_fit),0.9937888198757764,0.9938288187354039,40.1787371635437,8,9,30
Weight Lifting,round_robin,CON-FOLD (confidence_fit),0.9714285714285714,0.9730310996049687,40.31584692001343,8,9,30
Weight Lifting,round_robin,CON-FOLD (confidence_fit),0.9937888198757764,0.9937783317791304,40.59151554107666,8,9,30
Weight Lifting,round_robin,CON-FOLD (confidence_fit),0.9975155279503105,0.997404410253292,40.89780640602112,8,10,30
Weight Lifting,round_robin,CON-FOLD (confidence_fit),0.9962732919254659,0.9959978309705589,40.98687481880188,8,10,30
Weight Lifting,round_robin,CON-FOLD (confidence_fit),1.0,0.9992314235736646,41.42843198776245,9,10,30
Weight Lifting,round_robin,CON-FOLD (confidence_fit),0.9962732919254659,0.9959121186280745,41.7759006023407,9,10,30
Weight Lifting,round_robin,CON-FOLD (confidence_fit),0.9950310559006211,0.9947087082009938,41.692192792892456,8,9,30
Weight Lifting,round_robin,CON-FOLD (confidence_fit),0.9987577639751553,0.998175152089441,41.6730535030365,10,11,30
Weight Lifting,round_robin,CON-FOLD (confidence_fit),0.9900621118012423,0.9907225325037268,41.86393117904663,8,9,30
Weight Lifting,round_robin,CON-FOLD (confidence_fit),0.9900621118012423,0.99003204716559,41.92063069343567,9,10,30
Weight Lifting,round_robin,CON-FOLD (confidence_fit),0.9937888198757764,0.9933975954228571,42.172757625579834,9,10,30
Weight Lifting,round_robin,CON-FOLD (confidence_fit),0.9937888198757764,0.9936098416838509,42.53672409057617,9,10,30
Weight Lifting,round_robin,CON-FOLD (confidence_fit),0.9826086956521739,0.9829324858352796,43.99492573738098,8,10,30
Weight Lifting,round_robin,CON-FOLD (confidence_fit),0.9950310559006211,0.9947426760581366,44.05028057098389,9,10,30
Weight Lifting,round_robin,CON-FOLD (confidence_fit),0.9788819875776398,0.9801402587300617,43.854146003723145,8,9,30
Weight Lifting,round_robin,CON-FOLD (confidence_fit),0.9950310559006211,0.9949816271760248,44.223777055740356,8,10,30
Weight Lifting,round_robin,CON-FOLD (confidence_fit),0.9987577639751553,0.9981511440973913,43.893043994903564,8,9,30
Weight Lifting,round_robin,CON-FOLD (confidence_fit),0.9900621118012423,0.9897201767565218,44.28490400314331,9,10,30
Weight Lifting,round_robin,CON-FOLD (confidence_fit),0.9950310559006211,0.9958141071468324,44.785396099090576,11,13,30
Weight Lifting,round_robin,CON-FOLD (confidence_fit),0.9925465838509316,0.9929156131137888,45.02691650390625,11,14,30
Weight Lifting,round_robin,CON-FOLD (confidence_fit),0.9975155279503105,0.9974266846557764,44.79466938972473,8,9,30
Weight Lifting,round_robin,CON-FOLD (confidence_fit),0.9975155279503105,0.9974333198363975,45.221431493759155,8,10,30
Weight Lifting,round_robin,CON-FOLD (confidence_fit),0.9826086956521739,0.9828413378442237,44.90849781036377,11,12,30
Weight Lifting,round_robin,CON-FOLD (confidence_fit),0.9900621118012423,0.9899081439219876,45.28224444389343,9,10,30
Weight Lifting,round_robin,CON-FOLD (confidence_fit),0.991304347826087,0.9908040788173913,45.7959246635437,11,12,30
Weight Lifting,best_rule,FOLD-RM (fit),1.0,0.9997514398873292,118.41690945625305,10,11,30
Weight Lifting,best_rule,FOLD-RM (fit),0.9987577639751553,0.9984152505639752,118.81206607818604,10,11,30
Weight Lifting,best_rule,FOLD-RM (fit),1.0,0.9997903323704348,118.63604021072388,10,11,30
Weight Lifting,best_rule,FOLD-RM (fit),0.9987577639751553,0.9988408529950311,119.15897178649902,10,12,30
Weight Lifting,best_rule,FOLD-RM (fit),1.0,0.9998160766427329,119.4678566455841,10,11,30
Weight Lifting,best_rule,FOLD-RM (fit),0.9962732919254659,0.9961084044386335,120.70499587059021,10,12,30
Weight Lifting,best_rule,FOLD-RM (fit),0.9987577639751553,0.9988576929095652,120.94593453407288,11,12,30
Weight Lifting,best_rule,FOLD-RM (fit),0.9987577639751553,0.9983016286904348,121.24118328094482,11,12,30
Weight Lifting,best_rule,FOLD-RM (fit),0.9975155279503105,0.9971160469637267,121.71373891830444,12,13,30
Weight Lifting,best_rule,FOLD-RM (fit),0.9962732919254659,0.9960586929776397,122.13844752311707,11,13,30
Weight Lifting,best_rule,FOLD-RM (fit),0.9975155279503105,0.9973692901515528,123.29293489456177,11,12,30
Weight Lifting,best_rule,FOLD-RM (fit),0.9975155279503105,0.9973723257402485,123.45860528945923,11,12,30
Weight Lifting,best_rule,FOLD-RM (fit),0.9975155279503105,0.9974149893556521,125.09559893608093,9,10,30
Weight Lifting,best_rule,FOLD-RM (fit),0.9987577639751553,0.9983943846428571,125.50821304321289,9,10,30
Weight Lifting,best_rule,FOLD-RM (fit),0.9987577639751553,0.9984109562100622,127.45823693275452,11,12,30
Weight Lifting,best_rule,FOLD-RM (fit),0.9975155279503105,0.9971276671171428,128.98829102516174,10,11,30
Weight Lifting,best_rule,FOLD-RM (fit),1.0,0.9996013465285715,128.81900572776794,10,12,30
Weight Lifting,best_rule,FOLD-RM (fit),1.0,0.9990130607176397,129.56901693344116,10,11,30
Weight Lifting,best_rule,FOLD-RM (fit),1.0,0.9994871339515528,131.06473016738892,12,13,30
Weight Lifting,best_rule,FOLD-RM (fit),0.9987577639751553,0.9988100641481987,131.05854201316833,11,12,30
Weight Lifting,best_rule,FOLD-RM (fit),0.9975155279503105,0.9964489317131677,131.11408972740173,12,13,30
Weight Lifting,best_rule,FOLD-RM (fit),0.9987577639751553,0.9972459759795032,131.41676115989685,11,13,30
Weight Lifting,best_rule,FOLD-RM (fit),0.9975155279503105,0.9972954423300622,131.8244912624359,11,12,30
Weight Lifting,best_rule,FOLD-RM (fit),0.9975155279503105,0.9972854913439752,132.67177867889404,12,14,30
Weight Lifting,best_rule,FOLD-RM (fit),0.9937888198757764,0.9961371904385093,132.8980007171631,11,13,30
Weight Lifting,best_rule,FOLD-RM (fit),0.9975155279503105,0.9973428635721739,133.09046983718872,12,14,30
Weight Lifting,best_rule,FOLD-RM (fit),0.9975155279503105,0.997331788483851,133.23816561698914,12,14,30
Weight Lifting,best_rule,FOLD-RM (fit),0.9987577639751553,0.9980018558836025,134.74190020561218,13,15,30
Weight Lifting,best_rule,FOLD-RM (fit),0.9987577639751553,0.997528992381615,135.62299990653992,14,16,30
Weight Lifting,best_rule,FOLD-RM (fit),0.9962732919254659,0.9952419512572671,137.05070781707764,15,18,30
Weight Lifting,best_rule,CON-FOLD (confidence_fit),0.9950310559006211,0.9951277784703106,124.20446801185608,8,9,30
Weight Lifting,best_rule,CON-FOLD (confidence_fit),0.9937888198757764,0.993570747376646,125.68252563476562,8,9,30
Weight Lifting,best_rule,CON-FOLD (confidence_fit),0.991304347826087,0.9912547604556522,130.29729557037354,9,10,30
Weight Lifting,best_rule,CON-FOLD (confidence_fit),0.9975155279503105,0.9974018647065839,130.80224227905273,8,9,30
Weight Lifting,best_rule,CON-FOLD (confidence_fit),0.9937888198757764,0.9935355924884473,132.1554000377655,8,9,30
Weight Lifting,best_rule,CON-FOLD (confidence_fit),0.9987577639751553,0.9983358885141616,132.4442903995514,9,10,30
Weight Lifting,best_rule,CON-FOLD (confidence_fit),1.0,0.999345073830559,134.49485278129578,9,10,30
Weight Lifting,best_rule,CON-FOLD (confidence_fit),0.9962732919254659,0.9966178540924223,137.51015996932983,10,12,30
Weight Lifting,best_rule,CON-FOLD (confidence_fit),0.9937888198757764,0.9933192362001242,138.07959604263306,9,10,30
Weight Lifting,best_rule,CON-FOLD (confidence_fit),0.9838509316770186,0.9840419239955278,138.8278307914734,9,10,30
Weight Lifting,best_rule,CON-FOLD (confidence_fit),0.9937888198757764,0.9928199534791304,139.6311366558075,9,10,30
Weight Lifting,best_rule,CON-FOLD (confidence_fit),0.9962732919254659,0.9955929076895652,139.30536031723022,9,10,30
Weight Lifting,best_rule,CON-FOLD (confidence_fit),0.9987577639751553,0.998399645517764,141.06231331825256,9,10,30
Weight Lifting,best_rule,CON-FOLD (confidence_fit),0.9987577639751553,0.9984802466829814,140.76672744750977,9,10,30
Weight Lifting,best_rule,CON-FOLD (confidence_fit),1.0,0.9995137118250932,141.1014120578766,9,10,30
Weight Lifting,best_rule,CON-FOLD (confidence_fit),0.9937888198757764,0.9937824253975155,141.07536220550537,11,13,30
Weight Lifting,best_rule,CON-FOLD (confidence_fit),1.0,0.9994752188827329,142.3289475440979,10,11,30
Weight Lifting,best_rule,CON-FOLD (confidence_fit),0.9950310559006211,0.9945816280593789,143.03686666488647,12,13,30
Weight Lifting,best_rule,CON-FOLD (confidence_fit),0.9875776397515528,0.9876047764747825,143.91295671463013,11,13,30
Weight Lifting,best_rule,CON-FOLD (confidence_fit),0.9925465838509316,0.9920142734760249,145.54546284675598,10,12,30
Weight Lifting,best_rule,CON-FOLD (confidence_fit),0.9950310559006211,0.9949596491403727,146.30643820762634,10,12,30
Weight Lifting,best_rule,CON-FOLD (confidence_fit),0.9975155279503105,0.9971425450985093,145.90353441238403,10,11,30
Weight Lifting,best_rule,CON-FOLD (confidence_fit),0.9950310559006211,0.9947070056062112,146.2764015197754,11,13,30
Weight Lifting,best_rule,CON-FOLD (confidence_fit),0.9937888198757764,0.9935990060154037,146.62499856948853,10,11,30
Weight Lifting,best_rule,CON-FOLD (confidence_fit),0.9950310559006211,0.9946484886864596,149.36647009849548,14,16,30
Weight Lifting,best_rule,CON-FOLD (confidence_fit),0.9950310559006211,0.9949080817877018,149.9831199645996,11,13,30
Weight Lifting,best_rule,CON-FOLD (confidence_fit),0.9950310559006211,0.9949463082752795,150.16271352767944,11,13,30
Weight Lifting,best_rule,CON-FOLD (confidence_fit),0.9925465838509316,0.9914239236557765,151.56462454795837,13,16,30
Weight Lifting,best_rule,CON-FOLD (confidence_fit),0.9975155279503105,0.9958176748647205,152.1848213672638,14,17,30
Weight Lifting,best_rule,CON-FOLD (confidence_fit),0.991304347826087,0.9912742728354037,152.62859559059143,12,17,30
Weight Lifting,info_gain,FOLD-RM (fit),1.0,0.9996531962575155,33.37519955635071,9,11,30
Weight Lifting,info_gain,FOLD-RM (fit),0.9975155279503105,0.9969469730673292,37.274386167526245,14,15,30
Weight Lifting,info_gain,FOLD-RM (fit),0.9962732919254659,0.9958782150048447,37.56877303123474,14,14,30
Weight Lifting,info_gain,FOLD-RM (fit),1.0,0.9998862905068323,37.641958713531494,14,15,30
Weight Lifting,info_gain,FOLD-RM (fit),0.9975155279503105,0.9972733609865838,37.61642408370972,14,15,30
Weight Lifting,info_gain,FOLD-RM (fit),1.0,0.9995725433761491,37.8200409412384,14,14,30
Weight Lifting,info_gain,FOLD-RM (fit),1.0,0.9999076733587577,37.91678333282471,14,14,30
Weight Lifting,info_gain,FOLD-RM (fit),0.9987577639751553,0.9983294734253416,38.207454204559326,14,14,30
Weight Lifting,info_gain,FOLD-RM (fit),0.9987577639751553,0.9986449392032298,38.284578800201416,14,15,30
Weight Lifting,info_gain,FOLD-RM (fit),0.9987577639751553,0.9982812897978882,38.350208044052124,14,15,30
Weight Lifting,info_gain,FOLD-RM (fit),1.0,0.999701149688323,38.90558910369873,14,15,30
Weight Lifting,info_gain,FOLD-RM (fit),1.0,0.999757587479503,39.15962362289429,14,14,30
Weight Lifting,info_gain,FOLD-RM (fit),0.9987577639751553,0.9986729357279502,40.14506912231445,14,16,30
Weight Lifting,info_gain,FOLD-RM (fit),0.9975155279503105,0.9974278930657142,40.445398807525635,14,16,30
Weight Lifting,info_gain,FOLD-RM (fit),1.0,0.9998521370730434,40.273767948150635,14,16,30
Weight Lifting,info_gain,FOLD-RM (fit),1.0,0.9998780682759006,40.48093557357788,14,16,30
Weight Lifting,info_gain,FOLD-RM (fit),0.9987577639751553,0.9985307220363975,41.06822419166565,16,18,30
Weight Lifting,info_gain,FOLD-RM (fit),0.9987577639751553,0.9985470547722981,41.34858250617981,16,18,30
Weight Lifting,info_gain,FOLD-RM (fit),0.9975155279503105,0.9974326196298137,41.08919596672058,15,16,30
Weight Lifting,info_gain,FOLD-RM (fit),1.0,0.9996817819838509,41.35234761238098,15,16,30
Weight Lifting,info_gain,FOLD-RM (fit),1.0,0.9996562878914286,41.5405490398407,15,16,30
Weight Lifting,info_gain,FOLD-RM (fit),1.0,0.9996766045151553,41.793649435043335,15,17,30
Weight Lifting,info_gain,FOLD-RM (fit),0.9975155279503105,0.9972732722647205,41.63852095603943,15,16,30
Weight Lifting,info_gain,FOLD-RM (fit),1.0,0.9998991722890683,41.61646580696106,15,17,30
Weight Lifting,info_gain,FOLD-RM (fit),0.9987577639751553,0.9980217482549069,41.97825789451599,15,16,30
Weight Lifting,info_gain,FOLD-RM (fit),0.9975155279503105,0.9980009276434783,41.64511799812317,15,16,30
Weight Lifting,info_gain,FOLD-RM (fit),0.9962732919254659,0.9960793194110559,41.98718786239624,15,16,30
Weight Lifting,info_gain,FOLD-RM (fit),1.0,0.9999116889380124,41.91167640686035,15,17,30
Weight Lifting,info_gain,FOLD-RM (fit),1.0,0.9996600953226087,42.200921297073364,15,19,30
Weight Lifting,info_gain,FOLD-RM (fit),0.9987577639751553,0.9981634120895653,42.0640811920166,15,19,30
Weight Lifting,info_gain,CON-FOLD (confidence_fit),0.991304347826087,0.9911100367608696,35.226176261901855,11,12,30
Weight Lifting,info_gain,CON-FOLD (confidence_fit),0.986335403726708,0.9865364468284472,36.477184772491455,12,12,30
Weight Lifting,info_gain,CON-FOLD (confidence_fit),0.9987577639751553,0.9985971049601242,36.54302930831909,13,13,30
Weight Lifting,info_gain,CON-FOLD (confidence_fit),0.9950310559006211,0.9945343834457143,36.47755193710327,13,14,30
Weight Lifting,info_gain,CON-FOLD (confidence_fit),0.986335403726708,0.9865373944759007,36.987159729003906,12,12,30
Weight Lifting,info_gain,CON-FOLD (confidence_fit),0.9875776397515528,0.9876478040686958,37.466058015823364,13,14,30
Weight Lifting,info_gain,CON-FOLD (confidence_fit),0.986335403726708,0.9861212457213664,37.56196856498718,13,15,30
Weight Lifting,info_gain,CON-FOLD (confidence_fit),0.9975155279503105,0.9972200884591305,39.165303230285645,10,13,30
Weight Lifting,info_gain,CON-FOLD (confidence_fit),0.9962732919254659,0.9962021392265838,39.33389639854431,13,14,30
Weight Lifting,info_gain,CON-FOLD (confidence_fit),0.9950310559006211,0.9949574346798757,40.123114585876465,13,14,30
Weight Lifting,info_gain,CON-FOLD (confidence_fit),0.9888198757763975,0.9916495396596273,40.326919078826904,12,12,30
Weight Lifting,info_gain,CON-FOLD (confidence_fit),0.9937888198757764,0.9938396060591305,40.53893756866455,13,14,30
Weight Lifting,info_gain,CON-FOLD (confidence_fit),0.9900621118012423,0.9902263997183852,40.685139179229736,13,13,30
Weight Lifting,info_gain,CON-FOLD (confidence_fit),0.9751552795031055,0.9756053577207454,41.030481576919556,12,11,30
Weight Lifting,info_gain,CON-FOLD (confidence_fit),0.9950310559006211,0.9946885898545341,40.984763860702515,13,13,30
Weight Lifting,info_gain,CON-FOLD (confidence_fit),0.9739130434782609,0.9744375437672048,41.22252559661865,12,12,30
Weight Lifting,info_gain,CON-FOLD (confidence_fit),0.9900621118012423,0.9900546235475777,41.577638149261475,13,13,30
Weight Lifting,info_gain,CON-FOLD (confidence_fit),0.991304347826087,0.9911415281265837,41.37364172935486,13,14,30
Weight Lifting,info_gain,CON-FOLD (confidence_fit),0.9875776397515528,0.9875160468763975,41.3944776058197,13,14,30
Weight Lifting,info_gain,CON-FOLD (confidence_fit),0.9950310559006211,0.9947901469231056,41.596556663513184,13,13,30
Weight Lifting,info_gain,CON-FOLD (confidence_fit),0.991304347826087,0.9913447471321739,41.618913888931274,13,14,30
Weight Lifting,info_gain,CON-FOLD (confidence_fit),0.9925465838509316,0.992385717421118,41.76182723045349,13,13,30
Weight Lifting,info_gain,CON-FOLD (confidence_fit),0.9888198757763975,0.9889144084452175,41.5712103843689,13,13,30
Weight Lifting,info_gain,CON-FOLD (confidence_fit),0.9875776397515528,0.9876143376359006,41.78324365615845,13,13,30
Weight Lifting,info_gain,CON-FOLD (confidence_fit),0.9888198757763975,0.9886744951459627,41.75216317176819,14,14,30
Weight Lifting,info_gain,CON-FOLD (confidence_fit),0.9900621118012423,0.9894803428798757,42.06876730918884,15,15,30
Weight Lifting,info_gain,CON-FOLD (confidence_fit),0.986335403726708,0.9864976612822359,42.60374140739441,12,14,30
Weight Lifting,info_gain,CON-FOLD (confidence_fit),0.9801242236024845,0.9807412511214907,42.77108025550842,12,12,30
Weight Lifting,info_gain,CON-FOLD (confidence_fit),0.9888198757763975,0.9889149433777641,42.76152324676514,12,14,30
Weight Lifting,info_gain,CON-FOLD (confidence_fit),0.991304347826087,0.9909541498987579,42.89441514015198,12,14,30
Wall Robot,greedy,FOLD-RM (fit),0.9926739926739927,0.9932491997902931,50.07121014595032,29,41,30
Wall Robot,greedy,FOLD-RM (fit),0.9935897435897436,0.9939144074932234,51.60249447822571,27,34,30
Wall Robot,greedy,FOLD-RM (fit),0.9917582417582418,0.9918007347109888,52.68785214424133,28,37,30
Wall Robot,greedy,FOLD-RM (fit),0.98992673992674,0.9910217763612638,52.91728115081787,27,34,30
Wall Robot,greedy,FOLD-RM (fit),0.9908424908424909,0.9911675940057693,53.3644118309021,28,37,30
Wall Robot,greedy,FOLD-RM (fit),0.9935897435897436,0.9938031468495422,54.57410645484924,29,37,30
Wall Robot,greedy,FOLD-RM (fit),0.9954212454212454,0.9952229193068681,54.60889029502869,28,37,30
Wall Robot,greedy,FOLD-RM (fit),0.9963369963369964,0.9961303315546705,55.567890644073486,27,37,30
Wall Robot,greedy,FOLD-RM (fit),0.9908424908424909,0.9913470995398351,55.632328748703,29,38,30
Wall Robot,greedy,FOLD-RM (fit),0.9935897435897436,0.9934232909782966,56.155401945114136,27,37,30
Wall Robot,greedy,FOLD-RM (fit),0.9917582417582418,0.9912732220641025,56.15819954872131,29,40,30
Wall Robot,greedy,FOLD-RM (fit),0.9917582417582418,0.9922572325396519,56.39973711967468,31,45,30
Wall Robot,greedy,FOLD-RM (fit),0.9908424908424909,0.992549929681685,56.53539514541626,31,40,30
Wall Robot,greedy,FOLD-RM (fit),0.9926739926739927,0.9925648753885531,56.78134608268738,31,41,30
Wall Robot,greedy,FOLD-RM (fit),0.98992673992674,0.9910455578526559,56.997652530670166,29,40,30
Wall Robot,greedy,FOLD-RM (fit),0.9963369963369964,0.9971423606663004,57.233126163482666,27,37,30
Wall Robot,greedy,FOLD-RM (fit),0.989010989010989,0.9891463156194139,57.9824960231781,33,46,30
Wall Robot,greedy,FOLD-RM (fit),0.9954212454212454,0.9951153830069596,58.07946705818176,31,44,30
Wall Robot,greedy,FOLD-RM (fit),0.9926739926739927,0.9927537408212455,58.184794902801514,31,41,30
Wall Robot,greedy,FOLD-RM (fit),0.9908424908424909,0.99138886280522,58.24960279464722,35,44,30
Wall Robot,greedy,FOLD-RM (fit),0.9908424908424909,0.9919250861965202,58.54879188537598,30,42,30
Wall Robot,greedy,FOLD-RM (fit),0.98992673992674,0.9906959124510073,58.58989071846008,30,43,30
Wall Robot,greedy,FOLD-RM (fit),0.9880952380952381,0.9880811338772895,58.72534966468811,31,44,30
Wall Robot,greedy,FOLD-RM (fit),0.9990842490842491,0.9985686581201465,58.756752252578735,28,39,30
Wall Robot,greedy,FOLD-RM (fit),0.9954212454212454,0.9951758357085164,58.972495555877686,29,40,30
Wall Robot,greedy,FOLD-RM (fit),0.9880952380952381,0.9902391287034799,58.96901798248291,33,46,30
Wall Robot,greedy,FOLD-RM (fit),0.9917582417582418,0.9945025409491759,58.932830572128296,30,43,30
Wall Robot,greedy,FOLD-RM (fit),0.9816849816849816,0.9834059831364469,59.333656787872314,33,44,30
Wall Robot,greedy,FOLD-RM (fit),0.9908424908424909,0.9911969119460624,59.34430503845215,31,42,30
Wall Robot,greedy,FOLD-RM (fit),0.9945054945054945,0.993757276065751,59.505594968795776,31,43,30
Wall Robot,greedy,CON-FOLD (confidence_fit),0.9761904761904762,0.9783355487868133,53.227232456207275,18,22,30
Wall Robot,greedy,CON-FOLD (confidence_fit),0.9615384615384616,0.9639230220802195,53.30865406990051,14,17,30
Wall Robot,greedy,CON-FOLD (confidence_fit),0.9706959706959707,0.971627483737088,53.85554242134094,15,17,30
Wall Robot,greedy,CON-FOLD (confidence_fit),0.9826007326007326,0.9824765561561355,54.278818130493164,23,27,30
Wall Robot,greedy,CON-FOLD (confidence_fit),0.9835164835164835,0.9855010040693223,55.10788416862488,22,26,30
Wall Robot,greedy,CON-FOLD (confidence_fit),0.9725274725274725,0.9738138911018318,55.800021171569824,18,22,30
Wall Robot,greedy,CON-FOLD (confidence_fit),0.9871794871794872,0.9882503945911173,56.113653898239136,20,24,30
Wall Robot,greedy,CON-FOLD (confidence_fit),0.9789377289377289,0.9794860075232599,56.27714920043945,17,21,30
Wall Robot,greedy,CON-FOLD (confidence_fit),0.9771062271062271,0.9800097600461537,57.29013156890869,18,22,30
Wall Robot,greedy,CON-FOLD (confidence_fit),0.9697802197802198,0.9741611821744505,58.43896126747131,17,20,30
Wall Robot,greedy,CON-FOLD (confidence_fit),0.9844322344322345,0.9852471464835166,58.539597272872925,19,22,30
Wall Robot,greedy,CON-FOLD (confidence_fit),0.9771062271062271,0.977707646652656,58.875900983810425,20,25,30
Wall Robot,greedy,CON-FOLD (confidence_fit),0.9880952380952381,0.9887035006391025,58.8091676235199,18,22,30
Wall Robot,greedy,CON-FOLD (confidence_fit),0.9816849816849816,0.982004950714194,59.073453426361084,20,24,30
Wall Robot,greedy,CON-FOLD (confidence_fit),0.9853479853479854,0.9861550335341576,58.94836378097534,18,22,30
Wall Robot,greedy,CON-FOLD (confidence_fit),0.978021978021978,0.9783775672698717,59.095855951309204,19,24,30
Wall Robot,greedy,CON-FOLD (confidence_fit),0.98992673992674,0.9897650320996338,59.09723496437073,18,21,30
Wall Robot,greedy,CON-FOLD (confidence_fit),0.9706959706959707,0.9717777137988095,59.13819432258606,18,21,30
Wall Robot,greedy,CON-FOLD (confidence_fit),0.9652014652014652,0.9695280967895601,59.509435176849365,19,21,30
Wall Robot,greedy,CON-FOLD (confidence_fit),0.9615384615384616,0.9638951136598898,59.697187185287476,13,16,30
Wall Robot,greedy,CON-FOLD (confidence_fit),0.9725274725274725,0.9733868245602564,60.1154842376709,17,20,30
Wall Robot,greedy,CON-FOLD (confidence_fit),0.9807692307692307,0.9808775034232599,60.377471923828125,20,24,30
Wall Robot,greedy,CON-FOLD (confidence_fit),0.9652014652014652,0.9685870733347074,60.45267605781555,16,19,30
Wall Robot,greedy,CON-FOLD (confidence_fit),0.956959706959707,0.9603052209076005,60.661539793014526,14,19,30
Wall Robot,greedy,CON-FOLD (confidence_fit),0.9798534798534798,0.9803661100676738,60.73068809509277,18,23,30
Wall Robot,greedy,CON-FOLD (confidence_fit),0.9835164835164835,0.9841216958496335,60.674203872680664,18,21,30
Wall Robot,greedy,CON-FOLD (confidence_fit),0.9642857142857143,0.9675801934043038,60.808839559555054,20,25,30
Wall Robot,greedy,CON-FOLD (confidence_fit),0.9789377289377289,0.979836379211447,60.82964253425598,17,20,30
Wall Robot,greedy,CON-FOLD (confidence_fit),0.9807692307692307,0.9819157005102566,60.82404828071594,21,28,30
Wall Robot,greedy,CON-FOLD (confidence_fit),0.9761904761904762,0.9770663971505491,60.92861819267273,19,23,30
Wall Robot,round_robin,FOLD-RM (fit),0.9908424908424909,0.9915184683585165,46.29409337043762,29,35,30
Wall Robot,round_robin,FOLD-RM (fit),0.9908424908424909,0.9922024656034798,48.34198617935181,29,41,30
Wall Robot,round_robin,FOLD-RM (fit),0.9880952380952381,0.9882049978766484,50.296000957489014,28,42,30
Wall Robot,round_robin,FOLD-RM (fit),0.9935897435897436,0.9948790833251832,50.588228940963745,27,37,30
Wall Robot,round_robin,FOLD-RM (fit),0.9935897435897436,0.9935913619278388,51.256298780441284,29,41,30
Wall Robot,round_robin,FOLD-RM (fit),0.9917582417582418,0.9923808007873627,51.53506875038147,29,39,30
Wall Robot,round_robin,FOLD-RM (fit),0.9917582417582418,0.9918204373578755,51.56819128990173,31,43,30
Wall Robot,round_robin,FOLD-RM (fit),0.9871794871794872,0.9879059029059525,51.67356491088867,30,41,30
Wall Robot,round_robin,FOLD-RM (fit),0.9908424908424909,0.9920351936601648,51.980268716812134,27,40,30
Wall Robot,round_robin,FOLD-RM (fit),0.98992673992674,0.99051233361163,52.04879331588745,29,40,30
Wall Robot,round_robin,FOLD-RM (fit),0.9917582417582418,0.993458873887088,52.561352491378784,29,40,30
Wall Robot,round_robin,FOLD-RM (fit),0.9862637362637363,0.9876217305500914,52.736063957214355,28,38,30
Wall Robot,round_robin,FOLD-RM (fit),0.989010989010989,0.9890156466948717,52.78500294685364,30,43,30
Wall Robot,round_robin,FOLD-RM (fit),0.9954212454212454,0.9954592173580585,53.49935960769653,30,43,30
Wall Robot,round_robin,FOLD-RM (fit),0.989010989010989,0.9890286820525642,53.7313027381897,31,46,30
Wall Robot,round_robin,FOLD-RM (fit),0.9926739926739927,0.9932643244434983,53.83926701545715,28,41,30
Wall Robot,round_robin,FOLD-RM (fit),0.9862637362637363,0.987133179292857,53.85008192062378,28,38,30
Wall Robot,round_robin,FOLD-RM (fit),0.9926739926739927,0.992556340421978,53.870115995407104,31,44,30
Wall Robot,round_robin,FOLD-RM (fit),0.98992673992674,0.9908058932270147,53.94951295852661,29,41,30
Wall Robot,round_robin,FOLD-RM (fit),0.989010989010989,0.9905589078738095,54.2014946937561,31,43,30
Wall Robot,round_robin,FOLD-RM (fit),0.9935897435897436,0.994069370768956,54.13098669052124,35,47,30
Wall Robot,round_robin,FOLD-RM (fit),0.9917582417582418,0.9919508243536631,54.33561873435974,29,39,30
Wall Robot,round_robin,FOLD-RM (fit),0.98992673992674,0.9912596354946888,54.367565393447876,29,38,30
Wall Robot,round_robin,FOLD-RM (fit),0.9908424908424909,0.9907390582136448,54.669137477874756,31,43,30
Wall Robot,round_robin,FOLD-RM (fit),0.9917582417582418,0.991687391580403,54.98542881011963,33,45,30
Wall Robot,round_robin,FOLD-RM (fit),0.9935897435897436,0.9946398665510073,55.02396821975708,29,41,30
Wall Robot,round_robin,FOLD-RM (fit),0.9908424908424909,0.9909278855147436,55.004674196243286,32,42,30
Wall Robot,round_robin,FOLD-RM (fit),0.9935897435897436,0.9938188368107143,55.149197578430176,34,50,30
Wall Robot,round_robin,FOLD-RM (fit),0.9908424908424909,0.9913295112214286,55.256728410720825,30,42,30
Wall Robot,round_robin,FOLD-RM (fit),0.9871794871794872,0.9880190127102565,55.495253562927246,32,48,30
Wall Robot,round_robin,CON-FOLD (confidence_fit),0.9587912087912088,0.9616057073479856,45.17721891403198,11,13,30
Wall Robot,round_robin,CON-FOLD (confidence_fit),0.9752747252747253,0.9758437771433152,47.24279594421387,21,24,30
Wall Robot,round_robin,CON-FOLD (confidence_fit),0.978021978021978,0.978924435983425,48.0770263671875,16,19,30
Wall Robot,round_robin,CON-FOLD (confidence_fit),0.9633699633699634,0.9656810136107142,48.14405393600464,11,13,30
Wall Robot,round_robin,CON-FOLD (confidence_fit),0.9752747252747253,0.9762677916937724,48.37397336959839,13,15,30
Wall Robot,round_robin,CON-FOLD (confidence_fit),0.9798534798534798,0.9820490830688643,49.42104172706604,20,26,30
Wall Robot,round_robin,CON-FOLD (confidence_fit),0.9752747252747253,0.97709129483196,51.73046517372131,18,24,30
Wall Robot,round_robin,CON-FOLD (confidence_fit),0.9752747252747253,0.976959858410531,52.681684494018555,18,21,30
Wall Robot,round_robin,CON-FOLD (confidence_fit),0.9835164835164835,0.9837026900558609,55.045414686203,17,21,30
Wall Robot,round_robin,CON-FOLD (confidence_fit),0.9761904761904762,0.9799556569380952,55.712578535079956,22,29,30
Wall Robot,round_robin,CON-FOLD (confidence_fit),0.9835164835164835,0.9836868951881869,55.83997464179993,17,21,30
Wall Robot,round_robin,CON-FOLD (confidence_fit),0.9661172161172161,0.9694888082173992,56.007389307022095,18,22,30
Wall Robot,round_robin,CON-FOLD (confidence_fit),0.9761904761904762,0.977763652648535,56.0350124835968,22,30,30
Wall Robot,round_robin,CON-FOLD (confidence_fit),0.9761904761904762,0.9773184881110807,56.250346660614014,16,19,30
Wall Robot,round_robin,CON-FOLD (confidence_fit),0.9771062271062271,0.97770228801337,56.50961637496948,22,27,30
Wall Robot,round_robin,CON-FOLD (confidence_fit),0.9761904761904762,0.9776943625675826,56.698452949523926,18,23,30
Wall Robot,round_robin,CON-FOLD (confidence_fit),0.9771062271062271,0.977677048994139,56.97171449661255,16,18,30
Wall Robot,round_robin,CON-FOLD (confidence_fit),0.9816849816849816,0.9819414786553112,56.94793677330017,17,21,30
Wall Robot,round_robin,CON-FOLD (confidence_fit),0.9862637362637363,0.9880844541152015,56.969319581985474,21,26,30
Wall Robot,round_robin,CON-FOLD (confidence_fit),0.9761904761904762,0.9783978683243592,56.8866229057312,19,25,30
Wall Robot,round_robin,CON-FOLD (confidence_fit),0.9844322344322345,0.9846468266265567,57.12876534461975,19,24,30
Wall Robot,round_robin,CON-FOLD (confidence_fit),0.9752747252747253,0.97618469475,57.436625957489014,16,18,30
Wall Robot,round_robin,CON-FOLD (confidence_fit),0.9789377289377289,0.9793022351508246,57.641438007354736,18,24,30
Wall Robot,round_robin,CON-FOLD (confidence_fit),0.9752747252747253,0.9769505297258241,57.71078824996948,18,22,30
Wall Robot,round_robin,CON-FOLD (confidence_fit),0.9844322344322345,0.9885294910290295,57.924641132354736,21,30,30
Wall Robot,round_robin,CON-FOLD (confidence_fit),0.9688644688644689,0.9719390978441392,57.90719962120056,18,23,30
Wall Robot,round_robin,CON-FOLD (confidence_fit),0.9789377289377289,0.9793244168405677,58.236246824264526,17,21,30
Wall Robot,round_robin,CON-FOLD (confidence_fit),0.9725274725274725,0.9737081810003663,58.34299349784851,18,21,30
Wall Robot,round_robin,CON-FOLD (confidence_fit),0.9734432234432234,0.9749236803440473,58.63581085205078,17,21,30
Wall Robot,round_robin,CON-FOLD (confidence_fit),0.9761904761904762,0.977292810599908,58.83307766914368,18,23,30
Wall Robot,best_rule,FOLD-RM (fit),0.98992673992674,0.9919190947527473,152.96878004074097,26,42,30
Wall Robot,best_rule,FOLD-RM (fit),0.98992673992674,0.9908010084860805,167.04834461212158,28,45,30
Wall Robot,best_rule,FOLD-RM (fit),0.9908424908424909,0.9917624353665753,172.93841361999512,24,38,30
Wall Robot,best_rule,FOLD-RM (fit),0.9945054945054945,0.994941468584707,183.7716999053955,26,45,30
Wall Robot,best_rule,FOLD-RM (fit),0.9880952380952381,0.9887042863495422,187.59250020980835,29,50,30
Wall Robot,best_rule,FOLD-RM (fit),0.9908424908424909,0.9906407549035715,190.59576797485352,27,47,30
Wall Robot,best_rule,FOLD-RM (fit),0.989010989010989,0.9891563042535715,190.78220415115356,26,44,30
Wall Robot,best_rule,FOLD-RM (fit),0.9926739926739927,0.9936736755716118,194.91217231750488,29,47,30
Wall Robot,best_rule,FOLD-RM (fit),0.9862637362637363,0.9868656271754578,195.3420639038086,27,47,30
Wall Robot,best_rule,FOLD-RM (fit),0.9908424908424909,0.9907904017376374,196.09371089935303,29,46,30
Wall Robot,best_rule,FOLD-RM (fit),0.9926739926739927,0.9922396626204213,196.49518251419067,29,48,30
Wall Robot,best_rule,FOLD-RM (fit),0.9935897435897436,0.9936566148377289,200.1921455860138,26,43,30
Wall Robot,best_rule,FOLD-RM (fit),0.9917582417582418,0.9917087996336996,200.7664008140564,27,45,30
Wall Robot,best_rule,FOLD-RM (fit),0.9963369963369964,0.9968008671803114,201.58483719825745,27,46,30
Wall Robot,best_rule,FOLD-RM (fit),0.98992673992674,0.990551597846612,203.80683279037476,28,47,30
Wall Robot,best_rule,FOLD-RM (fit),0.9908424908424909,0.9910072465027473,207.40513491630554,31,54,30
Wall Robot,best_rule,FOLD-RM (fit),0.9917582417582418,0.9917527289184066,209.6747989654541,28,44,30
Wall Robot,best_rule,FOLD-RM (fit),0.989010989010989,0.9907102836698718,214.16614937782288,26,47,30
Wall Robot,best_rule,FOLD-RM (fit),0.9926739926739927,0.9923527732457874,215.8300096988678,27,43,30
Wall Robot,best_rule,FOLD-RM (fit),0.9880952380952381,0.9897797268782966,216.3137505054474,31,54,30
Wall Robot,best_rule,FOLD-RM (fit),0.989010989010989,0.9898559004524725,216.5748291015625,29,49,30
Wall Robot,best_rule,FOLD-RM (fit),0.98992673992674,0.9897435666574175,216.70199942588806,30,51,30
Wall Robot,best_rule,FOLD-RM (fit),0.9935897435897436,0.9940727377474359,219.61083388328552,31,50,30
Wall Robot,best_rule,FOLD-RM (fit),0.9835164835164835,0.9839982102742675,219.80556178092957,28,48,30
Wall Robot,best_rule,FOLD-RM (fit),0.9935897435897436,0.9934100235382783,220.10751104354858,28,51,30
Wall Robot,best_rule,FOLD-RM (fit),0.9926739926739927,0.9943301861172161,221.58537006378174,28,44,30
Wall Robot,best_rule,FOLD-RM (fit),0.9816849816849816,0.9827873063754577,222.16084671020508,31,57,30
Wall Robot,best_rule,FOLD-RM (fit),0.9880952380952381,0.9885153187511905,222.50881719589233,30,51,30
Wall Robot,best_rule,FOLD-RM (fit),0.9835164835164835,0.9830722243089742,222.48351073265076,31,53,30
Wall Robot,best_rule,FOLD-RM (fit),0.9862637362637363,0.9871106294793957,222.70682740211487,32,52,30
Wall Robot,best_rule,CON-FOLD (confidence_fit),0.9926739926739927,0.9930198588193223,151.81729316711426,21,33,30
Wall Robot,best_rule,CON-FOLD (confidence_fit),0.9734432234432234,0.9744802373858058,179.38074469566345,18,31,30
Wall Robot,best_rule,CON-FOLD (confidence_fit),0.9844322344322345,0.9843201436565017,205.19369649887085,22,40,30
Wall Robot,best_rule,CON-FOLD (confidence_fit),0.9926739926739927,0.9937432151436812,206.07440042495728,25,40,30
Wall Robot,best_rule,CON-FOLD (confidence_fit),0.9917582417582418,0.9916942344701464,209.4977593421936,21,34,30
Wall Robot,best_rule,CON-FOLD (confidence_fit),0.9880952380952381,0.9887280151600734,218.2459270954132,22,36,30
Wall Robot,best_rule,CON-FOLD (confidence_fit),0.9917582417582418,0.9914433591223443,221.49356150627136,24,43,30
Wall Robot,best_rule,CON-FOLD (confidence_fit),0.9862637362637363,0.9865918770932235,222.21978378295898,24,41,30
Wall Robot,best_rule,CON-FOLD (confidence_fit),0.9935897435897436,0.9937599704738095,222.2335011959076,24,42,30
Wall Robot,best_rule,CON-FOLD (confidence_fit),0.9853479853479854,0.9869569698539375,223.29689359664917,23,39,30
Wall Robot,best_rule,CON-FOLD (confidence_fit),0.9853479853479854,0.988040287637729,225.86185908317566,24,41,30
Wall Robot,best_rule,CON-FOLD (confidence_fit),0.9926739926739927,0.9935364439864469,226.3854968547821,24,40,30
Wall Robot,best_rule,CON-FOLD (confidence_fit),0.9771062271062271,0.9785307601543037,227.1686360836029,22,39,30
Wall Robot,best_rule,CON-FOLD (confidence_fit),0.9862637362637363,0.986516176349084,227.63323068618774,22,38,30
Wall Robot,best_rule,CON-FOLD (confidence_fit),0.9926739926739927,0.9923208497695971,230.19264316558838,24,39,30
Wall Robot,best_rule,CON-FOLD (confidence_fit),0.9835164835164835,0.9838431736162087,231.49802708625793,23,41,30
Wall Robot,best_rule,CON-FOLD (confidence_fit),0.9835164835164835,0.984672600217674,231.56125736236572,24,44,30
Wall Robot,best_rule,CON-FOLD (confidence_fit),0.9880952380952381,0.9891738186108058,231.78674864768982,24,42,30
Wall Robot,best_rule,CON-FOLD (confidence_fit),0.9880952380952381,0.990215903464652,232.77724313735962,24,37,30
Wall Robot,best_rule,CON-FOLD (confidence_fit),0.9743589743589743,0.9770900390945055,233.09427309036255,24,39,30
Wall Robot,best_rule,CON-FOLD (confidence_fit),0.9908424908424909,0.9913290920963369,233.07124662399292,26,44,30
Wall Robot,best_rule,CON-FOLD (confidence_fit),0.9908424908424909,0.9925920214380952,234.3943235874176,25,44,30
Wall Robot,best_rule,CON-FOLD (confidence_fit),0.9789377289377289,0.9804654721336995,234.37652349472046,23,41,30
Wall Robot,best_rule,CON-FOLD (confidence_fit),0.9807692307692307,0.9827137918903848,234.83710932731628,24,45,30
Wall Robot,best_rule,CON-FOLD (confidence_fit),0.9926739926739927,0.9936282664399267,235.29668831825256,22,42,30
Wall Robot,best_rule,CON-FOLD (confidence_fit),0.9981684981684982,0.9974052210673077,236.28147864341736,24,45,30
Wall Robot,best_rule,CON-FOLD (confidence_fit),0.9880952380952381,0.9894967449581502,237.13506937026978,24,45,30
Wall Robot,best_rule,CON-FOLD (confidence_fit),0.9844322344322345,0.985474103588553,239.00099062919617,23,44,30
Wall Robot,best_rule,CON-FOLD (confidence_fit),0.9862637362637363,0.987358951048993,239.60916566848755,26,47,30
Wall Robot,best_rule,CON-FOLD (confidence_fit),0.9853479853479854,0.9862530085048533,239.89891934394836,26,48,30
Wall Robot,info_gain,FOLD-RM (fit),0.9935897435897436,0.9924224785947803,46.9121630191803,28,35,30
Wall Robot,info_gain,FOLD-RM (fit),0.98992673992674,0.991260283839469,48.2702100276947,28,38,30
Wall Robot,info_gain,FOLD-RM (fit),0.9926739926739927,0.9931397075826923,50.01814913749695,30,39,30
Wall Robot,info_gain,FOLD-RM (fit),0.9935897435897436,0.9946684421380037,51.24445080757141,27,37,30
Wall Robot,info_gain,FOLD-RM (fit),0.9963369963369964,0.9973660473648351,52.41814160346985,29,38,30
Wall Robot,info_gain,FOLD-RM (fit),0.9908424908424909,0.9915228327173078,52.57532286643982,27,39,30
Wall Robot,info_gain,FOLD-RM (fit),0.9945054945054945,0.9946786548437728,53.30133295059204,29,42,30
Wall Robot,info_gain,FOLD-RM (fit),0.9908424908424909,0.9910142752870879,54.22027611732483,31,41,30
Wall Robot,info_gain,FOLD-RM (fit),0.98992673992674,0.9906700804714287,54.6200737953186,32,43,30
Wall Robot,info_gain,FOLD-RM (fit),0.9954212454212454,0.9944377519100733,54.56202292442322,30,41,30
Wall Robot,info_gain,FOLD-RM (fit),0.9917582417582418,0.9914315779832418,54.67626166343689,27,34,30
Wall Robot,info_gain,FOLD-RM (fit),0.9917582417582418,0.9919019446456959,54.86779475212097,32,44,30
Wall Robot,info_gain,FOLD-RM (fit),0.9908424908424909,0.9911882816199634,55.325068950653076,30,40,30
Wall Robot,info_gain,FOLD-RM (fit),0.989010989010989,0.988661423682326,55.85374665260315,30,41,30
Wall Robot,info_gain,FOLD-RM (fit),0.9926739926739927,0.994135885466392,56.401938676834106,29,39,30
Wall Robot,info_gain,FOLD-RM (fit),0.9945054945054945,0.9937806225154762,56.67872071266174,30,42,30
Wall Robot,info_gain,FOLD-RM (fit),0.989010989010989,0.9894171675100732,57.9407639503479,31,45,30
Wall Robot,info_gain,FOLD-RM (fit),0.9880952380952381,0.9876429541386447,57.91257691383362,34,46,30
Wall Robot,info_gain,FOLD-RM (fit),0.9972527472527473,0.9968346141559523,58.11223912239075,29,40,30
Wall Robot,info_gain,FOLD-RM (fit),0.9926739926739927,0.9935066052240842,58.162885427474976,29,40,30
Wall Robot,info_gain,FOLD-RM (fit),0.9926739926739927,0.9927423232716118,58.162957191467285,30,41,30
Wall Robot,info_gain,FOLD-RM (fit),0.9917582417582418,0.9914525070078756,58.62008810043335,33,46,30
Wall Robot,info_gain,FOLD-RM (fit),0.9945054945054945,0.9947891198794871,58.77957367897034,31,41,30
Wall Robot,info_gain,FOLD-RM (fit),0.98992673992674,0.9908288805649268,59.58142828941345,34,45,30
Wall Robot,info_gain,FOLD-RM (fit),0.9880952380952381,0.9879780304306776,59.69867825508118,31,40,30
Wall Robot,info_gain,FOLD-RM (fit),0.9945054945054945,0.9943160843252746,59.755738973617554,33,44,30
Wall Robot,info_gain,FOLD-RM (fit),0.9945054945054945,0.9952769355778389,59.88410997390747,33,46,30
Wall Robot,info_gain,FOLD-RM (fit),0.9926739926739927,0.9926347725775642,59.89652347564697,33,45,30
Wall Robot,info_gain,FOLD-RM (fit),0.98992673992674,0.9904438389075092,59.978182792663574,34,46,30
Wall Robot,info_gain,FOLD-RM (fit),0.9871794871794872,0.9887192840999086,60.03748273849487,33,46,30
Wall Robot,info_gain,CON-FOLD (confidence_fit),0.9716117216117216,0.9725216632208786,45.89863634109497,14,17,30
Wall Robot,info_gain,CON-FOLD (confidence_fit),0.956959706959707,0.9597584049946883,53.03388500213623,14,17,30
Wall Robot,info_gain,CON-FOLD (confidence_fit),0.9816849816849816,0.9822212447488095,53.85430884361267,20,24,30
Wall Robot,info_gain,CON-FOLD (confidence_fit),0.9826007326007326,0.9830047571408426,55.651851654052734,22,26,30
Wall Robot,info_gain,CON-FOLD (confidence_fit),0.9743589743589743,0.9751493228866299,56.10692811012268,17,21,30
Wall Robot,info_gain,CON-FOLD (confidence_fit),0.9734432234432234,0.9740150301561353,57.239989042282104,19,23,30
Wall Robot,info_gain,CON-FOLD (confidence_fit),0.9826007326007326,0.983643263139835,57.27316427230835,22,25,30
Wall Robot,info_gain,CON-FOLD (confidence_fit),0.9853479853479854,0.9852155333171246,58.14193320274353,20,26,30
Wall Robot,info_gain,CON-FOLD (confidence_fit),0.9826007326007326,0.9829989037027472,58.54846453666687,19,22,30
Wall Robot,info_gain,CON-FOLD (confidence_fit),0.9752747252747253,0.9763085648551282,58.85359263420105,19,23,30
Wall Robot,info_gain,CON-FOLD (confidence_fit),0.9789377289377289,0.9795670413391024,58.92492938041687,22,27,30
Wall Robot,info_gain,CON-FOLD (confidence_fit),0.9798534798534798,0.9803919409399268,59.12220859527588,19,22,30
Wall Robot,info_gain,CON-FOLD (confidence_fit),0.9816849816849816,0.9827324463086996,59.8119375705719,17,21,30
Wall Robot,info_gain,CON-FOLD (confidence_fit),0.978021978021978,0.9790026685271974,60.029919147491455,19,22,30
Wall Robot,info_gain,CON-FOLD (confidence_fit),0.9761904761904762,0.9767675104826922,60.15211057662964,22,27,30
Wall Robot,info_gain,CON-FOLD (confidence_fit),0.9615384615384616,0.9640643802184068,60.96449661254883,15,20,30
Wall Robot,info_gain,CON-FOLD (confidence_fit),0.9734432234432234,0.9745021480281135,61.051446199417114,21,26,30
Wall Robot,info_gain,CON-FOLD (confidence_fit),0.9624542124542125,0.9649010336180402,61.13640260696411,14,17,30
Wall Robot,info_gain,CON-FOLD (confidence_fit),0.9652014652014652,0.9671759178496339,61.16558027267456,17,23,30
Wall Robot,info_gain,CON-FOLD (confidence_fit),0.9807692307692307,0.9810761049619046,61.315645933151245,20,24,30
Wall Robot,info_gain,CON-FOLD (confidence_fit),0.9661172161172161,0.9678450149346159,61.67774415016174,21,26,30
Wall Robot,info_gain,CON-FOLD (confidence_fit),0.9853479853479854,0.985457311321978,61.94004273414612,18,21,30
Wall Robot,info_gain,CON-FOLD (confidence_fit),0.9652014652014652,0.9671826812787546,62.04472208023071,21,26,30
Wall Robot,info_gain,CON-FOLD (confidence_fit),0.9725274725274725,0.9731676402175822,62.19360566139221,17,22,30
Wall Robot,info_gain,CON-FOLD (confidence_fit),0.9734432234432234,0.9752016604846155,62.22858190536499,19,23,30
Wall Robot,info_gain,CON-FOLD (confidence_fit),0.9862637362637363,0.986714783906685,62.27818703651428,18,21,30
Wall Robot,info_gain,CON-FOLD (confidence_fit),0.9734432234432234,0.974738937685165,62.523305892944336,19,26,30
Wall Robot,info_gain,CON-FOLD (confidence_fit),0.967032967032967,0.9687061037354396,62.55448317527771,15,20,30
Wall Robot,info_gain,CON-FOLD (confidence_fit),0.978021978021978,0.9786567456524725,62.73546123504639,19,23,30
Wall Robot,info_gain,CON-FOLD (confidence_fit),0.978021978021978,0.9797964256013737,63.05302667617798,20,27,30
Page Blocks,greedy,FOLD-RM (fit),0.9680365296803652,0.9704712378083103,6.885489225387573,35,57,30
Page Blocks,greedy,FOLD-RM (fit),0.9698630136986301,0.9725036123447492,7.160407543182373,38,60,30
Page Blocks,greedy,FOLD-RM (fit),0.9662100456621004,0.9689111949688586,8.350837707519531,52,89,30
Page Blocks,greedy,FOLD-RM (fit),0.9689497716894977,0.970630989142375,8.87472152709961,50,90,30
Page Blocks,greedy,FOLD-RM (fit),0.9598173515981735,0.9635933831881274,8.904557228088379,49,84,30
Page Blocks,greedy,FOLD-RM (fit),0.9662100456621004,0.9703267281065758,9.147386312484741,65,115,30
Page Blocks,greedy,FOLD-RM (fit),0.9625570776255707,0.9657891630119636,9.600672960281372,55,105,30
Page Blocks,greedy,FOLD-RM (fit),0.9634703196347032,0.9670771228664836,9.627219676971436,59,107,30
Page Blocks,greedy,FOLD-RM (fit),0.9726027397260274,0.9758120694310506,9.700294494628906,58,101,30
Page Blocks,greedy,FOLD-RM (fit),0.9643835616438357,0.9681637752548854,9.600366592407227,59,113,30
Page Blocks,greedy,FOLD-RM (fit),0.971689497716895,0.9763842796246577,9.657696723937988,58,92,30
Page Blocks,greedy,FOLD-RM (fit),0.9698630136986301,0.9727057931382651,9.699385643005371,60,111,30
Page Blocks,greedy,FOLD-RM (fit),0.9680365296803652,0.9702130837236532,9.73658037185669,63,107,30
Page Blocks,greedy,FOLD-RM (fit),0.9662100456621004,0.9703284240022834,9.78275990486145,59,100,30
Page Blocks,greedy,FOLD-RM (fit),0.9680365296803652,0.9716924864252969,9.940373182296753,57,106,30
Page Blocks,greedy,FOLD-RM (fit),0.9662100456621004,0.9707346991598179,9.95701003074646,62,115,30
Page Blocks,greedy,FOLD-RM (fit),0.9680365296803652,0.9711797641320546,10.061235427856445,50,93,30
Page Blocks,greedy,FOLD-RM (fit),0.958904109589041,0.9639700202301374,10.278978824615479,59,101,30
Page Blocks,greedy,FOLD-RM (fit),0.9671232876712329,0.9710940572947033,10.32758903503418,60,110,30
Page Blocks,greedy,FOLD-RM (fit),0.9616438356164384,0.9673963974037445,10.391134023666382,61,108,30
Page Blocks,greedy,FOLD-RM (fit),0.9643835616438357,0.9675946018311419,10.421598672866821,59,100,30
Page Blocks,greedy,FOLD-RM (fit),0.971689497716895,0.9747565219958909,10.368864059448242,56,102,30
Page Blocks,greedy,FOLD-RM (fit),0.9762557077625571,0.9789228216074882,10.595081090927124,64,122,30
Page Blocks,greedy,FOLD-RM (fit),0.9598173515981735,0.9649060285904113,10.563797950744629,67,121,30
Page Blocks,greedy,FOLD-RM (fit),0.9707762557077626,0.9744129886022832,10.647051811218262,64,109,30
Page Blocks,greedy,FOLD-RM (fit),0.9634703196347032,0.9679731312263931,10.719916343688965,67,125,30
Page Blocks,greedy,FOLD-RM (fit),0.965296803652968,0.9671261625595436,10.92415475845337,74,138,30
Page Blocks,greedy,FOLD-RM (fit),0.9579908675799087,0.963551744741827,10.941416501998901,65,119,30
Page Blocks,greedy,FOLD-RM (fit),0.958904109589041,0.9635239730722378,10.994993925094604,73,134,30
Page Blocks,greedy,FOLD-RM (fit),0.9625570776255707,0.967524530313425,11.039999961853027,73,130,30
Page Blocks,greedy,CON-FOLD (confidence_fit),0.9397260273972603,0.9435367876420994,9.029749870300293,8,19,30
Page Blocks,greedy,CON-FOLD (confidence_fit),0.9406392694063926,0.9442719986350695,9.94959545135498,7,8,30
Page Blocks,greedy,CON-FOLD (confidence_fit),0.9515981735159817,0.9561136477550684,10.16362476348877,22,28,30
Page Blocks,greedy,CON-FOLD (confidence_fit),0.958904109589041,0.9632661335475794,10.590424060821533,17,22,30
Page Blocks,greedy,CON-FOLD (confidence_fit),0.9534246575342465,0.9575131016989038,10.739587306976318,22,30,30
Page Blocks,greedy,CON-FOLD (confidence_fit),0.9488584474885845,0.953045280987215,11.181037425994873,23,38,30
Page Blocks,greedy,CON-FOLD (confidence_fit),0.9506849315068493,0.9544113541720546,11.338581323623657,23,33,30
Page Blocks,greedy,CON-FOLD (confidence_fit),0.9579908675799087,0.9620303169615526,11.549437999725342,25,43,30
Page Blocks,greedy,CON-FOLD (confidence_fit),0.9561643835616438,0.9605526953635611,11.993753671646118,16,20,30
Page Blocks,greedy,CON-FOLD (confidence_fit),0.9643835616438357,0.9669158248664843,12.014516115188599,22,30,30
Page Blocks,greedy,CON-FOLD (confidence_fit),0.9662100456621004,0.9688874018843837,12.107239961624146,26,34,30
Page Blocks,greedy,CON-FOLD (confidence_fit),0.9552511415525115,0.9583177709516896,12.586338520050049,22,29,30
Page Blocks,greedy,CON-FOLD (confidence_fit),0.9561643835616438,0.9611461299336073,12.649590969085693,22,40,30
Page Blocks,greedy,CON-FOLD (confidence_fit),0.9643835616438357,0.9675059314966213,13.02829909324646,21,25,30
Page Blocks,greedy,CON-FOLD (confidence_fit),0.9470319634703196,0.9530238576260278,13.32468056678772,20,25,30
Page Blocks,greedy,CON-FOLD (confidence_fit),0.9625570776255707,0.9646730056516895,13.652102708816528,18,23,30
Page Blocks,greedy,CON-FOLD (confidence_fit),0.9525114155251142,0.9585387498626486,13.780322313308716,24,28,30
Page Blocks,greedy,CON-FOLD (confidence_fit),0.9506849315068493,0.9573114104945203,14.063678979873657,18,24,30
Page Blocks,greedy,CON-FOLD (confidence_fit),0.9634703196347032,0.9670594060749772,14.314176321029663,20,34,30
Page Blocks,greedy,CON-FOLD (confidence_fit),0.960730593607306,0.9636580820010963,14.819885730743408,25,37,30
Page Blocks,greedy,CON-FOLD (confidence_fit),0.9552511415525115,0.9584468320685845,14.811822175979614,18,23,30
Page Blocks,greedy,CON-FOLD (confidence_fit),0.9525114155251142,0.9561525892455701,14.943998098373413,24,34,30
Page Blocks,greedy,CON-FOLD (confidence_fit),0.9534246575342465,0.9562245612368027,15.042534589767456,22,34,30
Page Blocks,greedy,CON-FOLD (confidence_fit),0.9525114155251142,0.9583984373820084,15.110106945037842,17,24,30
Page Blocks,greedy,CON-FOLD (confidence_fit),0.9561643835616438,0.9605196477363472,15.23676347732544,23,30,30
Page Blocks,greedy,CON-FOLD (confidence_fit),0.9616438356164384,0.9638373997210962,15.3486909866333,24,33,30
Page Blocks,greedy,CON-FOLD (confidence_fit),0.9634703196347032,0.9656650951369868,15.352583885192871,22,30,30
Page Blocks,greedy,CON-FOLD (confidence_fit),0.9634703196347032,0.9665203744660267,15.418493747711182,23,32,30
Page Blocks,greedy,CON-FOLD (confidence_fit),0.9515981735159817,0.9574556478325117,15.349672079086304,20,26,30
Page Blocks,greedy,CON-FOLD (confidence_fit),0.9561643835616438,0.9599162778062105,15.478721618652344,27,38,30
Page Blocks,round_robin,FOLD-RM (fit),0.9707762557077626,0.9741343862857532,11.5538010597229,47,78,30
Page Blocks,round_robin,FOLD-RM (fit),0.9698630136986301,0.973219577161644,11.653481721878052,51,81,30
Page Blocks,round_robin,FOLD-RM (fit),0.9707762557077626,0.9748539466425573,12.126191854476929,49,88,30
Page Blocks,round_robin,FOLD-RM (fit),0.9662100456621004,0.9710298990821,13.59040904045105,64,123,30
Page Blocks,round_robin,FOLD-RM (fit),0.9579908675799087,0.9640854570695894,14.133486270904541,59,109,30
Page Blocks,round_robin,FOLD-RM (fit),0.9671232876712329,0.972064647449772,14.30997347831726,55,103,30
Page Blocks,round_robin,FOLD-RM (fit),0.958904109589041,0.9663284248704114,14.813294172286987,70,126,30
Page Blocks,round_robin,FOLD-RM (fit),0.9735159817351599,0.9779366500004572,15.13677978515625,59,106,30
Page Blocks,round_robin,FOLD-RM (fit),0.9662100456621004,0.9715998120005477,15.269482612609863,55,104,30
Page Blocks,round_robin,FOLD-RM (fit),0.9634703196347032,0.9679573751290415,15.334459781646729,62,106,30
Page Blocks,round_robin,FOLD-RM (fit),0.9625570776255707,0.9689685564189956,15.458149433135986,54,98,30
Page Blocks,round_robin,FOLD-RM (fit),0.9735159817351599,0.9764827805923291,15.953789949417114,73,134,30
Page Blocks,round_robin,FOLD-RM (fit),0.9634703196347032,0.9668317477243834,16.057929515838623,71,154,30
Page Blocks,round_robin,FOLD-RM (fit),0.9662100456621004,0.9709602525998179,16.099400520324707,66,128,30
Page Blocks,round_robin,FOLD-RM (fit),0.9707762557077626,0.9736520955779,16.28643774986267,62,112,30
Page Blocks,round_robin,FOLD-RM (fit),0.971689497716895,0.9757256763254798,16.347367763519287,65,122,30
Page Blocks,round_robin,FOLD-RM (fit),0.9698630136986301,0.9740217154273973,16.41958975791931,53,103,30
Page Blocks,round_robin,FOLD-RM (fit),0.9689497716894977,0.9726606112506853,16.42908501625061,54,104,30
Page Blocks,round_robin,FOLD-RM (fit),0.9689497716894977,0.9724123363657527,16.699593782424927,67,125,30
Page Blocks,round_robin,FOLD-RM (fit),0.9625570776255707,0.9697004587868495,16.888062000274658,55,93,30
Page Blocks,round_robin,FOLD-RM (fit),0.9698630136986301,0.9729467387776258,17.233422994613647,63,117,30
Page Blocks,round_robin,FOLD-RM (fit),0.971689497716895,0.974562520329498,17.45975661277771,49,96,30
Page Blocks,round_robin,FOLD-RM (fit),0.965296803652968,0.9713542136707766,17.642821073532104,60,110,30
Page Blocks,round_robin,FOLD-RM (fit),0.9634703196347032,0.9699062841448406,17.684566736221313,77,154,30
Page Blocks,round_robin,FOLD-RM (fit),0.9735159817351599,0.9785081249909588,17.87604284286499,63,112,30
Page Blocks,round_robin,FOLD-RM (fit),0.9689497716894977,0.9748026711089502,17.961451292037964,54,114,30
Page Blocks,round_robin,FOLD-RM (fit),0.9707762557077626,0.9742408816596345,18.12598443031311,67,141,30
Page Blocks,round_robin,FOLD-RM (fit),0.9662100456621004,0.9706651246172605,18.193941354751587,64,115,30
Page Blocks,round_robin,FOLD-RM (fit),0.9671232876712329,0.9706017133600002,18.3866069316864,51,91,30
Page Blocks,round_robin,FOLD-RM (fit),0.9744292237442922,0.9781794112004567,18.509035110473633,64,115,30
Page Blocks,round_robin,CON-FOLD (confidence_fit),0.9598173515981735,0.965029695965936,15.421754598617554,28,53,30
Page Blocks,round_robin,CON-FOLD (confidence_fit),0.85662100456621,0.9443952102629217,16.099595308303833,14,23,30
Page Blocks,round_robin,CON-FOLD (confidence_fit),0.9753424657534246,0.9792806000230138,16.529160022735596,31,47,30
Page Blocks,round_robin,CON-FOLD (confidence_fit),0.9534246575342465,0.9690624948327857,19.687036275863647,20,33,30
Page Blocks,round_robin,CON-FOLD (confidence_fit),0.9689497716894977,0.9717331383237442,20.328066110610962,25,39,30
Page Blocks,round_robin,CON-FOLD (confidence_fit),0.9579908675799087,0.9626617768203654,21.02488136291504,31,48,30
Page Blocks,round_robin,CON-FOLD (confidence_fit),0.9707762557077626,0.9752748280442015,21.601030588150024,24,39,30
Page Blocks,round_robin,CON-FOLD (confidence_fit),0.9570776255707762,0.9623420566881281,21.70513391494751,19,30,30
Page Blocks,round_robin,CON-FOLD (confidence_fit),0.9598173515981735,0.9642249702462101,21.733514308929443,24,39,30
Page Blocks,round_robin,CON-FOLD (confidence_fit),0.965296803652968,0.970238449059635,22.47920870780945,28,47,30
Page Blocks,round_robin,CON-FOLD (confidence_fit),0.9662100456621004,0.9705198022763475,22.493876934051514,31,54,30
Page Blocks,round_robin,CON-FOLD (confidence_fit),0.958904109589041,0.9666167795324206,22.538915634155273,24,51,30
Page Blocks,round_robin,CON-FOLD (confidence_fit),0.9680365296803652,0.9699059845762563,22.68041968345642,28,62,30
Page Blocks,round_robin,CON-FOLD (confidence_fit),0.9680365296803652,0.972856243655069,22.823315620422363,25,37,30
Page Blocks,round_robin,CON-FOLD (confidence_fit),0.954337899543379,0.9615395902043833,23.132943153381348,25,40,30
Page Blocks,round_robin,CON-FOLD (confidence_fit),0.9707762557077626,0.9732269948962555,23.241362810134888,26,41,30
Page Blocks,round_robin,CON-FOLD (confidence_fit),0.9625570776255707,0.9688820310360736,23.267900943756104,24,52,30
Page Blocks,round_robin,CON-FOLD (confidence_fit),0.9643835616438357,0.9692751870506847,23.611099243164062,31,48,30
Page Blocks,round_robin,CON-FOLD (confidence_fit),0.9726027397260274,0.9764885756199084,23.700260639190674,25,40,30
Page Blocks,round_robin,CON-FOLD (confidence_fit),0.9643835616438357,0.9681752572222831,24.117483854293823,24,40,30
Page Blocks,round_robin,CON-FOLD (confidence_fit),0.9689497716894977,0.9719757795339725,24.189093589782715,19,34,30
Page Blocks,round_robin,CON-FOLD (confidence_fit),0.9077625570776255,0.9627317546228309,24.220921993255615,10,16,30
Page Blocks,round_robin,CON-FOLD (confidence_fit),0.9671232876712329,0.9710572831746116,24.55338978767395,37,63,30
Page Blocks,round_robin,CON-FOLD (confidence_fit),0.9616438356164384,0.9660409011813692,24.58738899230957,19,28,30
Page Blocks,round_robin,CON-FOLD (confidence_fit),0.9689497716894977,0.9735394940294069,24.65904140472412,31,53,30
Page Blocks,round_robin,CON-FOLD (confidence_fit),0.965296803652968,0.9698107795041091,24.817270517349243,22,39,30
Page Blocks,round_robin,CON-FOLD (confidence_fit),0.9753424657534246,0.9786074650362556,25.824523448944092,28,41,30
Page Blocks,round_robin,CON-FOLD (confidence_fit),0.8968036529680365,0.9607610517083104,25.856237411499023,12,17,30
Page Blocks,round_robin,CON-FOLD (confidence_fit),0.9662100456621004,0.9716141970039273,25.89679193496704,27,41,30
Page Blocks,round_robin,CON-FOLD (confidence_fit),0.9680365296803652,0.9712526652688581,26.200473308563232,24,37,30
Page Blocks,best_rule,FOLD-RM (fit),0.015525114155251141,0.7519189556454795,26.443363666534424,11,29,30
Page Blocks,best_rule,FOLD-RM (fit),0.0182648401826484,0.7542147192922375,26.824403285980225,9,26,30
Page Blocks,best_rule,FOLD-RM (fit),0.012785388127853882,0.7497071213587214,27.837905168533325,9,26,30
Page Blocks,best_rule,FOLD-RM (fit),0.02009132420091324,0.754174530747032,32.93613362312317,9,16,30
Page Blocks,best_rule,FOLD-RM (fit),0.011872146118721462,0.7520953453444749,37.08831024169922,9,29,30
Page Blocks,best_rule,FOLD-RM (fit),0.023744292237442923,0.7547604225198172,38.846240282058716,10,32,30
Page Blocks,best_rule,FOLD-RM (fit),0.0228310502283105,0.7546479645989954,40.75274348258972,11,23,30
Page Blocks,best_rule,FOLD-RM (fit),0.010958904109589041,0.7524358860109589,45.241793632507324,14,40,30
Page Blocks,best_rule,FOLD-RM (fit),0.02009132420091324,0.7535423245211872,48.983415365219116,11,29,30
Page Blocks,best_rule,FOLD-RM (fit),0.017351598173515982,0.7523151148127853,49.60477113723755,13,40,30
Page Blocks,best_rule,FOLD-RM (fit),0.024657534246575342,0.7532056281153424,50.151392698287964,25,56,30
Page Blocks,best_rule,FOLD-RM (fit),0.026484018264840183,0.7525855934217351,50.580535888671875,20,58,30
Page Blocks,best_rule,FOLD-RM (fit),0.0273972602739726,0.7537492615711416,50.613913774490356,25,63,30
Page Blocks,best_rule,FOLD-RM (fit),0.0136986301369863,0.7523641557429224,51.71498227119446,13,42,30
Page Blocks,best_rule,FOLD-RM (fit),0.029223744292237442,0.7515930316666666,55.52537536621094,16,40,30
Page Blocks,best_rule,FOLD-RM (fit),0.03287671232876712,0.7552525057077625,58.13581204414368,24,59,30
Page Blocks,best_rule,FOLD-RM (fit),0.021917808219178082,0.7527633431857534,58.50108885765076,11,39,30
Page Blocks,best_rule,FOLD-RM (fit),0.028310502283105023,0.7552659802273973,58.57652139663696,23,60,30
Page Blocks,best_rule,FOLD-RM (fit),0.0319634703196347,0.754318815633516,58.62063550949097,29,77,30
Page Blocks,best_rule,FOLD-RM (fit),0.021917808219178082,0.7512671772463013,58.640631675720215,29,87,30
Page Blocks,best_rule,FOLD-RM (fit),0.029223744292237442,0.7522265819062101,59.2967267036438,25,70,30
Page Blocks,best_rule,FOLD-RM (fit),0.0273972602739726,0.7546162501928767,59.86298608779907,27,68,30
Page Blocks,best_rule,FOLD-RM (fit),0.033789954337899546,0.7558848351147947,59.904685497283936,28,78,30
Page Blocks,best_rule,FOLD-RM (fit),0.0136986301369863,0.7521708154514155,60.10146498680115,14,41,30
Page Blocks,best_rule,FOLD-RM (fit),0.026484018264840183,0.7518727573236529,62.45114326477051,28,68,30
Page Blocks,best_rule,FOLD-RM (fit),0.034703196347031964,0.7561922472133333,62.6502685546875,22,68,30
Page Blocks,best_rule,FOLD-RM (fit),0.033789954337899546,0.7551645113059362,62.92093229293823,25,65,30
Page Blocks,best_rule,FOLD-RM (fit),0.0228310502283105,0.7522452003861186,62.99990510940552,31,80,30
Page Blocks,best_rule,FOLD-RM (fit),0.026484018264840183,0.7551451647879452,63.34808945655823,28,80,30
Page Blocks,best_rule,FOLD-RM (fit),0.9077625570776255,0.9608919914621923,63.42472743988037,51,121,30
Page Blocks,best_rule,CON-FOLD (confidence_fit),0.019178082191780823,0.7528609883444749,29.748751878738403,4,15,30
Page Blocks,best_rule,CON-FOLD (confidence_fit),0.015525114155251141,0.7527653678536073,32.20522975921631,8,18,30
Page Blocks,best_rule,CON-FOLD (confidence_fit),0.010958904109589041,0.7515457884576255,39.92223882675171,9,33,30
Page Blocks,best_rule,CON-FOLD (confidence_fit),0.017351598173515982,0.7525434048226484,40.438015937805176,9,31,30
Page Blocks,best_rule,CON-FOLD (confidence_fit),0.012785388127853882,0.7521511830947032,40.52128052711487,9,19,30
Page Blocks,best_rule,CON-FOLD (confidence_fit),0.024657534246575342,0.7526761060843836,41.14875411987305,15,32,30
Page Blocks,best_rule,CON-FOLD (confidence_fit),0.0182648401826484,0.7535306199452054,42.190253019332886,9,29,30
Page Blocks,best_rule,CON-FOLD (confidence_fit),0.015525114155251141,0.7518146230651142,43.49373960494995,10,37,30
Page Blocks,best_rule,CON-FOLD (confidence_fit),0.0136986301369863,0.7524109990621004,43.922993659973145,9,35,30
Page Blocks,best_rule,CON-FOLD (confidence_fit),0.021917808219178082,0.7545444518630138,46.703975677490234,8,16,30
Page Blocks,best_rule,CON-FOLD (confidence_fit),0.02009132420091324,0.7521155833077625,50.78129839897156,8,19,30
Page Blocks,best_rule,CON-FOLD (confidence_fit),0.021004566210045664,0.7523345004915982,50.86532020568848,8,16,30
Page Blocks,best_rule,CON-FOLD (confidence_fit),0.015525114155251141,0.751226634266758,52.387882709503174,11,38,30
Page Blocks,best_rule,CON-FOLD (confidence_fit),0.023744292237442923,0.7541995626852056,52.50547122955322,10,29,30
Page Blocks,best_rule,CON-FOLD (confidence_fit),0.025570776255707764,0.7535628406114154,56.65205526351929,16,52,30
Page Blocks,best_rule,CON-FOLD (confidence_fit),0.012785388127853882,0.7527312801597261,56.842814683914185,10,32,30
Page Blocks,best_rule,CON-FOLD (confidence_fit),0.0273972602739726,0.7543728882368037,56.88365364074707,19,51,30
Page Blocks,best_rule,CON-FOLD (confidence_fit),0.025570776255707764,0.7526483774652968,57.18284869194031,20,64,30
Page Blocks,best_rule,CON-FOLD (confidence_fit),0.01004566210045662,0.7516578836928767,57.428086042404175,12,40,30
Page Blocks,best_rule,CON-FOLD (confidence_fit),0.025570776255707764,0.752235966530411,57.72835183143616,20,58,30
Page Blocks,best_rule,CON-FOLD (confidence_fit),0.0228310502283105,0.7540923021798173,57.87280535697937,17,45,30
Page Blocks,best_rule,CON-FOLD (confidence_fit),0.0273972602739726,0.7517923256469405,58.09255075454712,20,66,30
Page Blocks,best_rule,CON-FOLD (confidence_fit),0.028310502283105023,0.7538397754358904,58.19190812110901,20,55,30
Page Blocks,best_rule,CON-FOLD (confidence_fit),0.029223744292237442,0.754307738597443,60.045180559158325,19,51,30
Page Blocks,best_rule,CON-FOLD (confidence_fit),0.026484018264840183,0.7541634824607306,60.57945275306702,24,76,30
Page Blocks,best_rule,CON-FOLD (confidence_fit),0.9050228310502283,0.9553105793999089,62.06230592727661,37,83,30
Page Blocks,best_rule,CON-FOLD (confidence_fit),0.028310502283105023,0.7526703738396348,63.64180827140808,21,60,30
Page Blocks,best_rule,CON-FOLD (confidence_fit),0.0365296803652968,0.7554155659410047,64.67957925796509,26,83,30
Page Blocks,best_rule,CON-FOLD (confidence_fit),0.91324200913242,0.9631790575451147,65.85321569442749,41,115,30
Page Blocks,best_rule,CON-FOLD (confidence_fit),0.07488584474885844,0.7620178453911418,66.65313220024109,42,116,30
Page Blocks,info_gain,FOLD-RM (fit),0.9634703196347032,0.9667331675915976,8.415343761444092,45,74,30
Page Blocks,info_gain,FOLD-RM (fit),0.9598173515981735,0.9650036811453884,8.730622053146362,41,75,30
Page Blocks,info_gain,FOLD-RM (fit),0.9561643835616438,0.9598619935439269,9.26744818687439,56,87,30
Page Blocks,info_gain,FOLD-RM (fit),0.9762557077625571,0.9784278512285843,9.495311498641968,54,82,30
Page Blocks,info_gain,FOLD-RM (fit),0.9780821917808219,0.9810827332230139,9.520504474639893,48,81,30
Page Blocks,info_gain,FOLD-RM (fit),0.960730593607306,0.9654596489642926,9.608833074569702,53,93,30
Page Blocks,info_gain,FOLD-RM (fit),0.9698630136986301,0.972716240105936,9.734910726547241,49,98,30
Page Blocks,info_gain,FOLD-RM (fit),0.9707762557077626,0.973282772304383,9.825385332107544,50,87,30
Page Blocks,info_gain,FOLD-RM (fit),0.971689497716895,0.9732963308971685,9.91380500793457,52,92,30
Page Blocks,info_gain,FOLD-RM (fit),0.9707762557077626,0.9754490664868494,9.937760591506958,63,116,30
Page Blocks,info_gain,FOLD-RM (fit),0.9570776255707762,0.9610574462468491,10.56570291519165,55,95,30
Page Blocks,info_gain,FOLD-RM (fit),0.965296803652968,0.9711046184389038,11.024495840072632,74,138,30
Page Blocks,info_gain,FOLD-RM (fit),0.9680365296803652,0.9723975799852971,11.456026315689087,70,120,30
Page Blocks,info_gain,FOLD-RM (fit),0.954337899543379,0.9617282043739719,11.864956140518188,73,141,30
Page Blocks,info_gain,FOLD-RM (fit),0.9671232876712329,0.9714632078904109,11.980620861053467,71,129,30
Page Blocks,info_gain,FOLD-RM (fit),0.9662100456621004,0.9698043912386305,12.36103868484497,65,116,30
Page Blocks,info_gain,FOLD-RM (fit),0.9634703196347032,0.9663224577326031,12.415297985076904,71,126,30
Page Blocks,info_gain,FOLD-RM (fit),0.958904109589041,0.963566386442831,12.546639680862427,71,122,30
Page Blocks,info_gain,FOLD-RM (fit),0.9662100456621004,0.9697614212320553,12.581093072891235,63,121,30
Page Blocks,info_gain,FOLD-RM (fit),0.9662100456621004,0.9698682528978999,12.745083570480347,70,128,30
Page Blocks,info_gain,FOLD-RM (fit),0.9643835616438357,0.9681617922484937,12.792436122894287,81,145,30
Page Blocks,info_gain,FOLD-RM (fit),0.9680365296803652,0.9710872146503199,12.85469937324524,68,123,30
Page Blocks,info_gain,FOLD-RM (fit),0.9561643835616438,0.9620623514053879,12.928122520446777,75,150,30
Page Blocks,info_gain,FOLD-RM (fit),0.9643835616438357,0.9678454146633794,12.997918605804443,62,116,30
Page Blocks,info_gain,FOLD-RM (fit),0.9643835616438357,0.9685546724496809,13.069658041000366,86,160,30
Page Blocks,info_gain,FOLD-RM (fit),0.9671232876712329,0.9708960825788129,13.150861740112305,72,141,30
Page Blocks,info_gain,FOLD-RM (fit),0.9634703196347032,0.9690942215774436,13.163818597793579,80,143,30
Page Blocks,info_gain,FOLD-RM (fit),0.9643835616438357,0.9686890842539726,13.236578702926636,82,160,30
Page Blocks,info_gain,FOLD-RM (fit),0.9643835616438357,0.9671735054550689,13.308090448379517,80,137,30
Page Blocks,info_gain,FOLD-RM (fit),0.9643835616438357,0.9695833278775345,13.249388456344604,78,143,30
Page Blocks,info_gain,CON-FOLD (confidence_fit),0.9287671232876712,0.9336248347601833,6.260959625244141,7,10,30
Page Blocks,info_gain,CON-FOLD (confidence_fit),0.9278538812785389,0.9335348141417344,9.604032754898071,11,14,30
Page Blocks,info_gain,CON-FOLD (confidence_fit),0.9470319634703196,0.9521472259578089,9.788338422775269,22,28,30
Page Blocks,info_gain,CON-FOLD (confidence_fit),0.9269406392694064,0.9325567710250228,9.96751356124878,10,13,30
Page Blocks,info_gain,CON-FOLD (confidence_fit),0.9506849315068493,0.9567823077884021,10.709047317504883,17,22,30
Page Blocks,info_gain,CON-FOLD (confidence_fit),0.954337899543379,0.9583360599700451,10.891297101974487,24,43,30
Page Blocks,info_gain,CON-FOLD (confidence_fit),0.9406392694063926,0.9445941040041999,10.920769929885864,11,14,30
Page Blocks,info_gain,CON-FOLD (confidence_fit),0.9452054794520548,0.9503236535629218,11.129737615585327,21,26,30
Page Blocks,info_gain,CON-FOLD (confidence_fit),0.9342465753424658,0.938200757584383,11.372517585754395,9,11,30
Page Blocks,info_gain,CON-FOLD (confidence_fit),0.9570776255707762,0.9608134070151602,12.394347429275513,20,27,30
Page Blocks,info_gain,CON-FOLD (confidence_fit),0.9561643835616438,0.9600131801989964,12.600833415985107,18,22,30
Page Blocks,info_gain,CON-FOLD (confidence_fit),0.9570776255707762,0.961688545708858,12.623854875564575,29,50,30
Page Blocks,info_gain,CON-FOLD (confidence_fit),0.9570776255707762,0.9611281014958903,12.959787845611572,19,25,30
Page Blocks,info_gain,CON-FOLD (confidence_fit),0.954337899543379,0.9583281800050234,12.950069189071655,20,25,30
Page Blocks,info_gain,CON-FOLD (confidence_fit),0.954337899543379,0.956879336679086,13.082090377807617,20,38,30
Page Blocks,info_gain,CON-FOLD (confidence_fit),0.9342465753424658,0.9385939344562558,13.463084697723389,11,15,30
Page Blocks,info_gain,CON-FOLD (confidence_fit),0.9525114155251142,0.9560118777929686,13.701873064041138,23,30,30
Page Blocks,info_gain,CON-FOLD (confidence_fit),0.9506849315068493,0.9549975709709589,13.683883905410767,17,23,30
Page Blocks,info_gain,CON-FOLD (confidence_fit),0.9552511415525115,0.9591935563594517,13.702892303466797,25,31,30
Page Blocks,info_gain,CON-FOLD (confidence_fit),0.9515981735159817,0.9571941764179911,14.042546272277832,17,21,30
Page Blocks,info_gain,CON-FOLD (confidence_fit),0.9570776255707762,0.9615399303609131,14.136459589004517,17,23,30
Page Blocks,info_gain,CON-FOLD (confidence_fit),0.9534246575342465,0.9594129343410047,14.381080865859985,25,44,30
Page Blocks,info_gain,CON-FOLD (confidence_fit),0.9570776255707762,0.961451306568584,14.44327425956726,20,26,30
Page Blocks,info_gain,CON-FOLD (confidence_fit),0.9415525114155251,0.9470477653354332,14.906500101089478,18,23,30
Page Blocks,info_gain,CON-FOLD (confidence_fit),0.9552511415525115,0.9604975956938814,15.006379842758179,18,24,30
Page Blocks,info_gain,CON-FOLD (confidence_fit),0.9506849315068493,0.9549729910388124,15.003047704696655,24,33,30
Page Blocks,info_gain,CON-FOLD (confidence_fit),0.9561643835616438,0.9596794355892231,15.060471057891846,22,33,30
Page Blocks,info_gain,CON-FOLD (confidence_fit),0.9689497716894977,0.9715470411661183,15.24037480354309,27,39,30
Page Blocks,info_gain,CON-FOLD (confidence_fit),0.9561643835616438,0.9596206796755257,15.40232253074646,17,25,30
Page Blocks,info_gain,CON-FOLD (confidence_fit),0.9561643835616438,0.960297737186758,15.545307397842407,20,29,30
Nursery,greedy,FOLD-RM (fit),0.9506172839506173,0.9568805394802868,2.044495105743408,63,22,30
Nursery,greedy,FOLD-RM (fit),0.9463734567901234,0.9536292814073687,2.039696216583252,57,26,30
Nursery,greedy,FOLD-RM (fit),0.9729938271604939,0.9749602695982257,2.419800281524658,74,31,30
Nursery,greedy,FOLD-RM (fit),0.9679783950617284,0.9710434776756562,2.384051561355591,78,33,30
Nursery,greedy,FOLD-RM (fit),0.9695216049382716,0.9725092061448689,2.4661543369293213,79,34,30
Nursery,greedy,FOLD-RM (fit),0.9371141975308642,0.947577725539506,2.277045726776123,53,19,30
Nursery,greedy,FOLD-RM (fit),0.9320987654320988,0.9448070254410481,2.47711181640625,65,28,30
Nursery,greedy,FOLD-RM (fit),0.9625771604938271,0.9668622382774685,2.2158727645874023,61,27,30
Nursery,greedy,FOLD-RM (fit),0.9591049382716049,0.96392388287176,2.4492101669311523,60,28,30
Nursery,greedy,FOLD-RM (fit),0.9452160493827161,0.9535486930566731,2.3988358974456787,62,24,30
Nursery,greedy,FOLD-RM (fit),0.9556327160493827,0.9610465931932866,2.6390297412872314,71,26,30
Nursery,greedy,FOLD-RM (fit),0.9444444444444444,0.9533505331675923,2.466752052307129,67,27,30
Nursery,greedy,FOLD-RM (fit),0.9672067901234568,0.9699599409664355,2.589049816131592,74,28,30
Nursery,greedy,FOLD-RM (fit),0.9432870370370371,0.952293138566437,2.3341002464294434,68,26,30
Nursery,greedy,FOLD-RM (fit),0.9575617283950617,0.9616614467617293,2.5443673133850098,66,25,30
Nursery,greedy,FOLD-RM (fit),0.9664351851851852,0.969139994171682,2.7461254596710205,81,24,30
Nursery,greedy,FOLD-RM (fit),0.9583333333333334,0.9629997900087197,2.5368127822875977,70,24,30
Nursery,greedy,FOLD-RM (fit),0.9552469135802469,0.9607923421241505,2.7162325382232666,70,25,30
Nursery,greedy,FOLD-RM (fit),0.9506172839506173,0.9562462260786264,2.515375852584839,65,28,30
Nursery,greedy,FOLD-RM (fit),0.9567901234567902,0.9620745874496521,2.508448839187622,62,24,30
Nursery,greedy,FOLD-RM (fit),0.9756944444444444,0.9772123555675544,2.693885087966919,75,25,30
Nursery,greedy,FOLD-RM (fit),0.9598765432098766,0.9637698711047843,2.5822789669036865,66,26,30
Nursery,greedy,FOLD-RM (fit),0.9564043209876543,0.9606255484472607,2.6243858337402344,71,22,30
Nursery,greedy,FOLD-RM (fit),0.9683641975308642,0.9710922275648919,2.5501646995544434,71,28,30
Nursery,greedy,FOLD-RM (fit),0.9625771604938271,0.9661175395702545,2.525144338607788,62,30,30
Nursery,greedy,FOLD-RM (fit),0.96875,0.9705560397068284,2.6218674182891846,69,26,30
Nursery,greedy,FOLD-RM (fit),0.9575617283950617,0.9627875162453317,2.786813974380493,81,29,30
Nursery,greedy,FOLD-RM (fit),0.9772376543209876,0.9787296070835263,2.850947856903076,85,29,30
Nursery,greedy,FOLD-RM (fit),0.9702932098765432,0.9724959774020834,2.5604329109191895,76,28,30
Nursery,greedy,FOLD-RM (fit),0.9876543209876543,0.9880955654421681,2.5807409286499023,84,28,30
Nursery,greedy,CON-FOLD (confidence_fit),0.9224537037037037,0.9345745436216425,2.5533440113067627,28,19,30
Nursery,greedy,CON-FOLD (confidence_fit),0.9351851851851852,0.9436191324611493,2.6086630821228027,36,20,30
Nursery,greedy,CON-FOLD (confidence_fit),0.939429012345679,0.9482094193549754,3.0034737586975098,40,21,30
Nursery,greedy,CON-FOLD (confidence_fit),0.9205246913580247,0.9330995500746934,2.9637906551361084,30,17,30
Nursery,greedy,CON-FOLD (confidence_fit),0.9409722222222222,0.9476102614270069,3.2933738231658936,34,20,30
Nursery,greedy,CON-FOLD (confidence_fit),0.9402006172839507,0.9468121961650846,3.178096294403076,33,21,30
Nursery,greedy,CON-FOLD (confidence_fit),0.9297839506172839,0.9392736311508864,3.029412269592285,31,21,30
Nursery,greedy,CON-FOLD (confidence_fit),0.935570987654321,0.9459465320325612,3.25604510307312,34,19,30
Nursery,greedy,CON-FOLD (confidence_fit),0.9375,0.9453456841137717,3.1265084743499756,31,19,30
Nursery,greedy,CON-FOLD (confidence_fit),0.9382716049382716,0.9459528188340659,3.1571266651153564,27,17,30
Nursery,greedy,CON-FOLD (confidence_fit),0.9263117283950617,0.9364993302778546,3.354994535446167,37,21,30
Nursery,greedy,CON-FOLD (confidence_fit),0.9263117283950617,0.9379154991393516,3.2061283588409424,28,15,30
Nursery,greedy,CON-FOLD (confidence_fit),0.9375,0.94514968203422,3.074629068374634,30,17,30
Nursery,greedy,CON-FOLD (confidence_fit),0.9382716049382716,0.9464431370403932,3.1281332969665527,38,24,30
Nursery,greedy,CON-FOLD (confidence_fit),0.9525462962962963,0.9572426523912033,3.3071978092193604,46,20,30
Nursery,greedy,CON-FOLD (confidence_fit),0.9602623456790124,0.963385544918787,3.4533207416534424,42,23,30
Nursery,greedy,CON-FOLD (confidence_fit),0.9328703703703703,0.9419785265403947,3.155320644378662,39,18,30
Nursery,greedy,CON-FOLD (confidence_fit),0.9236111111111112,0.9374644814503085,3.4472575187683105,42,17,30
Nursery,greedy,CON-FOLD (confidence_fit),0.939429012345679,0.9465811055000762,3.4645822048187256,31,21,30
Nursery,greedy,CON-FOLD (confidence_fit),0.9286265432098766,0.9387705666301296,3.3224432468414307,32,20,30
Nursery,greedy,CON-FOLD (confidence_fit),0.9456018518518519,0.9517977753589881,3.6498894691467285,43,22,30
Nursery,greedy,CON-FOLD (confidence_fit),0.9606481481481481,0.9643195028035102,3.7581756114959717,47,23,30
Nursery,greedy,CON-FOLD (confidence_fit),0.9382716049382716,0.9455613426420139,3.6964282989501953,33,20,30
Nursery,greedy,CON-FOLD (confidence_fit),0.9243827160493827,0.9366429138748444,3.5305168628692627,30,17,30
Nursery,greedy,CON-FOLD (confidence_fit),0.9463734567901234,0.9513227356600688,3.9328367710113525,41,24,30
Nursery,greedy,CON-FOLD (confidence_fit),0.9479166666666666,0.9531205451543231,4.2730395793914795,45,27,30
Nursery,greedy,CON-FOLD (confidence_fit),0.9641203703703703,0.9662475991974159,3.8786885738372803,47,25,30
Nursery,greedy,CON-FOLD (confidence_fit),0.9351851851851852,0.9445336269404313,4.014151573181152,40,18,30
Nursery,greedy,CON-FOLD (confidence_fit),0.9479166666666666,0.9530589749040113,3.9477522373199463,45,20,30
Nursery,greedy,CON-FOLD (confidence_fit),0.9641203703703703,0.9661694009662034,4.3442792892456055,52,26,30
Nursery,round_robin,FOLD-RM (fit),0.0,0.75,0.23610496520996094,2,7,30
Nursery,round_robin,FOLD-RM (fit),0.0,0.75,0.10885882377624512,0,0,30
Nursery,round_robin,FOLD-RM (fit),0.0,0.75,0.2545013427734375,2,7,30
Nursery,round_robin,FOLD-RM (fit),0.0,0.75,0.23729157447814941,1,8,30
Nursery,round_robin,FOLD-RM (fit),0.0,0.75,0.2565164566040039,2,7,30
Nursery,round_robin,FOLD-RM (fit),0.0,0.75,0.2562119960784912,2,7,30
Nursery,round_robin,FOLD-RM (fit),0.00038580246913580245,0.7499980709876544,0.254652738571167,1,7,30
Nursery,round_robin,FOLD-RM (fit),0.0,0.7499797453703704,0.2719736099243164,1,7,30
Nursery,round_robin,FOLD-RM (fit),0.0,0.75,0.24517822265625,2,7,30
Nursery,round_robin,FOLD-RM (fit),0.0,0.75,0.14713382720947266,0,0,30
Nursery,round_robin,FOLD-RM (fit),0.0,0.75,0.24943876266479492,2,7,30
Nursery,round_robin,FOLD-RM (fit),0.0,0.75,0.26729702949523926,1,8,30
Nursery,round_robin,FOLD-RM (fit),0.0,0.75,0.2664806842803955,2,7,30
Nursery,round_robin,FOLD-RM (fit),0.0,0.75,0.30449962615966797,2,7,30
Nursery,round_robin,FOLD-RM (fit),0.0,0.75,0.3173387050628662,2,7,30
Nursery,round_robin,FOLD-RM (fit),0.0,0.75,0.277446985244751,2,7,30
Nursery,round_robin,FOLD-RM (fit),0.0,0.75,0.2794630527496338,2,7,30
Nursery,round_robin,FOLD-RM (fit),0.0,0.75,0.26676273345947266,2,7,30
Nursery,round_robin,FOLD-RM (fit),0.0,0.75,0.2695488929748535,2,7,30
Nursery,round_robin,FOLD-RM (fit),0.0,0.75,0.26262688636779785,2,7,30
Nursery,round_robin,FOLD-RM (fit),0.0,0.75,0.25301361083984375,2,7,30
Nursery,round_robin,FOLD-RM (fit),0.0,0.75,0.2566208839416504,2,7,30
Nursery,round_robin,FOLD-RM (fit),0.0,0.75,0.2960329055786133,2,7,30
Nursery,round_robin,FOLD-RM (fit),0.0,0.75,0.2767188549041748,2,7,30
Nursery,round_robin,FOLD-RM (fit),0.0,0.75,0.24005508422851562,2,7,30
Nursery,round_robin,FOLD-RM (fit),0.0,0.75,0.23659777641296387,2,7,30
Nursery,round_robin,FOLD-RM (fit),0.0,0.7499617381836035,0.24205541610717773,2,6,30
Nursery,round_robin,FOLD-RM (fit),0.0,0.75,0.23352527618408203,2,7,30
Nursery,round_robin,FOLD-RM (fit),0.0,0.75,0.2502307891845703,2,7,30
Nursery,round_robin,FOLD-RM (fit),0.0,0.75,0.21702289581298828,2,7,30
Nursery,round_robin,CON-FOLD (confidence_fit),0.00038580246913580245,0.750018325617284,0.2566673755645752,1,6,30
Nursery,round_robin,CON-FOLD (confidence_fit),0.0,0.75,0.26128435134887695,1,8,30
Nursery,round_robin,CON-FOLD (confidence_fit),0.0,0.7499594907407408,0.25569796562194824,1,7,30
Nursery,round_robin,CON-FOLD (confidence_fit),0.0,0.75,0.34529638290405273,2,7,30
Nursery,round_robin,CON-FOLD (confidence_fit),0.0,0.7499797453703704,0.291109561920166,1,6,30
Nursery,round_robin,CON-FOLD (confidence_fit),0.0,0.75,0.3357062339782715,2,7,30
Nursery,round_robin,CON-FOLD (confidence_fit),0.0,0.7499234763672068,0.2722890377044678,1,5,30
Nursery,round_robin,CON-FOLD (confidence_fit),0.0,0.75,0.34485840797424316,2,7,30
Nursery,round_robin,CON-FOLD (confidence_fit),0.0,0.75,0.3611021041870117,2,7,30
Nursery,round_robin,CON-FOLD (confidence_fit),0.0,0.75,0.3457362651824951,2,7,30
Nursery,round_robin,CON-FOLD (confidence_fit),0.0,0.7499617381836035,0.33042168617248535,1,7,30
Nursery,round_robin,CON-FOLD (confidence_fit),0.0,0.7499617381836035,0.3296957015991211,1,7,30
Nursery,round_robin,CON-FOLD (confidence_fit),0.0,0.75,0.3773157596588135,2,7,30
Nursery,round_robin,CON-FOLD (confidence_fit),0.0,0.7498469527344136,0.32216405868530273,1,5,30
Nursery,round_robin,CON-FOLD (confidence_fit),0.0,0.75,0.39116430282592773,2,7,30
Nursery,round_robin,CON-FOLD (confidence_fit),0.0,0.75,0.36385059356689453,2,7,30
Nursery,round_robin,CON-FOLD (confidence_fit),0.0,0.7499234763672069,0.3672165870666504,2,6,30
Nursery,round_robin,CON-FOLD (confidence_fit),0.0,0.7499617381836035,0.30060911178588867,1,7,30
Nursery,round_robin,CON-FOLD (confidence_fit),0.0,0.75,0.3589804172515869,2,7,30
Nursery,round_robin,CON-FOLD (confidence_fit),0.00038580246913580245,0.750018325617284,0.29027223587036133,1,6,30
Nursery,round_robin,CON-FOLD (confidence_fit),0.0,0.75,0.3635220527648926,2,7,30
Nursery,round_robin,CON-FOLD (confidence_fit),0.00038580246913580245,0.7499980709876544,0.25078487396240234,1,7,30
Nursery,round_robin,CON-FOLD (confidence_fit),0.0,0.75,0.33257365226745605,2,7,30
Nursery,round_robin,CON-FOLD (confidence_fit),0.0,0.75,0.3493824005126953,2,7,30
Nursery,round_robin,CON-FOLD (confidence_fit),0.0,0.7499617381836035,0.30632829666137695,2,6,30
Nursery,round_robin,CON-FOLD (confidence_fit),0.0,0.7499617381836035,0.26938295364379883,1,7,30
Nursery,round_robin,CON-FOLD (confidence_fit),0.0,0.75,0.23589491844177246,1,8,30
Nursery,round_robin,CON-FOLD (confidence_fit),0.0,0.75,0.3269374370574951,2,7,30
Nursery,round_robin,CON-FOLD (confidence_fit),0.0,0.75,0.3037075996398926,2,7,30
Nursery,round_robin,CON-FOLD (confidence_fit),0.0,0.75,0.28737664222717285,2,7,30
Nursery,best_rule,FOLD-RM (fit),0.3333333333333333,0.8332562463672095,1.022202730178833,3,6,30
Nursery,best_rule,FOLD-RM (fit),0.3279320987654321,0.8319824789795499,0.8422331809997559,1,1,30
Nursery,best_rule,FOLD-RM (fit),0.33989197530864196,0.8349521559089156,1.11138916015625,2,8,30
Nursery,best_rule,FOLD-RM (fit),0.33526234567901236,0.8338150198263914,0.7975707054138184,1,1,30
Nursery,best_rule,FOLD-RM (fit),0.3395061728395062,0.8347994458116534,1.1419293880462646,2,5,30
Nursery,best_rule,FOLD-RM (fit),0.3341049382716049,0.8334874081141608,1.121591329574585,2,6,30
Nursery,best_rule,FOLD-RM (fit),0.33449074074074076,0.8336221198958358,1.1252636909484863,3,7,30
Nursery,best_rule,FOLD-RM (fit),0.3236882716049383,0.8309215292515792,1.1379673480987549,3,7,30
Nursery,best_rule,FOLD-RM (fit),0.3341049382716049,0.8334491462977651,1.2096843719482422,2,6,30
Nursery,best_rule,FOLD-RM (fit),0.33641975308641975,0.8340661079058285,1.1028149127960205,2,6,30
Nursery,best_rule,FOLD-RM (fit),0.3402777777777778,0.835048605864124,1.1535353660583496,2,6,30
Nursery,best_rule,FOLD-RM (fit),0.35108024691358025,0.8377491953765426,1.1535353660583496,2,8,30
Nursery,best_rule,FOLD-RM (fit),0.34915123456790126,0.8372669548339153,1.0400357246398926,2,6,30
Nursery,best_rule,FOLD-RM (fit),0.3410493827160494,0.8352617604041699,1.1772775650024414,3,7,30
Nursery,best_rule,FOLD-RM (fit),0.33834876543209874,0.8345866195486137,1.1327857971191406,3,7,30
Nursery,best_rule,FOLD-RM (fit),0.3414351851851852,0.8353582103593785,1.1694259643554688,3,7,30
Nursery,best_rule,FOLD-RM (fit),0.33101851851851855,0.8327540702083355,1.1052474975585938,3,7,30
Nursery,best_rule,FOLD-RM (fit),0.32137345679012347,0.8303225747703293,1.071094036102295,2,8,30
Nursery,best_rule,FOLD-RM (fit),0.33217592592592593,0.8330434201041692,1.1622710227966309,2,7,30
Nursery,best_rule,FOLD-RM (fit),0.3464506172839506,0.8366120597770865,1.068222999572754,3,7,30
Nursery,best_rule,FOLD-RM (fit),0.3244598765432099,0.8311144292021195,1.1212830543518066,3,6,30
Nursery,best_rule,FOLD-RM (fit),0.33449074074074076,0.8335439955478419,1.0024139881134033,2,5,30
Nursery,best_rule,FOLD-RM (fit),0.3395061728395062,0.834875969444447,0.9842486381530762,3,7,30
Nursery,best_rule,FOLD-RM (fit),0.3341049382716049,0.8335054153009285,1.0757040977478027,2,6,30
Nursery,best_rule,FOLD-RM (fit),0.3429783950617284,0.8357440101802119,0.9858789443969727,3,7,30
Nursery,best_rule,FOLD-RM (fit),0.33526234567901236,0.8338150198263914,0.9569535255432129,3,7,30
Nursery,best_rule,FOLD-RM (fit),0.33024691358024694,0.8325611702777806,1.0424556732177734,3,7,30
Nursery,best_rule,FOLD-RM (fit),0.310570987654321,0.8276219834444425,0.9485788345336914,2,8,30
Nursery,best_rule,FOLD-RM (fit),0.32407407407407407,0.8309196002392338,0.948936939239502,2,6,30
Nursery,best_rule,FOLD-RM (fit),0.33641975308641975,0.834066107905828,1.0170068740844727,2,6,30
Nursery,best_rule,CON-FOLD (confidence_fit),0.3387345679012346,0.8346830695138916,1.0795178413391113,2,7,30
Nursery,best_rule,CON-FOLD (confidence_fit),0.3236882716049383,0.8308832674351827,1.1052815914154053,2,6,30
Nursery,best_rule,CON-FOLD (confidence_fit),0.3460648148148148,0.8365156098218784,1.1308844089508057,3,7,30
Nursery,best_rule,CON-FOLD (confidence_fit),0.3410493827160494,0.8352617604041701,1.1550521850585938,3,7,30
Nursery,best_rule,CON-FOLD (confidence_fit),0.33719135802469136,0.8342972696527804,1.216212272644043,3,6,30
Nursery,best_rule,CON-FOLD (confidence_fit),0.3167438271604938,0.8291854378370349,1.1692395210266113,3,7,30
Nursery,best_rule,CON-FOLD (confidence_fit),0.32677469135802467,0.8316931290537397,1.1853718757629395,3,6,30
Nursery,best_rule,CON-FOLD (confidence_fit),0.3402777777777778,0.835030598677357,1.1535923480987549,3,6,30
Nursery,best_rule,CON-FOLD (confidence_fit),0.3113425925925926,0.8278351380444422,1.1508517265319824,3,7,30
Nursery,best_rule,CON-FOLD (confidence_fit),0.34375,0.8359369100906283,1.1667048931121826,3,7,30
Nursery,best_rule,CON-FOLD (confidence_fit),0.3244598765432099,0.8311144292021193,1.1070899963378906,2,7,30
Nursery,best_rule,CON-FOLD (confidence_fit),0.33371913580246915,0.8333526963324869,1.1786754131317139,2,5,30
Nursery,best_rule,CON-FOLD (confidence_fit),0.34066358024691357,0.8351653104489618,1.1453320980072021,3,7,30
Nursery,best_rule,CON-FOLD (confidence_fit),0.3314043209876543,0.8328505201736136,1.1908562183380127,3,7,30
Nursery,best_rule,CON-FOLD (confidence_fit),0.33294753086419754,0.833236320034725,1.1860289573669434,3,7,30
Nursery,best_rule,CON-FOLD (confidence_fit),0.33449074074074076,0.8336221198958356,1.1202311515808105,3,7,30
Nursery,best_rule,CON-FOLD (confidence_fit),0.33487654320987653,0.8337185698611137,1.1192421913146973,3,7,30
Nursery,best_rule,CON-FOLD (confidence_fit),0.3410493827160494,0.8352617604041703,1.1141023635864258,2,7,30
Nursery,best_rule,CON-FOLD (confidence_fit),0.33834876543209874,0.8345866195486138,1.072709560394287,2,7,30
Nursery,best_rule,CON-FOLD (confidence_fit),0.3445216049382716,0.8361298100010452,1.1901018619537354,3,6,30
Nursery,best_rule,CON-FOLD (confidence_fit),0.32947530864197533,0.8323682788806303,1.1243886947631836,3,7,30
Nursery,best_rule,CON-FOLD (confidence_fit),0.32330246913580246,0.8307485556435161,1.019036054611206,2,5,30
Nursery,best_rule,CON-FOLD (confidence_fit),0.33487654320987653,0.8337185698611137,1.107541799545288,2,7,30
Nursery,best_rule,CON-FOLD (confidence_fit),0.3368055555555556,0.8341805650578729,1.0399291515350342,2,8,30
Nursery,best_rule,CON-FOLD (confidence_fit),0.3410493827160494,0.8352617604041702,1.0604658126831055,2,7,30
Nursery,best_rule,CON-FOLD (confidence_fit),0.33294753086419754,0.8332363200347246,1.0005292892456055,2,7,30
Nursery,best_rule,CON-FOLD (confidence_fit),0.33217592592592593,0.8330434201041692,0.971487283706665,2,7,30
Nursery,best_rule,CON-FOLD (confidence_fit),0.3283179012345679,0.8320789289548203,1.0940616130828857,3,7,30
Nursery,best_rule,CON-FOLD (confidence_fit),0.33603395061728397,0.8339696579405506,1.0470118522644043,3,6,30
Nursery,best_rule,CON-FOLD (confidence_fit),0.3368055555555556,0.8342008196875028,1.0615274906158447,3,7,30
Nursery,info_gain,FOLD-RM (fit),0.9452160493827161,0.9536897453238814,1.98291015625,61,27,30
Nursery,info_gain,FOLD-RM (fit),0.9409722222222222,0.9496427995408169,2.198141098022461,63,24,30
Nursery,info_gain,FOLD-RM (fit),0.9517746913580247,0.9585011942481856,2.2752180099487305,71,27,30
Nursery,info_gain,FOLD-RM (fit),0.9660493827160493,0.9696576915596448,2.341522216796875,71,26,30
Nursery,info_gain,FOLD-RM (fit),0.9452160493827161,0.9531690259589893,2.405346393585205,65,25,30
Nursery,info_gain,FOLD-RM (fit),0.9537037037037037,0.9585547163357271,2.4175357818603516,61,29,30
Nursery,info_gain,FOLD-RM (fit),0.9402006172839507,0.9492193869161271,2.258167266845703,54,23,30
Nursery,info_gain,FOLD-RM (fit),0.9591049382716049,0.9640613483954086,2.4695863723754883,68,25,30
Nursery,info_gain,FOLD-RM (fit),0.9560185185185185,0.9619537161735332,2.331231117248535,58,20,30
Nursery,info_gain,FOLD-RM (fit),0.9471450617283951,0.9534561247268903,2.282320499420166,65,23,30
Nursery,info_gain,FOLD-RM (fit),0.9432870370370371,0.9508773777376535,2.4550437927246094,63,25,30
Nursery,info_gain,FOLD-RM (fit),0.9467592592592593,0.953382655649654,2.3237907886505127,67,27,30
Nursery,info_gain,FOLD-RM (fit),0.9614197530864198,0.9645161864318286,2.650865077972412,70,26,30
Nursery,info_gain,FOLD-RM (fit),0.9483024691358025,0.9559540793733043,2.6047592163085938,60,23,30
Nursery,info_gain,FOLD-RM (fit),0.9456018518518519,0.9508315815221468,2.464608669281006,65,22,30
Nursery,info_gain,FOLD-RM (fit),0.9614197530864198,0.964943322083256,2.664470911026001,62,24,30
Nursery,info_gain,FOLD-RM (fit),0.9621913580246914,0.9654812834659339,2.399099111557007,66,30,30
Nursery,info_gain,FOLD-RM (fit),0.9587191358024691,0.9625858522023918,2.612628221511841,67,26,30
Nursery,info_gain,FOLD-RM (fit),0.9591049382716049,0.9635054456670908,2.606232166290283,73,26,30
Nursery,info_gain,FOLD-RM (fit),0.9629629629629629,0.9666619095837967,2.724574327468872,75,30,30
Nursery,info_gain,FOLD-RM (fit),0.9629629629629629,0.966684014609722,2.415127754211426,60,26,30
Nursery,info_gain,FOLD-RM (fit),0.9544753086419753,0.9596769182273543,2.6260287761688232,60,26,30
Nursery,info_gain,FOLD-RM (fit),0.9610339506172839,0.9653825139424386,2.4178073406219482,76,29,30
Nursery,info_gain,FOLD-RM (fit),0.9540895061728395,0.9594311588447151,2.6189887523651123,62,28,30
Nursery,info_gain,FOLD-RM (fit),0.9556327160493827,0.9611112711400464,2.5084755420684814,71,26,30
Nursery,info_gain,FOLD-RM (fit),0.9799382716049383,0.9807614946551696,2.594616651535034,82,28,30
Nursery,info_gain,FOLD-RM (fit),0.9768518518518519,0.9778524537092215,2.7882468700408936,85,31,30
Nursery,info_gain,FOLD-RM (fit),0.9625771604938271,0.9664108075855322,2.540172576904297,77,30,30
Nursery,info_gain,FOLD-RM (fit),0.9807098765432098,0.9817754455150852,2.865701198577881,84,32,30
Nursery,info_gain,FOLD-RM (fit),0.9810956790123457,0.9819040982620757,2.5705041885375977,87,30,30
Nursery,info_gain,CON-FOLD (confidence_fit),0.6334876543209876,0.8749728625912028,2.521183967590332,24,15,30
Nursery,info_gain,CON-FOLD (confidence_fit),0.6419753086419753,0.8736145007579826,3.0081136226654053,16,11,30
Nursery,info_gain,CON-FOLD (confidence_fit),0.6257716049382716,0.8762937120262351,2.8039655685424805,21,13,30
Nursery,info_gain,CON-FOLD (confidence_fit),0.623070987654321,0.8768285383035893,2.8038172721862793,21,13,30
Nursery,info_gain,CON-FOLD (confidence_fit),0.6493055555555556,0.884440737610765,3.000894069671631,27,17,30
Nursery,info_gain,CON-FOLD (confidence_fit),0.9259259259259259,0.9372143955947925,3.1405014991760254,40,21,30
Nursery,info_gain,CON-FOLD (confidence_fit),0.6350308641975309,0.8794833217302442,3.1094508171081543,24,17,30
Nursery,info_gain,CON-FOLD (confidence_fit),0.6566358024691358,0.8838003851367298,2.8555796146392822,24,18,30
Nursery,info_gain,CON-FOLD (confidence_fit),0.9282407407407407,0.9398429848793972,3.2939090728759766,35,17,30
Nursery,info_gain,CON-FOLD (confidence_fit),0.6319444444444444,0.8749860545028556,3.38732647895813,25,14,30
Nursery,info_gain,CON-FOLD (confidence_fit),0.9324845679012346,0.9434209752174777,3.380227565765381,37,19,30
Nursery,info_gain,CON-FOLD (confidence_fit),0.9278549382716049,0.9394998806549376,3.4273743629455566,31,18,30
Nursery,info_gain,CON-FOLD (confidence_fit),0.9324845679012346,0.9413679197915117,3.554227590560913,39,23,30
Nursery,info_gain,CON-FOLD (confidence_fit),0.9347993827160493,0.9438041178020434,3.420609712600708,36,16,30
Nursery,info_gain,CON-FOLD (confidence_fit),0.6408179012345679,0.8815061495308276,3.1313107013702393,32,19,30
Nursery,info_gain,CON-FOLD (confidence_fit),0.9502314814814815,0.9550856790885027,3.567265510559082,46,23,30
Nursery,info_gain,CON-FOLD (confidence_fit),0.9344135802469136,0.9443218813338733,3.491382598876953,37,20,30
Nursery,info_gain,CON-FOLD (confidence_fit),0.6412037037037037,0.8738396496124222,3.456944704055786,18,13,30
Nursery,info_gain,CON-FOLD (confidence_fit),0.9564043209876543,0.9599373510357644,3.7057809829711914,47,26,30
Nursery,info_gain,CON-FOLD (confidence_fit),0.9429012345679012,0.9502767316566354,3.6386044025421143,43,22,30
Nursery,info_gain,CON-FOLD (confidence_fit),0.6520061728395061,0.88522583972338,3.438929557800293,30,16,30
Nursery,info_gain,CON-FOLD (confidence_fit),0.9633487654320988,0.9656341328386191,3.733366012573242,46,26,30
Nursery,info_gain,CON-FOLD (confidence_fit),0.9297839506172839,0.9418116275502695,3.507389783859253,35,22,30
Nursery,info_gain,CON-FOLD (confidence_fit),0.9629629629629629,0.9657928916684023,3.5551199913024902,46,25,30
Nursery,info_gain,CON-FOLD (confidence_fit),0.6423611111111112,0.8803234433374614,3.4193053245544434,30,18,30
Nursery,info_gain,CON-FOLD (confidence_fit),0.6489197530864198,0.8833195627188272,3.465993881225586,26,17,30
Nursery,info_gain,CON-FOLD (confidence_fit),0.941358024691358,0.9481607939831402,3.8031928539276123,33,19,30
Nursery,info_gain,CON-FOLD (confidence_fit),0.9282407407407407,0.9369861235818668,4.0316197872161865,29,18,30
Nursery,info_gain,CON-FOLD (confidence_fit),0.6469907407407407,0.8839557386946761,4.060010671615601,25,17,30
Nursery,info_gain,CON-FOLD (confidence_fit),0.9521604938271605,0.9564857481380413,4.329879999160767,50,25,30
Dry Bean,greedy,FOLD-RM (fit),0.9162688211531399,0.9246562745062433,246.7232768535614,131,238,30
Dry Bean,greedy,FOLD-RM (fit),0.9151670951156813,0.9256478352403233,252.33403182029724,116,212,30
Dry Bean,greedy,FOLD-RM (fit),0.9089239809034153,0.9184405013759448,254.97846388816833,138,261,30
Dry Bean,greedy,FOLD-RM (fit),0.9074550128534704,0.9166069991867442,256.74443006515503,144,257,30
Dry Bean,greedy,FOLD-RM (fit),0.9140653690782226,0.9245614791098795,262.4620416164398,139,237,30
Dry Bean,greedy,FOLD-RM (fit),0.919573999265516,0.9297817424636801,269.5664622783661,158,279,30
Dry Bean,greedy,FOLD-RM (fit),0.9133308850532501,0.9207620161962171,273.5019226074219,157,301,30
Dry Bean,greedy,FOLD-RM (fit),0.9030481087036357,0.9169898567838041,276.81378722190857,152,275,30
Dry Bean,greedy,FOLD-RM (fit),0.9114946749908189,0.9210396691746245,276.9075331687927,133,240,30
Dry Bean,greedy,FOLD-RM (fit),0.914799853103195,0.9257488822558211,277.47999572753906,181,329,30
Dry Bean,greedy,FOLD-RM (fit),0.9015791406536908,0.913389247717372,279.4186267852783,139,262,30
Dry Bean,greedy,FOLD-RM (fit),0.9118619170033052,0.9206453474068675,280.3735029697418,154,283,30
Dry Bean,greedy,FOLD-RM (fit),0.9103929489533603,0.9196479389910055,284.3833773136139,164,303,30
Dry Bean,greedy,FOLD-RM (fit),0.910025706940874,0.918849628474401,284.64235830307007,156,288,30
Dry Bean,greedy,FOLD-RM (fit),0.901946382666177,0.9132606801234665,287.22806668281555,152,290,30
Dry Bean,greedy,FOLD-RM (fit),0.9103929489533603,0.9205480547746979,288.30584478378296,147,275,30
Dry Bean,greedy,FOLD-RM (fit),0.9037825927286082,0.9128863213636795,288.78161787986755,151,274,30
Dry Bean,greedy,FOLD-RM (fit),0.9004774146162321,0.9127077027481061,289.9868402481079,164,305,30
Dry Bean,greedy,FOLD-RM (fit),0.9096584649283878,0.9205337298697005,293.34014987945557,160,303,30
Dry Bean,greedy,FOLD-RM (fit),0.9114946749908189,0.9218943571810861,294.2631866931915,160,312,30
Dry Bean,greedy,FOLD-RM (fit),0.8990084465662872,0.9102639816260724,297.87162947654724,166,308,30
Dry Bean,greedy,FOLD-RM (fit),0.9107601909658465,0.9210209038089238,298.94033432006836,173,326,30
Dry Bean,greedy,FOLD-RM (fit),0.9070877708409842,0.919947916566285,300.3248312473297,171,325,30
Dry Bean,greedy,FOLD-RM (fit),0.8993756885787734,0.9088541783982741,301.63992619514465,172,343,30
Dry Bean,greedy,FOLD-RM (fit),0.9096584649283878,0.9226049773638283,301.57264494895935,167,314,30
Dry Bean,greedy,FOLD-RM (fit),0.9122291590157914,0.9244622178851258,301.6680839061737,198,371,30
Dry Bean,greedy,FOLD-RM (fit),0.9177377892030848,0.9295362335265543,302.05316972732544,191,355,30
Dry Bean,greedy,FOLD-RM (fit),0.8986412045538009,0.9122962858163424,302.35917115211487,148,264,30
Dry Bean,greedy,FOLD-RM (fit),0.9045170767535806,0.9151253886539109,302.6299180984497,160,313,30
Dry Bean,greedy,FOLD-RM (fit),0.9063532868160118,0.9203301917330521,303.8277611732483,184,347,30
Dry Bean,greedy,CON-FOLD (confidence_fit),0.9070877708409842,0.9178989981933552,257.11676573753357,53,86,30
Dry Bean,greedy,CON-FOLD (confidence_fit),0.9001101726037458,0.9131169098912605,285.3532018661499,57,91,30
Dry Bean,greedy,CON-FOLD (confidence_fit),0.9125964010282777,0.9244030843366509,295.8284640312195,79,128,30
Dry Bean,greedy,CON-FOLD (confidence_fit),0.9085567388909291,0.920456291241278,297.485946893692,48,82,30
Dry Bean,greedy,CON-FOLD (confidence_fit),0.9015791406536908,0.9177867544449139,297.83315348625183,54,90,30
Dry Bean,greedy,CON-FOLD (confidence_fit),0.9081894968784429,0.9209892834076752,301.4278495311737,76,140,30
Dry Bean,greedy,CON-FOLD (confidence_fit),0.901946382666177,0.9148518144381195,303.09249663352966,53,85,30
Dry Bean,greedy,CON-FOLD (confidence_fit),0.8898273962541314,0.9104897239858605,304.64369010925293,41,68,30
Dry Bean,greedy,CON-FOLD (confidence_fit),0.8979067205288285,0.9140715500547931,305.6102774143219,58,90,30
Dry Bean,greedy,CON-FOLD (confidence_fit),0.9129636430407638,0.9230215682182523,309.1334867477417,71,123,30
Dry Bean,greedy,CON-FOLD (confidence_fit),0.9096584649283878,0.9219097879871474,309.3853602409363,74,130,30
Dry Bean,greedy,CON-FOLD (confidence_fit),0.8934998163789938,0.9147579569324271,311.6082010269165,44,75,30
Dry Bean,greedy,CON-FOLD (confidence_fit),0.901946382666177,0.9170650979172597,313.5563416481018,61,98,30
Dry Bean,greedy,CON-FOLD (confidence_fit),0.8810135879544619,0.9231434482621369,313.9751901626587,28,47,30
Dry Bean,greedy,CON-FOLD (confidence_fit),0.8905618802791039,0.9068224620831802,316.742959022522,46,69,30
Dry Bean,greedy,CON-FOLD (confidence_fit),0.8905618802791039,0.9183441143476686,317.01980423927307,31,56,30
Dry Bean,greedy,CON-FOLD (confidence_fit),0.9059860448035255,0.9217020641557107,318.5065076351166,58,91,30
Dry Bean,greedy,CON-FOLD (confidence_fit),0.8879911861917004,0.9236365268591621,318.77629351615906,36,56,30
Dry Bean,greedy,CON-FOLD (confidence_fit),0.9059860448035255,0.9205217866738511,320.2071866989136,68,106,30
Dry Bean,greedy,CON-FOLD (confidence_fit),0.8997429305912596,0.9129403892861188,320.926406621933,51,77,30
Dry Bean,greedy,CON-FOLD (confidence_fit),0.8901946382666177,0.9272802388855659,321.7082505226135,29,45,30
Dry Bean,greedy,CON-FOLD (confidence_fit),0.8846860080793243,0.9141232769757979,321.94288778305054,23,32,30
Dry Bean,greedy,CON-FOLD (confidence_fit),0.9070877708409842,0.9327920481576203,323.05305194854736,41,71,30
Dry Bean,greedy,CON-FOLD (confidence_fit),0.9133308850532501,0.927023186824936,322.96595311164856,81,142,30
Dry Bean,greedy,CON-FOLD (confidence_fit),0.8957032684539111,0.9108575530110892,325.457314491272,52,89,30
Dry Bean,greedy,CON-FOLD (confidence_fit),0.9129636430407638,0.9245976573579511,325.7634482383728,83,136,30
Dry Bean,greedy,CON-FOLD (confidence_fit),0.8931325743665075,0.9080489647417561,326.4298195838928,50,73,30
Dry Bean,greedy,CON-FOLD (confidence_fit),0.879544619904517,0.9212206716078607,328.32768988609314,33,58,30
Dry Bean,greedy,CON-FOLD (confidence_fit),0.8975394785163423,0.9111727156352908,330.46888875961304,59,96,30
Dry Bean,greedy,CON-FOLD (confidence_fit),0.8957032684539111,0.9083461738224009,331.3240547180176,41,54,30
Dry Bean,round_robin,FOLD-RM (fit),0.9096584649283878,0.9208856620122288,314.5211365222931,130,221,30
Dry Bean,round_robin,FOLD-RM (fit),0.9129636430407638,0.9233603737049945,319.75372338294983,124,218,30
Dry Bean,round_robin,FOLD-RM (fit),0.9206757253029747,0.9297185333407623,333.51198983192444,157,264,30
Dry Bean,round_robin,FOLD-RM (fit),0.9103929489533603,0.9205041125371642,336.32776141166687,155,275,30
Dry Bean,round_robin,FOLD-RM (fit),0.9081894968784429,0.9217208153970626,340.16179752349854,143,275,30
Dry Bean,round_robin,FOLD-RM (fit),0.9078222548659567,0.9188968426114595,340.90169382095337,138,247,30
Dry Bean,round_robin,FOLD-RM (fit),0.9118619170033052,0.9234584270455377,342.3938980102539,143,262,30
Dry Bean,round_robin,FOLD-RM (fit),0.9166360631656262,0.9268852239496889,342.886194229126,150,261,30
Dry Bean,round_robin,FOLD-RM (fit),0.9052515607785531,0.9181324983493199,343.6282272338867,133,249,30
Dry Bean,round_robin,FOLD-RM (fit),0.910025706940874,0.9216119072257786,344.891889333725,145,261,30
Dry Bean,round_robin,FOLD-RM (fit),0.910025706940874,0.9194917169949686,345.6525456905365,145,263,30
Dry Bean,round_robin,FOLD-RM (fit),0.9129636430407638,0.923407188395261,346.24109840393066,138,260,30
Dry Bean,round_robin,FOLD-RM (fit),0.9085567388909291,0.9200440146510821,346.55081701278687,137,245,30
Dry Bean,round_robin,FOLD-RM (fit),0.9122291590157914,0.921300255021557,347.42753648757935,161,286,30
Dry Bean,round_robin,FOLD-RM (fit),0.9151670951156813,0.9253633054282048,348.88944840431213,137,246,30
Dry Bean,round_robin,FOLD-RM (fit),0.9133308850532501,0.9222697116947483,349.8593153953552,151,276,30
Dry Bean,round_robin,FOLD-RM (fit),0.9140653690782226,0.92344195868083,350.033243894577,157,277,30
Dry Bean,round_robin,FOLD-RM (fit),0.9199412412780023,0.9306505728872949,351.7497878074646,142,238,30
Dry Bean,round_robin,FOLD-RM (fit),0.9089239809034153,0.9246557942867417,353.03558325767517,121,236,30
Dry Bean,round_robin,FOLD-RM (fit),0.9004774146162321,0.9118137100338576,358.48401284217834,160,282,30
Dry Bean,round_robin,FOLD-RM (fit),0.9210429673154609,0.9292028193188021,358.8260760307312,170,327,30
Dry Bean,round_robin,FOLD-RM (fit),0.9074550128534704,0.9195922605684187,362.1132185459137,152,272,30
Dry Bean,round_robin,FOLD-RM (fit),0.9184722732280572,0.9285474720649658,364.11559987068176,157,291,30
Dry Bean,round_robin,FOLD-RM (fit),0.9129636430407638,0.9228212211088889,367.1478259563446,154,281,30
Dry Bean,round_robin,FOLD-RM (fit),0.9188395152405435,0.9261443476532866,367.39691972732544,163,296,30
Dry Bean,round_robin,FOLD-RM (fit),0.9184722732280572,0.9273727304352564,367.8350102901459,170,306,30
Dry Bean,round_robin,FOLD-RM (fit),0.9037825927286082,0.9196091270875144,368.8339190483093,132,262,30
Dry Bean,round_robin,FOLD-RM (fit),0.9107601909658465,0.9191634693022046,369.04321670532227,164,298,30
Dry Bean,round_robin,FOLD-RM (fit),0.9140653690782226,0.9233746820325376,369.95192217826843,152,292,30
Dry Bean,round_robin,FOLD-RM (fit),0.9096584649283878,0.919074797904663,370.5725920200348,179,328,30
Dry Bean,round_robin,CON-FOLD (confidence_fit),0.9078222548659567,0.921448550395519,361.16424465179443,40,59,30
Dry Bean,round_robin,CON-FOLD (confidence_fit),0.9125964010282777,0.9239796944869257,364.6886975765228,55,78,30
Dry Bean,round_robin,CON-FOLD (confidence_fit),0.9037825927286082,0.9165951040811616,367.8678801059723,41,59,30
Dry Bean,round_robin,CON-FOLD (confidence_fit),0.9052515607785531,0.9196927512229517,370.56704902648926,52,80,30
Dry Bean,round_robin,CON-FOLD (confidence_fit),0.9125964010282777,0.9232370328152015,370.5305585861206,58,95,30
Dry Bean,round_robin,CON-FOLD (confidence_fit),0.9078222548659567,0.9199662112149842,373.11643075942993,54,78,30
Dry Bean,round_robin,CON-FOLD (confidence_fit),0.9144326110907087,0.9250722325954468,376.65186405181885,50,67,30
Dry Bean,round_robin,CON-FOLD (confidence_fit),0.9166360631656262,0.9261107868939767,376.65403842926025,57,77,30
Dry Bean,round_robin,CON-FOLD (confidence_fit),0.9026808666911494,0.9167903093729327,377.2301869392395,47,70,30
Dry Bean,round_robin,CON-FOLD (confidence_fit),0.8975394785163423,0.9165721810055111,379.91785955429077,35,47,30
Dry Bean,round_robin,CON-FOLD (confidence_fit),0.906720528828498,0.9192365131287532,379.97297763824463,50,74,30
Dry Bean,round_robin,CON-FOLD (confidence_fit),0.9078222548659567,0.9188359155730457,380.41421008110046,53,77,30
Dry Bean,round_robin,CON-FOLD (confidence_fit),0.9144326110907087,0.9240496474927274,382.893963098526,56,86,30
Dry Bean,round_robin,CON-FOLD (confidence_fit),0.9052515607785531,0.9166605815051795,384.51960039138794,57,85,30
Dry Bean,round_robin,CON-FOLD (confidence_fit),0.9070877708409842,0.9195219394533994,386.69122552871704,64,92,30
Dry Bean,round_robin,CON-FOLD (confidence_fit),0.9063532868160118,0.9177159988577663,387.3021066188812,53,79,30
Dry Bean,round_robin,CON-FOLD (confidence_fit),0.9118619170033052,0.9247552004544639,390.7433521747589,34,53,30
Dry Bean,round_robin,CON-FOLD (confidence_fit),0.9045170767535806,0.9168061908048493,391.04232478141785,54,84,30
Dry Bean,round_robin,CON-FOLD (confidence_fit),0.9122291590157914,0.9223670687793977,391.7182765007019,53,89,30
Dry Bean,round_robin,CON-FOLD (confidence_fit),0.9081894968784429,0.9200588197771926,391.91963815689087,57,79,30
Dry Bean,round_robin,CON-FOLD (confidence_fit),0.9162688211531399,0.925860033808079,391.93961811065674,67,109,30
Dry Bean,round_robin,CON-FOLD (confidence_fit),0.8964377524788836,0.918005363222989,392.14736557006836,23,34,30
Dry Bean,round_robin,CON-FOLD (confidence_fit),0.9015791406536908,0.9146516844354776,392.992205619812,56,83,30
Dry Bean,round_robin,CON-FOLD (confidence_fit),0.9096584649283878,0.921929646763828,393.72907519340515,55,78,30
Dry Bean,round_robin,CON-FOLD (confidence_fit),0.9001101726037458,0.913625743469555,395.70735454559326,45,62,30
Dry Bean,round_robin,CON-FOLD (confidence_fit),0.9015791406536908,0.9144497586235052,398.1131556034088,49,77,30
Dry Bean,round_robin,CON-FOLD (confidence_fit),0.9122291590157914,0.9225578724270665,400.1321609020233,72,114,30
Dry Bean,round_robin,CON-FOLD (confidence_fit),0.8993756885787734,0.9110030882135154,402.18637204170227,42,64,30
Dry Bean,round_robin,CON-FOLD (confidence_fit),0.9056188027910393,0.9194001296193914,403.5800664424896,39,59,30
Dry Bean,round_robin,CON-FOLD (confidence_fit),0.8942343004039662,0.9093027295876975,403.88992834091187,48,74,30
Dry Bean,best_rule,FOLD-RM (fit),0.1626882115313992,0.7877455288142124,923.7640240192413,15,29,30
Dry Bean,best_rule,FOLD-RM (fit),0.1615864854939405,0.7869569208292331,925.4250342845917,15,28,30
Dry Bean,best_rule,FOLD-RM (fit),0.16489166360631657,0.7876450185881007,932.9433174133301,23,39,30
Dry Bean,best_rule,FOLD-RM (fit),0.16378993756885787,0.7878100792601535,937.8827583789825,19,37,30
Dry Bean,best_rule,FOLD-RM (fit),0.16709511568123395,0.7894731481600804,942.8277678489685,18,39,30
Dry Bean,best_rule,FOLD-RM (fit),0.16819684171869262,0.7883116629737794,964.8590159416199,28,59,30
Dry Bean,best_rule,FOLD-RM (fit),0.17370547190598604,0.7899732889047382,968.9940931797028,25,50,30
Dry Bean,best_rule,FOLD-RM (fit),0.1692985677561513,0.7871997368766058,1069.2858712673187,19,35,30
Dry Bean,best_rule,FOLD-RM (fit),0.16819684171869262,0.7884829073938676,1071.4622030258179,18,35,30
Dry Bean,best_rule,FOLD-RM (fit),0.15938303341902313,0.7884178153959958,1077.0627446174622,15,31,30
Dry Bean,best_rule,FOLD-RM (fit),0.1744399559309585,0.7911285521754681,1093.4718425273895,30,56,30
Dry Bean,best_rule,FOLD-RM (fit),0.1733382298934998,0.7907479598676076,1093.7485496997833,27,59,30
Dry Bean,best_rule,FOLD-RM (fit),0.17003305178112377,0.7904115322431162,1094.1091139316559,28,61,30
Dry Bean,best_rule,FOLD-RM (fit),0.1759089239809034,0.7902658695344096,1094.854514837265,24,58,30
Dry Bean,best_rule,FOLD-RM (fit),0.1678295997062064,0.7887645987741111,1099.2852203845978,28,56,30
Dry Bean,best_rule,FOLD-RM (fit),0.1667278736687477,0.7879649080783347,1165.1263813972473,20,34,30
Dry Bean,best_rule,FOLD-RM (fit),0.17150201983106866,0.7915282340447309,1177.2697739601135,25,54,30
Dry Bean,best_rule,FOLD-RM (fit),0.1509364671318399,0.7840993725435927,1177.901659488678,24,51,30
Dry Bean,best_rule,FOLD-RM (fit),0.17370547190598604,0.7891642241474842,1320.9548988342285,28,55,30
Dry Bean,best_rule,FOLD-RM (fit),0.16746235769372017,0.7895690126666548,1322.6785266399384,25,57,30
Dry Bean,best_rule,FOLD-RM (fit),0.17994858611825193,0.7916110454402489,1377.458797454834,18,42,30
Dry Bean,best_rule,FOLD-RM (fit),0.15497612926918838,0.7867025191208608,1384.4216701984406,29,64,30
Dry Bean,best_rule,FOLD-RM (fit),0.17994858611825193,0.790245284091811,1386.5768485069275,21,43,30
Dry Bean,best_rule,FOLD-RM (fit),0.17186926184355492,0.7910143703361012,1393.194583415985,32,72,30
Dry Bean,best_rule,FOLD-RM (fit),0.1821520381931693,0.7900991013158277,1424.307068824768,22,54,30
Dry Bean,best_rule,FOLD-RM (fit),0.17150201983106866,0.7878272377668383,1452.3287036418915,22,46,30
Dry Bean,best_rule,FOLD-RM (fit),0.1692985677561513,0.7887482884006595,1456.8911197185516,29,61,30
Dry Bean,best_rule,FOLD-RM (fit),0.16195372750642673,0.7876385278966586,1471.756783246994,34,73,30
Dry Bean,best_rule,FOLD-RM (fit),0.17040029379361,0.7894392712367253,1473.874501466751,41,97,30
Dry Bean,best_rule,FOLD-RM (fit),0.16121924348145428,0.7862788655955553,1515.532919883728,30,77,30
Dry Bean,best_rule,CON-FOLD (confidence_fit),0.17664340800587588,0.7911445054320619,1113.0488777160645,9,20,30
Dry Bean,best_rule,CON-FOLD (confidence_fit),0.16489166360631657,0.7881618709117522,1115.6188969612122,8,14,30
Dry Bean,best_rule,CON-FOLD (confidence_fit),0.16599338964377525,0.7863675079103558,1123.973034620285,8,18,30
Dry Bean,best_rule,CON-FOLD (confidence_fit),0.1615864854939405,0.7866708692652584,1325.4772727489471,13,26,30
Dry Bean,best_rule,CON-FOLD (confidence_fit),0.17150201983106866,0.7894660971412406,1454.6122539043427,11,28,30
Dry Bean,best_rule,CON-FOLD (confidence_fit),0.1652589056188028,0.7892551027662863,1456.7420902252197,13,27,30
Dry Bean,best_rule,CON-FOLD (confidence_fit),0.16599338964377525,0.7893271542990099,1466.8004958629608,12,27,30
Dry Bean,best_rule,CON-FOLD (confidence_fit),0.178479618068307,0.7910898660204546,1468.6683061122894,8,16,30
Dry Bean,best_rule,CON-FOLD (confidence_fit),0.16966580976863754,0.7893842959355875,1480.7082741260529,10,20,30
Dry Bean,best_rule,CON-FOLD (confidence_fit),0.1667278736687477,0.7883165229624663,1490.3171095848083,16,36,30
Dry Bean,best_rule,CON-FOLD (confidence_fit),0.17370547190598604,0.7894223967236864,1569.4134266376495,12,29,30
Dry Bean,best_rule,CON-FOLD (confidence_fit),0.1795813441057657,0.7918778735204568,1594.5309731960297,13,30,30
Dry Bean,best_rule,CON-FOLD (confidence_fit),0.17003305178112377,0.7886233447770106,1599.2353410720825,13,28,30
Dry Bean,best_rule,CON-FOLD (confidence_fit),0.17040029379361,0.7905143784484747,1677.8463730812073,15,33,30
Dry Bean,best_rule,CON-FOLD (confidence_fit),0.17186926184355492,0.7900952290781877,1679.995020866394,16,35,30
Dry Bean,best_rule,CON-FOLD (confidence_fit),0.16966580976863754,0.7894750948436283,1681.2949709892273,16,40,30
Dry Bean,best_rule,CON-FOLD (confidence_fit),0.16378993756885787,0.7883666892194632,1684.1425938606262,12,25,30
Dry Bean,best_rule,CON-FOLD (confidence_fit),0.1667278736687477,0.7892544827384135,1687.4651865959167,20,41,30
Dry Bean,best_rule,CON-FOLD (confidence_fit),0.1667278736687477,0.7890778309599329,1693.6383817195892,16,39,30
Dry Bean,best_rule,CON-FOLD (confidence_fit),0.17811237605582078,0.7921094950861555,1694.3074865341187,16,36,30
Dry Bean,best_rule,CON-FOLD (confidence_fit),0.16709511568123395,0.7883408819294528,1698.0125098228455,16,38,30
Dry Bean,best_rule,CON-FOLD (confidence_fit),0.15681233933161953,0.7865582187972449,1697.6353013515472,14,28,30
Dry Bean,best_rule,CON-FOLD (confidence_fit),0.17150201983106866,0.7907815928344839,1737.7827517986298,14,34,30
Dry Bean,best_rule,CON-FOLD (confidence_fit),0.1744399559309585,0.7903632859826651,1738.599258184433,17,41,30
Dry Bean,best_rule,CON-FOLD (confidence_fit),0.17627616599338963,0.7911309019556743,1739.84694814682,18,38,30
Dry Bean,best_rule,CON-FOLD (confidence_fit),0.17370547190598604,0.7903418810492464,1741.085771560669,16,40,30
Dry Bean,best_rule,CON-FOLD (confidence_fit),0.16599338964377525,0.7868049660228793,1783.0592103004456,19,45,30
Dry Bean,best_rule,CON-FOLD (confidence_fit),0.1733382298934998,0.7898672595738523,1788.783343076706,17,39,30
Dry Bean,best_rule,CON-FOLD (confidence_fit),0.17040029379361,0.7897708948810871,1801.4576876163483,19,44,30
Dry Bean,best_rule,CON-FOLD (confidence_fit),0.17407271391847226,0.7907315841642677,1813.7073431015015,22,47,30
Dry Bean,info_gain,FOLD-RM (fit),0.9063532868160118,0.9186326250413485,258.92952060699463,149,263,30
Dry Bean,info_gain,FOLD-RM (fit),0.9041498347410943,0.9145866136681602,263.2546896934509,135,244,30
Dry Bean,info_gain,FOLD-RM (fit),0.9074550128534704,0.918706086006243,265.3821632862091,140,255,30
Dry Bean,info_gain,FOLD-RM (fit),0.9170033051781123,0.9290903651344127,266.2706141471863,167,297,30
Dry Bean,info_gain,FOLD-RM (fit),0.9151670951156813,0.923927304208485,267.12276554107666,136,256,30
Dry Bean,info_gain,FOLD-RM (fit),0.9092912229159016,0.9186232056153505,275.7329697608948,137,247,30
Dry Bean,info_gain,FOLD-RM (fit),0.9063532868160118,0.9145705269591632,279.35357880592346,130,237,30
Dry Bean,info_gain,FOLD-RM (fit),0.9078222548659567,0.9172688132861192,279.8892254829407,129,248,30
Dry Bean,info_gain,FOLD-RM (fit),0.9192067572530297,0.929896635599927,282.7538013458252,152,275,30
Dry Bean,info_gain,FOLD-RM (fit),0.9111274329783328,0.9206793649832528,282.8364779949188,146,271,30
Dry Bean,info_gain,FOLD-RM (fit),0.9048843187660668,0.9167306453730812,285.1506714820862,168,292,30
Dry Bean,info_gain,FOLD-RM (fit),0.9041498347410943,0.9144491672744781,287.4133219718933,146,254,30
Dry Bean,info_gain,FOLD-RM (fit),0.9118619170033052,0.9264623932878435,288.98197627067566,165,285,30
Dry Bean,info_gain,FOLD-RM (fit),0.9085567388909291,0.9190186850403239,289.3999526500702,147,262,30
Dry Bean,info_gain,FOLD-RM (fit),0.9103929489533603,0.922688737062761,289.56769943237305,156,291,30
Dry Bean,info_gain,FOLD-RM (fit),0.9133308850532501,0.9246443359821893,292.4020037651062,151,291,30
Dry Bean,info_gain,FOLD-RM (fit),0.9081894968784429,0.9185544374472646,293.6804437637329,148,272,30
Dry Bean,info_gain,FOLD-RM (fit),0.9037825927286082,0.9162963668839542,299.13365721702576,160,307,30
Dry Bean,info_gain,FOLD-RM (fit),0.9188395152405435,0.9293725558621738,300.1032745838165,172,317,30
Dry Bean,info_gain,FOLD-RM (fit),0.9114946749908189,0.919038353527177,301.4982006549835,172,327,30
Dry Bean,info_gain,FOLD-RM (fit),0.906720528828498,0.9158940957908911,302.01103687286377,163,295,30
Dry Bean,info_gain,FOLD-RM (fit),0.9140653690782226,0.9213461721737072,302.54236221313477,146,286,30
Dry Bean,info_gain,FOLD-RM (fit),0.9041498347410943,0.916978837319463,303.3625123500824,169,304,30
Dry Bean,info_gain,FOLD-RM (fit),0.9052515607785531,0.9179044535185841,305.34627962112427,195,371,30
Dry Bean,info_gain,FOLD-RM (fit),0.9103929489533603,0.9222382251336777,305.547087430954,153,283,30
Dry Bean,info_gain,FOLD-RM (fit),0.9103929489533603,0.9239344826969165,306.177433013916,162,300,30
Dry Bean,info_gain,FOLD-RM (fit),0.9037825927286082,0.9170730952177384,305.60178995132446,174,308,30
Dry Bean,info_gain,FOLD-RM (fit),0.9170033051781123,0.9290611472710975,307.23154973983765,186,338,30
Dry Bean,info_gain,FOLD-RM (fit),0.9015791406536908,0.9126946041830717,307.49407982826233,195,354,30
Dry Bean,info_gain,FOLD-RM (fit),0.914799853103195,0.9251455761845766,309.65634393692017,194,376,30
Dry Bean,info_gain,CON-FOLD (confidence_fit),0.882482556004407,0.9170151577846846,266.7228903770447,20,31,30
Dry Bean,info_gain,CON-FOLD (confidence_fit),0.8942343004039662,0.9078037516052521,298.90422320365906,37,52,30
Dry Bean,info_gain,CON-FOLD (confidence_fit),0.9111274329783328,0.9217027857763864,301.91598653793335,74,121,30
Dry Bean,info_gain,CON-FOLD (confidence_fit),0.8857877341167829,0.9236470901883217,305.9209635257721,23,42,30
Dry Bean,info_gain,CON-FOLD (confidence_fit),0.8931325743665075,0.9065071957306634,308.5868294239044,26,36,30
Dry Bean,info_gain,CON-FOLD (confidence_fit),0.8986412045538009,0.9127278510518153,311.20533180236816,37,53,30
Dry Bean,info_gain,CON-FOLD (confidence_fit),0.9063532868160118,0.9182626704364663,315.55628061294556,45,74,30
Dry Bean,info_gain,CON-FOLD (confidence_fit),0.8810135879544619,0.9222989728480725,316.40724515914917,29,44,30
Dry Bean,info_gain,CON-FOLD (confidence_fit),0.897172236503856,0.91071924324418,316.8888864517212,55,79,30
Dry Bean,info_gain,CON-FOLD (confidence_fit),0.8927653323540213,0.9068726455311783,319.11043190956116,58,90,30
Dry Bean,info_gain,CON-FOLD (confidence_fit),0.9023136246786633,0.9231091444625776,321.22343134880066,39,75,30
Dry Bean,info_gain,CON-FOLD (confidence_fit),0.8883584282041865,0.9239435360157165,322.4090209007263,30,50,30
Dry Bean,info_gain,CON-FOLD (confidence_fit),0.9111274329783328,0.9219591439085947,323.1826374530792,48,67,30
Dry Bean,info_gain,CON-FOLD (confidence_fit),0.8982739625413148,0.9159373230416095,325.018150806427,29,50,30
Dry Bean,info_gain,CON-FOLD (confidence_fit),0.8846860080793243,0.927085564409915,326.56750559806824,28,46,30
Dry Bean,info_gain,CON-FOLD (confidence_fit),0.9092912229159016,0.9199178401574005,326.2583887577057,73,119,30
Dry Bean,info_gain,CON-FOLD (confidence_fit),0.884318766066838,0.9168855339598248,327.9068205356598,25,40,30
Dry Bean,info_gain,CON-FOLD (confidence_fit),0.8791773778920309,0.9134905003434083,327.9766309261322,25,45,30
Dry Bean,info_gain,CON-FOLD (confidence_fit),0.8942343004039662,0.9175423431308118,329.012291431427,45,69,30
Dry Bean,info_gain,CON-FOLD (confidence_fit),0.9144326110907087,0.9274931474033419,329.20459365844727,69,117,30
Dry Bean,info_gain,CON-FOLD (confidence_fit),0.8718325376423063,0.9211304869725303,332.7232961654663,35,62,30
Dry Bean,info_gain,CON-FOLD (confidence_fit),0.897172236503856,0.9103138349449152,332.8534104824066,47,67,30
Dry Bean,info_gain,CON-FOLD (confidence_fit),0.9114946749908189,0.9234605635287927,334.53036880493164,61,114,30
Dry Bean,info_gain,CON-FOLD (confidence_fit),0.8725670216672787,0.914277834325009,335.93184208869934,26,41,30
Dry Bean,info_gain,CON-FOLD (confidence_fit),0.8934998163789938,0.9068291654898271,336.54817366600037,51,81,30
Dry Bean,info_gain,CON-FOLD (confidence_fit),0.8927653323540213,0.9083978500627259,336.71683979034424,46,73,30
Dry Bean,info_gain,CON-FOLD (confidence_fit),0.9030481087036357,0.9263987554062801,337.4282238483429,49,89,30
Dry Bean,info_gain,CON-FOLD (confidence_fit),0.8707308116048476,0.909940121021705,338.6230640411377,26,42,30
Dry Bean,info_gain,CON-FOLD (confidence_fit),0.8979067205288285,0.9112136115599689,338.8793041706085,68,115,30
Dry Bean,info_gain,CON-FOLD (confidence_fit),0.9023136246786633,0.9149407696256707,340.1839988231659,46,72,30
