dataset,strategy,fit_method,metric,accuracy,brier_score,time,num_rules,num_preds,trial_count
Wine,greedy,FOLD-RM (fit),original,0.9444444444444444,0.9607668698027778,0.7927241325378418,7,7,30
Wine,greedy,FOLD-RM (fit),original,0.8888888888888888,0.9132662354277779,1.0943162441253662,6,6,30
Wine,greedy,FOLD-RM (fit),original,1.0,0.9879732280472222,1.2385663986206055,8,8,30
Wine,greedy,FOLD-RM (fit),original,0.9444444444444444,0.9511631403694445,1.0863618850708008,7,7,30
Wine,greedy,FOLD-RM (fit),original,0.9444444444444444,0.9451484552472222,1.1200571060180664,7,7,30
Wine,greedy,FOLD-RM (fit),original,0.9444444444444444,0.9456749780055556,1.1329269409179688,7,7,30
Wine,greedy,FOLD-RM (fit),original,0.9722222222222222,0.966777346988889,1.1115367412567139,7,7,30
Wine,greedy,FOLD-RM (fit),original,1.0,0.9914871768833333,1.1182241439819336,8,8,30
Wine,greedy,FOLD-RM (fit),original,0.9722222222222222,0.9723272991638889,1.2233192920684814,7,7,30
Wine,greedy,FOLD-RM (fit),original,0.9722222222222222,0.9723871195833333,1.1770329475402832,8,8,30
Wine,greedy,FOLD-RM (fit),original,0.9722222222222222,0.9728254363027777,1.3245418071746826,7,7,30
Wine,greedy,FOLD-RM (fit),original,1.0,0.9921027423166666,1.3898131847381592,8,8,30
Wine,greedy,FOLD-RM (fit),original,0.9444444444444444,0.9412224675277777,1.2299466133117676,7,7,30
Wine,greedy,FOLD-RM (fit),original,0.9722222222222222,0.9725254924388889,1.2672088146209717,8,8,30
Wine,greedy,FOLD-RM (fit),original,0.9166666666666666,0.9275517163722222,1.531818151473999,7,7,30
Wine,greedy,FOLD-RM (fit),original,1.0,0.9905915197166667,1.2811815738677979,8,8,30
Wine,greedy,FOLD-RM (fit),original,1.0,0.9902671346472223,1.3537402153015137,8,8,30
Wine,greedy,FOLD-RM (fit),original,0.9444444444444444,0.9380236841666667,1.3250956535339355,7,7,30
Wine,greedy,FOLD-RM (fit),original,0.9444444444444444,0.9434042056222223,1.3158445358276367,7,7,30
Wine,greedy,FOLD-RM (fit),original,0.8611111111111112,0.8873787652638889,1.4284992218017578,9,9,30
Wine,greedy,FOLD-RM (fit),original,0.9722222222222222,0.9792902917694445,1.3709590435028076,7,8,30
Wine,greedy,FOLD-RM (fit),original,0.9722222222222222,0.9743431997138889,1.392146110534668,8,9,30
Wine,greedy,FOLD-RM (fit),original,0.9444444444444444,0.9502547497138889,1.5048494338989258,8,8,30
Wine,greedy,FOLD-RM (fit),original,1.0,0.9890073618083334,1.519624948501587,8,8,30
Wine,greedy,FOLD-RM (fit),original,0.9444444444444444,0.96469792145,1.4639074802398682,9,9,30
Wine,greedy,FOLD-RM (fit),original,1.0,0.9850008416583333,1.378373384475708,8,9,30
Wine,greedy,FOLD-RM (fit),original,0.8888888888888888,0.8978620251416667,1.4109060764312744,8,9,30
Wine,greedy,FOLD-RM (fit),original,0.8611111111111112,0.8718659666083333,1.447629690170288,7,7,30
Wine,greedy,FOLD-RM (fit),original,0.9166666666666666,0.9274342244444445,1.4581351280212402,7,8,30
Wine,greedy,FOLD-RM (fit),original,0.8611111111111112,0.8993972980833334,1.427809238433838,9,8,30
Wine,greedy,FOLD-RM (fit),information_gain,0.9722222222222222,0.9672709154166667,0.6339175701141357,7,7,30
Wine,greedy,FOLD-RM (fit),information_gain,0.9444444444444444,0.94081356965,0.6583263874053955,7,7,30
Wine,greedy,FOLD-RM (fit),information_gain,0.8611111111111112,0.8834135644388889,0.6374387741088867,7,7,30
Wine,greedy,FOLD-RM (fit),information_gain,0.9444444444444444,0.9478330339916666,0.6792223453521729,7,7,30
Wine,greedy,FOLD-RM (fit),information_gain,0.9166666666666666,0.914893248113889,0.6996047496795654,8,8,30
Wine,greedy,FOLD-RM (fit),information_gain,1.0,0.9807159358555556,0.6896002292633057,8,8,30
Wine,greedy,FOLD-RM (fit),information_gain,0.9722222222222222,0.9578838693361111,0.6996047496795654,7,7,30
Wine,greedy,FOLD-RM (fit),information_gain,0.9166666666666666,0.9223766633388889,0.7115902900695801,7,7,30
Wine,greedy,FOLD-RM (fit),information_gain,0.9722222222222222,0.9588429522361112,0.6374387741088867,8,8,30
Wine,greedy,FOLD-RM (fit),information_gain,0.9444444444444444,0.9413023238055556,0.7305800914764404,7,7,30
Wine,greedy,FOLD-RM (fit),information_gain,0.9722222222222222,0.9643673660166666,0.7003302574157715,8,8,30
Wine,greedy,FOLD-RM (fit),information_gain,0.8611111111111112,0.8918575417111111,0.732335090637207,6,6,30
Wine,greedy,FOLD-RM (fit),information_gain,1.0,0.989355621525,0.7435951232910156,8,8,30
Wine,greedy,FOLD-RM (fit),information_gain,0.9444444444444444,0.9506912193222222,0.7435951232910156,7,7,30
Wine,greedy,FOLD-RM (fit),information_gain,0.9166666666666666,0.9381614392500001,0.7499504089355469,7,7,30
Wine,greedy,FOLD-RM (fit),information_gain,0.9166666666666666,0.9133893616444444,0.7499504089355469,7,7,30
Wine,greedy,FOLD-RM (fit),information_gain,0.9722222222222222,0.9640126977333333,0.7714738845825195,7,7,30
Wine,greedy,FOLD-RM (fit),information_gain,0.9166666666666666,0.9272760005972223,0.7642481327056885,7,7,30
Wine,greedy,FOLD-RM (fit),information_gain,0.9722222222222222,0.9730917018055556,0.7704751491546631,8,8,30
Wine,greedy,FOLD-RM (fit),information_gain,0.9166666666666666,0.9225264316944445,0.7837841510772705,7,7,30
Wine,greedy,FOLD-RM (fit),information_gain,0.9444444444444444,0.9333938422416667,0.7848470211029053,8,8,30
Wine,greedy,FOLD-RM (fit),information_gain,1.0,0.9913633462555556,0.787846565246582,8,8,30
Wine,greedy,FOLD-RM (fit),information_gain,0.9444444444444444,0.9505337382194444,0.7966063022613525,7,7,30
Wine,greedy,FOLD-RM (fit),information_gain,0.9722222222222222,0.9574691411111111,0.7399272918701172,7,7,30
Wine,greedy,FOLD-RM (fit),information_gain,1.0,0.9903821944083333,0.7993514537811279,8,8,30
Wine,greedy,FOLD-RM (fit),information_gain,0.9444444444444444,0.9420920545666667,0.8130466938018799,8,8,30
Wine,greedy,FOLD-RM (fit),information_gain,0.9722222222222222,0.9666058476,0.2773582935333252,7,7,30
Wine,greedy,FOLD-RM (fit),information_gain,0.9444444444444444,0.9450075213388889,0.7991065979003906,8,7,30
Wine,greedy,FOLD-RM (fit),information_gain,0.9166666666666666,0.9172367932250001,0.2773582935333252,8,8,30
Wine,greedy,FOLD-RM (fit),information_gain,1.0,0.989355621525,0.7305800914764404,8,8,30
Wine,greedy,FOLD-RM (fit),Gini_Impurity,0.027777777777777776,0.7513194444444444,3.0350840091705322,1,3,30
Wine,greedy,FOLD-RM (fit),Gini_Impurity,0.0,0.75,3.4455862045288086,2,5,30
Wine,greedy,FOLD-RM (fit),Gini_Impurity,0.027777777777777776,0.7513194444444444,5.200121164321899,2,6,30
Wine,greedy,FOLD-RM (fit),Gini_Impurity,0.0,0.75,5.3544697761535645,2,7,30
Wine,greedy,FOLD-RM (fit),Gini_Impurity,0.0,0.75,6.469409942626953,4,10,30
Wine,greedy,FOLD-RM (fit),Gini_Impurity,0.0,0.75,7.168550491333008,3,11,30
Wine,greedy,FOLD-RM (fit),Gini_Impurity,0.0,0.75,10.08607268333435,1,3,30
Wine,greedy,FOLD-RM (fit),Gini_Impurity,0.0,0.75,10.552589893341064,2,10,30
Wine,greedy,FOLD-RM (fit),Gini_Impurity,0.05555555555555555,0.7526388888888889,10.688426971435547,6,14,30
Wine,greedy,FOLD-RM (fit),Gini_Impurity,0.1111111111111111,0.7552777777777778,11.47450566291809,9,32,30
Wine,greedy,FOLD-RM (fit),Gini_Impurity,0.0,0.75,11.6162691116333,3,7,30
Wine,greedy,FOLD-RM (fit),Gini_Impurity,0.027777777777777776,0.7513194444444444,12.95050573348999,5,15,30
Wine,greedy,FOLD-RM (fit),Gini_Impurity,0.027777777777777776,0.7513194444444444,13.18952465057373,4,18,30
Wine,greedy,FOLD-RM (fit),Gini_Impurity,0.027777777777777776,0.7513194444444444,13.40237808227539,4,19,30
Wine,greedy,FOLD-RM (fit),Gini_Impurity,0.05555555555555555,0.7526388888888889,13.560623407363892,9,28,30
Wine,greedy,FOLD-RM (fit),Gini_Impurity,0.08333333333333333,0.7539583333333334,14.011173486709595,5,19,30
Wine,greedy,FOLD-RM (fit),Gini_Impurity,0.0,0.75,14.125705242156982,9,29,30
Wine,greedy,FOLD-RM (fit),Gini_Impurity,0.05555555555555555,0.7526388888888889,14.414220809936523,8,24,30
Wine,greedy,FOLD-RM (fit),Gini_Impurity,0.0,0.75,15.158696413040161,7,21,30
Wine,greedy,FOLD-RM (fit),Gini_Impurity,0.0,0.75,15.728930234909058,8,20,30
Wine,greedy,FOLD-RM (fit),Gini_Impurity,0.0,0.75,15.749059677124023,7,22,30
Wine,greedy,FOLD-RM (fit),Gini_Impurity,0.027777777777777776,0.7498611111111111,15.89394497871399,6,20,30
Wine,greedy,FOLD-RM (fit),Gini_Impurity,0.027777777777777776,0.7513194444444444,16.28861904144287,11,33,30
Wine,greedy,FOLD-RM (fit),Gini_Impurity,0.027777777777777776,0.7498611111111111,16.562413692474365,8,22,30
Wine,greedy,FOLD-RM (fit),Gini_Impurity,0.027777777777777776,0.7513194444444444,18.404088497161865,13,44,30
Wine,greedy,FOLD-RM (fit),Gini_Impurity,0.027777777777777776,0.7498611111111111,18.677104711532593,10,36,30
Wine,greedy,FOLD-RM (fit),Gini_Impurity,0.027777777777777776,0.7513194444444444,20.370276927947998,14,57,30
Wine,greedy,FOLD-RM (fit),Gini_Impurity,0.05555555555555555,0.7526388888888889,20.49953269958496,13,44,30
Wine,greedy,FOLD-RM (fit),Gini_Impurity,0.08333333333333333,0.7510416666666667,20.60945439338684,16,61,30
Wine,greedy,FOLD-RM (fit),Gini_Impurity,0.1111111111111111,0.7550676003083333,20.75169539451599,19,63,30
Wine,greedy,FOLD-RM (fit),Precision_Information_Gain,0.0,0.75,0.1171872615814209,0,0,30
Wine,greedy,FOLD-RM (fit),Precision_Information_Gain,0.0,0.75,0.30704355239868164,0,0,30
Wine,greedy,FOLD-RM (fit),Precision_Information_Gain,0.0,0.75,0.3114182949066162,0,0,30
Wine,greedy,FOLD-RM (fit),Precision_Information_Gain,0.0,0.75,0.3112473487854004,0,0,30
Wine,greedy,FOLD-RM (fit),Precision_Information_Gain,0.0,0.75,0.31224703788757324,0,0,30
Wine,greedy,FOLD-RM (fit),Precision_Information_Gain,0.0,0.75,0.31920289993286133,0,0,30
Wine,greedy,FOLD-RM (fit),Precision_Information_Gain,0.0,0.75,0.3192005157470703,0,0,30
Wine,greedy,FOLD-RM (fit),Precision_Information_Gain,0.0,0.75,0.3120424747467041,0,0,30
Wine,greedy,FOLD-RM (fit),Precision_Information_Gain,0.0,0.75,0.31504106521606445,0,0,30
Wine,greedy,FOLD-RM (fit),Precision_Information_Gain,0.0,0.75,0.31504106521606445,0,0,30
Wine,greedy,FOLD-RM (fit),Precision_Information_Gain,0.0,0.75,0.3267025947570801,0,0,30
Wine,greedy,FOLD-RM (fit),Precision_Information_Gain,0.0,0.75,0.32738280296325684,0,0,30
Wine,greedy,FOLD-RM (fit),Precision_Information_Gain,0.0,0.75,0.33188724517822266,0,0,30
Wine,greedy,FOLD-RM (fit),Precision_Information_Gain,0.0,0.75,0.314039945602417,0,0,30
Wine,greedy,FOLD-RM (fit),Precision_Information_Gain,0.0,0.75,0.3325667381286621,0,0,30
Wine,greedy,FOLD-RM (fit),Precision_Information_Gain,0.0,0.75,0.3325667381286621,0,0,30
Wine,greedy,FOLD-RM (fit),Precision_Information_Gain,0.0,0.75,0.32640886306762695,0,0,30
Wine,greedy,FOLD-RM (fit),Precision_Information_Gain,0.0,0.75,0.3400697708129883,0,0,30
Wine,greedy,FOLD-RM (fit),Precision_Information_Gain,0.0,0.75,0.3305668830871582,0,0,30
Wine,greedy,FOLD-RM (fit),Precision_Information_Gain,0.0,0.75,0.32020092010498047,0,0,30
Wine,greedy,FOLD-RM (fit),Precision_Information_Gain,0.0,0.75,0.3420689105987549,0,0,30
Wine,greedy,FOLD-RM (fit),Precision_Information_Gain,0.0,0.75,0.3287053108215332,0,0,30
Wine,greedy,FOLD-RM (fit),Precision_Information_Gain,0.0,0.75,0.3274078369140625,0,0,30
Wine,greedy,FOLD-RM (fit),Precision_Information_Gain,0.0,0.75,0.3380708694458008,0,0,30
Wine,greedy,FOLD-RM (fit),Precision_Information_Gain,0.0,0.75,0.32840633392333984,0,0,30
Wine,greedy,FOLD-RM (fit),Precision_Information_Gain,0.0,0.75,0.33356690406799316,0,0,30
Wine,greedy,FOLD-RM (fit),Precision_Information_Gain,0.0,0.75,0.32738280296325684,0,0,30
Wine,greedy,FOLD-RM (fit),Precision_Information_Gain,0.0,0.75,0.30158495903015137,0,0,30
Wine,greedy,FOLD-RM (fit),Precision_Information_Gain,0.0,0.75,0.3305668830871582,0,0,30
Wine,greedy,FOLD-RM (fit),Precision_Information_Gain,0.0,0.75,0.31304144859313965,0,0,30
Wine,greedy,FOLD-RM (fit),Precision_Gini_Impurity,0.6388888888888888,0.7700448432944444,16.750458002090454,60,56,30
Wine,greedy,FOLD-RM (fit),Precision_Gini_Impurity,0.5555555555555556,0.7577977583833333,18.17754101753235,54,57,30
Wine,greedy,FOLD-RM (fit),Precision_Gini_Impurity,0.6388888888888888,0.7719169482722222,18.542236328125,60,67,30
Wine,greedy,FOLD-RM (fit),Precision_Gini_Impurity,0.6944444444444444,0.783727086213889,19.250492334365845,61,66,30
Wine,greedy,FOLD-RM (fit),Precision_Gini_Impurity,0.7222222222222222,0.7957896737333333,19.586015701293945,51,54,30
Wine,greedy,FOLD-RM (fit),Precision_Gini_Impurity,0.6944444444444444,0.7918762567527777,19.69069480895996,65,67,30
Wine,greedy,FOLD-RM (fit),Precision_Gini_Impurity,0.75,0.8071292508138889,20.318196296691895,67,69,30
Wine,greedy,FOLD-RM (fit),Precision_Gini_Impurity,0.5,0.7479670730416667,20.41851782798767,55,59,30
Wine,greedy,FOLD-RM (fit),Precision_Gini_Impurity,0.6666666666666666,0.7851839948694445,20.57839035987854,54,64,30
Wine,greedy,FOLD-RM (fit),Precision_Gini_Impurity,0.6666666666666666,0.7739118076194444,20.581871271133423,55,56,30
Wine,greedy,FOLD-RM (fit),Precision_Gini_Impurity,0.6388888888888888,0.7689640374833333,20.75862956047058,55,60,30
Wine,greedy,FOLD-RM (fit),Precision_Gini_Impurity,0.5277777777777778,0.7469182668583334,20.76181173324585,57,57,30
Wine,greedy,FOLD-RM (fit),Precision_Gini_Impurity,0.7222222222222222,0.7945442238888889,21.077458381652832,65,68,30
Wine,greedy,FOLD-RM (fit),Precision_Gini_Impurity,0.6944444444444444,0.7856225089083333,21.142091989517212,62,67,30
Wine,greedy,FOLD-RM (fit),Precision_Gini_Impurity,0.75,0.7897188090027778,21.173481464385986,57,55,30
Wine,greedy,FOLD-RM (fit),Precision_Gini_Impurity,0.6666666666666666,0.7766311728777778,21.192118406295776,62,63,30
Wine,greedy,FOLD-RM (fit),Precision_Gini_Impurity,0.4722222222222222,0.7376120500222223,21.3883798122406,48,49,30
Wine,greedy,FOLD-RM (fit),Precision_Gini_Impurity,0.6666666666666666,0.7728715967388889,21.42203974723816,56,56,30
Wine,greedy,FOLD-RM (fit),Precision_Gini_Impurity,0.7222222222222222,0.7751080668027778,21.65044593811035,57,64,30
Wine,greedy,FOLD-RM (fit),Precision_Gini_Impurity,0.75,0.795828288375,21.658677577972412,60,64,30
Wine,greedy,FOLD-RM (fit),Precision_Gini_Impurity,0.8055555555555556,0.8000355695805556,21.737055778503418,71,73,30
Wine,greedy,FOLD-RM (fit),Precision_Gini_Impurity,0.5,0.7453714725444445,21.831498861312866,59,56,30
Wine,greedy,FOLD-RM (fit),Precision_Gini_Impurity,0.6666666666666666,0.771664369713889,21.852855920791626,66,66,30
Wine,greedy,FOLD-RM (fit),Precision_Gini_Impurity,0.5277777777777778,0.7297911628222222,21.847907304763794,56,59,30
Wine,greedy,FOLD-RM (fit),Precision_Gini_Impurity,0.6944444444444444,0.7962239792277778,21.882771253585815,57,65,30
Wine,greedy,FOLD-RM (fit),Precision_Gini_Impurity,0.8055555555555556,0.8172013697722222,21.963879585266113,72,66,30
Wine,greedy,FOLD-RM (fit),Precision_Gini_Impurity,0.5833333333333334,0.7587953811194444,21.964642763137817,67,75,30
Wine,greedy,FOLD-RM (fit),Precision_Gini_Impurity,0.6111111111111112,0.7822993392222222,21.98450779914856,63,66,30
Wine,greedy,FOLD-RM (fit),Precision_Gini_Impurity,0.6666666666666666,0.7762081341666667,22.070950984954834,59,63,30
Wine,greedy,FOLD-RM (fit),Precision_Gini_Impurity,0.75,0.7951537889138889,22.08107352256775,63,66,30
Wine,greedy,CON-FOLD (confidence_fit),original,0.9444444444444444,0.9506560633305556,0.7929511070251465,6,6,30
Wine,greedy,CON-FOLD (confidence_fit),original,0.8888888888888888,0.9027067097888889,0.9982903003692627,6,6,30
Wine,greedy,CON-FOLD (confidence_fit),original,0.9722222222222222,0.9666042006361111,1.0484061241149902,7,7,30
Wine,greedy,CON-FOLD (confidence_fit),original,0.8888888888888888,0.9320263159916666,1.2810256481170654,8,8,30
Wine,greedy,CON-FOLD (confidence_fit),original,0.9722222222222222,0.9728801940138889,1.3277559280395508,7,7,30
Wine,greedy,CON-FOLD (confidence_fit),original,0.8333333333333334,0.8654392957000001,1.3311221599578857,6,6,30
Wine,greedy,CON-FOLD (confidence_fit),original,0.9166666666666666,0.9219903549611111,1.3698978424072266,6,6,30
Wine,greedy,CON-FOLD (confidence_fit),original,0.8888888888888888,0.9561892933,1.3775053024291992,7,7,30
Wine,greedy,CON-FOLD (confidence_fit),original,0.9166666666666666,0.9539911925722222,1.4152488708496094,6,6,30
Wine,greedy,CON-FOLD (confidence_fit),original,0.9166666666666666,0.9322671738722222,1.4192335605621338,6,6,30
Wine,greedy,CON-FOLD (confidence_fit),original,0.9444444444444444,0.93963903515,1.4144861698150635,6,6,30
Wine,greedy,CON-FOLD (confidence_fit),original,0.8888888888888888,0.8923298618305555,1.4449663162231445,6,6,30
Wine,greedy,CON-FOLD (confidence_fit),original,0.9166666666666666,0.9177298512361111,1.4580233097076416,7,7,30
Wine,greedy,CON-FOLD (confidence_fit),original,0.9444444444444444,0.9488160297138889,1.4620239734649658,6,6,30
Wine,greedy,CON-FOLD (confidence_fit),original,0.9444444444444444,0.9511551270805556,1.4735939502716064,6,6,30
Wine,greedy,CON-FOLD (confidence_fit),original,0.9444444444444444,0.9615796831611111,1.5107982158660889,6,6,30
Wine,greedy,CON-FOLD (confidence_fit),original,0.9444444444444444,0.9515430980694445,1.5227324962615967,7,7,30
Wine,greedy,CON-FOLD (confidence_fit),original,0.8611111111111112,0.8932782483611111,1.5364487171173096,6,6,30
Wine,greedy,CON-FOLD (confidence_fit),original,0.9166666666666666,0.9424461440138888,1.5525591373443604,6,6,30
Wine,greedy,CON-FOLD (confidence_fit),original,1.0,0.9899541535,1.5811221599578857,7,7,30
Wine,greedy,CON-FOLD (confidence_fit),original,0.9444444444444444,0.9455509993472222,1.6118078231811523,7,8,30
Wine,greedy,CON-FOLD (confidence_fit),original,1.0,0.9912682782333333,1.6448523998260498,8,8,30
Wine,greedy,CON-FOLD (confidence_fit),original,0.8611111111111112,0.8815256653222222,1.6587445735931396,7,8,30
Wine,greedy,CON-FOLD (confidence_fit),original,0.9722222222222222,0.9728823248916667,1.6736528873443604,7,7,30
Wine,greedy,CON-FOLD (confidence_fit),original,0.9444444444444444,0.9539038110666667,1.6883676052093506,6,6,30
Wine,greedy,CON-FOLD (confidence_fit),original,0.9444444444444444,0.9541000659555555,1.6938364505767822,6,6,30
Wine,greedy,CON-FOLD (confidence_fit),original,0.9166666666666666,0.9359358866166667,1.6988742351531982,7,8,30
Wine,greedy,CON-FOLD (confidence_fit),original,0.9444444444444444,0.9737725098888889,1.6920580863952637,7,7,30
Wine,greedy,CON-FOLD (confidence_fit),original,0.9166666666666666,0.9260964196361111,1.6965608596801758,8,8,30
Wine,greedy,CON-FOLD (confidence_fit),original,0.9444444444444444,0.9476908129277778,1.6964750289916992,6,6,30
Wine,greedy,CON-FOLD (confidence_fit),information_gain,0.9722222222222222,0.9665807810083333,0.442629337310791,7,7,30
Wine,greedy,CON-FOLD (confidence_fit),information_gain,0.9166666666666666,0.9232066175222222,0.46080875396728516,7,7,30
Wine,greedy,CON-FOLD (confidence_fit),information_gain,0.9444444444444444,0.9485751285361111,0.5386500358581543,7,7,30
Wine,greedy,CON-FOLD (confidence_fit),information_gain,0.9722222222222222,0.9673943438388889,0.5819344520568848,7,7,30
Wine,greedy,CON-FOLD (confidence_fit),information_gain,0.8611111111111112,0.8888628907333334,0.5882296562194824,6,6,30
Wine,greedy,CON-FOLD (confidence_fit),information_gain,0.9166666666666666,0.9184258631638889,0.6205692291259766,7,7,30
Wine,greedy,CON-FOLD (confidence_fit),information_gain,0.9722222222222222,0.9676867967861111,0.6564359664916992,7,7,30
Wine,greedy,CON-FOLD (confidence_fit),information_gain,0.8888888888888888,0.9087978429388889,0.6986744403839111,7,7,30
Wine,greedy,CON-FOLD (confidence_fit),information_gain,1.0,0.9879286914916666,0.7184829711914062,7,7,30
Wine,greedy,CON-FOLD (confidence_fit),information_gain,0.8888888888888888,0.9343714470666666,0.7279477119445801,7,7,30
Wine,greedy,CON-FOLD (confidence_fit),information_gain,0.9722222222222222,0.9624039455,0.8077716827392578,7,7,30
Wine,greedy,CON-FOLD (confidence_fit),information_gain,0.9444444444444444,0.9501327364861112,0.8485407829284668,7,7,30
Wine,greedy,CON-FOLD (confidence_fit),information_gain,0.8055555555555556,0.8797877373166666,0.8628444671630859,6,6,30
Wine,greedy,CON-FOLD (confidence_fit),information_gain,0.9166666666666666,0.9266761008833333,0.866600751876831,6,6,30
Wine,greedy,CON-FOLD (confidence_fit),information_gain,0.9722222222222222,0.9537878394805556,0.8832831382751465,8,8,30
Wine,greedy,CON-FOLD (confidence_fit),information_gain,0.9722222222222222,0.9662864645277778,0.889502763748169,7,7,30
Wine,greedy,CON-FOLD (confidence_fit),information_gain,0.9444444444444444,0.9551978451222223,0.8935728073120117,7,7,30
Wine,greedy,CON-FOLD (confidence_fit),information_gain,0.8888888888888888,0.9029091928999999,0.9152340888977051,7,7,30
Wine,greedy,CON-FOLD (confidence_fit),information_gain,0.8888888888888888,0.9013981275027778,0.9203648567199707,6,6,30
Wine,greedy,CON-FOLD (confidence_fit),information_gain,0.9444444444444444,0.9484736583555555,0.9332985877990723,7,7,30
Wine,greedy,CON-FOLD (confidence_fit),information_gain,0.9444444444444444,0.9503193909,0.9486334323883057,7,7,30
Wine,greedy,CON-FOLD (confidence_fit),information_gain,0.9722222222222222,0.9639081574249999,0.9562122821807861,8,8,30
Wine,greedy,CON-FOLD (confidence_fit),information_gain,0.9444444444444444,0.9450838955861112,0.9723086357116699,7,7,30
Wine,greedy,CON-FOLD (confidence_fit),information_gain,0.9444444444444444,0.9444168705555556,0.9862117767333984,6,6,30
Wine,greedy,CON-FOLD (confidence_fit),information_gain,0.9722222222222222,0.971455742575,0.9803891181945801,7,7,30
Wine,greedy,CON-FOLD (confidence_fit),information_gain,0.9444444444444444,0.9415599349833333,0.9845166206359863,6,6,30
Wine,greedy,CON-FOLD (confidence_fit),information_gain,0.9444444444444444,0.9499221097277778,0.991715669631958,6,6,30
Wine,greedy,CON-FOLD (confidence_fit),information_gain,0.9444444444444444,0.9502655467222222,0.9999191761016846,7,7,30
Wine,greedy,CON-FOLD (confidence_fit),information_gain,0.9722222222222222,0.9581976926388889,1.0312702655792236,7,7,30
Wine,greedy,CON-FOLD (confidence_fit),information_gain,0.9722222222222222,0.9723761736416666,1.0194571018218994,7,7,30
Wine,greedy,CON-FOLD (confidence_fit),Gini_Impurity,0.027777777777777776,0.7513194444444444,1.6992599964141846,1,3,30
Wine,greedy,CON-FOLD (confidence_fit),Gini_Impurity,0.0,0.75,2.9556546211242676,2,6,30
Wine,greedy,CON-FOLD (confidence_fit),Gini_Impurity,0.0,0.75,2.9998581409454346,1,2,30
Wine,greedy,CON-FOLD (confidence_fit),Gini_Impurity,0.0,0.75,3.343702793121338,2,6,30
Wine,greedy,CON-FOLD (confidence_fit),Gini_Impurity,0.05555555555555555,0.7526388888888889,3.9623146057128906,4,10,30
Wine,greedy,CON-FOLD (confidence_fit),Gini_Impurity,0.0,0.75,4.5714850425720215,4,10,30
Wine,greedy,CON-FOLD (confidence_fit),Gini_Impurity,0.0,0.75,5.610382556915283,4,13,30
Wine,greedy,CON-FOLD (confidence_fit),Gini_Impurity,0.0,0.75,5.824854135513306,1,3,30
Wine,greedy,CON-FOLD (confidence_fit),Gini_Impurity,0.0,0.75,5.854756593704224,2,6,30
Wine,greedy,CON-FOLD (confidence_fit),Gini_Impurity,0.0,0.75,5.96449613571167,4,12,30
Wine,greedy,CON-FOLD (confidence_fit),Gini_Impurity,0.0,0.75,7.619243383407593,3,9,30
Wine,greedy,CON-FOLD (confidence_fit),Gini_Impurity,0.027777777777777776,0.7498611111111111,7.974023342132568,7,14,30
Wine,greedy,CON-FOLD (confidence_fit),Gini_Impurity,0.027777777777777776,0.7513194444444444,8.062111616134644,6,17,30
Wine,greedy,CON-FOLD (confidence_fit),Gini_Impurity,0.0,0.75,8.375168800354004,4,10,30
Wine,greedy,CON-FOLD (confidence_fit),Gini_Impurity,0.0,0.7485416666666667,8.8209810256958,4,13,30
Wine,greedy,CON-FOLD (confidence_fit),Gini_Impurity,0.0,0.75,9.495812177658081,5,19,30
Wine,greedy,CON-FOLD (confidence_fit),Gini_Impurity,0.0,0.75,9.949775457382202,3,8,30
Wine,greedy,CON-FOLD (confidence_fit),Gini_Impurity,0.0,0.75,10.54863691329956,4,14,30
Wine,greedy,CON-FOLD (confidence_fit),Gini_Impurity,0.0,0.75,11.729958772659302,7,24,30
Wine,greedy,CON-FOLD (confidence_fit),Gini_Impurity,0.027777777777777776,0.7513194444444444,11.87574028968811,10,29,30
Wine,greedy,CON-FOLD (confidence_fit),Gini_Impurity,0.027777777777777776,0.7498611111111111,12.341384887695312,9,31,30
Wine,greedy,CON-FOLD (confidence_fit),Gini_Impurity,0.05555555555555555,0.7526388888888889,12.473712921142578,7,24,30
Wine,greedy,CON-FOLD (confidence_fit),Gini_Impurity,0.0,0.75,13.877162456512451,9,34,30
Wine,greedy,CON-FOLD (confidence_fit),Gini_Impurity,0.027777777777777776,0.7513194444444444,14.110846281051636,11,37,30
Wine,greedy,CON-FOLD (confidence_fit),Gini_Impurity,0.027777777777777776,0.7513194444444444,14.161086797714233,10,37,30
Wine,greedy,CON-FOLD (confidence_fit),Gini_Impurity,0.1111111111111111,0.7552777777777778,14.330076694488525,10,36,30
Wine,greedy,CON-FOLD (confidence_fit),Gini_Impurity,0.027777777777777776,0.7513194444444444,15.413089752197266,12,42,30
Wine,greedy,CON-FOLD (confidence_fit),Gini_Impurity,0.027777777777777776,0.7513194444444444,16.355148792266846,16,52,30
Wine,greedy,CON-FOLD (confidence_fit),Gini_Impurity,0.0,0.75,16.447174310684204,15,51,30
Wine,greedy,CON-FOLD (confidence_fit),Gini_Impurity,0.08333333333333333,0.7537481558638889,16.94152307510376,19,63,30
Wine,greedy,CON-FOLD (confidence_fit),Precision_Information_Gain,0.0,0.75,0.1557023525238037,0,0,30
Wine,greedy,CON-FOLD (confidence_fit),Precision_Information_Gain,0.0,0.75,0.14997553825378418,0,0,30
Wine,greedy,CON-FOLD (confidence_fit),Precision_Information_Gain,0.0,0.75,0.1849071979522705,0,0,30
Wine,greedy,CON-FOLD (confidence_fit),Precision_Information_Gain,0.0,0.75,0.20009708404541016,0,0,30
Wine,greedy,CON-FOLD (confidence_fit),Precision_Information_Gain,0.0,0.75,0.2562556266784668,0,0,30
Wine,greedy,CON-FOLD (confidence_fit),Precision_Information_Gain,0.0,0.75,0.2882201671600342,0,0,30
Wine,greedy,CON-FOLD (confidence_fit),Precision_Information_Gain,0.0,0.75,0.287121057510376,0,0,30
Wine,greedy,CON-FOLD (confidence_fit),Precision_Information_Gain,0.0,0.75,0.3077099323272705,0,0,30
Wine,greedy,CON-FOLD (confidence_fit),Precision_Information_Gain,0.0,0.75,0.3077099323272705,0,0,30
Wine,greedy,CON-FOLD (confidence_fit),Precision_Information_Gain,0.0,0.75,0.3181746006011963,0,0,30
Wine,greedy,CON-FOLD (confidence_fit),Precision_Information_Gain,0.0,0.75,0.3385019302368164,0,0,30
Wine,greedy,CON-FOLD (confidence_fit),Precision_Information_Gain,0.0,0.75,0.3693351745605469,0,0,30
Wine,greedy,CON-FOLD (confidence_fit),Precision_Information_Gain,0.0,0.75,0.3693351745605469,0,0,30
Wine,greedy,CON-FOLD (confidence_fit),Precision_Information_Gain,0.0,0.75,0.3806281089782715,0,0,30
Wine,greedy,CON-FOLD (confidence_fit),Precision_Information_Gain,0.0,0.75,0.39449191093444824,0,0,30
Wine,greedy,CON-FOLD (confidence_fit),Precision_Information_Gain,0.0,0.75,0.4013252258300781,0,0,30
Wine,greedy,CON-FOLD (confidence_fit),Precision_Information_Gain,0.0,0.75,0.40146589279174805,0,0,30
Wine,greedy,CON-FOLD (confidence_fit),Precision_Information_Gain,0.0,0.75,0.42198705673217773,0,0,30
Wine,greedy,CON-FOLD (confidence_fit),Precision_Information_Gain,0.0,0.75,0.38319897651672363,0,0,30
Wine,greedy,CON-FOLD (confidence_fit),Precision_Information_Gain,0.0,0.75,0.42179107666015625,0,0,30
Wine,greedy,CON-FOLD (confidence_fit),Precision_Information_Gain,0.0,0.75,0.44155144691467285,0,0,30
Wine,greedy,CON-FOLD (confidence_fit),Precision_Information_Gain,0.0,0.75,0.4613218307495117,0,0,30
Wine,greedy,CON-FOLD (confidence_fit),Precision_Information_Gain,0.0,0.75,0.4520907402038574,0,0,30
Wine,greedy,CON-FOLD (confidence_fit),Precision_Information_Gain,0.0,0.75,0.46233534812927246,0,0,30
Wine,greedy,CON-FOLD (confidence_fit),Precision_Information_Gain,0.0,0.75,0.47798848152160645,0,0,30
Wine,greedy,CON-FOLD (confidence_fit),Precision_Information_Gain,0.0,0.75,0.4841029644012451,0,0,30
Wine,greedy,CON-FOLD (confidence_fit),Precision_Information_Gain,0.0,0.75,0.4728100299835205,0,0,30
Wine,greedy,CON-FOLD (confidence_fit),Precision_Information_Gain,0.0,0.75,0.4520907402038574,0,0,30
Wine,greedy,CON-FOLD (confidence_fit),Precision_Information_Gain,0.0,0.75,0.4728100299835205,0,0,30
Wine,greedy,CON-FOLD (confidence_fit),Precision_Information_Gain,0.0,0.75,0.46338367462158203,0,0,30
Wine,greedy,CON-FOLD (confidence_fit),Precision_Gini_Impurity,0.6944444444444444,0.7803978640305557,17.857796669006348,57,60,30
Wine,greedy,CON-FOLD (confidence_fit),Precision_Gini_Impurity,0.5833333333333334,0.7751790255888888,18.29086470603943,61,66,30
Wine,greedy,CON-FOLD (confidence_fit),Precision_Gini_Impurity,0.75,0.8099882514027777,18.984468460083008,52,53,30
Wine,greedy,CON-FOLD (confidence_fit),Precision_Gini_Impurity,0.7222222222222222,0.7970409511916666,19.382606029510498,59,66,30
Wine,greedy,CON-FOLD (confidence_fit),Precision_Gini_Impurity,0.5277777777777778,0.7605430130138888,19.398385524749756,54,57,30
Wine,greedy,CON-FOLD (confidence_fit),Precision_Gini_Impurity,0.75,0.7863694970722224,19.442097425460815,64,68,30
Wine,greedy,CON-FOLD (confidence_fit),Precision_Gini_Impurity,0.6388888888888888,0.7771411577999999,19.610045909881592,61,57,30
Wine,greedy,CON-FOLD (confidence_fit),Precision_Gini_Impurity,0.7222222222222222,0.7950765841888889,19.726022481918335,53,54,30
Wine,greedy,CON-FOLD (confidence_fit),Precision_Gini_Impurity,0.5555555555555556,0.7493260763833334,19.887104749679565,57,58,30
Wine,greedy,CON-FOLD (confidence_fit),Precision_Gini_Impurity,0.5277777777777778,0.7582924440805555,20.06906533241272,58,68,30
Wine,greedy,CON-FOLD (confidence_fit),Precision_Gini_Impurity,0.5277777777777778,0.7455155334333334,20.207507610321045,67,74,30
Wine,greedy,CON-FOLD (confidence_fit),Precision_Gini_Impurity,0.7777777777777778,0.7948780193472222,20.766926765441895,57,57,30
Wine,greedy,CON-FOLD (confidence_fit),Precision_Gini_Impurity,0.6111111111111112,0.7608318333805556,20.853421688079834,62,63,30
Wine,greedy,CON-FOLD (confidence_fit),Precision_Gini_Impurity,0.6944444444444444,0.7948722281694445,20.893007278442383,56,59,30
Wine,greedy,CON-FOLD (confidence_fit),Precision_Gini_Impurity,0.6666666666666666,0.7820640005111111,20.90251111984253,54,53,30
Wine,greedy,CON-FOLD (confidence_fit),Precision_Gini_Impurity,0.6111111111111112,0.7652333953166667,20.897422552108765,62,59,30
Wine,greedy,CON-FOLD (confidence_fit),Precision_Gini_Impurity,0.5555555555555556,0.7630147179055555,20.945172548294067,59,60,30
Wine,greedy,CON-FOLD (confidence_fit),Precision_Gini_Impurity,0.6944444444444444,0.79143976885,21.04951000213623,64,64,30
Wine,greedy,CON-FOLD (confidence_fit),Precision_Gini_Impurity,0.5555555555555556,0.7506789338194445,21.064117670059204,55,58,30
Wine,greedy,CON-FOLD (confidence_fit),Precision_Gini_Impurity,0.6388888888888888,0.7752400063972222,21.09280014038086,62,59,30
Wine,greedy,CON-FOLD (confidence_fit),Precision_Gini_Impurity,0.6388888888888888,0.775309167975,21.240389108657837,59,63,30
Wine,greedy,CON-FOLD (confidence_fit),Precision_Gini_Impurity,0.6666666666666666,0.7893823924166666,21.282997608184814,64,63,30
Wine,greedy,CON-FOLD (confidence_fit),Precision_Gini_Impurity,0.6944444444444444,0.7813976781416667,21.350666046142578,60,64,30
Wine,greedy,CON-FOLD (confidence_fit),Precision_Gini_Impurity,0.75,0.7977259046749999,21.400372982025146,54,56,30
Wine,greedy,CON-FOLD (confidence_fit),Precision_Gini_Impurity,0.7222222222222222,0.7834212787916667,21.441792488098145,47,48,30
Wine,greedy,CON-FOLD (confidence_fit),Precision_Gini_Impurity,0.6388888888888888,0.7740820643472223,21.435333251953125,63,74,30
Wine,greedy,CON-FOLD (confidence_fit),Precision_Gini_Impurity,0.6666666666666666,0.7605891817972223,21.473957538604736,56,55,30
Wine,greedy,CON-FOLD (confidence_fit),Precision_Gini_Impurity,0.6944444444444444,0.7953872547472223,21.535390615463257,65,66,30
Wine,greedy,CON-FOLD (confidence_fit),Precision_Gini_Impurity,0.6666666666666666,0.7805329896027777,21.535009145736694,60,63,30
Wine,greedy,CON-FOLD (confidence_fit),Precision_Gini_Impurity,0.8333333333333334,0.8053271591583334,21.565771102905273,62,62,30
Wine,round_robin,FOLD-RM (fit),original,0.9722222222222222,0.9781651773611111,1.2835285663604736,8,8,30
Wine,round_robin,FOLD-RM (fit),original,0.9722222222222222,0.9690380491166667,1.4068958759307861,9,9,30
Wine,round_robin,FOLD-RM (fit),original,0.9444444444444444,0.9389573144166666,1.4171981811523438,6,6,30
Wine,round_robin,FOLD-RM (fit),original,0.8611111111111112,0.8765131779472222,1.4643027782440186,6,6,30
Wine,round_robin,FOLD-RM (fit),original,0.9166666666666666,0.9242049308027778,1.4999680519104004,7,7,30
Wine,round_robin,FOLD-RM (fit),original,0.8888888888888888,0.9010770450777779,1.5202624797821045,8,8,30
Wine,round_robin,FOLD-RM (fit),original,0.9444444444444444,0.9414955694138889,1.5202624797821045,6,6,30
Wine,round_robin,FOLD-RM (fit),original,1.0,0.9831807120305556,1.5817923545837402,11,11,30
Wine,round_robin,FOLD-RM (fit),original,1.0,0.9922308545944445,1.694676399230957,9,9,30
Wine,round_robin,FOLD-RM (fit),original,0.9722222222222222,0.9588963419055556,1.7074558734893799,9,9,30
Wine,round_robin,FOLD-RM (fit),original,0.9166666666666666,0.9175664210472222,1.7458152770996094,10,10,30
Wine,round_robin,FOLD-RM (fit),original,0.8611111111111112,0.8874635492583333,1.7893271446228027,9,9,30
Wine,round_robin,FOLD-RM (fit),original,0.9166666666666666,0.9237748230388889,1.7976748943328857,8,8,30
Wine,round_robin,FOLD-RM (fit),original,0.8055555555555556,0.9121945068,1.8307733535766602,8,8,30
Wine,round_robin,FOLD-RM (fit),original,0.8611111111111112,0.892116970436111,1.86665678024292,7,7,30
Wine,round_robin,FOLD-RM (fit),original,0.8611111111111112,0.915055173336111,1.8833284378051758,9,9,30
Wine,round_robin,FOLD-RM (fit),original,0.9166666666666666,0.9340160594722222,1.9108242988586426,9,8,30
Wine,round_robin,FOLD-RM (fit),original,0.8888888888888888,0.8993054997000001,1.9313299655914307,7,7,30
Wine,round_robin,FOLD-RM (fit),original,0.8888888888888888,0.9013303192555555,1.9827396869659424,10,11,30
Wine,round_robin,FOLD-RM (fit),original,0.9722222222222222,0.9697260848027778,1.993089199066162,9,9,30
Wine,round_robin,FOLD-RM (fit),original,0.9166666666666666,0.9181391913222222,1.9854371547698975,8,8,30
Wine,round_robin,FOLD-RM (fit),original,0.8611111111111112,0.8705967776388889,2.0034775733947754,11,10,30
Wine,round_robin,FOLD-RM (fit),original,1.0,0.9926711911,2.044663906097412,9,9,30
Wine,round_robin,FOLD-RM (fit),original,1.0,0.9885587830055556,2.0960116386413574,9,9,30
Wine,round_robin,FOLD-RM (fit),original,0.8611111111111112,0.8704122985722222,2.1039819717407227,8,8,30
Wine,round_robin,FOLD-RM (fit),original,0.9166666666666666,0.9469126353055556,2.11688232421875,8,8,30
Wine,round_robin,FOLD-RM (fit),original,0.9722222222222222,0.964292918575,2.137083053588867,9,9,30
Wine,round_robin,FOLD-RM (fit),original,0.9444444444444444,0.9464685262583333,2.1474339962005615,6,6,30
Wine,round_robin,FOLD-RM (fit),original,0.9722222222222222,0.9655237162166667,2.1612091064453125,9,9,30
Wine,round_robin,FOLD-RM (fit),original,0.9722222222222222,0.9614449327944444,2.1474339962005615,11,11,30
Wine,round_robin,FOLD-RM (fit),information_gain,0.9722222222222222,0.9659312645,0.28756237030029297,8,8,30
Wine,round_robin,FOLD-RM (fit),information_gain,1.0,0.9838266179805556,0.41062378883361816,8,8,30
Wine,round_robin,FOLD-RM (fit),information_gain,0.9444444444444444,0.9466551849777778,0.5328338146209717,7,7,30
Wine,round_robin,FOLD-RM (fit),information_gain,0.8888888888888888,0.8968420731277778,0.5533289909362793,10,10,30
Wine,round_robin,FOLD-RM (fit),information_gain,0.8888888888888888,0.8984667902333333,0.5547013282775879,8,8,30
Wine,round_robin,FOLD-RM (fit),information_gain,0.9444444444444444,0.9364999769777778,0.5844197273254395,7,7,30
Wine,round_robin,FOLD-RM (fit),information_gain,0.8888888888888888,0.8945527622583334,0.6465027332305908,8,8,30
Wine,round_robin,FOLD-RM (fit),information_gain,0.8611111111111112,0.8828291885555557,0.6495463848114014,9,9,30
Wine,round_robin,FOLD-RM (fit),information_gain,0.8888888888888888,0.8992252175888888,0.6875464916229248,7,7,30
Wine,round_robin,FOLD-RM (fit),information_gain,0.9444444444444444,0.9463884421416666,0.6829566955566406,7,7,30
Wine,round_robin,FOLD-RM (fit),information_gain,0.8888888888888888,0.8843673613444444,0.710129976272583,7,7,30
Wine,round_robin,FOLD-RM (fit),information_gain,0.9444444444444444,0.9396059811749999,0.7182173728942871,8,8,30
Wine,round_robin,FOLD-RM (fit),information_gain,0.9166666666666666,0.9225661492944444,0.7288353443145752,7,7,30
Wine,round_robin,FOLD-RM (fit),information_gain,0.9722222222222222,0.9633687260805556,0.7498340606689453,8,8,30
Wine,round_robin,FOLD-RM (fit),information_gain,0.9722222222222222,0.967737035575,0.7498340606689453,8,8,30
Wine,round_robin,FOLD-RM (fit),information_gain,0.8888888888888888,0.8997829003222222,0.77008056640625,10,10,30
Wine,round_robin,FOLD-RM (fit),information_gain,0.8333333333333334,0.87046887865,0.8108339309692383,8,8,30
Wine,round_robin,FOLD-RM (fit),information_gain,0.9722222222222222,0.9630856690027778,0.816288948059082,10,10,30
Wine,round_robin,FOLD-RM (fit),information_gain,0.8055555555555556,0.8427545995694443,0.8222644329071045,9,9,30
Wine,round_robin,FOLD-RM (fit),information_gain,0.9166666666666666,0.9086666891388889,0.8521039485931396,7,7,30
Wine,round_robin,FOLD-RM (fit),information_gain,0.8611111111111112,0.8733345769333334,0.8725485801696777,8,8,30
Wine,round_robin,FOLD-RM (fit),information_gain,0.9166666666666666,0.9535807748222223,0.8827624320983887,8,8,30
Wine,round_robin,FOLD-RM (fit),information_gain,0.8888888888888888,0.9033947003444445,0.9037690162658691,7,7,30
Wine,round_robin,FOLD-RM (fit),information_gain,0.8888888888888888,0.8964568305611111,0.9100897312164307,10,10,30
Wine,round_robin,FOLD-RM (fit),information_gain,0.9722222222222222,0.9804396152916667,0.914177417755127,8,8,30
Wine,round_robin,FOLD-RM (fit),information_gain,0.9444444444444444,0.9334618641611111,0.9242792129516602,8,8,30
Wine,round_robin,FOLD-RM (fit),information_gain,0.9444444444444444,0.940078623586111,0.9155805110931396,7,7,30
Wine,round_robin,FOLD-RM (fit),information_gain,0.9166666666666666,0.9247203118916667,0.9240360260009766,10,10,30
Wine,round_robin,FOLD-RM (fit),information_gain,0.8611111111111112,0.8831774172444444,0.914177417755127,10,10,30
Wine,round_robin,FOLD-RM (fit),information_gain,0.8888888888888888,0.9000026262777777,0.914177417755127,10,10,30
Wine,round_robin,FOLD-RM (fit),Gini_Impurity,0.0,0.75,0.6613667011260986,0,0,30
Wine,round_robin,FOLD-RM (fit),Gini_Impurity,0.0,0.75,0.658689022064209,0,0,30
Wine,round_robin,FOLD-RM (fit),Gini_Impurity,0.0,0.75,0.7000167369842529,0,0,30
Wine,round_robin,FOLD-RM (fit),Gini_Impurity,0.0,0.75,0.7294516563415527,0,0,30
Wine,round_robin,FOLD-RM (fit),Gini_Impurity,0.0,0.75,0.751220703125,0,0,30
Wine,round_robin,FOLD-RM (fit),Gini_Impurity,0.0,0.75,0.8779668807983398,0,0,30
Wine,round_robin,FOLD-RM (fit),Gini_Impurity,0.0,0.75,0.8847770690917969,0,0,30
Wine,round_robin,FOLD-RM (fit),Gini_Impurity,0.0,0.75,0.9126291275024414,0,0,30
Wine,round_robin,FOLD-RM (fit),Gini_Impurity,0.0,0.75,0.9331817626953125,0,0,30
Wine,round_robin,FOLD-RM (fit),Gini_Impurity,0.0,0.75,0.9279568195343018,0,0,30
Wine,round_robin,FOLD-RM (fit),Gini_Impurity,0.0,0.75,0.9462630748748779,0,0,30
Wine,round_robin,FOLD-RM (fit),Gini_Impurity,0.0,0.75,0.9667024612426758,0,0,30
Wine,round_robin,FOLD-RM (fit),Gini_Impurity,0.0,0.75,1.0181584358215332,0,0,30
Wine,round_robin,FOLD-RM (fit),Gini_Impurity,0.0,0.75,1.0286316871643066,0,0,30
Wine,round_robin,FOLD-RM (fit),Gini_Impurity,0.0,0.75,1.09010648727417,0,0,30
Wine,round_robin,FOLD-RM (fit),Gini_Impurity,0.0,0.75,1.1165642738342285,0,0,30
Wine,round_robin,FOLD-RM (fit),Gini_Impurity,0.0,0.75,1.1511058807373047,0,0,30
Wine,round_robin,FOLD-RM (fit),Gini_Impurity,0.0,0.75,1.2071866989135742,0,0,30
Wine,round_robin,FOLD-RM (fit),Gini_Impurity,0.0,0.75,1.284721851348877,0,0,30
Wine,round_robin,FOLD-RM (fit),Gini_Impurity,0.0,0.75,1.3137872219085693,0,0,30
Wine,round_robin,FOLD-RM (fit),Gini_Impurity,0.0,0.75,1.3627541065216064,0,0,30
Wine,round_robin,FOLD-RM (fit),Gini_Impurity,0.0,0.75,1.3714535236358643,0,0,30
Wine,round_robin,FOLD-RM (fit),Gini_Impurity,0.0,0.75,1.3792073726654053,0,0,30
Wine,round_robin,FOLD-RM (fit),Gini_Impurity,0.0,0.75,1.4017384052276611,0,0,30
Wine,round_robin,FOLD-RM (fit),Gini_Impurity,0.0,0.75,1.4267466068267822,0,0,30
Wine,round_robin,FOLD-RM (fit),Gini_Impurity,0.0,0.75,1.4825572967529297,0,0,30
Wine,round_robin,FOLD-RM (fit),Gini_Impurity,0.0,0.75,1.5103552341461182,0,0,30
Wine,round_robin,FOLD-RM (fit),Gini_Impurity,0.0,0.75,1.6115460395812988,0,0,30
Wine,round_robin,FOLD-RM (fit),Gini_Impurity,0.0,0.75,1.624657392501831,0,0,30
Wine,round_robin,FOLD-RM (fit),Gini_Impurity,0.0,0.75,1.6892077922821045,1,3,30
Wine,round_robin,FOLD-RM (fit),Precision_Information_Gain,0.0,0.75,0.0641791820526123,0,0,30
Wine,round_robin,FOLD-RM (fit),Precision_Information_Gain,0.0,0.75,0.09711694717407227,0,0,30
Wine,round_robin,FOLD-RM (fit),Precision_Information_Gain,0.0,0.75,0.14714646339416504,0,0,30
Wine,round_robin,FOLD-RM (fit),Precision_Information_Gain,0.0,0.75,0.1550765037536621,0,0,30
Wine,round_robin,FOLD-RM (fit),Precision_Information_Gain,0.0,0.75,0.1464231014251709,0,0,30
Wine,round_robin,FOLD-RM (fit),Precision_Information_Gain,0.0,0.75,0.16435575485229492,0,0,30
Wine,round_robin,FOLD-RM (fit),Precision_Information_Gain,0.0,0.75,0.18425726890563965,0,0,30
Wine,round_robin,FOLD-RM (fit),Precision_Information_Gain,0.0,0.75,0.20529532432556152,0,0,30
Wine,round_robin,FOLD-RM (fit),Precision_Information_Gain,0.0,0.75,0.22848868370056152,0,0,30
Wine,round_robin,FOLD-RM (fit),Precision_Information_Gain,0.0,0.75,0.23334646224975586,0,0,30
Wine,round_robin,FOLD-RM (fit),Precision_Information_Gain,0.0,0.75,0.2531757354736328,0,0,30
Wine,round_robin,FOLD-RM (fit),Precision_Information_Gain,0.0,0.75,0.2738792896270752,0,0,30
Wine,round_robin,FOLD-RM (fit),Precision_Information_Gain,0.0,0.75,0.2707223892211914,0,0,30
Wine,round_robin,FOLD-RM (fit),Precision_Information_Gain,0.0,0.75,0.27682042121887207,0,0,30
Wine,round_robin,FOLD-RM (fit),Precision_Information_Gain,0.0,0.75,0.2813236713409424,0,0,30
Wine,round_robin,FOLD-RM (fit),Precision_Information_Gain,0.0,0.75,0.2843790054321289,0,0,30
Wine,round_robin,FOLD-RM (fit),Precision_Information_Gain,0.0,0.75,0.2779989242553711,0,0,30
Wine,round_robin,FOLD-RM (fit),Precision_Information_Gain,0.0,0.75,0.2980306148529053,0,0,30
Wine,round_robin,FOLD-RM (fit),Precision_Information_Gain,0.0,0.75,0.29552698135375977,0,0,30
Wine,round_robin,FOLD-RM (fit),Precision_Information_Gain,0.0,0.75,0.31217193603515625,0,0,30
Wine,round_robin,FOLD-RM (fit),Precision_Information_Gain,0.0,0.75,0.3152124881744385,0,0,30
Wine,round_robin,FOLD-RM (fit),Precision_Information_Gain,0.0,0.75,0.33329319953918457,0,0,30
Wine,round_robin,FOLD-RM (fit),Precision_Information_Gain,0.0,0.75,0.34056973457336426,0,0,30
Wine,round_robin,FOLD-RM (fit),Precision_Information_Gain,0.0,0.75,0.3353404998779297,0,0,30
Wine,round_robin,FOLD-RM (fit),Precision_Information_Gain,0.0,0.75,0.33834099769592285,0,0,30
Wine,round_robin,FOLD-RM (fit),Precision_Information_Gain,0.0,0.75,0.32071399688720703,0,0,30
Wine,round_robin,FOLD-RM (fit),Precision_Information_Gain,0.0,0.75,0.3593482971191406,0,0,30
Wine,round_robin,FOLD-RM (fit),Precision_Information_Gain,0.0,0.75,0.3593482971191406,0,0,30
Wine,round_robin,FOLD-RM (fit),Precision_Information_Gain,0.0,0.75,0.3593482971191406,0,0,30
Wine,round_robin,FOLD-RM (fit),Precision_Information_Gain,0.0,0.75,0.3435516357421875,0,0,30
Wine,round_robin,FOLD-RM (fit),Precision_Gini_Impurity,0.5277777777777778,0.7706052096166667,16.93061065673828,40,38,30
Wine,round_robin,FOLD-RM (fit),Precision_Gini_Impurity,0.5555555555555556,0.7602159753694445,18.593696355819702,49,48,30
Wine,round_robin,FOLD-RM (fit),Precision_Gini_Impurity,0.6388888888888888,0.7900951781805555,18.875933408737183,56,58,30
Wine,round_robin,FOLD-RM (fit),Precision_Gini_Impurity,0.6111111111111112,0.7807642132972222,19.119547128677368,57,56,30
Wine,round_robin,FOLD-RM (fit),Precision_Gini_Impurity,0.6388888888888888,0.7702337556138888,19.520159482955933,54,53,30
Wine,round_robin,FOLD-RM (fit),Precision_Gini_Impurity,0.6111111111111112,0.7806822464277778,19.988269329071045,60,58,30
Wine,round_robin,FOLD-RM (fit),Precision_Gini_Impurity,0.6666666666666666,0.7858955625694444,20.406538724899292,54,57,30
Wine,round_robin,FOLD-RM (fit),Precision_Gini_Impurity,0.5555555555555556,0.7772604105555556,20.55063772201538,35,35,30
Wine,round_robin,FOLD-RM (fit),Precision_Gini_Impurity,0.5555555555555556,0.7757356343083334,20.56403684616089,39,39,30
Wine,round_robin,FOLD-RM (fit),Precision_Gini_Impurity,0.5,0.7529753842416667,21.01313066482544,54,51,30
Wine,round_robin,FOLD-RM (fit),Precision_Gini_Impurity,0.4166666666666667,0.7409862364194445,21.124815464019775,51,53,30
Wine,round_robin,FOLD-RM (fit),Precision_Gini_Impurity,0.6944444444444444,0.7913061898194446,21.159548044204712,52,53,30
Wine,round_robin,FOLD-RM (fit),Precision_Gini_Impurity,0.6944444444444444,0.7784473589527778,21.249399185180664,62,61,30
Wine,round_robin,FOLD-RM (fit),Precision_Gini_Impurity,0.6388888888888888,0.7833330031833333,21.529216289520264,57,56,30
Wine,round_robin,FOLD-RM (fit),Precision_Gini_Impurity,0.6666666666666666,0.7809193420777778,21.724202871322632,63,66,30
Wine,round_robin,FOLD-RM (fit),Precision_Gini_Impurity,0.6388888888888888,0.7818064246805556,21.73567509651184,49,53,30
Wine,round_robin,FOLD-RM (fit),Precision_Gini_Impurity,0.5555555555555556,0.7521651308388889,21.745707035064697,56,61,30
Wine,round_robin,FOLD-RM (fit),Precision_Gini_Impurity,0.6111111111111112,0.7740272209416666,21.906957149505615,56,51,30
Wine,round_robin,FOLD-RM (fit),Precision_Gini_Impurity,0.5277777777777778,0.7477067824611112,21.90655517578125,53,58,30
Wine,round_robin,FOLD-RM (fit),Precision_Gini_Impurity,0.5833333333333334,0.7649427038055556,21.919724464416504,59,54,30
Wine,round_robin,FOLD-RM (fit),Precision_Gini_Impurity,0.5277777777777778,0.7603425327333333,21.92564630508423,64,71,30
Wine,round_robin,FOLD-RM (fit),Precision_Gini_Impurity,0.75,0.7901797839833333,21.99093508720398,57,59,30
Wine,round_robin,FOLD-RM (fit),Precision_Gini_Impurity,0.6666666666666666,0.7796181900305555,22.116082906723022,57,52,30
Wine,round_robin,FOLD-RM (fit),Precision_Gini_Impurity,0.6111111111111112,0.7740661043222222,22.177560806274414,53,57,30
Wine,round_robin,FOLD-RM (fit),Precision_Gini_Impurity,0.6944444444444444,0.7795186487444444,22.173481941223145,57,59,30
Wine,round_robin,FOLD-RM (fit),Precision_Gini_Impurity,0.6111111111111112,0.7695643446861111,22.224860906600952,66,63,30
Wine,round_robin,FOLD-RM (fit),Precision_Gini_Impurity,0.7222222222222222,0.7786266380333333,22.460566520690918,55,53,30
Wine,round_robin,FOLD-RM (fit),Precision_Gini_Impurity,0.6944444444444444,0.7880055435694444,22.466134786605835,57,57,30
Wine,round_robin,FOLD-RM (fit),Precision_Gini_Impurity,0.6111111111111112,0.7693697586361111,22.497005939483643,59,55,30
Wine,round_robin,FOLD-RM (fit),Precision_Gini_Impurity,0.6111111111111112,0.7663691157916667,22.53486466407776,59,59,30
Wine,round_robin,CON-FOLD (confidence_fit),original,0.9444444444444444,0.9546091124277778,0.8760511875152588,8,8,30
Wine,round_robin,CON-FOLD (confidence_fit),original,0.9444444444444444,0.9610317419277777,1.2626588344573975,6,6,30
Wine,round_robin,CON-FOLD (confidence_fit),original,0.8888888888888888,0.89657465625,1.4141831398010254,9,9,30
Wine,round_robin,CON-FOLD (confidence_fit),original,0.8333333333333334,0.8527389318388889,1.4333586692810059,7,7,30
Wine,round_robin,CON-FOLD (confidence_fit),original,0.9722222222222222,0.9607983992388889,1.43636155128479,8,8,30
Wine,round_robin,CON-FOLD (confidence_fit),original,0.8888888888888888,0.907260041925,1.6163420677185059,10,10,30
Wine,round_robin,CON-FOLD (confidence_fit),original,0.8888888888888888,0.9341147689722222,1.6570417881011963,9,9,30
Wine,round_robin,CON-FOLD (confidence_fit),original,1.0,0.9874875224416667,1.669365644454956,8,8,30
Wine,round_robin,CON-FOLD (confidence_fit),original,0.8888888888888888,0.9182191833722222,1.7136647701263428,9,9,30
Wine,round_robin,CON-FOLD (confidence_fit),original,0.9722222222222222,0.9820266301527778,1.7625949382781982,8,8,30
Wine,round_robin,CON-FOLD (confidence_fit),original,0.9444444444444444,0.9616718031777778,1.7823965549468994,9,9,30
Wine,round_robin,CON-FOLD (confidence_fit),original,0.8333333333333334,0.8494554454249998,1.7969374656677246,6,6,30
Wine,round_robin,CON-FOLD (confidence_fit),original,0.8611111111111112,0.8697428885416666,1.864638090133667,7,7,30
Wine,round_robin,CON-FOLD (confidence_fit),original,0.9444444444444444,0.9759814136,1.8756005764007568,9,9,30
Wine,round_robin,CON-FOLD (confidence_fit),original,0.8611111111111112,0.8784598303444445,1.864638090133667,7,7,30
Wine,round_robin,CON-FOLD (confidence_fit),original,0.8333333333333334,0.8463386004833333,1.9211618900299072,8,8,30
Wine,round_robin,CON-FOLD (confidence_fit),original,0.9722222222222222,0.9691433761472222,1.9231619834899902,7,7,30
Wine,round_robin,CON-FOLD (confidence_fit),original,0.9166666666666666,0.9148281749,1.8841850757598877,7,7,30
Wine,round_robin,CON-FOLD (confidence_fit),original,0.8888888888888888,0.8824084434999999,1.9367256164550781,7,7,30
Wine,round_robin,CON-FOLD (confidence_fit),original,0.8888888888888888,0.9012613472333333,1.9577739238739014,9,9,30
Wine,round_robin,CON-FOLD (confidence_fit),original,0.9444444444444444,0.9473132294972223,1.9673871994018555,6,6,30
Wine,round_robin,CON-FOLD (confidence_fit),original,0.9722222222222222,0.9850879709638889,2.021674394607544,9,9,30
Wine,round_robin,CON-FOLD (confidence_fit),original,0.8888888888888888,0.9009472446416666,2.0494349002838135,8,8,30
Wine,round_robin,CON-FOLD (confidence_fit),original,0.8888888888888888,0.918239835125,2.0696589946746826,6,6,30
Wine,round_robin,CON-FOLD (confidence_fit),original,0.9722222222222222,0.9591227997583334,2.0799665451049805,9,10,30
Wine,round_robin,CON-FOLD (confidence_fit),original,0.8055555555555556,0.84666830555,2.121427297592163,11,11,30
Wine,round_robin,CON-FOLD (confidence_fit),original,0.8888888888888888,0.9049054071138888,2.1522109508514404,8,8,30
Wine,round_robin,CON-FOLD (confidence_fit),original,1.0,0.9926327145861111,2.166659116744995,9,9,30
Wine,round_robin,CON-FOLD (confidence_fit),original,0.8611111111111112,0.8795835829472222,2.1966567039489746,8,9,30
Wine,round_robin,CON-FOLD (confidence_fit),original,0.9166666666666666,0.9338000012083334,2.196859121322632,7,8,30
Wine,round_robin,CON-FOLD (confidence_fit),information_gain,0.9166666666666666,0.9129971600527778,0.23379087448120117,8,8,30
Wine,round_robin,CON-FOLD (confidence_fit),information_gain,0.9166666666666666,0.919638604675,0.292940616607666,8,8,30
Wine,round_robin,CON-FOLD (confidence_fit),information_gain,0.9166666666666666,0.9207773360638889,0.502819299697876,7,7,30
Wine,round_robin,CON-FOLD (confidence_fit),information_gain,0.8888888888888888,0.8987179508416666,0.5439164638519287,6,6,30
Wine,round_robin,CON-FOLD (confidence_fit),information_gain,0.9166666666666666,0.9098385200388889,0.6166880130767822,7,7,30
Wine,round_robin,CON-FOLD (confidence_fit),information_gain,0.9444444444444444,0.9420313359861111,0.706089973449707,8,8,30
Wine,round_robin,CON-FOLD (confidence_fit),information_gain,0.9166666666666666,0.91188546585,0.7180376052856445,8,8,30
Wine,round_robin,CON-FOLD (confidence_fit),information_gain,0.9166666666666666,0.9300424910305556,0.728553056716919,9,9,30
Wine,round_robin,CON-FOLD (confidence_fit),information_gain,0.8611111111111112,0.8750214532555556,0.728553056716919,6,6,30
Wine,round_robin,CON-FOLD (confidence_fit),information_gain,0.9166666666666666,0.9160605664277777,0.746213436126709,7,7,30
Wine,round_robin,CON-FOLD (confidence_fit),information_gain,0.6944444444444444,0.7859993033083333,0.728553056716919,6,6,30
Wine,round_robin,CON-FOLD (confidence_fit),information_gain,0.75,0.8366152631638888,0.7768006324768066,8,8,30
Wine,round_robin,CON-FOLD (confidence_fit),information_gain,0.8611111111111112,0.8785380013666666,0.8109390735626221,7,7,30
Wine,round_robin,CON-FOLD (confidence_fit),information_gain,0.8055555555555556,0.8456231683972222,0.8368995189666748,9,9,30
Wine,round_robin,CON-FOLD (confidence_fit),information_gain,0.9444444444444444,0.9432654360583334,0.8389334678649902,6,6,30
Wine,round_robin,CON-FOLD (confidence_fit),information_gain,0.9166666666666666,0.9237147174916667,0.859555721282959,7,7,30
Wine,round_robin,CON-FOLD (confidence_fit),information_gain,0.8888888888888888,0.9127055928527777,0.8696424961090088,9,9,30
Wine,round_robin,CON-FOLD (confidence_fit),information_gain,0.8333333333333334,0.8686090774333334,0.8829555511474609,7,7,30
Wine,round_robin,CON-FOLD (confidence_fit),information_gain,0.8611111111111112,0.8870915106222222,0.900352954864502,9,9,30
Wine,round_robin,CON-FOLD (confidence_fit),information_gain,0.9722222222222222,0.9590119588194445,0.8835930824279785,7,7,30
Wine,round_robin,CON-FOLD (confidence_fit),information_gain,0.8055555555555556,0.8483666670666667,0.9174854755401611,8,8,30
Wine,round_robin,CON-FOLD (confidence_fit),information_gain,0.7777777777777778,0.8306647837333333,0.9265158176422119,9,9,30
Wine,round_robin,CON-FOLD (confidence_fit),information_gain,0.9444444444444444,0.936764731025,0.9398651123046875,7,7,30
Wine,round_robin,CON-FOLD (confidence_fit),information_gain,0.8055555555555556,0.8487288621361111,0.9521024227142334,8,8,30
Wine,round_robin,CON-FOLD (confidence_fit),information_gain,0.8888888888888888,0.9227754050777778,0.9388651847839355,7,7,30
Wine,round_robin,CON-FOLD (confidence_fit),information_gain,0.9444444444444444,0.9410519275666667,0.9654920101165771,8,8,30
Wine,round_robin,CON-FOLD (confidence_fit),information_gain,0.7777777777777778,0.8734215171333334,0.9861176013946533,8,8,30
Wine,round_robin,CON-FOLD (confidence_fit),information_gain,0.8611111111111112,0.8848211691472222,0.9759976863861084,9,9,30
Wine,round_robin,CON-FOLD (confidence_fit),information_gain,0.8888888888888888,0.8972414283194444,1.0157749652862549,8,8,30
Wine,round_robin,CON-FOLD (confidence_fit),information_gain,0.8888888888888888,0.9107454476527777,1.0093700885772705,10,10,30
Wine,round_robin,CON-FOLD (confidence_fit),Gini_Impurity,0.0,0.75,0.29908013343811035,0,0,30
Wine,round_robin,CON-FOLD (confidence_fit),Gini_Impurity,0.0,0.75,0.4178133010864258,0,0,30
Wine,round_robin,CON-FOLD (confidence_fit),Gini_Impurity,0.0,0.75,0.6088831424713135,0,0,30
Wine,round_robin,CON-FOLD (confidence_fit),Gini_Impurity,0.0,0.75,0.7192010879516602,0,0,30
Wine,round_robin,CON-FOLD (confidence_fit),Gini_Impurity,0.0,0.75,0.813518762588501,0,0,30
Wine,round_robin,CON-FOLD (confidence_fit),Gini_Impurity,0.0,0.75,0.8333296775817871,0,0,30
Wine,round_robin,CON-FOLD (confidence_fit),Gini_Impurity,0.0,0.75,0.8651902675628662,0,0,30
Wine,round_robin,CON-FOLD (confidence_fit),Gini_Impurity,0.0,0.75,0.9243569374084473,0,0,30
Wine,round_robin,CON-FOLD (confidence_fit),Gini_Impurity,0.0,0.75,0.966529130935669,0,0,30
Wine,round_robin,CON-FOLD (confidence_fit),Gini_Impurity,0.0,0.75,0.9980478286743164,0,0,30
Wine,round_robin,CON-FOLD (confidence_fit),Gini_Impurity,0.0,0.75,1.067690372467041,0,0,30
Wine,round_robin,CON-FOLD (confidence_fit),Gini_Impurity,0.0,0.75,1.083266258239746,0,0,30
Wine,round_robin,CON-FOLD (confidence_fit),Gini_Impurity,0.0,0.75,1.1396589279174805,0,0,30
Wine,round_robin,CON-FOLD (confidence_fit),Gini_Impurity,0.0,0.75,1.1721680164337158,0,0,30
Wine,round_robin,CON-FOLD (confidence_fit),Gini_Impurity,0.0,0.75,1.1723592281341553,0,0,30
Wine,round_robin,CON-FOLD (confidence_fit),Gini_Impurity,0.0,0.75,1.2136120796203613,0,0,30
Wine,round_robin,CON-FOLD (confidence_fit),Gini_Impurity,0.0,0.75,1.223827838897705,0,0,30
Wine,round_robin,CON-FOLD (confidence_fit),Gini_Impurity,0.0,0.75,1.245797872543335,0,0,30
Wine,round_robin,CON-FOLD (confidence_fit),Gini_Impurity,0.0,0.75,1.2728517055511475,0,0,30
Wine,round_robin,CON-FOLD (confidence_fit),Gini_Impurity,0.0,0.75,1.295825481414795,0,0,30
Wine,round_robin,CON-FOLD (confidence_fit),Gini_Impurity,0.0,0.75,1.3291442394256592,0,0,30
Wine,round_robin,CON-FOLD (confidence_fit),Gini_Impurity,0.0,0.75,1.3249633312225342,0,0,30
Wine,round_robin,CON-FOLD (confidence_fit),Gini_Impurity,0.0,0.75,1.346803903579712,0,0,30
Wine,round_robin,CON-FOLD (confidence_fit),Gini_Impurity,0.0,0.75,1.3879520893096924,0,0,30
Wine,round_robin,CON-FOLD (confidence_fit),Gini_Impurity,0.0,0.75,1.4701104164123535,0,0,30
Wine,round_robin,CON-FOLD (confidence_fit),Gini_Impurity,0.0,0.75,1.4766876697540283,1,3,30
Wine,round_robin,CON-FOLD (confidence_fit),Gini_Impurity,0.0,0.75,1.4924895763397217,0,0,30
Wine,round_robin,CON-FOLD (confidence_fit),Gini_Impurity,0.0,0.75,1.5140421390533447,0,0,30
Wine,round_robin,CON-FOLD (confidence_fit),Gini_Impurity,0.0,0.75,1.5792176723480225,1,3,30
Wine,round_robin,CON-FOLD (confidence_fit),Gini_Impurity,0.0,0.75,1.5802974700927734,0,0,30
Wine,round_robin,CON-FOLD (confidence_fit),Precision_Information_Gain,0.0,0.75,0.0618743896484375,0,0,30
Wine,round_robin,CON-FOLD (confidence_fit),Precision_Information_Gain,0.0,0.75,0.09690499305725098,0,0,30
Wine,round_robin,CON-FOLD (confidence_fit),Precision_Information_Gain,0.0,0.75,0.10213470458984375,0,0,30
Wine,round_robin,CON-FOLD (confidence_fit),Precision_Information_Gain,0.0,0.75,0.13312363624572754,0,0,30
Wine,round_robin,CON-FOLD (confidence_fit),Precision_Information_Gain,0.0,0.75,0.16376733779907227,0,0,30
Wine,round_robin,CON-FOLD (confidence_fit),Precision_Information_Gain,0.0,0.75,0.18831944465637207,0,0,30
Wine,round_robin,CON-FOLD (confidence_fit),Precision_Information_Gain,0.0,0.75,0.20998263359069824,0,0,30
Wine,round_robin,CON-FOLD (confidence_fit),Precision_Information_Gain,0.0,0.75,0.20998263359069824,0,0,30
Wine,round_robin,CON-FOLD (confidence_fit),Precision_Information_Gain,0.0,0.75,0.2252814769744873,0,0,30
Wine,round_robin,CON-FOLD (confidence_fit),Precision_Information_Gain,0.0,0.75,0.21524953842163086,0,0,30
Wine,round_robin,CON-FOLD (confidence_fit),Precision_Information_Gain,0.0,0.75,0.24092435836791992,0,0,30
Wine,round_robin,CON-FOLD (confidence_fit),Precision_Information_Gain,0.0,0.75,0.23593878746032715,0,0,30
Wine,round_robin,CON-FOLD (confidence_fit),Precision_Information_Gain,0.0,0.75,0.24605393409729004,0,0,30
Wine,round_robin,CON-FOLD (confidence_fit),Precision_Information_Gain,0.0,0.75,0.2716963291168213,0,0,30
Wine,round_robin,CON-FOLD (confidence_fit),Precision_Information_Gain,0.0,0.75,0.24605393409729004,0,0,30
Wine,round_robin,CON-FOLD (confidence_fit),Precision_Information_Gain,0.0,0.75,0.2783370018005371,0,0,30
Wine,round_robin,CON-FOLD (confidence_fit),Precision_Information_Gain,0.0,0.75,0.27705955505371094,0,0,30
Wine,round_robin,CON-FOLD (confidence_fit),Precision_Information_Gain,0.0,0.75,0.2940828800201416,0,0,30
Wine,round_robin,CON-FOLD (confidence_fit),Precision_Information_Gain,0.0,0.75,0.2975656986236572,0,0,30
Wine,round_robin,CON-FOLD (confidence_fit),Precision_Information_Gain,0.0,0.75,0.3116328716278076,0,0,30
Wine,round_robin,CON-FOLD (confidence_fit),Precision_Information_Gain,0.0,0.75,0.32322096824645996,0,0,30
Wine,round_robin,CON-FOLD (confidence_fit),Precision_Information_Gain,0.0,0.75,0.32322096824645996,0,0,30
Wine,round_robin,CON-FOLD (confidence_fit),Precision_Information_Gain,0.0,0.75,0.3282921314239502,0,0,30
Wine,round_robin,CON-FOLD (confidence_fit),Precision_Information_Gain,0.0,0.75,0.3441298007965088,0,0,30
Wine,round_robin,CON-FOLD (confidence_fit),Precision_Information_Gain,0.0,0.75,0.3499574661254883,0,0,30
Wine,round_robin,CON-FOLD (confidence_fit),Precision_Information_Gain,0.0,0.75,0.3486490249633789,0,0,30
Wine,round_robin,CON-FOLD (confidence_fit),Precision_Information_Gain,0.0,0.75,0.3542447090148926,0,0,30
Wine,round_robin,CON-FOLD (confidence_fit),Precision_Information_Gain,0.0,0.75,0.3449718952178955,0,0,30
Wine,round_robin,CON-FOLD (confidence_fit),Precision_Information_Gain,0.0,0.75,0.34346532821655273,0,0,30
Wine,round_robin,CON-FOLD (confidence_fit),Precision_Information_Gain,0.0,0.75,0.33847975730895996,0,0,30
Wine,round_robin,CON-FOLD (confidence_fit),Precision_Gini_Impurity,0.3888888888888889,0.7657339237888889,16.545002222061157,33,35,30
Wine,round_robin,CON-FOLD (confidence_fit),Precision_Gini_Impurity,0.6666666666666666,0.8018903391833333,17.816096305847168,47,50,30
Wine,round_robin,CON-FOLD (confidence_fit),Precision_Gini_Impurity,0.5833333333333334,0.7652129094361112,17.832684993743896,47,50,30
Wine,round_robin,CON-FOLD (confidence_fit),Precision_Gini_Impurity,0.6388888888888888,0.769473325125,20.026363372802734,49,46,30
Wine,round_robin,CON-FOLD (confidence_fit),Precision_Gini_Impurity,0.5277777777777778,0.7444659410472222,20.04408550262451,59,60,30
Wine,round_robin,CON-FOLD (confidence_fit),Precision_Gini_Impurity,0.6111111111111112,0.7833355536722222,20.249207019805908,58,59,30
Wine,round_robin,CON-FOLD (confidence_fit),Precision_Gini_Impurity,0.75,0.7971185120916666,20.993160009384155,56,55,30
Wine,round_robin,CON-FOLD (confidence_fit),Precision_Gini_Impurity,0.7777777777777778,0.8018279301555555,21.13944959640503,60,60,30
Wine,round_robin,CON-FOLD (confidence_fit),Precision_Gini_Impurity,0.7222222222222222,0.8088732773,21.3232159614563,60,63,30
Wine,round_robin,CON-FOLD (confidence_fit),Precision_Gini_Impurity,0.5833333333333334,0.7629284413361112,21.544281482696533,54,58,30
Wine,round_robin,CON-FOLD (confidence_fit),Precision_Gini_Impurity,0.7222222222222222,0.798776209975,21.611831188201904,59,61,30
Wine,round_robin,CON-FOLD (confidence_fit),Precision_Gini_Impurity,0.5555555555555556,0.7444120457111112,21.632465362548828,57,56,30
Wine,round_robin,CON-FOLD (confidence_fit),Precision_Gini_Impurity,0.7777777777777778,0.8059326042194445,21.76898694038391,61,65,30
Wine,round_robin,CON-FOLD (confidence_fit),Precision_Gini_Impurity,0.6944444444444444,0.7920077306194445,21.81099224090576,57,51,30
Wine,round_robin,CON-FOLD (confidence_fit),Precision_Gini_Impurity,0.75,0.7955796478916667,21.924957752227783,59,65,30
Wine,round_robin,CON-FOLD (confidence_fit),Precision_Gini_Impurity,0.6666666666666666,0.7779110514083334,21.932234048843384,61,58,30
Wine,round_robin,CON-FOLD (confidence_fit),Precision_Gini_Impurity,0.6388888888888888,0.7737861918222222,22.072021961212158,56,57,30
Wine,round_robin,CON-FOLD (confidence_fit),Precision_Gini_Impurity,0.6944444444444444,0.7742614822055556,22.051192045211792,57,55,30
Wine,round_robin,CON-FOLD (confidence_fit),Precision_Gini_Impurity,0.6111111111111112,0.7734064664888889,22.162558794021606,49,47,30
Wine,round_robin,CON-FOLD (confidence_fit),Precision_Gini_Impurity,0.6111111111111112,0.7681075038166667,22.27833318710327,65,61,30
Wine,round_robin,CON-FOLD (confidence_fit),Precision_Gini_Impurity,0.5833333333333334,0.7583537523861111,22.299294233322144,58,58,30
Wine,round_robin,CON-FOLD (confidence_fit),Precision_Gini_Impurity,0.8333333333333334,0.8075915002722223,22.31595516204834,60,64,30
Wine,round_robin,CON-FOLD (confidence_fit),Precision_Gini_Impurity,0.6388888888888888,0.7680746529277778,22.35691237449646,48,48,30
Wine,round_robin,CON-FOLD (confidence_fit),Precision_Gini_Impurity,0.6666666666666666,0.7863327708972223,22.37003231048584,62,63,30
Wine,round_robin,CON-FOLD (confidence_fit),Precision_Gini_Impurity,0.6111111111111112,0.7701717988277779,22.392872095108032,58,58,30
Wine,round_robin,CON-FOLD (confidence_fit),Precision_Gini_Impurity,0.6666666666666666,0.7790676621055556,22.458117723464966,58,56,30
Wine,round_robin,CON-FOLD (confidence_fit),Precision_Gini_Impurity,0.5,0.7425553520888889,22.532557249069214,61,61,30
Wine,round_robin,CON-FOLD (confidence_fit),Precision_Gini_Impurity,0.6388888888888888,0.7703095552333333,22.542454719543457,60,60,30
Wine,round_robin,CON-FOLD (confidence_fit),Precision_Gini_Impurity,0.75,0.7959746620388889,22.558751344680786,57,61,30
Wine,round_robin,CON-FOLD (confidence_fit),Precision_Gini_Impurity,0.7222222222222222,0.7872948108833333,22.61076831817627,62,63,30
Wine,best_rule,FOLD-RM (fit),original,0.9166666666666666,0.922663531025,4.290412902832031,6,6,30
Wine,best_rule,FOLD-RM (fit),original,0.9722222222222222,0.9653390675638889,4.3290088176727295,7,8,30
Wine,best_rule,FOLD-RM (fit),original,0.9166666666666666,0.90891138725,4.525325298309326,7,7,30
Wine,best_rule,FOLD-RM (fit),original,0.8888888888888888,0.9074133648361111,4.910240411758423,8,8,30
Wine,best_rule,FOLD-RM (fit),original,0.8888888888888888,0.903993081175,4.932199954986572,7,7,30
Wine,best_rule,FOLD-RM (fit),original,0.9444444444444444,0.9449354710555555,5.060241937637329,9,9,30
Wine,best_rule,FOLD-RM (fit),original,0.9444444444444444,0.9370163003222223,5.132563829421997,8,9,30
Wine,best_rule,FOLD-RM (fit),original,0.9722222222222222,0.9655535792555555,5.221202373504639,8,9,30
Wine,best_rule,FOLD-RM (fit),original,0.9722222222222222,0.9700082383444445,5.367689609527588,8,9,30
Wine,best_rule,FOLD-RM (fit),original,0.8888888888888888,0.8968516605,5.367270469665527,7,8,30
Wine,best_rule,FOLD-RM (fit),original,0.8611111111111112,0.8710248187555555,5.4162492752075195,8,8,30
Wine,best_rule,FOLD-RM (fit),original,0.9722222222222222,0.9532299625777778,5.666755437850952,8,8,30
Wine,best_rule,FOLD-RM (fit),original,0.9166666666666666,0.9237793502777778,5.670758962631226,6,6,30
Wine,best_rule,FOLD-RM (fit),original,0.9166666666666666,0.9385986738555555,5.678287744522095,7,7,30
Wine,best_rule,FOLD-RM (fit),original,0.9444444444444444,0.9435012338888888,5.820636987686157,9,9,30
Wine,best_rule,FOLD-RM (fit),original,0.9722222222222222,0.9694154372,6.010245084762573,8,9,30
Wine,best_rule,FOLD-RM (fit),original,0.8888888888888888,0.9100356094777777,6.06308388710022,8,10,30
Wine,best_rule,FOLD-RM (fit),original,0.8888888888888888,0.9006782941444444,6.061027765274048,7,8,30
Wine,best_rule,FOLD-RM (fit),original,0.9444444444444444,0.9387992141777777,6.09936261177063,9,9,30
Wine,best_rule,FOLD-RM (fit),original,0.9444444444444444,0.9415914559555555,6.1038658618927,9,9,30
Wine,best_rule,FOLD-RM (fit),original,1.0,0.991283592875,6.217442989349365,8,9,30
Wine,best_rule,FOLD-RM (fit),original,0.9444444444444444,0.941965938125,6.229696750640869,10,11,30
Wine,best_rule,FOLD-RM (fit),original,0.9444444444444444,0.9484849395555556,6.267711639404297,10,10,30
Wine,best_rule,FOLD-RM (fit),original,0.9444444444444444,0.946966607675,6.386146306991577,7,8,30
Wine,best_rule,FOLD-RM (fit),original,0.9444444444444444,0.9468551000944444,6.387288570404053,8,9,30
Wine,best_rule,FOLD-RM (fit),original,0.8333333333333334,0.8811740836999999,6.431106805801392,8,8,30
Wine,best_rule,FOLD-RM (fit),original,0.8611111111111112,0.8656906229194444,6.4499664306640625,8,9,30
Wine,best_rule,FOLD-RM (fit),original,0.8611111111111112,0.8760158577222221,6.493831396102905,8,9,30
Wine,best_rule,FOLD-RM (fit),original,0.9166666666666666,0.9341791828583333,6.503596544265747,9,9,30
Wine,best_rule,FOLD-RM (fit),original,0.9722222222222222,0.9653299450555556,6.52775239944458,9,10,30
Wine,best_rule,FOLD-RM (fit),information_gain,0.2222222222222222,0.7966112510472222,0.9101502895355225,2,2,30
Wine,best_rule,FOLD-RM (fit),information_gain,0.3055555555555556,0.7255009246999999,1.2913908958435059,2,2,30
Wine,best_rule,FOLD-RM (fit),information_gain,0.25,0.809885211775,1.5954899787902832,1,1,30
Wine,best_rule,FOLD-RM (fit),information_gain,0.19444444444444445,0.7914584198444444,1.6612794399261475,2,2,30
Wine,best_rule,FOLD-RM (fit),information_gain,0.1388888888888889,0.7835015190972222,1.6937482357025146,1,1,30
Wine,best_rule,FOLD-RM (fit),information_gain,0.2222222222222222,0.7980695843805555,1.7081236839294434,2,2,30
Wine,best_rule,FOLD-RM (fit),information_gain,0.2222222222222222,0.8033333333333333,1.7381274700164795,2,2,30
Wine,best_rule,FOLD-RM (fit),information_gain,0.4166666666666667,0.7354053723277778,1.7411277294158936,5,5,30
Wine,best_rule,FOLD-RM (fit),information_gain,0.2222222222222222,0.8033333333333333,1.7666621208190918,2,2,30
Wine,best_rule,FOLD-RM (fit),information_gain,0.9166666666666666,0.9206641663749999,1.766284465789795,8,8,30
Wine,best_rule,FOLD-RM (fit),information_gain,0.3055555555555556,0.8035376538083333,1.8063054084777832,4,4,30
Wine,best_rule,FOLD-RM (fit),information_gain,0.3333333333333333,0.8293175808000001,1.8208339214324951,2,2,30
Wine,best_rule,FOLD-RM (fit),information_gain,0.5,0.8531167482333333,1.8508896827697754,2,2,30
Wine,best_rule,FOLD-RM (fit),information_gain,0.3333333333333333,0.8293175808000001,1.8694069385528564,2,2,30
Wine,best_rule,FOLD-RM (fit),information_gain,0.3333333333333333,0.8143591363194445,1.888972520828247,2,2,30
Wine,best_rule,FOLD-RM (fit),information_gain,0.3333333333333333,0.8143591363194445,1.9199573993682861,2,2,30
Wine,best_rule,FOLD-RM (fit),information_gain,0.3333333333333333,0.8199876832305556,1.9627552032470703,3,3,30
Wine,best_rule,FOLD-RM (fit),information_gain,0.8888888888888888,0.8844997177499999,1.9832634925842285,7,7,30
Wine,best_rule,FOLD-RM (fit),information_gain,0.9444444444444444,0.9232240769277777,2.0100154876708984,8,8,30
Wine,best_rule,FOLD-RM (fit),information_gain,0.25,0.8071303609944444,2.022519111633301,3,3,30
Wine,best_rule,FOLD-RM (fit),information_gain,0.8611111111111112,0.8705839211527777,2.0937795639038086,8,8,30
Wine,best_rule,FOLD-RM (fit),information_gain,0.3888888888888889,0.8342720589416667,2.0927953720092773,3,3,30
Wine,best_rule,FOLD-RM (fit),information_gain,0.8611111111111112,0.8917741612333333,2.16921067237854,6,6,30
Wine,best_rule,FOLD-RM (fit),information_gain,0.8611111111111112,0.8873729816111111,2.182832717895508,6,6,30
Wine,best_rule,FOLD-RM (fit),information_gain,0.25,0.7640303401333334,2.2182059288024902,3,3,30
Wine,best_rule,FOLD-RM (fit),information_gain,0.9166666666666666,0.9111043339527778,2.239140033721924,7,7,30
Wine,best_rule,FOLD-RM (fit),information_gain,0.8611111111111112,0.9050048356416667,2.233144521713257,7,7,30
Wine,best_rule,FOLD-RM (fit),information_gain,0.2777777777777778,0.7610363265305555,2.2943036556243896,4,4,30
Wine,best_rule,FOLD-RM (fit),information_gain,0.9444444444444444,0.9426005902638889,2.320155620574951,8,8,30
Wine,best_rule,FOLD-RM (fit),information_gain,0.7777777777777778,0.8685928786222222,2.3526575565338135,11,11,30
Wine,best_rule,FOLD-RM (fit),Gini_Impurity,0.0,0.75,4.165905714035034,0,0,30
Wine,best_rule,FOLD-RM (fit),Gini_Impurity,0.0,0.75,7.275754451751709,1,4,30
Wine,best_rule,FOLD-RM (fit),Gini_Impurity,0.0,0.75,11.131401777267456,2,7,30
Wine,best_rule,FOLD-RM (fit),Gini_Impurity,0.0,0.75,11.248730659484863,3,9,30
Wine,best_rule,FOLD-RM (fit),Gini_Impurity,0.0,0.75,12.983858108520508,3,12,30
Wine,best_rule,FOLD-RM (fit),Gini_Impurity,0.0,0.75,13.534328699111938,3,10,30
Wine,best_rule,FOLD-RM (fit),Gini_Impurity,0.0,0.75,17.051607131958008,3,11,30
Wine,best_rule,FOLD-RM (fit),Gini_Impurity,0.0,0.7470833333333333,19.252764463424683,5,13,30
Wine,best_rule,FOLD-RM (fit),Gini_Impurity,0.027777777777777776,0.7513194444444444,20.52677583694458,4,17,30
Wine,best_rule,FOLD-RM (fit),Gini_Impurity,0.0,0.75,21.37867021560669,6,18,30
Wine,best_rule,FOLD-RM (fit),Gini_Impurity,0.05555555555555555,0.7526388888888889,24.470691204071045,5,17,30
Wine,best_rule,FOLD-RM (fit),Gini_Impurity,0.05555555555555555,0.7511805555555555,26.355900764465332,7,22,30
Wine,best_rule,FOLD-RM (fit),Gini_Impurity,0.027777777777777776,0.7513194444444444,28.23475956916809,5,14,30
Wine,best_rule,FOLD-RM (fit),Gini_Impurity,0.0,0.75,28.338140726089478,6,19,30
Wine,best_rule,FOLD-RM (fit),Gini_Impurity,0.027777777777777776,0.7513194444444444,29.201539278030396,8,27,30
Wine,best_rule,FOLD-RM (fit),Gini_Impurity,0.027777777777777776,0.7513194444444444,30.050261974334717,10,29,30
Wine,best_rule,FOLD-RM (fit),Gini_Impurity,0.027777777777777776,0.7513194444444444,30.09486222267151,10,29,30
Wine,best_rule,FOLD-RM (fit),Gini_Impurity,0.1111111111111111,0.7552777777777778,32.09194326400757,10,34,30
Wine,best_rule,FOLD-RM (fit),Gini_Impurity,0.0,0.75,32.74860072135925,8,30,30
Wine,best_rule,FOLD-RM (fit),Gini_Impurity,0.0,0.75,34.25550556182861,9,29,30
Wine,best_rule,FOLD-RM (fit),Gini_Impurity,0.0,0.75,34.39328575134277,11,33,30
Wine,best_rule,FOLD-RM (fit),Gini_Impurity,0.0,0.75,34.99564528465271,10,33,30
Wine,best_rule,FOLD-RM (fit),Gini_Impurity,0.0,0.75,35.641886472702026,11,37,30
Wine,best_rule,FOLD-RM (fit),Gini_Impurity,0.05555555555555555,0.7526388888888889,36.43676280975342,12,37,30
Wine,best_rule,FOLD-RM (fit),Gini_Impurity,0.0,0.75,38.108588218688965,13,44,30
Wine,best_rule,FOLD-RM (fit),Gini_Impurity,0.08333333333333333,0.7539583333333333,38.303322076797485,12,45,30
Wine,best_rule,FOLD-RM (fit),Gini_Impurity,0.08333333333333333,0.7539583333333334,38.93975305557251,17,53,30
Wine,best_rule,FOLD-RM (fit),Gini_Impurity,0.0,0.7485416666666667,39.26182150840759,13,43,30
Wine,best_rule,FOLD-RM (fit),Gini_Impurity,0.0,0.75,39.94733428955078,15,52,30
Wine,best_rule,FOLD-RM (fit),Gini_Impurity,0.08333333333333333,0.7539583333333333,40.49258041381836,16,60,30
Wine,best_rule,FOLD-RM (fit),Precision_Information_Gain,0.0,0.75,0.28472232818603516,0,0,30
Wine,best_rule,FOLD-RM (fit),Precision_Information_Gain,0.0,0.75,0.41074633598327637,0,0,30
Wine,best_rule,FOLD-RM (fit),Precision_Information_Gain,0.0,0.75,0.588965654373169,0,0,30
Wine,best_rule,FOLD-RM (fit),Precision_Information_Gain,0.0,0.75,0.597991943359375,0,0,30
Wine,best_rule,FOLD-RM (fit),Precision_Information_Gain,0.0,0.75,0.6141791343688965,0,0,30
Wine,best_rule,FOLD-RM (fit),Precision_Information_Gain,0.0,0.75,0.6530873775482178,0,0,30
Wine,best_rule,FOLD-RM (fit),Precision_Information_Gain,0.0,0.75,0.6774733066558838,0,0,30
Wine,best_rule,FOLD-RM (fit),Precision_Information_Gain,0.0,0.75,0.6850624084472656,0,0,30
Wine,best_rule,FOLD-RM (fit),Precision_Information_Gain,0.0,0.75,0.6977951526641846,0,0,30
Wine,best_rule,FOLD-RM (fit),Precision_Information_Gain,0.0,0.75,0.6987934112548828,0,0,30
Wine,best_rule,FOLD-RM (fit),Precision_Information_Gain,0.0,0.75,0.7217109203338623,0,0,30
Wine,best_rule,FOLD-RM (fit),Precision_Information_Gain,0.0,0.75,0.7190918922424316,0,0,30
Wine,best_rule,FOLD-RM (fit),Precision_Information_Gain,0.0,0.75,0.7239236831665039,0,0,30
Wine,best_rule,FOLD-RM (fit),Precision_Information_Gain,0.0,0.75,0.7477962970733643,0,0,30
Wine,best_rule,FOLD-RM (fit),Precision_Information_Gain,0.0,0.75,0.7540676593780518,0,0,30
Wine,best_rule,FOLD-RM (fit),Precision_Information_Gain,0.0,0.75,0.7437965869903564,0,0,30
Wine,best_rule,FOLD-RM (fit),Precision_Information_Gain,0.0,0.75,0.7630870342254639,0,0,30
Wine,best_rule,FOLD-RM (fit),Precision_Information_Gain,0.0,0.75,0.7697882652282715,0,0,30
Wine,best_rule,FOLD-RM (fit),Precision_Information_Gain,0.0,0.75,0.779066801071167,0,0,30
Wine,best_rule,FOLD-RM (fit),Precision_Information_Gain,0.0,0.75,0.779066801071167,0,0,30
Wine,best_rule,FOLD-RM (fit),Precision_Information_Gain,0.0,0.75,0.779066801071167,0,0,30
Wine,best_rule,FOLD-RM (fit),Precision_Information_Gain,0.0,0.75,0.790489673614502,0,0,30
Wine,best_rule,FOLD-RM (fit),Precision_Information_Gain,0.0,0.75,0.8034210205078125,0,0,30
Wine,best_rule,FOLD-RM (fit),Precision_Information_Gain,0.0,0.75,0.7943990230560303,0,0,30
Wine,best_rule,FOLD-RM (fit),Precision_Information_Gain,0.0,0.75,0.8026089668273926,0,0,30
Wine,best_rule,FOLD-RM (fit),Precision_Information_Gain,0.0,0.75,0.7992823123931885,0,0,30
Wine,best_rule,FOLD-RM (fit),Precision_Information_Gain,0.0,0.75,0.8113081455230713,0,0,30
Wine,best_rule,FOLD-RM (fit),Precision_Information_Gain,0.0,0.75,0.7961933612823486,0,0,30
Wine,best_rule,FOLD-RM (fit),Precision_Information_Gain,0.0,0.75,0.7971928119659424,0,0,30
Wine,best_rule,FOLD-RM (fit),Precision_Information_Gain,0.0,0.75,0.7900922298431396,0,0,30
Wine,best_rule,FOLD-RM (fit),Precision_Gini_Impurity,0.6388888888888888,0.7822425938249999,64.9259135723114,64,72,30
Wine,best_rule,FOLD-RM (fit),Precision_Gini_Impurity,0.5833333333333334,0.7581563567388888,65.40983510017395,48,51,30
Wine,best_rule,FOLD-RM (fit),Precision_Gini_Impurity,0.6388888888888888,0.7665087424111112,67.32711172103882,53,56,30
Wine,best_rule,FOLD-RM (fit),Precision_Gini_Impurity,0.6111111111111112,0.7662433975,67.65884351730347,57,59,30
Wine,best_rule,FOLD-RM (fit),Precision_Gini_Impurity,0.7222222222222222,0.7825680595,68.47503995895386,61,60,30
Wine,best_rule,FOLD-RM (fit),Precision_Gini_Impurity,0.5555555555555556,0.7603010080166667,69.14036798477173,56,59,30
Wine,best_rule,FOLD-RM (fit),Precision_Gini_Impurity,0.5833333333333334,0.7757077766638889,69.20071411132812,55,54,30
Wine,best_rule,FOLD-RM (fit),Precision_Gini_Impurity,0.6944444444444444,0.7889692812111111,69.41163396835327,55,60,30
Wine,best_rule,FOLD-RM (fit),Precision_Gini_Impurity,0.6388888888888888,0.777550451275,69.61062121391296,66,70,30
Wine,best_rule,FOLD-RM (fit),Precision_Gini_Impurity,0.75,0.7958663797416667,70.19384765625,47,47,30
Wine,best_rule,FOLD-RM (fit),Precision_Gini_Impurity,0.6111111111111112,0.7728597137222223,70.39878678321838,56,60,30
Wine,best_rule,FOLD-RM (fit),Precision_Gini_Impurity,0.6666666666666666,0.7845135779833333,71.00035524368286,58,56,30
Wine,best_rule,FOLD-RM (fit),Precision_Gini_Impurity,0.7777777777777778,0.7955840162972222,71.0530776977539,59,55,30
Wine,best_rule,FOLD-RM (fit),Precision_Gini_Impurity,0.6666666666666666,0.7740296909722222,71.47175765037537,59,62,30
Wine,best_rule,FOLD-RM (fit),Precision_Gini_Impurity,0.7777777777777778,0.80385082885,72.46961641311646,57,55,30
Wine,best_rule,FOLD-RM (fit),Precision_Gini_Impurity,0.6111111111111112,0.7663503443638889,72.97112703323364,55,53,30
Wine,best_rule,FOLD-RM (fit),Precision_Gini_Impurity,0.7777777777777778,0.8094380416444444,73.10567712783813,62,63,30
Wine,best_rule,FOLD-RM (fit),Precision_Gini_Impurity,0.4722222222222222,0.7340800615472223,73.17718052864075,59,64,30
Wine,best_rule,FOLD-RM (fit),Precision_Gini_Impurity,0.5555555555555556,0.7574996931277778,73.36165308952332,55,58,30
Wine,best_rule,FOLD-RM (fit),Precision_Gini_Impurity,0.4166666666666667,0.7258634583555554,73.41949725151062,60,57,30
Wine,best_rule,FOLD-RM (fit),Precision_Gini_Impurity,0.6388888888888888,0.7739944264972223,73.43204975128174,58,59,30
Wine,best_rule,FOLD-RM (fit),Precision_Gini_Impurity,0.6944444444444444,0.7788273210833333,73.56040573120117,52,52,30
Wine,best_rule,FOLD-RM (fit),Precision_Gini_Impurity,0.7222222222222222,0.7893673793555556,73.65914273262024,60,62,30
Wine,best_rule,FOLD-RM (fit),Precision_Gini_Impurity,0.6944444444444444,0.7826429737222222,73.70967936515808,60,64,30
Wine,best_rule,FOLD-RM (fit),Precision_Gini_Impurity,0.5833333333333334,0.7594727472638889,73.75504350662231,52,52,30
Wine,best_rule,FOLD-RM (fit),Precision_Gini_Impurity,0.7777777777777778,0.8101654593277778,73.92244553565979,56,53,30
Wine,best_rule,FOLD-RM (fit),Precision_Gini_Impurity,0.6666666666666666,0.7754241987916667,74.44548964500427,56,53,30
Wine,best_rule,FOLD-RM (fit),Precision_Gini_Impurity,0.6944444444444444,0.7746942024555555,74.46658062934875,53,54,30
Wine,best_rule,FOLD-RM (fit),Precision_Gini_Impurity,0.6666666666666666,0.7807471081444445,74.5025486946106,61,61,30
Wine,best_rule,FOLD-RM (fit),Precision_Gini_Impurity,0.75,0.7921718936666667,74.55946111679077,59,62,30
Wine,best_rule,CON-FOLD (confidence_fit),original,0.9166666666666666,0.9305372338972222,3.5391006469726562,6,6,30
Wine,best_rule,CON-FOLD (confidence_fit),original,0.9166666666666666,0.9534984077111112,4.468968629837036,6,7,30
Wine,best_rule,CON-FOLD (confidence_fit),original,0.8888888888888888,0.8961364257083333,5.629241943359375,6,6,30
Wine,best_rule,CON-FOLD (confidence_fit),original,0.9444444444444444,0.9540458697166667,5.680624961853027,7,7,30
Wine,best_rule,CON-FOLD (confidence_fit),original,0.9444444444444444,0.9473604769888889,5.712719440460205,6,6,30
Wine,best_rule,CON-FOLD (confidence_fit),original,0.8055555555555556,0.8285624310944445,5.796067237854004,7,8,30
Wine,best_rule,CON-FOLD (confidence_fit),original,0.8333333333333334,0.8371122277583334,5.90355920791626,7,8,30
Wine,best_rule,CON-FOLD (confidence_fit),original,0.9166666666666666,0.9344362713111112,6.00875997543335,7,7,30
Wine,best_rule,CON-FOLD (confidence_fit),original,0.9444444444444444,0.9415739183444445,5.999772787094116,6,6,30
Wine,best_rule,CON-FOLD (confidence_fit),original,1.0,0.987242435375,6.00875997543335,6,6,30
Wine,best_rule,CON-FOLD (confidence_fit),original,0.8611111111111112,0.8799079030722223,6.099762916564941,7,7,30
Wine,best_rule,CON-FOLD (confidence_fit),original,0.8888888888888888,0.9273904364416666,6.1664299964904785,9,9,30
Wine,best_rule,CON-FOLD (confidence_fit),original,0.8888888888888888,0.8973009510194444,6.184193134307861,7,7,30
Wine,best_rule,CON-FOLD (confidence_fit),original,0.9444444444444444,0.9402189267861111,6.199734210968018,6,6,30
Wine,best_rule,CON-FOLD (confidence_fit),original,0.9166666666666666,0.9356872220277778,6.26696252822876,9,11,30
Wine,best_rule,CON-FOLD (confidence_fit),original,0.9444444444444444,0.9428648812472222,6.6144859790802,7,7,30
Wine,best_rule,CON-FOLD (confidence_fit),original,0.9722222222222222,0.9585975665194445,6.873762845993042,9,10,30
Wine,best_rule,CON-FOLD (confidence_fit),original,0.8888888888888888,0.9012530851861111,7.00564980506897,9,9,30
Wine,best_rule,CON-FOLD (confidence_fit),original,1.0,0.9928827116833333,7.068232536315918,8,9,30
Wine,best_rule,CON-FOLD (confidence_fit),original,0.9166666666666666,0.9216658981444444,7.083067178726196,8,9,30
Wine,best_rule,CON-FOLD (confidence_fit),original,0.9166666666666666,0.9367520675361112,7.146721839904785,8,9,30
Wine,best_rule,CON-FOLD (confidence_fit),original,0.8888888888888888,0.8920894207083333,7.169558048248291,8,9,30
Wine,best_rule,CON-FOLD (confidence_fit),original,0.9722222222222222,0.9698909234166666,7.234114646911621,9,10,30
Wine,best_rule,CON-FOLD (confidence_fit),original,1.0,0.9878038292361111,7.234531402587891,8,9,30
Wine,best_rule,CON-FOLD (confidence_fit),original,0.9444444444444444,0.9459110489833333,7.2460246086120605,9,9,30
Wine,best_rule,CON-FOLD (confidence_fit),original,0.9444444444444444,0.9486893022805556,7.296132802963257,7,8,30
Wine,best_rule,CON-FOLD (confidence_fit),original,0.8611111111111112,0.8671960698944445,7.293631076812744,8,8,30
Wine,best_rule,CON-FOLD (confidence_fit),original,0.8611111111111112,0.9068793939666666,7.35255765914917,8,9,30
Wine,best_rule,CON-FOLD (confidence_fit),original,0.9722222222222222,0.9703153798222223,7.450920581817627,8,9,30
Wine,best_rule,CON-FOLD (confidence_fit),original,0.9444444444444444,0.9467695548833334,7.471418857574463,9,10,30
Wine,best_rule,CON-FOLD (confidence_fit),information_gain,0.3611111111111111,0.8357074652777777,0.7912464141845703,2,2,30
Wine,best_rule,CON-FOLD (confidence_fit),information_gain,0.3611111111111111,0.8342491319444444,1.2849245071411133,2,2,30
Wine,best_rule,CON-FOLD (confidence_fit),information_gain,0.2777777777777778,0.7915493967472222,1.9439268112182617,3,3,30
Wine,best_rule,CON-FOLD (confidence_fit),information_gain,0.25,0.771611504,2.060391426086426,3,3,30
Wine,best_rule,CON-FOLD (confidence_fit),information_gain,0.3055555555555556,0.8077508379222221,2.091799736022949,2,2,30
Wine,best_rule,CON-FOLD (confidence_fit),information_gain,0.25,0.7876106853222222,2.1229982376098633,3,3,30
Wine,best_rule,CON-FOLD (confidence_fit),information_gain,0.3055555555555556,0.8228814229000001,2.143568277359009,2,2,30
Wine,best_rule,CON-FOLD (confidence_fit),information_gain,0.8888888888888888,0.8843116801722222,2.2165722846984863,6,6,30
Wine,best_rule,CON-FOLD (confidence_fit),information_gain,1.0,0.9834049214472222,2.230412721633911,7,7,30
Wine,best_rule,CON-FOLD (confidence_fit),information_gain,0.6111111111111112,0.8191128844111111,2.26521635055542,5,5,30
Wine,best_rule,CON-FOLD (confidence_fit),information_gain,0.2777777777777778,0.8164023270833333,2.2779316902160645,2,2,30
Wine,best_rule,CON-FOLD (confidence_fit),information_gain,0.2222222222222222,0.7980695843805555,2.433372735977173,2,2,30
Wine,best_rule,CON-FOLD (confidence_fit),information_gain,0.2222222222222222,0.7980695843805555,2.4780454635620117,2,2,30
Wine,best_rule,CON-FOLD (confidence_fit),information_gain,0.19444444444444445,0.7841701278333333,2.495603561401367,4,4,30
Wine,best_rule,CON-FOLD (confidence_fit),information_gain,0.19444444444444445,0.7967501399361111,2.517730236053467,2,2,30
Wine,best_rule,CON-FOLD (confidence_fit),information_gain,0.16666666666666666,0.7742954972444445,2.517730236053467,2,2,30
Wine,best_rule,CON-FOLD (confidence_fit),information_gain,0.9722222222222222,0.9543755796111111,2.5412397384643555,7,7,30
Wine,best_rule,CON-FOLD (confidence_fit),information_gain,0.3055555555555556,0.8024305555555555,2.5517418384552,2,2,30
Wine,best_rule,CON-FOLD (confidence_fit),information_gain,0.2222222222222222,0.7848329075444443,2.5407590866088867,3,3,30
Wine,best_rule,CON-FOLD (confidence_fit),information_gain,0.9722222222222222,0.9545159623555556,2.572457790374756,7,7,30
Wine,best_rule,CON-FOLD (confidence_fit),information_gain,0.2777777777777778,0.809746322886111,2.56166672706604,3,3,30
Wine,best_rule,CON-FOLD (confidence_fit),information_gain,0.9166666666666666,0.9179058149555556,2.588038682937622,7,7,30
Wine,best_rule,CON-FOLD (confidence_fit),information_gain,0.3055555555555556,0.809310604525,2.648745536804199,4,4,30
Wine,best_rule,CON-FOLD (confidence_fit),information_gain,0.3055555555555556,0.809310604525,2.639705181121826,4,4,30
Wine,best_rule,CON-FOLD (confidence_fit),information_gain,0.9166666666666666,0.9058821078361111,2.6439709663391113,7,7,30
Wine,best_rule,CON-FOLD (confidence_fit),information_gain,0.5277777777777778,0.8384385014055555,2.6708731651306152,5,5,30
Wine,best_rule,CON-FOLD (confidence_fit),information_gain,0.9444444444444444,0.9354504119583333,2.7054412364959717,7,7,30
Wine,best_rule,CON-FOLD (confidence_fit),information_gain,0.8611111111111112,0.8962063967222221,2.7566025257110596,6,6,30
Wine,best_rule,CON-FOLD (confidence_fit),information_gain,0.9444444444444444,0.9605497373472223,2.793623447418213,9,9,30
Wine,best_rule,CON-FOLD (confidence_fit),information_gain,0.9444444444444444,0.9420035581694445,2.810671329498291,8,8,30
Wine,best_rule,CON-FOLD (confidence_fit),Gini_Impurity,0.0,0.75,7.23995566368103,1,4,30
Wine,best_rule,CON-FOLD (confidence_fit),Gini_Impurity,0.0,0.75,9.157557725906372,1,4,30
Wine,best_rule,CON-FOLD (confidence_fit),Gini_Impurity,0.0,0.75,9.862300872802734,1,3,30
Wine,best_rule,CON-FOLD (confidence_fit),Gini_Impurity,0.0,0.75,11.56624460220337,3,9,30
Wine,best_rule,CON-FOLD (confidence_fit),Gini_Impurity,0.027777777777777776,0.7513194444444444,11.946579217910767,3,8,30
Wine,best_rule,CON-FOLD (confidence_fit),Gini_Impurity,0.0,0.75,12.592211246490479,2,12,30
Wine,best_rule,CON-FOLD (confidence_fit),Gini_Impurity,0.0,0.75,13.77425479888916,2,5,30
Wine,best_rule,CON-FOLD (confidence_fit),Gini_Impurity,0.0,0.75,17.482765913009644,3,9,30
Wine,best_rule,CON-FOLD (confidence_fit),Gini_Impurity,0.0,0.7485416666666667,20.470690488815308,5,14,30
Wine,best_rule,CON-FOLD (confidence_fit),Gini_Impurity,0.0,0.75,20.932124853134155,4,20,30
Wine,best_rule,CON-FOLD (confidence_fit),Gini_Impurity,0.0,0.75,25.718541860580444,5,16,30
Wine,best_rule,CON-FOLD (confidence_fit),Gini_Impurity,0.0,0.75,28.27156090736389,10,28,30
Wine,best_rule,CON-FOLD (confidence_fit),Gini_Impurity,0.027777777777777776,0.7513194444444444,29.779694318771362,10,24,30
Wine,best_rule,CON-FOLD (confidence_fit),Gini_Impurity,0.08333333333333333,0.7539583333333334,31.40196681022644,7,23,30
Wine,best_rule,CON-FOLD (confidence_fit),Gini_Impurity,0.05555555555555555,0.7526388888888889,34.24499773979187,11,31,30
Wine,best_rule,CON-FOLD (confidence_fit),Gini_Impurity,0.08333333333333333,0.7525,34.423630237579346,7,26,30
Wine,best_rule,CON-FOLD (confidence_fit),Gini_Impurity,0.05555555555555555,0.7526388888888889,35.01711463928223,11,35,30
Wine,best_rule,CON-FOLD (confidence_fit),Gini_Impurity,0.0,0.75,35.511627435684204,8,28,30
Wine,best_rule,CON-FOLD (confidence_fit),Gini_Impurity,0.05555555555555555,0.7511805555555555,36.382193088531494,13,40,30
Wine,best_rule,CON-FOLD (confidence_fit),Gini_Impurity,0.0,0.75,37.47229599952698,11,34,30
Wine,best_rule,CON-FOLD (confidence_fit),Gini_Impurity,0.08333333333333333,0.7539583333333333,38.99489879608154,13,43,30
Wine,best_rule,CON-FOLD (confidence_fit),Gini_Impurity,0.027777777777777776,0.7513194444444444,39.03226709365845,14,45,30
Wine,best_rule,CON-FOLD (confidence_fit),Gini_Impurity,0.027777777777777776,0.7498611111111111,39.078200578689575,10,42,30
Wine,best_rule,CON-FOLD (confidence_fit),Gini_Impurity,0.1111111111111111,0.7552777777777777,40.67816233634949,15,45,30
Wine,best_rule,CON-FOLD (confidence_fit),Gini_Impurity,0.027777777777777776,0.7513194444444444,40.73548197746277,12,37,30
Wine,best_rule,CON-FOLD (confidence_fit),Gini_Impurity,0.027777777777777776,0.7513194444444444,41.40143036842346,14,41,30
Wine,best_rule,CON-FOLD (confidence_fit),Gini_Impurity,0.027777777777777776,0.751109266975,42.08406066894531,15,49,30
Wine,best_rule,CON-FOLD (confidence_fit),Gini_Impurity,0.0,0.7485416666666667,42.59748435020447,14,47,30
Wine,best_rule,CON-FOLD (confidence_fit),Gini_Impurity,0.027777777777777776,0.7513194444444444,42.81204128265381,12,40,30
Wine,best_rule,CON-FOLD (confidence_fit),Gini_Impurity,0.08333333333333333,0.7525,43.608121156692505,21,62,30
Wine,best_rule,CON-FOLD (confidence_fit),Precision_Information_Gain,0.0,0.75,0.517080545425415,0,0,30
Wine,best_rule,CON-FOLD (confidence_fit),Precision_Information_Gain,0.0,0.75,0.5399353504180908,0,0,30
Wine,best_rule,CON-FOLD (confidence_fit),Precision_Information_Gain,0.0,0.75,0.5553805828094482,0,0,30
Wine,best_rule,CON-FOLD (confidence_fit),Precision_Information_Gain,0.0,0.75,0.5634372234344482,0,0,30
Wine,best_rule,CON-FOLD (confidence_fit),Precision_Information_Gain,0.0,0.75,0.5865280628204346,0,0,30
Wine,best_rule,CON-FOLD (confidence_fit),Precision_Information_Gain,0.0,0.75,0.6094210147857666,0,0,30
Wine,best_rule,CON-FOLD (confidence_fit),Precision_Information_Gain,0.0,0.75,0.615581750869751,0,0,30
Wine,best_rule,CON-FOLD (confidence_fit),Precision_Information_Gain,0.0,0.75,0.6338295936584473,0,0,30
Wine,best_rule,CON-FOLD (confidence_fit),Precision_Information_Gain,0.0,0.75,0.6453962326049805,0,0,30
Wine,best_rule,CON-FOLD (confidence_fit),Precision_Information_Gain,0.0,0.75,0.6529824733734131,0,0,30
Wine,best_rule,CON-FOLD (confidence_fit),Precision_Information_Gain,0.0,0.75,0.6834895610809326,0,0,30
Wine,best_rule,CON-FOLD (confidence_fit),Precision_Information_Gain,0.0,0.75,0.6869807243347168,0,0,30
Wine,best_rule,CON-FOLD (confidence_fit),Precision_Information_Gain,0.0,0.75,0.7099442481994629,0,0,30
Wine,best_rule,CON-FOLD (confidence_fit),Precision_Information_Gain,0.0,0.75,0.7651581764221191,0,0,30
Wine,best_rule,CON-FOLD (confidence_fit),Precision_Information_Gain,0.0,0.75,0.7716522216796875,0,0,30
Wine,best_rule,CON-FOLD (confidence_fit),Precision_Information_Gain,0.0,0.75,0.7776532173156738,0,0,30
Wine,best_rule,CON-FOLD (confidence_fit),Precision_Information_Gain,0.0,0.75,0.8081679344177246,0,0,30
Wine,best_rule,CON-FOLD (confidence_fit),Precision_Information_Gain,0.0,0.75,0.8089189529418945,0,0,30
Wine,best_rule,CON-FOLD (confidence_fit),Precision_Information_Gain,0.0,0.75,0.8036594390869141,0,0,30
Wine,best_rule,CON-FOLD (confidence_fit),Precision_Information_Gain,0.0,0.75,0.8201470375061035,0,0,30
Wine,best_rule,CON-FOLD (confidence_fit),Precision_Information_Gain,0.0,0.75,0.8341696262359619,0,0,30
Wine,best_rule,CON-FOLD (confidence_fit),Precision_Information_Gain,0.0,0.75,0.8211469650268555,0,0,30
Wine,best_rule,CON-FOLD (confidence_fit),Precision_Information_Gain,0.0,0.75,0.837923526763916,0,0,30
Wine,best_rule,CON-FOLD (confidence_fit),Precision_Information_Gain,0.0,0.75,0.8427536487579346,0,0,30
Wine,best_rule,CON-FOLD (confidence_fit),Precision_Information_Gain,0.0,0.75,0.8562650680541992,0,0,30
Wine,best_rule,CON-FOLD (confidence_fit),Precision_Information_Gain,0.0,0.75,0.8691387176513672,0,0,30
Wine,best_rule,CON-FOLD (confidence_fit),Precision_Information_Gain,0.0,0.75,0.8839805126190186,0,0,30
Wine,best_rule,CON-FOLD (confidence_fit),Precision_Information_Gain,0.0,0.75,0.8945467472076416,0,0,30
Wine,best_rule,CON-FOLD (confidence_fit),Precision_Information_Gain,0.0,0.75,0.892547607421875,0,0,30
Wine,best_rule,CON-FOLD (confidence_fit),Precision_Information_Gain,0.0,0.75,0.8895461559295654,0,0,30
Wine,best_rule,CON-FOLD (confidence_fit),Precision_Gini_Impurity,0.6666666666666666,0.7808196801388889,57.045098304748535,49,53,30
Wine,best_rule,CON-FOLD (confidence_fit),Precision_Gini_Impurity,0.5277777777777778,0.7599784485000001,63.01215410232544,51,51,30
Wine,best_rule,CON-FOLD (confidence_fit),Precision_Gini_Impurity,0.6111111111111112,0.769170796975,63.54358458518982,55,55,30
Wine,best_rule,CON-FOLD (confidence_fit),Precision_Gini_Impurity,0.6944444444444444,0.7918344681749999,63.74861693382263,58,61,30
Wine,best_rule,CON-FOLD (confidence_fit),Precision_Gini_Impurity,0.5833333333333334,0.7661776821888889,64.29239249229431,53,56,30
Wine,best_rule,CON-FOLD (confidence_fit),Precision_Gini_Impurity,0.5833333333333334,0.7641864422861112,66.47815370559692,60,59,30
Wine,best_rule,CON-FOLD (confidence_fit),Precision_Gini_Impurity,0.6388888888888888,0.7723865098666667,66.5120644569397,62,61,30
Wine,best_rule,CON-FOLD (confidence_fit),Precision_Gini_Impurity,0.6111111111111112,0.7643758321305556,67.37681031227112,58,57,30
Wine,best_rule,CON-FOLD (confidence_fit),Precision_Gini_Impurity,0.5277777777777778,0.7521580529111112,67.43830275535583,57,61,30
Wine,best_rule,CON-FOLD (confidence_fit),Precision_Gini_Impurity,0.5,0.7376471071944445,67.49955606460571,58,61,30
Wine,best_rule,CON-FOLD (confidence_fit),Precision_Gini_Impurity,0.6666666666666666,0.7923970021527778,67.62281370162964,67,72,30
Wine,best_rule,CON-FOLD (confidence_fit),Precision_Gini_Impurity,0.5277777777777778,0.7487842198944444,67.6229178905487,60,64,30
Wine,best_rule,CON-FOLD (confidence_fit),Precision_Gini_Impurity,0.7222222222222222,0.7888842533694445,67.66340947151184,57,60,30
Wine,best_rule,CON-FOLD (confidence_fit),Precision_Gini_Impurity,0.5277777777777778,0.7501441776055556,67.82671165466309,60,62,30
Wine,best_rule,CON-FOLD (confidence_fit),Precision_Gini_Impurity,0.7222222222222222,0.7870573740750001,67.89333534240723,50,51,30
Wine,best_rule,CON-FOLD (confidence_fit),Precision_Gini_Impurity,0.6111111111111112,0.7831747670888889,68.06072306632996,53,53,30
Wine,best_rule,CON-FOLD (confidence_fit),Precision_Gini_Impurity,0.5555555555555556,0.7544341273222221,68.13564896583557,56,62,30
Wine,best_rule,CON-FOLD (confidence_fit),Precision_Gini_Impurity,0.4444444444444444,0.7397484721361112,68.19781255722046,50,58,30
Wine,best_rule,CON-FOLD (confidence_fit),Precision_Gini_Impurity,0.8055555555555556,0.8013479732111112,68.29015588760376,58,64,30
Wine,best_rule,CON-FOLD (confidence_fit),Precision_Gini_Impurity,0.7222222222222222,0.7973425856722222,68.64339208602905,57,60,30
Wine,best_rule,CON-FOLD (confidence_fit),Precision_Gini_Impurity,0.6666666666666666,0.7817156200944445,68.76598000526428,53,57,30
Wine,best_rule,CON-FOLD (confidence_fit),Precision_Gini_Impurity,0.7222222222222222,0.7826468718138889,68.98511958122253,67,67,30
Wine,best_rule,CON-FOLD (confidence_fit),Precision_Gini_Impurity,0.6388888888888888,0.764696008313889,69.03374457359314,57,56,30
Wine,best_rule,CON-FOLD (confidence_fit),Precision_Gini_Impurity,0.5833333333333334,0.7746170203472222,69.1096351146698,54,57,30
Wine,best_rule,CON-FOLD (confidence_fit),Precision_Gini_Impurity,0.6111111111111112,0.7602694961472223,69.12603807449341,60,63,30
Wine,best_rule,CON-FOLD (confidence_fit),Precision_Gini_Impurity,0.6388888888888888,0.7769441663472222,69.41531801223755,58,54,30
Wine,best_rule,CON-FOLD (confidence_fit),Precision_Gini_Impurity,0.75,0.786472130738889,69.52728986740112,62,69,30
Wine,best_rule,CON-FOLD (confidence_fit),Precision_Gini_Impurity,0.6944444444444444,0.7769675063750001,69.6820318698883,61,60,30
Wine,best_rule,CON-FOLD (confidence_fit),Precision_Gini_Impurity,0.6111111111111112,0.7589031737944445,69.93129277229309,66,68,30
Wine,best_rule,CON-FOLD (confidence_fit),Precision_Gini_Impurity,0.6666666666666666,0.7785478692527779,70.0263192653656,68,75,30
Wine,info_gain,FOLD-RM (fit),original,0.9444444444444444,0.9550145027777778,0.8856029510498047,8,8,30
Wine,info_gain,FOLD-RM (fit),original,0.8333333333333334,0.850485617036111,0.9790070056915283,8,8,30
Wine,info_gain,FOLD-RM (fit),original,0.9722222222222222,0.9658096960611111,1.1227710247039795,7,8,30
Wine,info_gain,FOLD-RM (fit),original,0.8611111111111112,0.872696181125,1.1380085945129395,8,8,30
Wine,info_gain,FOLD-RM (fit),original,0.9444444444444444,0.959440110325,1.1741080284118652,8,8,30
Wine,info_gain,FOLD-RM (fit),original,1.0,0.9866738227111111,1.2770345211029053,8,8,30
Wine,info_gain,FOLD-RM (fit),original,0.9722222222222222,0.9724780781777778,1.2838678359985352,8,8,30
Wine,info_gain,FOLD-RM (fit),original,0.9166666666666666,0.9502220998583333,1.2718663215637207,7,7,30
Wine,info_gain,FOLD-RM (fit),original,1.0,0.9914831360222223,1.4008967876434326,9,9,30
Wine,info_gain,FOLD-RM (fit),original,0.8888888888888888,0.920129050436111,1.4248535633087158,8,8,30
Wine,info_gain,FOLD-RM (fit),original,0.9722222222222222,0.9708896398666667,1.488093376159668,8,8,30
Wine,info_gain,FOLD-RM (fit),original,0.8888888888888888,0.8965959460388888,1.545325756072998,7,7,30
Wine,info_gain,FOLD-RM (fit),original,0.9166666666666666,0.915949784975,1.555654525756836,7,7,30
Wine,info_gain,FOLD-RM (fit),original,0.8888888888888888,0.9120670141194445,1.5596961975097656,7,8,30
Wine,info_gain,FOLD-RM (fit),original,0.9166666666666666,0.9472765766916666,1.586667776107788,6,6,30
Wine,info_gain,FOLD-RM (fit),original,0.9166666666666666,0.9306619776111111,1.578174352645874,9,8,30
Wine,info_gain,FOLD-RM (fit),original,0.8888888888888888,0.9148809139194444,1.574173927307129,7,7,30
Wine,info_gain,FOLD-RM (fit),original,0.9444444444444444,0.9352499964444445,1.5832760334014893,8,8,30
Wine,info_gain,FOLD-RM (fit),original,0.8611111111111112,0.9065191225916667,1.5884442329406738,7,7,30
Wine,info_gain,FOLD-RM (fit),original,0.9444444444444444,0.9547122140361111,1.6023330688476562,7,7,30
Wine,info_gain,FOLD-RM (fit),original,0.8888888888888888,0.9065515379416667,1.6023330688476562,6,6,30
Wine,info_gain,FOLD-RM (fit),original,0.9722222222222222,0.9660296595666666,1.62815523147583,9,9,30
Wine,info_gain,FOLD-RM (fit),original,0.9166666666666666,0.9286181463583334,1.6258366107940674,7,7,30
Wine,info_gain,FOLD-RM (fit),original,0.9444444444444444,0.9466520160805556,1.6293408870697021,7,7,30
Wine,info_gain,FOLD-RM (fit),original,0.9722222222222222,0.9692107682722222,1.644669532775879,7,7,30
Wine,info_gain,FOLD-RM (fit),original,1.0,0.9803209087472222,1.6075012683868408,8,8,30
Wine,info_gain,FOLD-RM (fit),original,0.9166666666666666,0.926291736375,1.6549241542816162,8,8,30
Wine,info_gain,FOLD-RM (fit),original,0.9444444444444444,0.9526829369611112,1.6512115001678467,8,9,30
Wine,info_gain,FOLD-RM (fit),original,0.9444444444444444,0.9464706633888889,1.6178300380706787,7,7,30
Wine,info_gain,FOLD-RM (fit),original,0.9722222222222222,0.9616370150916667,1.5970709323883057,7,7,30
Wine,info_gain,FOLD-RM (fit),information_gain,0.9166666666666666,0.9232703370583333,0.30766868591308594,8,8,30
Wine,info_gain,FOLD-RM (fit),information_gain,0.9444444444444444,0.9454290625277778,0.440765380859375,8,8,30
Wine,info_gain,FOLD-RM (fit),information_gain,0.9722222222222222,0.9574355906277778,0.5297205448150635,7,7,30
Wine,info_gain,FOLD-RM (fit),information_gain,0.9444444444444444,0.9418886147944445,0.6340279579162598,7,7,30
Wine,info_gain,FOLD-RM (fit),information_gain,0.9444444444444444,0.9506346358277777,0.638582706451416,7,7,30
Wine,info_gain,FOLD-RM (fit),information_gain,0.9722222222222222,0.9577424565527778,0.6797120571136475,8,8,30
Wine,info_gain,FOLD-RM (fit),information_gain,0.9722222222222222,0.9577653160194445,0.7210032939910889,7,7,30
Wine,info_gain,FOLD-RM (fit),information_gain,0.8888888888888888,0.91147677985,0.7187089920043945,7,7,30
Wine,info_gain,FOLD-RM (fit),information_gain,0.9166666666666666,0.9278186602,0.7491776943206787,6,6,30
Wine,info_gain,FOLD-RM (fit),information_gain,0.9444444444444444,0.9608486755,0.7719879150390625,7,7,30
Wine,info_gain,FOLD-RM (fit),information_gain,0.9722222222222222,0.967740297825,0.7729802131652832,8,8,30
Wine,info_gain,FOLD-RM (fit),information_gain,0.9444444444444444,0.9464746175805556,0.8230535984039307,8,8,30
Wine,info_gain,FOLD-RM (fit),information_gain,0.9722222222222222,0.9576240127527778,0.8332951068878174,8,8,30
Wine,info_gain,FOLD-RM (fit),information_gain,0.9722222222222222,0.9674149186638888,0.8496265411376953,8,8,30
Wine,info_gain,FOLD-RM (fit),information_gain,0.9722222222222222,0.9556752679833334,0.8842175006866455,7,7,30
Wine,info_gain,FOLD-RM (fit),information_gain,0.9166666666666666,0.9154381437555555,0.9054610729217529,8,8,30
Wine,info_gain,FOLD-RM (fit),information_gain,0.9444444444444444,0.9410164611666667,0.9230310916900635,7,7,30
Wine,info_gain,FOLD-RM (fit),information_gain,0.9444444444444444,0.9492423684638889,0.9462883472442627,7,7,30
Wine,info_gain,FOLD-RM (fit),information_gain,0.9444444444444444,0.9463430939166667,0.976879358291626,7,7,30
Wine,info_gain,FOLD-RM (fit),information_gain,1.0,0.9911900332944444,0.9790952205657959,8,8,30
Wine,info_gain,FOLD-RM (fit),information_gain,0.9722222222222222,0.9514956104361111,0.9757192134857178,8,8,30
Wine,info_gain,FOLD-RM (fit),information_gain,1.0,0.9893993303055556,0.9972662925720215,8,8,30
Wine,info_gain,FOLD-RM (fit),information_gain,0.9444444444444444,0.9381699760111111,1.0176005363464355,7,7,30
Wine,info_gain,FOLD-RM (fit),information_gain,0.9444444444444444,0.9424350231805555,1.0186424255371094,7,7,30
Wine,info_gain,FOLD-RM (fit),information_gain,0.9444444444444444,0.9537750358,1.0166077613830566,7,7,30
Wine,info_gain,FOLD-RM (fit),information_gain,0.9444444444444444,0.9494679610444444,1.0483129024505615,7,7,30
Wine,info_gain,FOLD-RM (fit),information_gain,0.9722222222222222,0.9676280735,1.0343334674835205,8,8,30
Wine,info_gain,FOLD-RM (fit),information_gain,0.9444444444444444,0.9429011098888889,1.0643806457519531,8,8,30
Wine,info_gain,FOLD-RM (fit),information_gain,0.9722222222222222,0.957287001,1.07761812210083,7,7,30
Wine,info_gain,FOLD-RM (fit),information_gain,0.9722222222222222,0.9778508316888889,1.0803499221801758,8,8,30
Wine,info_gain,FOLD-RM (fit),Gini_Impurity,0.0,0.75,1.936652660369873,0,0,30
Wine,info_gain,FOLD-RM (fit),Gini_Impurity,0.0,0.75,2.3027729988098145,1,4,30
Wine,info_gain,FOLD-RM (fit),Gini_Impurity,0.0,0.75,2.7721030712127686,1,3,30
Wine,info_gain,FOLD-RM (fit),Gini_Impurity,0.0,0.75,3.829218864440918,2,7,30
Wine,info_gain,FOLD-RM (fit),Gini_Impurity,0.0,0.75,5.040143251419067,2,9,30
Wine,info_gain,FOLD-RM (fit),Gini_Impurity,0.0,0.75,5.478105068206787,1,3,30
Wine,info_gain,FOLD-RM (fit),Gini_Impurity,0.0,0.75,5.860163688659668,4,14,30
Wine,info_gain,FOLD-RM (fit),Gini_Impurity,0.0,0.75,6.097496032714844,4,11,30
Wine,info_gain,FOLD-RM (fit),Gini_Impurity,0.0,0.75,6.111597776412964,3,9,30
Wine,info_gain,FOLD-RM (fit),Gini_Impurity,0.0,0.75,7.15733003616333,1,3,30
Wine,info_gain,FOLD-RM (fit),Gini_Impurity,0.0,0.75,7.287824392318726,4,15,30
Wine,info_gain,FOLD-RM (fit),Gini_Impurity,0.027777777777777776,0.7513194444444444,7.310355186462402,6,12,30
Wine,info_gain,FOLD-RM (fit),Gini_Impurity,0.0,0.75,7.858119964599609,6,20,30
Wine,info_gain,FOLD-RM (fit),Gini_Impurity,0.0,0.75,8.452824831008911,3,15,30
Wine,info_gain,FOLD-RM (fit),Gini_Impurity,0.027777777777777776,0.7513194444444444,9.036491632461548,3,8,30
Wine,info_gain,FOLD-RM (fit),Gini_Impurity,0.0,0.75,9.201899290084839,5,15,30
Wine,info_gain,FOLD-RM (fit),Gini_Impurity,0.0,0.75,10.15251874923706,6,14,30
Wine,info_gain,FOLD-RM (fit),Gini_Impurity,0.027777777777777776,0.7513194444444444,11.929255485534668,7,19,30
Wine,info_gain,FOLD-RM (fit),Gini_Impurity,0.027777777777777776,0.7513194444444444,11.95515251159668,6,20,30
Wine,info_gain,FOLD-RM (fit),Gini_Impurity,0.027777777777777776,0.7513194444444444,12.252546787261963,9,25,30
Wine,info_gain,FOLD-RM (fit),Gini_Impurity,0.0,0.75,12.390951871871948,6,20,30
Wine,info_gain,FOLD-RM (fit),Gini_Impurity,0.027777777777777776,0.7498611111111111,13.022820234298706,8,28,30
Wine,info_gain,FOLD-RM (fit),Gini_Impurity,0.05555555555555555,0.7511805555555555,13.33020305633545,6,23,30
Wine,info_gain,FOLD-RM (fit),Gini_Impurity,0.027777777777777776,0.7469444444444444,14.264042854309082,10,37,30
Wine,info_gain,FOLD-RM (fit),Gini_Impurity,0.0,0.7485416666666667,14.691484451293945,14,39,30
Wine,info_gain,FOLD-RM (fit),Gini_Impurity,0.0,0.75,15.11672306060791,12,40,30
Wine,info_gain,FOLD-RM (fit),Gini_Impurity,0.027777777777777776,0.7513194444444444,15.909384489059448,9,32,30
Wine,info_gain,FOLD-RM (fit),Gini_Impurity,0.0,0.75,16.047342777252197,15,50,30
Wine,info_gain,FOLD-RM (fit),Gini_Impurity,0.027777777777777776,0.7513194444444444,17.648465156555176,18,63,30
Wine,info_gain,FOLD-RM (fit),Gini_Impurity,0.0,0.75,17.90994882583618,17,63,30
Wine,info_gain,FOLD-RM (fit),Precision_Information_Gain,0.0,0.75,0.1363382339477539,0,0,30
Wine,info_gain,FOLD-RM (fit),Precision_Information_Gain,0.0,0.75,0.19541692733764648,0,0,30
Wine,info_gain,FOLD-RM (fit),Precision_Information_Gain,0.0,0.75,0.20348834991455078,0,0,30
Wine,info_gain,FOLD-RM (fit),Precision_Information_Gain,0.0,0.75,0.25075745582580566,0,0,30
Wine,info_gain,FOLD-RM (fit),Precision_Information_Gain,0.0,0.75,0.25730276107788086,0,0,30
Wine,info_gain,FOLD-RM (fit),Precision_Information_Gain,0.0,0.75,0.3195302486419678,0,0,30
Wine,info_gain,FOLD-RM (fit),Precision_Information_Gain,0.0,0.75,0.3345019817352295,0,0,30
Wine,info_gain,FOLD-RM (fit),Precision_Information_Gain,0.0,0.75,0.3643209934234619,0,0,30
Wine,info_gain,FOLD-RM (fit),Precision_Information_Gain,0.0,0.75,0.38100624084472656,0,0,30
Wine,info_gain,FOLD-RM (fit),Precision_Information_Gain,0.0,0.75,0.39150428771972656,0,0,30
Wine,info_gain,FOLD-RM (fit),Precision_Information_Gain,0.0,0.75,0.40181922912597656,0,0,30
Wine,info_gain,FOLD-RM (fit),Precision_Information_Gain,0.0,0.75,0.4303853511810303,0,0,30
Wine,info_gain,FOLD-RM (fit),Precision_Information_Gain,0.0,0.75,0.4444162845611572,0,0,30
Wine,info_gain,FOLD-RM (fit),Precision_Information_Gain,0.0,0.75,0.4485805034637451,0,0,30
Wine,info_gain,FOLD-RM (fit),Precision_Information_Gain,0.0,0.75,0.4551241397857666,0,0,30
Wine,info_gain,FOLD-RM (fit),Precision_Information_Gain,0.0,0.75,0.45812416076660156,0,0,30
Wine,info_gain,FOLD-RM (fit),Precision_Information_Gain,0.0,0.75,0.45878028869628906,0,0,30
Wine,info_gain,FOLD-RM (fit),Precision_Information_Gain,0.0,0.75,0.46290087699890137,0,0,30
Wine,info_gain,FOLD-RM (fit),Precision_Information_Gain,0.0,0.75,0.4845845699310303,0,0,30
Wine,info_gain,FOLD-RM (fit),Precision_Information_Gain,0.0,0.75,0.4876220226287842,0,0,30
Wine,info_gain,FOLD-RM (fit),Precision_Information_Gain,0.0,0.75,0.5065739154815674,0,0,30
Wine,info_gain,FOLD-RM (fit),Precision_Information_Gain,0.0,0.75,0.5082380771636963,0,0,30
Wine,info_gain,FOLD-RM (fit),Precision_Information_Gain,0.0,0.75,0.521681547164917,0,0,30
Wine,info_gain,FOLD-RM (fit),Precision_Information_Gain,0.0,0.75,0.5225048065185547,0,0,30
Wine,info_gain,FOLD-RM (fit),Precision_Information_Gain,0.0,0.75,0.5406303405761719,0,0,30
Wine,info_gain,FOLD-RM (fit),Precision_Information_Gain,0.0,0.75,0.5406594276428223,0,0,30
Wine,info_gain,FOLD-RM (fit),Precision_Information_Gain,0.0,0.75,0.5314998626708984,0,0,30
Wine,info_gain,FOLD-RM (fit),Precision_Information_Gain,0.0,0.75,0.5404551029205322,0,0,30
Wine,info_gain,FOLD-RM (fit),Precision_Information_Gain,0.0,0.75,0.5390059947967529,0,0,30
Wine,info_gain,FOLD-RM (fit),Precision_Information_Gain,0.0,0.75,0.5390059947967529,0,0,30
Wine,info_gain,FOLD-RM (fit),Precision_Gini_Impurity,0.5,0.750662864325,14.377919673919678,57,56,30
Wine,info_gain,FOLD-RM (fit),Precision_Gini_Impurity,0.7222222222222222,0.8092300115527777,16.870113849639893,52,56,30
Wine,info_gain,FOLD-RM (fit),Precision_Gini_Impurity,0.5277777777777778,0.754239510925,18.136765480041504,52,54,30
Wine,info_gain,FOLD-RM (fit),Precision_Gini_Impurity,0.75,0.7910004538027778,19.000336170196533,61,66,30
Wine,info_gain,FOLD-RM (fit),Precision_Gini_Impurity,0.6388888888888888,0.7710522658805555,19.5859158039093,58,60,30
Wine,info_gain,FOLD-RM (fit),Precision_Gini_Impurity,0.5833333333333334,0.7760161374333333,19.969921588897705,53,53,30
Wine,info_gain,FOLD-RM (fit),Precision_Gini_Impurity,0.6388888888888888,0.7842608627666667,20.18404483795166,62,59,30
Wine,info_gain,FOLD-RM (fit),Precision_Gini_Impurity,0.6944444444444444,0.8006425075916667,20.40265464782715,60,68,30
Wine,info_gain,FOLD-RM (fit),Precision_Gini_Impurity,0.5833333333333334,0.7576159662444445,20.81006097793579,53,51,30
Wine,info_gain,FOLD-RM (fit),Precision_Gini_Impurity,0.6388888888888888,0.7690750196916667,20.837886333465576,55,57,30
Wine,info_gain,FOLD-RM (fit),Precision_Gini_Impurity,0.6111111111111112,0.7686775215,21.083255290985107,63,64,30
Wine,info_gain,FOLD-RM (fit),Precision_Gini_Impurity,0.7777777777777778,0.7924458558277778,21.120893955230713,57,62,30
Wine,info_gain,FOLD-RM (fit),Precision_Gini_Impurity,0.4722222222222222,0.7486128682138888,21.25641894340515,62,67,30
Wine,info_gain,FOLD-RM (fit),Precision_Gini_Impurity,0.6666666666666666,0.7990211556972222,21.49075150489807,55,52,30
Wine,info_gain,FOLD-RM (fit),Precision_Gini_Impurity,0.5277777777777778,0.762971902636111,21.50718855857849,54,57,30
Wine,info_gain,FOLD-RM (fit),Precision_Gini_Impurity,0.6666666666666666,0.7804737667333334,21.514994859695435,63,65,30
Wine,info_gain,FOLD-RM (fit),Precision_Gini_Impurity,0.4722222222222222,0.7413527790166667,21.57293963432312,67,73,30
Wine,info_gain,FOLD-RM (fit),Precision_Gini_Impurity,0.75,0.7976973265361111,21.941035985946655,60,62,30
Wine,info_gain,FOLD-RM (fit),Precision_Gini_Impurity,0.4722222222222222,0.7400558608138889,21.97948694229126,63,68,30
Wine,info_gain,FOLD-RM (fit),Precision_Gini_Impurity,0.6666666666666666,0.7807463525083334,22.018634557724,67,68,30
Wine,info_gain,FOLD-RM (fit),Precision_Gini_Impurity,0.5555555555555556,0.7565430258916667,22.022445678710938,64,68,30
Wine,info_gain,FOLD-RM (fit),Precision_Gini_Impurity,0.5833333333333334,0.7470711277527778,22.197770595550537,61,68,30
Wine,info_gain,FOLD-RM (fit),Precision_Gini_Impurity,0.5833333333333334,0.7445453212861111,22.200771808624268,60,61,30
Wine,info_gain,FOLD-RM (fit),Precision_Gini_Impurity,0.6944444444444444,0.7868209723083334,22.273852109909058,62,69,30
Wine,info_gain,FOLD-RM (fit),Precision_Gini_Impurity,0.6944444444444444,0.78049766415,22.27471899986267,62,67,30
Wine,info_gain,FOLD-RM (fit),Precision_Gini_Impurity,0.6111111111111112,0.7816966367166667,22.325103759765625,54,55,30
Wine,info_gain,FOLD-RM (fit),Precision_Gini_Impurity,0.6944444444444444,0.8001351239277777,22.41753387451172,65,64,30
Wine,info_gain,FOLD-RM (fit),Precision_Gini_Impurity,0.75,0.7950774809527779,22.468677282333374,62,62,30
Wine,info_gain,FOLD-RM (fit),Precision_Gini_Impurity,0.7222222222222222,0.7855348176111111,22.51298213005066,59,58,30
Wine,info_gain,FOLD-RM (fit),Precision_Gini_Impurity,0.5,0.7312938310833335,22.552550315856934,63,68,30
Wine,info_gain,CON-FOLD (confidence_fit),original,0.8888888888888888,0.8963887753027777,1.1500041484832764,6,6,30
Wine,info_gain,CON-FOLD (confidence_fit),original,0.9444444444444444,0.9649493668583333,1.1648473739624023,7,7,30
Wine,info_gain,CON-FOLD (confidence_fit),original,0.9722222222222222,0.9812480452305555,1.2500004768371582,8,8,30
Wine,info_gain,CON-FOLD (confidence_fit),original,0.9444444444444444,0.9601572027083334,1.3601555824279785,8,8,30
Wine,info_gain,CON-FOLD (confidence_fit),original,0.9444444444444444,0.9408014186972222,1.3594911098480225,7,7,30
Wine,info_gain,CON-FOLD (confidence_fit),original,0.8611111111111112,0.8903047870777777,1.3987312316894531,6,6,30
Wine,info_gain,CON-FOLD (confidence_fit),original,0.9166666666666666,0.9275524985888889,1.4171557426452637,7,8,30
Wine,info_gain,CON-FOLD (confidence_fit),original,0.8611111111111112,0.896884200025,1.5322790145874023,7,7,30
Wine,info_gain,CON-FOLD (confidence_fit),original,0.8888888888888888,0.9333786007638889,1.541769027709961,8,8,30
Wine,info_gain,CON-FOLD (confidence_fit),original,0.9166666666666666,0.953919607813889,1.5798373222351074,7,7,30
Wine,info_gain,CON-FOLD (confidence_fit),original,0.8888888888888888,0.8948050784,1.6009752750396729,8,8,30
Wine,info_gain,CON-FOLD (confidence_fit),original,0.9444444444444444,0.9440469785777778,1.612781047821045,7,7,30
Wine,info_gain,CON-FOLD (confidence_fit),original,0.8888888888888888,0.900052739188889,1.6450326442718506,7,7,30
Wine,info_gain,CON-FOLD (confidence_fit),original,0.9444444444444444,0.9463418264111112,1.6575946807861328,7,7,30
Wine,info_gain,CON-FOLD (confidence_fit),original,0.8611111111111112,0.8954174087,1.7193493843078613,6,6,30
Wine,info_gain,CON-FOLD (confidence_fit),original,0.9166666666666666,0.9205982710472222,1.7537097930908203,7,7,30
Wine,info_gain,CON-FOLD (confidence_fit),original,0.9444444444444444,0.9532030281333334,1.7724061012268066,7,7,30
Wine,info_gain,CON-FOLD (confidence_fit),original,0.8888888888888888,0.9532737281027778,1.779237985610962,6,6,30
Wine,info_gain,CON-FOLD (confidence_fit),original,0.9722222222222222,0.9687705844555555,1.7994844913482666,8,8,30
Wine,info_gain,CON-FOLD (confidence_fit),original,0.8888888888888888,0.9366550130722222,1.8300502300262451,7,7,30
Wine,info_gain,CON-FOLD (confidence_fit),original,0.9444444444444444,0.943958581775,1.847010850906372,7,7,30
Wine,info_gain,CON-FOLD (confidence_fit),original,0.9722222222222222,0.9721620662,1.8737192153930664,6,6,30
Wine,info_gain,CON-FOLD (confidence_fit),original,0.9722222222222222,0.96706347975,1.8808302879333496,6,6,30
Wine,info_gain,CON-FOLD (confidence_fit),original,1.0,0.9871034083,1.8766899108886719,8,9,30
Wine,info_gain,CON-FOLD (confidence_fit),original,1.0,0.9878585398222223,1.8901913166046143,8,8,30
Wine,info_gain,CON-FOLD (confidence_fit),original,1.0,0.9905524783944445,1.918473482131958,7,7,30
Wine,info_gain,CON-FOLD (confidence_fit),original,0.9722222222222222,0.967399754425,1.9365432262420654,8,8,30
Wine,info_gain,CON-FOLD (confidence_fit),original,0.9722222222222222,0.9644920000861111,1.9287312030792236,8,8,30
Wine,info_gain,CON-FOLD (confidence_fit),original,0.9444444444444444,0.9482450171444444,1.941030740737915,7,7,30
Wine,info_gain,CON-FOLD (confidence_fit),original,0.9444444444444444,0.9550884917694444,1.9235315322875977,8,9,30
Wine,info_gain,CON-FOLD (confidence_fit),information_gain,0.9722222222222222,0.9704768510694445,0.545015811920166,7,7,30
Wine,info_gain,CON-FOLD (confidence_fit),information_gain,0.9722222222222222,0.9668521604111111,0.6258349418640137,7,7,30
Wine,info_gain,CON-FOLD (confidence_fit),information_gain,0.9722222222222222,0.9654655355444445,0.6726970672607422,7,7,30
Wine,info_gain,CON-FOLD (confidence_fit),information_gain,0.8888888888888888,0.914640024175,0.7206859588623047,6,6,30
Wine,info_gain,CON-FOLD (confidence_fit),information_gain,0.9722222222222222,0.9656933710611111,0.7391908168792725,7,7,30
Wine,info_gain,CON-FOLD (confidence_fit),information_gain,0.9444444444444444,0.954666827875,0.761023759841919,6,6,30
Wine,info_gain,CON-FOLD (confidence_fit),information_gain,0.9722222222222222,0.9537444076472222,0.7660906314849854,7,7,30
Wine,info_gain,CON-FOLD (confidence_fit),information_gain,0.9166666666666666,0.9291526164111111,0.7630748748779297,6,6,30
Wine,info_gain,CON-FOLD (confidence_fit),information_gain,0.9722222222222222,0.9646264741583334,0.7923402786254883,7,7,30
Wine,info_gain,CON-FOLD (confidence_fit),information_gain,0.9722222222222222,0.9698600518833334,0.7958879470825195,7,7,30
Wine,info_gain,CON-FOLD (confidence_fit),information_gain,1.0,0.974450217975,0.8235828876495361,8,8,30
Wine,info_gain,CON-FOLD (confidence_fit),information_gain,0.9722222222222222,0.9713125630611111,0.8429594039916992,7,7,30
Wine,info_gain,CON-FOLD (confidence_fit),information_gain,1.0,0.9795542390333334,0.9064671993255615,7,7,30
Wine,info_gain,CON-FOLD (confidence_fit),information_gain,0.8611111111111112,0.8756790178444445,0.9210875034332275,7,7,30
Wine,info_gain,CON-FOLD (confidence_fit),information_gain,0.9444444444444444,0.9580192830972222,0.9287285804748535,7,7,30
Wine,info_gain,CON-FOLD (confidence_fit),information_gain,0.9166666666666666,0.92156982395,0.9651236534118652,7,7,30
Wine,info_gain,CON-FOLD (confidence_fit),information_gain,0.9722222222222222,0.96721300185,0.9783475399017334,7,7,30
Wine,info_gain,CON-FOLD (confidence_fit),information_gain,0.8888888888888888,0.905160577275,0.9797842502593994,6,6,30
Wine,info_gain,CON-FOLD (confidence_fit),information_gain,0.8888888888888888,0.9128094523027778,0.9978513717651367,7,7,30
Wine,info_gain,CON-FOLD (confidence_fit),information_gain,0.9722222222222222,0.9612743027861111,1.0178279876708984,9,9,30
Wine,info_gain,CON-FOLD (confidence_fit),information_gain,0.9722222222222222,0.9806255171222222,1.0227687358856201,7,7,30
Wine,info_gain,CON-FOLD (confidence_fit),information_gain,0.9722222222222222,0.9676735503888889,1.0374014377593994,7,7,30
Wine,info_gain,CON-FOLD (confidence_fit),information_gain,0.9166666666666666,0.9169623680805555,1.0627985000610352,7,7,30
Wine,info_gain,CON-FOLD (confidence_fit),information_gain,0.8888888888888888,0.9033162849111112,1.0684330463409424,6,6,30
Wine,info_gain,CON-FOLD (confidence_fit),information_gain,0.9722222222222222,0.9659956925305555,1.0927772521972656,7,7,30
Wine,info_gain,CON-FOLD (confidence_fit),information_gain,0.9444444444444444,0.9438184597388889,1.0813891887664795,7,7,30
Wine,info_gain,CON-FOLD (confidence_fit),information_gain,0.9722222222222222,0.9668817962527778,1.0927624702453613,7,7,30
Wine,info_gain,CON-FOLD (confidence_fit),information_gain,0.9444444444444444,0.9224715158777778,1.0852530002593994,7,7,30
Wine,info_gain,CON-FOLD (confidence_fit),information_gain,0.9444444444444444,0.9462169285,1.06730318069458,7,7,30
Wine,info_gain,CON-FOLD (confidence_fit),information_gain,0.9444444444444444,0.9508942429277778,1.0892539024353027,7,7,30
Wine,info_gain,CON-FOLD (confidence_fit),Gini_Impurity,0.0,0.75,3.2061567306518555,2,6,30
Wine,info_gain,CON-FOLD (confidence_fit),Gini_Impurity,0.0,0.75,3.9398810863494873,2,6,30
Wine,info_gain,CON-FOLD (confidence_fit),Gini_Impurity,0.0,0.75,4.77119779586792,2,7,30
Wine,info_gain,CON-FOLD (confidence_fit),Gini_Impurity,0.0,0.75,5.171021938323975,2,7,30
Wine,info_gain,CON-FOLD (confidence_fit),Gini_Impurity,0.05555555555555555,0.7526388888888889,5.672282457351685,3,9,30
Wine,info_gain,CON-FOLD (confidence_fit),Gini_Impurity,0.027777777777777776,0.7513194444444444,5.742864370346069,4,11,30
Wine,info_gain,CON-FOLD (confidence_fit),Gini_Impurity,0.05555555555555555,0.7526388888888889,6.426194429397583,1,3,30
Wine,info_gain,CON-FOLD (confidence_fit),Gini_Impurity,0.0,0.75,8.666595935821533,5,11,30
Wine,info_gain,CON-FOLD (confidence_fit),Gini_Impurity,0.027777777777777776,0.7513194444444444,9.119279146194458,4,13,30
Wine,info_gain,CON-FOLD (confidence_fit),Gini_Impurity,0.0,0.75,9.603204727172852,5,13,30
Wine,info_gain,CON-FOLD (confidence_fit),Gini_Impurity,0.05555555555555555,0.7526388888888889,10.091742038726807,6,15,30
Wine,info_gain,CON-FOLD (confidence_fit),Gini_Impurity,0.0,0.75,10.444986343383789,9,26,30
Wine,info_gain,CON-FOLD (confidence_fit),Gini_Impurity,0.05555555555555555,0.7511805555555555,11.192137956619263,8,24,30
Wine,info_gain,CON-FOLD (confidence_fit),Gini_Impurity,0.0,0.75,11.798869132995605,9,30,30
Wine,info_gain,CON-FOLD (confidence_fit),Gini_Impurity,0.05555555555555555,0.7526388888888889,12.952817916870117,9,28,30
Wine,info_gain,CON-FOLD (confidence_fit),Gini_Impurity,0.0,0.75,13.720816612243652,8,22,30
Wine,info_gain,CON-FOLD (confidence_fit),Gini_Impurity,0.027777777777777776,0.7513194444444444,13.787312030792236,8,22,30
Wine,info_gain,CON-FOLD (confidence_fit),Gini_Impurity,0.0,0.75,14.226678133010864,3,10,30
Wine,info_gain,CON-FOLD (confidence_fit),Gini_Impurity,0.027777777777777776,0.7513194444444444,14.756899118423462,7,21,30
Wine,info_gain,CON-FOLD (confidence_fit),Gini_Impurity,0.05555555555555555,0.7526388888888889,15.30850338935852,8,26,30
Wine,info_gain,CON-FOLD (confidence_fit),Gini_Impurity,0.027777777777777776,0.7513194444444444,15.371018648147583,6,19,30
Wine,info_gain,CON-FOLD (confidence_fit),Gini_Impurity,0.05555555555555555,0.7526388888888889,15.894925832748413,7,30,30
Wine,info_gain,CON-FOLD (confidence_fit),Gini_Impurity,0.0,0.7485416666666667,16.223945140838623,10,34,30
Wine,info_gain,CON-FOLD (confidence_fit),Gini_Impurity,0.0,0.75,17.352063417434692,8,32,30
Wine,info_gain,CON-FOLD (confidence_fit),Gini_Impurity,0.027777777777777776,0.7513194444444444,17.37944483757019,10,36,30
Wine,info_gain,CON-FOLD (confidence_fit),Gini_Impurity,0.08333333333333333,0.7539583333333333,19.319194793701172,8,34,30
Wine,info_gain,CON-FOLD (confidence_fit),Gini_Impurity,0.05555555555555555,0.7526388888888889,19.42693066596985,8,32,30
Wine,info_gain,CON-FOLD (confidence_fit),Gini_Impurity,0.05555555555555555,0.7511805555555555,20.605942010879517,19,66,30
Wine,info_gain,CON-FOLD (confidence_fit),Gini_Impurity,0.027777777777777776,0.7498611111111111,20.643765449523926,15,53,30
Wine,info_gain,CON-FOLD (confidence_fit),Gini_Impurity,0.08333333333333333,0.7539583333333334,20.721614122390747,20,60,30
Wine,info_gain,CON-FOLD (confidence_fit),Precision_Information_Gain,0.0,0.75,0.2298722267150879,0,0,30
Wine,info_gain,CON-FOLD (confidence_fit),Precision_Information_Gain,0.0,0.75,0.2771782875061035,0,0,30
Wine,info_gain,CON-FOLD (confidence_fit),Precision_Information_Gain,0.0,0.75,0.2962925434112549,0,0,30
Wine,info_gain,CON-FOLD (confidence_fit),Precision_Information_Gain,0.0,0.75,0.3275916576385498,0,0,30
Wine,info_gain,CON-FOLD (confidence_fit),Precision_Information_Gain,0.0,0.75,0.3498227596282959,0,0,30
Wine,info_gain,CON-FOLD (confidence_fit),Precision_Information_Gain,0.0,0.75,0.38030457496643066,0,0,30
Wine,info_gain,CON-FOLD (confidence_fit),Precision_Information_Gain,0.0,0.75,0.3923354148864746,0,0,30
Wine,info_gain,CON-FOLD (confidence_fit),Precision_Information_Gain,0.0,0.75,0.41179847717285156,0,0,30
Wine,info_gain,CON-FOLD (confidence_fit),Precision_Information_Gain,0.0,0.75,0.4212660789489746,0,0,30
Wine,info_gain,CON-FOLD (confidence_fit),Precision_Information_Gain,0.0,0.75,0.4245030879974365,0,0,30
Wine,info_gain,CON-FOLD (confidence_fit),Precision_Information_Gain,0.0,0.75,0.44219231605529785,0,0,30
Wine,info_gain,CON-FOLD (confidence_fit),Precision_Information_Gain,0.0,0.75,0.44019293785095215,0,0,30
Wine,info_gain,CON-FOLD (confidence_fit),Precision_Information_Gain,0.0,0.75,0.46723413467407227,0,0,30
Wine,info_gain,CON-FOLD (confidence_fit),Precision_Information_Gain,0.0,0.75,0.4436957836151123,0,0,30
Wine,info_gain,CON-FOLD (confidence_fit),Precision_Information_Gain,0.0,0.75,0.4711465835571289,0,0,30
Wine,info_gain,CON-FOLD (confidence_fit),Precision_Information_Gain,0.0,0.75,0.47765064239501953,0,0,30
Wine,info_gain,CON-FOLD (confidence_fit),Precision_Information_Gain,0.0,0.75,0.44664955139160156,0,0,30
Wine,info_gain,CON-FOLD (confidence_fit),Precision_Information_Gain,0.0,0.75,0.48367881774902344,0,0,30
Wine,info_gain,CON-FOLD (confidence_fit),Precision_Information_Gain,0.0,0.75,0.48367881774902344,0,0,30
Wine,info_gain,CON-FOLD (confidence_fit),Precision_Information_Gain,0.0,0.75,0.512075662612915,0,0,30
Wine,info_gain,CON-FOLD (confidence_fit),Precision_Information_Gain,0.0,0.75,0.5308432579040527,0,0,30
Wine,info_gain,CON-FOLD (confidence_fit),Precision_Information_Gain,0.0,0.75,0.5121340751647949,0,0,30
Wine,info_gain,CON-FOLD (confidence_fit),Precision_Information_Gain,0.0,0.75,0.5263903141021729,0,0,30
Wine,info_gain,CON-FOLD (confidence_fit),Precision_Information_Gain,0.0,0.75,0.5348944664001465,0,0,30
Wine,info_gain,CON-FOLD (confidence_fit),Precision_Information_Gain,0.0,0.75,0.5478742122650146,0,0,30
Wine,info_gain,CON-FOLD (confidence_fit),Precision_Information_Gain,0.0,0.75,0.5512418746948242,0,0,30
Wine,info_gain,CON-FOLD (confidence_fit),Precision_Information_Gain,0.0,0.75,0.5614163875579834,0,0,30
Wine,info_gain,CON-FOLD (confidence_fit),Precision_Information_Gain,0.0,0.75,0.5691368579864502,0,0,30
Wine,info_gain,CON-FOLD (confidence_fit),Precision_Information_Gain,0.0,0.75,0.5594162940979004,0,0,30
Wine,info_gain,CON-FOLD (confidence_fit),Precision_Information_Gain,0.0,0.75,0.5746481418609619,0,0,30
Wine,info_gain,CON-FOLD (confidence_fit),Precision_Gini_Impurity,0.7222222222222222,0.7917621022222222,19.3206684589386,63,65,30
Wine,info_gain,CON-FOLD (confidence_fit),Precision_Gini_Impurity,0.6388888888888888,0.7962902051277778,19.586848974227905,58,57,30
Wine,info_gain,CON-FOLD (confidence_fit),Precision_Gini_Impurity,0.6388888888888888,0.77078922315,19.794936180114746,58,56,30
Wine,info_gain,CON-FOLD (confidence_fit),Precision_Gini_Impurity,0.6388888888888888,0.7832959930111111,20.798088788986206,58,62,30
Wine,info_gain,CON-FOLD (confidence_fit),Precision_Gini_Impurity,0.6944444444444444,0.7936336469611112,20.933790683746338,64,67,30
Wine,info_gain,CON-FOLD (confidence_fit),Precision_Gini_Impurity,0.6388888888888888,0.7851254476194445,21.27828049659729,66,68,30
Wine,info_gain,CON-FOLD (confidence_fit),Precision_Gini_Impurity,0.75,0.7914867065527778,21.28740429878235,53,56,30
Wine,info_gain,CON-FOLD (confidence_fit),Precision_Gini_Impurity,0.5833333333333334,0.7535858039861112,21.31940531730652,54,57,30
Wine,info_gain,CON-FOLD (confidence_fit),Precision_Gini_Impurity,0.6666666666666666,0.7870561085722222,21.337926864624023,59,59,30
Wine,info_gain,CON-FOLD (confidence_fit),Precision_Gini_Impurity,0.6666666666666666,0.7807983931166667,21.38544464111328,55,50,30
Wine,info_gain,CON-FOLD (confidence_fit),Precision_Gini_Impurity,0.6388888888888888,0.7827200551388889,21.51871347427368,52,56,30
Wine,info_gain,CON-FOLD (confidence_fit),Precision_Gini_Impurity,0.6111111111111112,0.77932949715,21.597936630249023,58,62,30
Wine,info_gain,CON-FOLD (confidence_fit),Precision_Gini_Impurity,0.5277777777777778,0.7539428428972222,21.888941764831543,54,53,30
Wine,info_gain,CON-FOLD (confidence_fit),Precision_Gini_Impurity,0.5555555555555556,0.7620605316138889,21.982036352157593,45,45,30
Wine,info_gain,CON-FOLD (confidence_fit),Precision_Gini_Impurity,0.6666666666666666,0.7830028986166667,22.01689052581787,51,52,30
Wine,info_gain,CON-FOLD (confidence_fit),Precision_Gini_Impurity,0.6111111111111112,0.7545479108250001,22.049405097961426,55,58,30
Wine,info_gain,CON-FOLD (confidence_fit),Precision_Gini_Impurity,0.75,0.790396013425,22.075927019119263,47,48,30
Wine,info_gain,CON-FOLD (confidence_fit),Precision_Gini_Impurity,0.5277777777777778,0.7499586331805556,22.1755428314209,62,67,30
Wine,info_gain,CON-FOLD (confidence_fit),Precision_Gini_Impurity,0.6388888888888888,0.7715165620222222,22.21296453475952,53,56,30
Wine,info_gain,CON-FOLD (confidence_fit),Precision_Gini_Impurity,0.7222222222222222,0.7790962197805555,22.217376232147217,59,60,30
Wine,info_gain,CON-FOLD (confidence_fit),Precision_Gini_Impurity,0.6666666666666666,0.76977106525,22.373923778533936,66,68,30
Wine,info_gain,CON-FOLD (confidence_fit),Precision_Gini_Impurity,0.7222222222222222,0.7923933371555556,22.46645998954773,61,65,30
Wine,info_gain,CON-FOLD (confidence_fit),Precision_Gini_Impurity,0.6666666666666666,0.7817270355722222,22.487149953842163,63,66,30
Wine,info_gain,CON-FOLD (confidence_fit),Precision_Gini_Impurity,0.6111111111111112,0.7631757882944444,22.516604900360107,54,57,30
Wine,info_gain,CON-FOLD (confidence_fit),Precision_Gini_Impurity,0.8055555555555556,0.8118105919166667,22.57632803916931,61,65,30
Wine,info_gain,CON-FOLD (confidence_fit),Precision_Gini_Impurity,0.6944444444444444,0.7834305939111111,22.71456289291382,63,66,30
Wine,info_gain,CON-FOLD (confidence_fit),Precision_Gini_Impurity,0.75,0.79433148095,22.858355283737183,57,61,30
Wine,info_gain,CON-FOLD (confidence_fit),Precision_Gini_Impurity,0.7777777777777778,0.8205801999694444,22.869550943374634,60,64,30
Wine,info_gain,CON-FOLD (confidence_fit),Precision_Gini_Impurity,0.6666666666666666,0.7697908854111112,22.89773917198181,63,69,30
Wine,info_gain,CON-FOLD (confidence_fit),Precision_Gini_Impurity,0.7777777777777778,0.8132704338305555,22.9227192401886,62,58,30
Ecoli,greedy,FOLD-RM (fit),original,0.8823529411764706,0.8967172308,1.938382625579834,31,36,30
Ecoli,greedy,FOLD-RM (fit),original,0.8088235294117647,0.8751664365411765,2.0177791118621826,39,53,30
Ecoli,greedy,FOLD-RM (fit),original,0.7941176470588235,0.8351037555985295,2.130537271499634,34,39,30
Ecoli,greedy,FOLD-RM (fit),original,0.8235294117647058,0.881835237932353,2.657287359237671,40,50,30
Ecoli,greedy,FOLD-RM (fit),original,0.6470588235294118,0.7353746339308822,2.6611227989196777,39,43,30
Ecoli,greedy,FOLD-RM (fit),original,0.7941176470588235,0.8637241424470589,2.73319411277771,41,48,30
Ecoli,greedy,FOLD-RM (fit),original,0.75,0.8513347643382353,2.727328062057495,41,51,30
Ecoli,greedy,FOLD-RM (fit),original,0.7941176470588235,0.8681448538882353,2.8235220909118652,34,36,30
Ecoli,greedy,FOLD-RM (fit),original,0.7647058823529411,0.846504288575,2.9019880294799805,41,47,30
Ecoli,greedy,FOLD-RM (fit),original,0.7647058823529411,0.8425356499220589,2.927577018737793,36,46,30
Ecoli,greedy,FOLD-RM (fit),original,0.7647058823529411,0.868800040075,2.983471632003784,42,57,30
Ecoli,greedy,FOLD-RM (fit),original,0.7794117647058824,0.8595591952308823,2.984011650085449,38,52,30
Ecoli,greedy,FOLD-RM (fit),original,0.8235294117647058,0.8912999438970587,2.9981656074523926,47,56,30
Ecoli,greedy,FOLD-RM (fit),original,0.8088235294117647,0.8793540953882353,3.014824867248535,41,53,30
Ecoli,greedy,FOLD-RM (fit),original,0.75,0.8394595079852941,3.0249273777008057,41,46,30
Ecoli,greedy,FOLD-RM (fit),original,0.7352941176470589,0.8455109947970588,3.048262596130371,35,42,30
Ecoli,greedy,FOLD-RM (fit),original,0.8235294117647058,0.8788942328911764,3.0648839473724365,42,52,30
Ecoli,greedy,FOLD-RM (fit),original,0.8235294117647058,0.884652349542647,3.0561912059783936,39,49,30
Ecoli,greedy,FOLD-RM (fit),original,0.8676470588235294,0.9036499861955882,3.041999101638794,43,52,30
Ecoli,greedy,FOLD-RM (fit),original,0.7794117647058824,0.844117737760294,3.0978200435638428,42,49,30
Ecoli,greedy,FOLD-RM (fit),original,0.8235294117647058,0.858657863842647,3.10015869140625,40,55,30
Ecoli,greedy,FOLD-RM (fit),original,0.8088235294117647,0.872550108702941,3.131199359893799,38,48,30
Ecoli,greedy,FOLD-RM (fit),original,0.7647058823529411,0.8509448324852941,3.1508889198303223,44,53,30
Ecoli,greedy,FOLD-RM (fit),original,0.7647058823529411,0.8240342527088235,3.1380016803741455,46,50,30
Ecoli,greedy,FOLD-RM (fit),original,0.7647058823529411,0.8253148723705882,3.1635324954986572,40,48,30
Ecoli,greedy,FOLD-RM (fit),original,0.75,0.8606829202470588,3.183561086654663,38,49,30
Ecoli,greedy,FOLD-RM (fit),original,0.8382352941176471,0.8938469438838236,3.183561086654663,42,54,30
Ecoli,greedy,FOLD-RM (fit),original,0.7647058823529411,0.8322823791044117,3.200033187866211,38,43,30
Ecoli,greedy,FOLD-RM (fit),original,0.75,0.8161915483220588,3.2006328105926514,43,51,30
Ecoli,greedy,FOLD-RM (fit),original,0.8970588235294118,0.9438632894632353,3.189654588699341,44,63,30
Ecoli,greedy,FOLD-RM (fit),information_gain,0.8088235294117647,0.8348002041014706,1.8898134231567383,56,50,30
Ecoli,greedy,FOLD-RM (fit),information_gain,0.8088235294117647,0.8314370203720588,2.3776116371154785,70,60,30
Ecoli,greedy,FOLD-RM (fit),information_gain,0.6617647058823529,0.8184240658264706,3.7635114192962646,131,126,30
Ecoli,greedy,FOLD-RM (fit),information_gain,0.6470588235294118,0.8178978761838235,3.818944215774536,116,112,30
Ecoli,greedy,FOLD-RM (fit),information_gain,0.6176470588235294,0.8451363548735293,3.835312843322754,131,125,30
Ecoli,greedy,FOLD-RM (fit),information_gain,0.6470588235294118,0.8375195643235294,3.8726119995117188,117,113,30
Ecoli,greedy,FOLD-RM (fit),information_gain,0.6764705882352942,0.8398051272029412,3.93867826461792,135,127,30
Ecoli,greedy,FOLD-RM (fit),information_gain,0.5441176470588235,0.830714273932353,4.028156280517578,129,124,30
Ecoli,greedy,FOLD-RM (fit),information_gain,0.5735294117647058,0.8498354192014705,4.042052268981934,137,132,30
Ecoli,greedy,FOLD-RM (fit),information_gain,0.7058823529411765,0.8191049215073529,4.120121479034424,128,124,30
Ecoli,greedy,FOLD-RM (fit),information_gain,0.6323529411764706,0.8123946724794117,4.149041414260864,128,126,30
Ecoli,greedy,FOLD-RM (fit),information_gain,0.5735294117647058,0.8250376761441176,4.18857216835022,129,124,30
Ecoli,greedy,FOLD-RM (fit),information_gain,0.5147058823529411,0.8430224225205882,4.203197479248047,136,132,30
Ecoli,greedy,FOLD-RM (fit),information_gain,0.7647058823529411,0.8491733197999999,4.229651212692261,130,125,30
Ecoli,greedy,FOLD-RM (fit),information_gain,0.5882352941176471,0.7760781168441176,4.62042498588562,156,153,30
Ecoli,greedy,FOLD-RM (fit),information_gain,0.6029411764705882,0.7906129693220588,4.746794939041138,157,155,30
Ecoli,greedy,FOLD-RM (fit),information_gain,0.5441176470588235,0.790265884517647,4.825700283050537,167,165,30
Ecoli,greedy,FOLD-RM (fit),information_gain,0.47058823529411764,0.7879225301279412,6.8795485496521,175,175,30
Ecoli,greedy,FOLD-RM (fit),information_gain,0.5882352941176471,0.7753322321176468,7.151839971542358,161,160,30
Ecoli,greedy,FOLD-RM (fit),information_gain,0.5882352941176471,0.7791812945705883,7.263233423233032,171,171,30
Ecoli,greedy,FOLD-RM (fit),information_gain,0.5294117647058824,0.808968782142647,8.002105236053467,190,190,30
Ecoli,greedy,FOLD-RM (fit),information_gain,0.6029411764705882,0.8097282877367646,8.44324517250061,189,189,30
Ecoli,greedy,FOLD-RM (fit),information_gain,0.47058823529411764,0.7888383652161765,7.8734869956970215,189,189,30
Ecoli,greedy,FOLD-RM (fit),information_gain,0.47058823529411764,0.7779717436397058,8.510108709335327,193,192,30
Ecoli,greedy,FOLD-RM (fit),information_gain,0.6029411764705882,0.7882543972382353,8.364843606948853,193,192,30
Ecoli,greedy,FOLD-RM (fit),information_gain,0.6176470588235294,0.7938884471676471,8.088687181472778,192,191,30
Ecoli,greedy,FOLD-RM (fit),information_gain,0.5882352941176471,0.8044919514411764,8.456298112869263,184,183,30
Ecoli,greedy,FOLD-RM (fit),information_gain,0.5441176470588235,0.791652473075,8.388627290725708,191,190,30
Ecoli,greedy,FOLD-RM (fit),information_gain,0.6323529411764706,0.8063489255808823,8.090898275375366,194,194,30
Ecoli,greedy,FOLD-RM (fit),information_gain,0.5588235294117647,0.7751630184117646,7.725747585296631,178,177,30
Ecoli,greedy,FOLD-RM (fit),Gini_Impurity,0.0,0.75,0.04167771339416504,0,0,30
Ecoli,greedy,FOLD-RM (fit),Gini_Impurity,0.0,0.75,0.05100655555725098,0,0,30
Ecoli,greedy,FOLD-RM (fit),Gini_Impurity,0.0,0.75,0.059240102767944336,0,0,30
Ecoli,greedy,FOLD-RM (fit),Gini_Impurity,0.0,0.75,0.0628814697265625,0,0,30
Ecoli,greedy,FOLD-RM (fit),Gini_Impurity,0.0,0.75,0.07090997695922852,0,0,30
Ecoli,greedy,FOLD-RM (fit),Gini_Impurity,0.0,0.75,0.06187129020690918,0,0,30
Ecoli,greedy,FOLD-RM (fit),Gini_Impurity,0.0,0.75,0.06791067123413086,0,0,30
Ecoli,greedy,FOLD-RM (fit),Gini_Impurity,0.0,0.75,0.07590270042419434,0,0,30
Ecoli,greedy,FOLD-RM (fit),Gini_Impurity,0.0,0.75,0.07790279388427734,0,0,30
Ecoli,greedy,FOLD-RM (fit),Gini_Impurity,0.0,0.75,0.07990384101867676,0,0,30
Ecoli,greedy,FOLD-RM (fit),Gini_Impurity,0.0,0.75,0.08090496063232422,0,0,30
Ecoli,greedy,FOLD-RM (fit),Gini_Impurity,0.0,0.75,0.07190990447998047,0,0,30
Ecoli,greedy,FOLD-RM (fit),Gini_Impurity,0.0,0.75,0.08711099624633789,0,0,30
Ecoli,greedy,FOLD-RM (fit),Gini_Impurity,0.0,0.75,0.07891082763671875,0,0,30
Ecoli,greedy,FOLD-RM (fit),Gini_Impurity,0.0,0.75,0.09991788864135742,1,3,30
Ecoli,greedy,FOLD-RM (fit),Gini_Impurity,0.0,0.75,0.10292506217956543,1,3,30
Ecoli,greedy,FOLD-RM (fit),Gini_Impurity,0.0,0.75,0.10742974281311035,1,3,30
Ecoli,greedy,FOLD-RM (fit),Gini_Impurity,0.0,0.75,0.11017298698425293,2,4,30
Ecoli,greedy,FOLD-RM (fit),Gini_Impurity,0.0,0.75,0.10786151885986328,2,5,30
Ecoli,greedy,FOLD-RM (fit),Gini_Impurity,0.0,0.75,0.07341504096984863,0,0,30
Ecoli,greedy,FOLD-RM (fit),Gini_Impurity,0.0,0.75,0.06791067123413086,0,0,30
Ecoli,greedy,FOLD-RM (fit),Gini_Impurity,0.0,0.75,0.061658620834350586,0,0,30
Ecoli,greedy,FOLD-RM (fit),Gini_Impurity,0.0,0.75,0.07341504096984863,0,0,30
Ecoli,greedy,FOLD-RM (fit),Gini_Impurity,0.0,0.75,0.16382694244384766,8,19,30
Ecoli,greedy,FOLD-RM (fit),Gini_Impurity,0.0,0.75,0.1679377555847168,7,20,30
Ecoli,greedy,FOLD-RM (fit),Gini_Impurity,0.0,0.75,0.1850888729095459,8,24,30
Ecoli,greedy,FOLD-RM (fit),Gini_Impurity,0.0,0.75,0.06015610694885254,0,0,30
Ecoli,greedy,FOLD-RM (fit),Gini_Impurity,0.0,0.75,0.07790279388427734,0,0,30
Ecoli,greedy,FOLD-RM (fit),Gini_Impurity,0.0,0.75,0.07485461235046387,0,0,30
Ecoli,greedy,FOLD-RM (fit),Gini_Impurity,0.0,0.75,0.06684517860412598,0,0,30
Ecoli,greedy,FOLD-RM (fit),Precision_Information_Gain,0.0,0.75,0.10874414443969727,0,0,30
Ecoli,greedy,FOLD-RM (fit),Precision_Information_Gain,0.0,0.75,0.11828875541687012,0,0,30
Ecoli,greedy,FOLD-RM (fit),Precision_Information_Gain,0.0,0.75,0.12814807891845703,0,0,30
Ecoli,greedy,FOLD-RM (fit),Precision_Information_Gain,0.0,0.75,0.13221502304077148,0,0,30
Ecoli,greedy,FOLD-RM (fit),Precision_Information_Gain,0.0,0.75,0.11871051788330078,0,0,30
Ecoli,greedy,FOLD-RM (fit),Precision_Information_Gain,0.0,0.75,0.1227104663848877,0,0,30
Ecoli,greedy,FOLD-RM (fit),Precision_Information_Gain,0.0,0.75,0.13789892196655273,0,0,30
Ecoli,greedy,FOLD-RM (fit),Precision_Information_Gain,0.0,0.75,0.13424134254455566,0,0,30
Ecoli,greedy,FOLD-RM (fit),Precision_Information_Gain,0.0,0.75,0.14824914932250977,0,0,30
Ecoli,greedy,FOLD-RM (fit),Precision_Information_Gain,0.0,0.75,0.13836121559143066,0,0,30
Ecoli,greedy,FOLD-RM (fit),Precision_Information_Gain,0.0,0.75,0.15122532844543457,0,0,30
Ecoli,greedy,FOLD-RM (fit),Precision_Information_Gain,0.0,0.75,0.15937352180480957,0,0,30
Ecoli,greedy,FOLD-RM (fit),Precision_Information_Gain,0.0,0.75,0.16321730613708496,0,0,30
Ecoli,greedy,FOLD-RM (fit),Precision_Information_Gain,0.0,0.75,0.1717226505279541,0,0,30
Ecoli,greedy,FOLD-RM (fit),Precision_Information_Gain,0.0,0.75,0.16216182708740234,0,0,30
Ecoli,greedy,FOLD-RM (fit),Precision_Information_Gain,0.0,0.75,0.1657397747039795,0,0,30
Ecoli,greedy,FOLD-RM (fit),Precision_Information_Gain,0.0,0.75,0.17874908447265625,0,0,30
Ecoli,greedy,FOLD-RM (fit),Precision_Information_Gain,0.0,0.75,0.17874860763549805,0,0,30
Ecoli,greedy,FOLD-RM (fit),Precision_Information_Gain,0.0,0.75,0.17424416542053223,0,0,30
Ecoli,greedy,FOLD-RM (fit),Precision_Information_Gain,0.0,0.75,0.17632055282592773,0,0,30
Ecoli,greedy,FOLD-RM (fit),Precision_Information_Gain,0.0,0.75,0.17832088470458984,0,0,30
Ecoli,greedy,FOLD-RM (fit),Precision_Information_Gain,0.0,0.75,0.1815481185913086,0,0,30
Ecoli,greedy,FOLD-RM (fit),Precision_Information_Gain,0.0,0.75,0.17890524864196777,0,0,30
Ecoli,greedy,FOLD-RM (fit),Precision_Information_Gain,0.0,0.75,0.1884920597076416,0,0,30
Ecoli,greedy,FOLD-RM (fit),Precision_Information_Gain,0.0,0.75,0.19005250930786133,0,0,30
Ecoli,greedy,FOLD-RM (fit),Precision_Information_Gain,0.0,0.75,0.18724679946899414,0,0,30
Ecoli,greedy,FOLD-RM (fit),Precision_Information_Gain,0.0,0.75,0.18524575233459473,0,0,30
Ecoli,greedy,FOLD-RM (fit),Precision_Information_Gain,0.0,0.75,0.18049168586730957,0,0,30
Ecoli,greedy,FOLD-RM (fit),Precision_Information_Gain,0.0,0.75,0.17624402046203613,0,0,30
Ecoli,greedy,FOLD-RM (fit),Precision_Information_Gain,0.0,0.75,0.1922469139099121,0,0,30
Ecoli,greedy,FOLD-RM (fit),Precision_Gini_Impurity,0.27941176470588236,0.807826646907353,4.557816505432129,23,31,30
Ecoli,greedy,FOLD-RM (fit),Precision_Gini_Impurity,0.38235294117647056,0.7872150841676471,5.0765955448150635,41,55,30
Ecoli,greedy,FOLD-RM (fit),Precision_Gini_Impurity,0.5294117647058824,0.8196006229661765,5.814421892166138,41,52,30
Ecoli,greedy,FOLD-RM (fit),Precision_Gini_Impurity,0.5147058823529411,0.8077022246294118,6.039928674697876,43,57,30
Ecoli,greedy,FOLD-RM (fit),Precision_Gini_Impurity,0.35294117647058826,0.7935507999602941,6.140296459197998,36,53,30
Ecoli,greedy,FOLD-RM (fit),Precision_Gini_Impurity,0.45588235294117646,0.7996412750279411,6.50765061378479,44,62,30
Ecoli,greedy,FOLD-RM (fit),Precision_Gini_Impurity,0.38235294117647056,0.7805122402529412,6.584157228469849,40,55,30
Ecoli,greedy,FOLD-RM (fit),Precision_Gini_Impurity,0.38235294117647056,0.7725136627485294,6.7939043045043945,52,69,30
Ecoli,greedy,FOLD-RM (fit),Precision_Gini_Impurity,0.35294117647058826,0.7955707876455882,6.990717172622681,46,64,30
Ecoli,greedy,FOLD-RM (fit),Precision_Gini_Impurity,0.4117647058823529,0.7990874502867646,7.309692859649658,37,49,30
Ecoli,greedy,FOLD-RM (fit),Precision_Gini_Impurity,0.4117647058823529,0.7647393606720587,7.556559801101685,42,60,30
Ecoli,greedy,FOLD-RM (fit),Precision_Gini_Impurity,0.5147058823529411,0.8015677382191176,7.621959686279297,56,82,30
Ecoli,greedy,FOLD-RM (fit),Precision_Gini_Impurity,0.45588235294117646,0.8011322239764707,7.798307418823242,44,57,30
Ecoli,greedy,FOLD-RM (fit),Precision_Gini_Impurity,0.5,0.8194314275,7.858735799789429,45,63,30
Ecoli,greedy,FOLD-RM (fit),Precision_Gini_Impurity,0.4852941176470588,0.7799747708279412,8.294140815734863,63,88,30
Ecoli,greedy,FOLD-RM (fit),Precision_Gini_Impurity,0.4117647058823529,0.7751892623411766,8.3854820728302,56,79,30
Ecoli,greedy,FOLD-RM (fit),Precision_Gini_Impurity,0.47058823529411764,0.7769330113205882,8.5570809841156,66,90,30
Ecoli,greedy,FOLD-RM (fit),Precision_Gini_Impurity,0.4117647058823529,0.7742232327970588,8.572219133377075,47,62,30
Ecoli,greedy,FOLD-RM (fit),Precision_Gini_Impurity,0.3382352941176471,0.7692282845529411,8.63875436782837,47,60,30
Ecoli,greedy,FOLD-RM (fit),Precision_Gini_Impurity,0.4852941176470588,0.784020320907353,8.655991315841675,67,100,30
Ecoli,greedy,FOLD-RM (fit),Precision_Gini_Impurity,0.38235294117647056,0.749245290667647,8.685999631881714,50,70,30
Ecoli,greedy,FOLD-RM (fit),Precision_Gini_Impurity,0.36764705882352944,0.787809572807353,8.666177034378052,48,73,30
Ecoli,greedy,FOLD-RM (fit),Precision_Gini_Impurity,0.4852941176470588,0.7687899049176471,8.693847894668579,71,103,30
Ecoli,greedy,FOLD-RM (fit),Precision_Gini_Impurity,0.47058823529411764,0.747701056714706,8.789950370788574,80,116,30
Ecoli,greedy,FOLD-RM (fit),Precision_Gini_Impurity,0.36764705882352944,0.7659367366308825,8.893251180648804,57,74,30
Ecoli,greedy,FOLD-RM (fit),Precision_Gini_Impurity,0.39705882352941174,0.7736975355279412,8.926908016204834,58,72,30
Ecoli,greedy,FOLD-RM (fit),Precision_Gini_Impurity,0.5,0.7500929317999999,9.069661855697632,101,149,30
Ecoli,greedy,FOLD-RM (fit),Precision_Gini_Impurity,0.4852941176470588,0.760628277342647,9.135479211807251,73,107,30
Ecoli,greedy,FOLD-RM (fit),Precision_Gini_Impurity,0.45588235294117646,0.7840220826352942,9.14397382736206,62,89,30
Ecoli,greedy,FOLD-RM (fit),Precision_Gini_Impurity,0.4411764705882353,0.7522911120441176,9.145391702651978,75,110,30
Ecoli,greedy,CON-FOLD (confidence_fit),original,0.8088235294117647,0.8764934211000001,2.5433261394500732,29,39,30
Ecoli,greedy,CON-FOLD (confidence_fit),original,0.75,0.8446331754558823,2.5866281986236572,40,50,30
Ecoli,greedy,CON-FOLD (confidence_fit),original,0.7647058823529411,0.859572072367647,2.614882230758667,33,42,30
Ecoli,greedy,CON-FOLD (confidence_fit),original,0.8088235294117647,0.8803895329411765,2.7279233932495117,29,39,30
Ecoli,greedy,CON-FOLD (confidence_fit),original,0.6764705882352942,0.7964672541058824,2.7289211750030518,35,41,30
Ecoli,greedy,CON-FOLD (confidence_fit),original,0.7647058823529411,0.835721703542647,2.8566830158233643,35,42,30
Ecoli,greedy,CON-FOLD (confidence_fit),original,0.8676470588235294,0.8991468416911765,2.9051592350006104,32,36,30
Ecoli,greedy,CON-FOLD (confidence_fit),original,0.8529411764705882,0.9075771465132353,3.030845880508423,40,50,30
Ecoli,greedy,CON-FOLD (confidence_fit),original,0.8529411764705882,0.8829462822205884,3.164161205291748,32,38,30
Ecoli,greedy,CON-FOLD (confidence_fit),original,0.7794117647058824,0.8686531572691177,3.218226909637451,31,44,30
Ecoli,greedy,CON-FOLD (confidence_fit),original,0.7647058823529411,0.8087456698308824,3.250007390975952,33,39,30
Ecoli,greedy,CON-FOLD (confidence_fit),original,0.8235294117647058,0.8868919795470588,3.2738680839538574,41,52,30
Ecoli,greedy,CON-FOLD (confidence_fit),original,0.7941176470588235,0.8789277812955882,3.374784469604492,39,49,30
Ecoli,greedy,CON-FOLD (confidence_fit),original,0.7794117647058824,0.8377975426617648,3.3959977626800537,36,52,30
Ecoli,greedy,CON-FOLD (confidence_fit),original,0.7941176470588235,0.8715559198632353,3.4790046215057373,37,46,30
Ecoli,greedy,CON-FOLD (confidence_fit),original,0.8529411764705882,0.899035394375,3.5082850456237793,28,30,30
Ecoli,greedy,CON-FOLD (confidence_fit),original,0.8235294117647058,0.8947863701926471,3.524951696395874,34,44,30
Ecoli,greedy,CON-FOLD (confidence_fit),original,0.8823529411764706,0.9158365686823529,3.56266713142395,35,39,30
Ecoli,greedy,CON-FOLD (confidence_fit),original,0.8382352941176471,0.8844049404161763,3.577009916305542,30,37,30
Ecoli,greedy,CON-FOLD (confidence_fit),original,0.7647058823529411,0.8381923840926471,3.615941286087036,33,42,30
Ecoli,greedy,CON-FOLD (confidence_fit),original,0.8676470588235294,0.9029553740323529,3.639469623565674,40,52,30
Ecoli,greedy,CON-FOLD (confidence_fit),original,0.7205882352941176,0.8218258070411764,3.647606372833252,31,44,30
Ecoli,greedy,CON-FOLD (confidence_fit),original,0.8088235294117647,0.8512104031382353,3.654433012008667,33,35,30
Ecoli,greedy,CON-FOLD (confidence_fit),original,0.8235294117647058,0.892248646864706,3.6721749305725098,31,41,30
Ecoli,greedy,CON-FOLD (confidence_fit),original,0.7794117647058824,0.8666262063382353,3.6876118183135986,37,46,30
Ecoli,greedy,CON-FOLD (confidence_fit),original,0.9117647058823529,0.9205097943661764,3.719909191131592,35,46,30
Ecoli,greedy,CON-FOLD (confidence_fit),original,0.7647058823529411,0.8110027814338235,3.7814600467681885,36,42,30
Ecoli,greedy,CON-FOLD (confidence_fit),original,0.8235294117647058,0.8719892644882353,3.82783579826355,41,44,30
Ecoli,greedy,CON-FOLD (confidence_fit),original,0.7352941176470589,0.8186277084352942,3.827404260635376,31,39,30
Ecoli,greedy,CON-FOLD (confidence_fit),original,0.8529411764705882,0.8870157325352941,3.832516670227051,36,44,30
Ecoli,greedy,CON-FOLD (confidence_fit),information_gain,0.7352941176470589,0.8281284915838235,3.00748610496521,16,13,30
Ecoli,greedy,CON-FOLD (confidence_fit),information_gain,0.6617647058823529,0.8356129947132352,4.687357664108276,86,84,30
Ecoli,greedy,CON-FOLD (confidence_fit),information_gain,0.6911764705882353,0.8327165099867646,5.167548894882202,103,103,30
Ecoli,greedy,CON-FOLD (confidence_fit),information_gain,0.6176470588235294,0.8501205046455882,5.184542894363403,104,104,30
Ecoli,greedy,CON-FOLD (confidence_fit),information_gain,0.6911764705882353,0.8417636927308823,5.184542894363403,104,104,30
Ecoli,greedy,CON-FOLD (confidence_fit),information_gain,0.7058823529411765,0.8483093869852941,5.366285085678101,102,101,30
Ecoli,greedy,CON-FOLD (confidence_fit),information_gain,0.6323529411764706,0.8224214695911765,5.581219434738159,105,105,30
Ecoli,greedy,CON-FOLD (confidence_fit),information_gain,0.6323529411764706,0.8684086074911764,5.731738567352295,113,113,30
Ecoli,greedy,CON-FOLD (confidence_fit),information_gain,0.75,0.8690184073161765,5.952443361282349,108,107,30
Ecoli,greedy,CON-FOLD (confidence_fit),information_gain,0.6176470588235294,0.8579533355514706,6.039979696273804,93,93,30
Ecoli,greedy,CON-FOLD (confidence_fit),information_gain,0.5588235294117647,0.8218601336441176,6.233013868331909,89,89,30
Ecoli,greedy,CON-FOLD (confidence_fit),information_gain,0.6911764705882353,0.8416799620558822,6.275696516036987,106,105,30
Ecoli,greedy,CON-FOLD (confidence_fit),information_gain,0.6029411764705882,0.8444817524205883,6.3092310428619385,97,97,30
Ecoli,greedy,CON-FOLD (confidence_fit),information_gain,0.5147058823529411,0.8324732300367645,7.040294170379639,113,113,30
Ecoli,greedy,CON-FOLD (confidence_fit),information_gain,0.6029411764705882,0.7712191451720588,8.142976999282837,158,157,30
Ecoli,greedy,CON-FOLD (confidence_fit),information_gain,0.6029411764705882,0.797168157935294,9.64321494102478,153,153,30
Ecoli,greedy,CON-FOLD (confidence_fit),information_gain,0.45588235294117646,0.7956596366720589,10.086921215057373,160,160,30
Ecoli,greedy,CON-FOLD (confidence_fit),information_gain,0.39705882352941174,0.7345281411161765,10.156852960586548,174,173,30
Ecoli,greedy,CON-FOLD (confidence_fit),information_gain,0.6323529411764706,0.7952420620132352,10.449983596801758,176,175,30
Ecoli,greedy,CON-FOLD (confidence_fit),information_gain,0.5882352941176471,0.8128949011838235,10.735505819320679,191,191,30
Ecoli,greedy,CON-FOLD (confidence_fit),information_gain,0.6176470588235294,0.79836974005,11.493582010269165,191,191,30
Ecoli,greedy,CON-FOLD (confidence_fit),information_gain,0.5882352941176471,0.810625688507353,11.598912477493286,186,186,30
Ecoli,greedy,CON-FOLD (confidence_fit),information_gain,0.6176470588235294,0.8061121697838235,11.637637615203857,186,186,30
Ecoli,greedy,CON-FOLD (confidence_fit),information_gain,0.5294117647058824,0.7689812193117647,11.977774858474731,176,176,30
Ecoli,greedy,CON-FOLD (confidence_fit),information_gain,0.5147058823529411,0.8092546775617646,12.121822595596313,191,191,30
Ecoli,greedy,CON-FOLD (confidence_fit),information_gain,0.4411764705882353,0.7900399466,12.204068183898926,188,188,30
Ecoli,greedy,CON-FOLD (confidence_fit),information_gain,0.5735294117647058,0.7835363348882353,12.292139291763306,178,177,30
Ecoli,greedy,CON-FOLD (confidence_fit),information_gain,0.6323529411764706,0.8011088555485295,12.326286554336548,191,191,30
Ecoli,greedy,CON-FOLD (confidence_fit),information_gain,0.5735294117647058,0.8008711871308823,12.417920589447021,194,194,30
Ecoli,greedy,CON-FOLD (confidence_fit),information_gain,0.4411764705882353,0.7508084494602942,12.431726217269897,183,182,30
Ecoli,greedy,CON-FOLD (confidence_fit),Gini_Impurity,0.0,0.75,0.041303396224975586,0,0,30
Ecoli,greedy,CON-FOLD (confidence_fit),Gini_Impurity,0.0,0.75,0.0615696907043457,0,0,30
Ecoli,greedy,CON-FOLD (confidence_fit),Gini_Impurity,0.0,0.75,0.05144166946411133,0,0,30
Ecoli,greedy,CON-FOLD (confidence_fit),Gini_Impurity,0.0,0.75,0.06710076332092285,0,0,30
Ecoli,greedy,CON-FOLD (confidence_fit),Gini_Impurity,0.0,0.75,0.06340742111206055,0,0,30
Ecoli,greedy,CON-FOLD (confidence_fit),Gini_Impurity,0.0,0.75,0.06831812858581543,0,0,30
Ecoli,greedy,CON-FOLD (confidence_fit),Gini_Impurity,0.0,0.75,0.0615077018737793,0,0,30
Ecoli,greedy,CON-FOLD (confidence_fit),Gini_Impurity,0.0,0.75,0.061881065368652344,0,0,30
Ecoli,greedy,CON-FOLD (confidence_fit),Gini_Impurity,0.0,0.75,0.06831812858581543,0,0,30
Ecoli,greedy,CON-FOLD (confidence_fit),Gini_Impurity,0.0,0.75,0.06831812858581543,0,0,30
Ecoli,greedy,CON-FOLD (confidence_fit),Gini_Impurity,0.0,0.75,0.0615077018737793,0,0,30
Ecoli,greedy,CON-FOLD (confidence_fit),Gini_Impurity,0.0,0.75,0.0787351131439209,0,0,30
Ecoli,greedy,CON-FOLD (confidence_fit),Gini_Impurity,0.0,0.75,0.0787351131439209,0,0,30
Ecoli,greedy,CON-FOLD (confidence_fit),Gini_Impurity,0.0,0.75,0.07192468643188477,0,0,30
Ecoli,greedy,CON-FOLD (confidence_fit),Gini_Impurity,0.0,0.75,0.07192468643188477,0,0,30
Ecoli,greedy,CON-FOLD (confidence_fit),Gini_Impurity,0.0,0.75,0.08237195014953613,0,0,30
Ecoli,greedy,CON-FOLD (confidence_fit),Gini_Impurity,0.0,0.75,0.0615077018737793,0,0,30
Ecoli,greedy,CON-FOLD (confidence_fit),Gini_Impurity,0.0,0.75,0.0879831314086914,0,0,30
Ecoli,greedy,CON-FOLD (confidence_fit),Gini_Impurity,0.0,0.75,0.09479355812072754,0,0,30
Ecoli,greedy,CON-FOLD (confidence_fit),Gini_Impurity,0.0,0.75,0.09962987899780273,1,3,30
Ecoli,greedy,CON-FOLD (confidence_fit),Gini_Impurity,0.0,0.75,0.0928194522857666,0,0,30
Ecoli,greedy,CON-FOLD (confidence_fit),Gini_Impurity,0.0,0.75,0.0928194522857666,0,0,30
Ecoli,greedy,CON-FOLD (confidence_fit),Gini_Impurity,0.0,0.75,0.0879831314086914,0,0,30
Ecoli,greedy,CON-FOLD (confidence_fit),Gini_Impurity,0.0,0.75,0.08918237686157227,0,0,30
Ecoli,greedy,CON-FOLD (confidence_fit),Gini_Impurity,0.0,0.75,0.10320329666137695,1,3,30
Ecoli,greedy,CON-FOLD (confidence_fit),Gini_Impurity,0.0,0.75,0.07192468643188477,0,0,30
Ecoli,greedy,CON-FOLD (confidence_fit),Gini_Impurity,0.0,0.75,0.07192468643188477,0,0,30
Ecoli,greedy,CON-FOLD (confidence_fit),Gini_Impurity,0.0,0.75,0.15027427673339844,4,8,30
Ecoli,greedy,CON-FOLD (confidence_fit),Gini_Impurity,0.0,0.75,0.16169977188110352,4,12,30
Ecoli,greedy,CON-FOLD (confidence_fit),Gini_Impurity,0.0,0.75,0.0578763484954834,0,0,30
Ecoli,greedy,CON-FOLD (confidence_fit),Precision_Information_Gain,0.0,0.75,0.08285403251647949,0,0,30
Ecoli,greedy,CON-FOLD (confidence_fit),Precision_Information_Gain,0.0,0.75,0.09304451942443848,0,0,30
Ecoli,greedy,CON-FOLD (confidence_fit),Precision_Information_Gain,0.0,0.75,0.11338591575622559,0,0,30
Ecoli,greedy,CON-FOLD (confidence_fit),Precision_Information_Gain,0.0,0.75,0.12901520729064941,0,0,30
Ecoli,greedy,CON-FOLD (confidence_fit),Precision_Information_Gain,0.0,0.75,0.13292789459228516,0,0,30
Ecoli,greedy,CON-FOLD (confidence_fit),Precision_Information_Gain,0.0,0.75,0.14446067810058594,0,0,30
Ecoli,greedy,CON-FOLD (confidence_fit),Precision_Information_Gain,0.0,0.75,0.16376757621765137,0,0,30
Ecoli,greedy,CON-FOLD (confidence_fit),Precision_Information_Gain,0.0,0.75,0.16829633712768555,0,0,30
Ecoli,greedy,CON-FOLD (confidence_fit),Precision_Information_Gain,0.0,0.75,0.19454383850097656,0,0,30
Ecoli,greedy,CON-FOLD (confidence_fit),Precision_Information_Gain,0.0,0.75,0.20746994018554688,0,0,30
Ecoli,greedy,CON-FOLD (confidence_fit),Precision_Information_Gain,0.0,0.75,0.19907331466674805,0,0,30
Ecoli,greedy,CON-FOLD (confidence_fit),Precision_Information_Gain,0.0,0.75,0.20607638359069824,0,0,30
Ecoli,greedy,CON-FOLD (confidence_fit),Precision_Information_Gain,0.0,0.75,0.20678448677062988,0,0,30
Ecoli,greedy,CON-FOLD (confidence_fit),Precision_Information_Gain,0.0,0.75,0.2151021957397461,0,0,30
Ecoli,greedy,CON-FOLD (confidence_fit),Precision_Information_Gain,0.0,0.75,0.2256011962890625,0,0,30
Ecoli,greedy,CON-FOLD (confidence_fit),Precision_Information_Gain,0.0,0.75,0.20957231521606445,0,0,30
Ecoli,greedy,CON-FOLD (confidence_fit),Precision_Information_Gain,0.0,0.75,0.22685480117797852,0,0,30
Ecoli,greedy,CON-FOLD (confidence_fit),Precision_Information_Gain,0.0,0.75,0.2297060489654541,0,0,30
Ecoli,greedy,CON-FOLD (confidence_fit),Precision_Information_Gain,0.0,0.75,0.2227029800415039,0,0,30
Ecoli,greedy,CON-FOLD (confidence_fit),Precision_Information_Gain,0.0,0.75,0.2371366024017334,0,0,30
Ecoli,greedy,CON-FOLD (confidence_fit),Precision_Information_Gain,0.0,0.75,0.23588061332702637,0,0,30
Ecoli,greedy,CON-FOLD (confidence_fit),Precision_Information_Gain,0.0,0.75,0.2563669681549072,0,0,30
Ecoli,greedy,CON-FOLD (confidence_fit),Precision_Information_Gain,0.0,0.75,0.24734115600585938,0,0,30
Ecoli,greedy,CON-FOLD (confidence_fit),Precision_Information_Gain,0.0,0.75,0.24734115600585938,0,0,30
Ecoli,greedy,CON-FOLD (confidence_fit),Precision_Information_Gain,0.0,0.75,0.2668335437774658,0,0,30
Ecoli,greedy,CON-FOLD (confidence_fit),Precision_Information_Gain,0.0,0.75,0.21657538414001465,0,0,30
Ecoli,greedy,CON-FOLD (confidence_fit),Precision_Information_Gain,0.0,0.75,0.25780773162841797,0,0,30
Ecoli,greedy,CON-FOLD (confidence_fit),Precision_Information_Gain,0.0,0.75,0.2539644241333008,0,0,30
Ecoli,greedy,CON-FOLD (confidence_fit),Precision_Information_Gain,0.0,0.75,0.24533939361572266,0,0,30
Ecoli,greedy,CON-FOLD (confidence_fit),Precision_Information_Gain,0.0,0.75,0.2256011962890625,0,0,30
Ecoli,greedy,CON-FOLD (confidence_fit),Precision_Gini_Impurity,0.39705882352941174,0.7926900199985294,4.878787517547607,28,35,30
Ecoli,greedy,CON-FOLD (confidence_fit),Precision_Gini_Impurity,0.36764705882352944,0.7904777287102942,4.9093358516693115,27,35,30
Ecoli,greedy,CON-FOLD (confidence_fit),Precision_Gini_Impurity,0.38235294117647056,0.7958876779617647,5.098556756973267,33,43,30
Ecoli,greedy,CON-FOLD (confidence_fit),Precision_Gini_Impurity,0.3088235294117647,0.7756396369985294,5.330493927001953,28,37,30
Ecoli,greedy,CON-FOLD (confidence_fit),Precision_Gini_Impurity,0.2647058823529412,0.7834581217117647,5.661908149719238,17,23,30
Ecoli,greedy,CON-FOLD (confidence_fit),Precision_Gini_Impurity,0.4117647058823529,0.8100336113691176,6.277541399002075,34,46,30
Ecoli,greedy,CON-FOLD (confidence_fit),Precision_Gini_Impurity,0.4117647058823529,0.7969091541617647,6.341772794723511,32,42,30
Ecoli,greedy,CON-FOLD (confidence_fit),Precision_Gini_Impurity,0.47058823529411764,0.8111808212058824,6.592128753662109,33,45,30
Ecoli,greedy,CON-FOLD (confidence_fit),Precision_Gini_Impurity,0.6176470588235294,0.83661589295,6.630856037139893,43,56,30
Ecoli,greedy,CON-FOLD (confidence_fit),Precision_Gini_Impurity,0.3382352941176471,0.7730071205911764,6.76685357093811,39,51,30
Ecoli,greedy,CON-FOLD (confidence_fit),Precision_Gini_Impurity,0.4264705882352941,0.7861939023058824,7.173474073410034,46,65,30
Ecoli,greedy,CON-FOLD (confidence_fit),Precision_Gini_Impurity,0.36764705882352944,0.7846769309617647,7.344554662704468,37,54,30
Ecoli,greedy,CON-FOLD (confidence_fit),Precision_Gini_Impurity,0.39705882352941174,0.7755507723602941,7.5529704093933105,36,46,30
Ecoli,greedy,CON-FOLD (confidence_fit),Precision_Gini_Impurity,0.4264705882352941,0.8075564138602941,7.580762147903442,38,52,30
Ecoli,greedy,CON-FOLD (confidence_fit),Precision_Gini_Impurity,0.5441176470588235,0.8064606213882353,7.6113440990448,43,65,30
Ecoli,greedy,CON-FOLD (confidence_fit),Precision_Gini_Impurity,0.4411764705882353,0.778493327342647,7.859621524810791,60,85,30
Ecoli,greedy,CON-FOLD (confidence_fit),Precision_Gini_Impurity,0.35294117647058826,0.7616361335308823,7.889616012573242,54,79,30
Ecoli,greedy,CON-FOLD (confidence_fit),Precision_Gini_Impurity,0.38235294117647056,0.7966960101617648,7.909240007400513,36,49,30
Ecoli,greedy,CON-FOLD (confidence_fit),Precision_Gini_Impurity,0.3088235294117647,0.7512270700897059,8.059108972549438,50,69,30
Ecoli,greedy,CON-FOLD (confidence_fit),Precision_Gini_Impurity,0.5735294117647058,0.8023627744661764,8.056108713150024,63,87,30
Ecoli,greedy,CON-FOLD (confidence_fit),Precision_Gini_Impurity,0.45588235294117646,0.8018792450191177,8.121072053909302,44,60,30
Ecoli,greedy,CON-FOLD (confidence_fit),Precision_Gini_Impurity,0.3382352941176471,0.7581422141911764,8.185742378234863,41,61,30
Ecoli,greedy,CON-FOLD (confidence_fit),Precision_Gini_Impurity,0.5294117647058824,0.8008603906308823,8.276731729507446,45,64,30
Ecoli,greedy,CON-FOLD (confidence_fit),Precision_Gini_Impurity,0.27941176470588236,0.7843588482955882,8.370208978652954,41,61,30
Ecoli,greedy,CON-FOLD (confidence_fit),Precision_Gini_Impurity,0.5147058823529411,0.7878901008191177,8.544960021972656,55,77,30
Ecoli,greedy,CON-FOLD (confidence_fit),Precision_Gini_Impurity,0.6764705882352942,0.8032292752838235,8.739877700805664,79,117,30
Ecoli,greedy,CON-FOLD (confidence_fit),Precision_Gini_Impurity,0.5441176470588235,0.7862322120735294,8.773607969284058,71,105,30
Ecoli,greedy,CON-FOLD (confidence_fit),Precision_Gini_Impurity,0.4264705882352941,0.7646901986588235,8.78075885772705,66,91,30
Ecoli,greedy,CON-FOLD (confidence_fit),Precision_Gini_Impurity,0.4852941176470588,0.7544848892485295,8.955952882766724,80,107,30
Ecoli,greedy,CON-FOLD (confidence_fit),Precision_Gini_Impurity,0.5294117647058824,0.7493200667161766,8.993992567062378,71,97,30
Ecoli,round_robin,FOLD-RM (fit),original,0.8235294117647058,0.8799709554426471,2.2678024768829346,26,30,30
Ecoli,round_robin,FOLD-RM (fit),original,0.7794117647058824,0.8385671095058823,2.403508186340332,24,30,30
Ecoli,round_robin,FOLD-RM (fit),original,0.8088235294117647,0.8567063179750001,2.8959500789642334,32,38,30
Ecoli,round_robin,FOLD-RM (fit),original,0.8235294117647058,0.8897566311897059,2.96026611328125,31,31,30
Ecoli,round_robin,FOLD-RM (fit),original,0.8088235294117647,0.8546758265955883,3.0713448524475098,28,29,30
Ecoli,round_robin,FOLD-RM (fit),original,0.7647058823529411,0.8091133859132353,3.0906565189361572,38,45,30
Ecoli,round_robin,FOLD-RM (fit),original,0.75,0.7980246520867647,3.59489369392395,35,44,30
Ecoli,round_robin,FOLD-RM (fit),original,0.8235294117647058,0.8669394637720588,3.6963207721710205,30,45,30
Ecoli,round_robin,FOLD-RM (fit),original,0.8088235294117647,0.8701494964220589,3.861032485961914,22,28,30
Ecoli,round_robin,FOLD-RM (fit),original,0.8382352941176471,0.8703141948411766,3.922863245010376,27,29,30
Ecoli,round_robin,FOLD-RM (fit),original,0.8676470588235294,0.893612406267647,4.015786409378052,29,35,30
Ecoli,round_robin,FOLD-RM (fit),original,0.8529411764705882,0.8823901154441177,4.115643501281738,29,30,30
Ecoli,round_robin,FOLD-RM (fit),original,0.8382352941176471,0.8583228183764706,4.1389546394348145,31,37,30
Ecoli,round_robin,FOLD-RM (fit),original,0.8088235294117647,0.8468578596235294,4.1389546394348145,36,42,30
Ecoli,round_robin,FOLD-RM (fit),original,0.75,0.822686872025,4.240562915802002,25,26,30
Ecoli,round_robin,FOLD-RM (fit),original,0.7941176470588235,0.8335625201205883,4.25086784362793,36,49,30
Ecoli,round_robin,FOLD-RM (fit),original,0.8382352941176471,0.8653725714411765,4.298187732696533,38,48,30
Ecoli,round_robin,FOLD-RM (fit),original,0.7941176470588235,0.8536432022205881,4.3953917026519775,29,31,30
Ecoli,round_robin,FOLD-RM (fit),original,0.8529411764705882,0.89675833865,4.414234399795532,36,48,30
Ecoli,round_robin,FOLD-RM (fit),original,0.7794117647058824,0.8398135779499999,4.438786029815674,26,31,30
Ecoli,round_robin,FOLD-RM (fit),original,0.7647058823529411,0.8109633914205883,4.468289613723755,31,40,30
Ecoli,round_robin,FOLD-RM (fit),original,0.8676470588235294,0.888221905557353,4.509432554244995,24,28,30
Ecoli,round_robin,FOLD-RM (fit),original,0.8088235294117647,0.8616346708,4.652415990829468,39,47,30
Ecoli,round_robin,FOLD-RM (fit),original,0.7647058823529411,0.8239599369044119,4.683337450027466,31,39,30
Ecoli,round_robin,FOLD-RM (fit),original,0.75,0.7977044929397058,4.722811460494995,37,45,30
Ecoli,round_robin,FOLD-RM (fit),original,0.7794117647058824,0.8512856677220588,4.7350754737854,36,44,30
Ecoli,round_robin,FOLD-RM (fit),original,0.8235294117647058,0.9030454998911766,4.738480091094971,39,47,30
Ecoli,round_robin,FOLD-RM (fit),original,0.8088235294117647,0.8594187773367647,4.734734296798706,35,42,30
Ecoli,round_robin,FOLD-RM (fit),original,0.7794117647058824,0.8109400368367645,4.770403146743774,30,39,30
Ecoli,round_robin,FOLD-RM (fit),original,0.75,0.7957864241617649,4.765636682510376,30,41,30
Ecoli,round_robin,FOLD-RM (fit),information_gain,0.8676470588235294,0.8848290017088236,2.286005973815918,60,56,30
Ecoli,round_robin,FOLD-RM (fit),information_gain,0.7647058823529411,0.7977793284867645,2.5636346340179443,67,61,30
Ecoli,round_robin,FOLD-RM (fit),information_gain,0.7647058823529411,0.821124064097059,2.6003808975219727,55,51,30
Ecoli,round_robin,FOLD-RM (fit),information_gain,0.7352941176470589,0.7932688828455884,2.69822096824646,48,45,30
Ecoli,round_robin,FOLD-RM (fit),information_gain,0.7941176470588235,0.8190724794852942,2.7801973819732666,62,57,30
Ecoli,round_robin,FOLD-RM (fit),information_gain,0.7941176470588235,0.8474813724470588,3.1118671894073486,60,55,30
Ecoli,round_robin,FOLD-RM (fit),information_gain,0.7352941176470589,0.7644726085955883,3.294471025466919,64,61,30
Ecoli,round_robin,FOLD-RM (fit),information_gain,0.7941176470588235,0.8330298523764705,3.511260986328125,64,62,30
Ecoli,round_robin,FOLD-RM (fit),information_gain,0.8529411764705882,0.8593913494764706,3.6043386459350586,69,64,30
Ecoli,round_robin,FOLD-RM (fit),information_gain,0.7794117647058824,0.809326431614706,3.624859094619751,60,59,30
Ecoli,round_robin,FOLD-RM (fit),information_gain,0.8382352941176471,0.8599959166897059,3.6479852199554443,59,57,30
Ecoli,round_robin,FOLD-RM (fit),information_gain,0.8382352941176471,0.874563719510294,3.6869564056396484,68,64,30
Ecoli,round_robin,FOLD-RM (fit),information_gain,0.7058823529411765,0.7548479180750001,3.6974055767059326,63,58,30
Ecoli,round_robin,FOLD-RM (fit),information_gain,0.75,0.8106141601044118,3.7079296112060547,61,53,30
Ecoli,round_robin,FOLD-RM (fit),information_gain,0.6617647058823529,0.7147557929970587,3.7079296112060547,61,55,30
Ecoli,round_robin,FOLD-RM (fit),information_gain,0.7794117647058824,0.8082644419161766,3.7389066219329834,68,58,30
Ecoli,round_robin,FOLD-RM (fit),information_gain,0.75,0.7987505092161766,3.742408275604248,56,51,30
Ecoli,round_robin,FOLD-RM (fit),information_gain,0.8382352941176471,0.846594805325,3.7694053649902344,65,57,30
Ecoli,round_robin,FOLD-RM (fit),information_gain,0.8235294117647058,0.8513043751308824,3.7691538333892822,66,60,30
Ecoli,round_robin,FOLD-RM (fit),information_gain,0.7794117647058824,0.8019312787455883,3.779611825942993,65,60,30
Ecoli,round_robin,FOLD-RM (fit),information_gain,0.8676470588235294,0.8777466860382354,3.8213329315185547,68,64,30
Ecoli,round_robin,FOLD-RM (fit),information_gain,0.8382352941176471,0.8716739446985294,3.8213329315185547,62,59,30
Ecoli,round_robin,FOLD-RM (fit),information_gain,0.6176470588235294,0.7010708231529412,3.8403971195220947,63,60,30
Ecoli,round_robin,FOLD-RM (fit),information_gain,0.7647058823529411,0.7927789895867645,3.83339786529541,54,52,30
Ecoli,round_robin,FOLD-RM (fit),information_gain,0.8088235294117647,0.8454536163529411,3.8696954250335693,65,61,30
Ecoli,round_robin,FOLD-RM (fit),information_gain,0.6911764705882353,0.742042114082353,3.9371228218078613,68,65,30
Ecoli,round_robin,FOLD-RM (fit),information_gain,0.8235294117647058,0.852573235239706,4.201953649520874,88,83,30
Ecoli,round_robin,FOLD-RM (fit),information_gain,0.7647058823529411,0.7950366084705881,4.232711553573608,101,99,30
Ecoli,round_robin,FOLD-RM (fit),information_gain,0.7794117647058824,0.822379665742647,4.255699157714844,82,79,30
Ecoli,round_robin,FOLD-RM (fit),information_gain,0.8529411764705882,0.8756902553882352,4.273644924163818,85,82,30
Ecoli,round_robin,FOLD-RM (fit),Gini_Impurity,0.0,0.75,0.12380313873291016,0,0,30
Ecoli,round_robin,FOLD-RM (fit),Gini_Impurity,0.0,0.75,0.16503524780273438,0,0,30
Ecoli,round_robin,FOLD-RM (fit),Gini_Impurity,0.0,0.75,0.1997063159942627,0,0,30
Ecoli,round_robin,FOLD-RM (fit),Gini_Impurity,0.0,0.75,0.2261505126953125,0,0,30
Ecoli,round_robin,FOLD-RM (fit),Gini_Impurity,0.0,0.75,0.24802112579345703,0,0,30
Ecoli,round_robin,FOLD-RM (fit),Gini_Impurity,0.0,0.75,0.256669282913208,0,0,30
Ecoli,round_robin,FOLD-RM (fit),Gini_Impurity,0.0,0.75,0.2591736316680908,0,0,30
Ecoli,round_robin,FOLD-RM (fit),Gini_Impurity,0.0,0.75,0.2681765556335449,0,0,30
Ecoli,round_robin,FOLD-RM (fit),Gini_Impurity,0.0,0.75,0.3408467769622803,0,0,30
Ecoli,round_robin,FOLD-RM (fit),Gini_Impurity,0.0,0.75,0.36107683181762695,0,0,30
Ecoli,round_robin,FOLD-RM (fit),Gini_Impurity,0.0,0.75,0.3433856964111328,0,0,30
Ecoli,round_robin,FOLD-RM (fit),Gini_Impurity,0.0,0.75,0.39173150062561035,0,0,30
Ecoli,round_robin,FOLD-RM (fit),Gini_Impurity,0.0,0.75,0.4227926731109619,0,0,30
Ecoli,round_robin,FOLD-RM (fit),Gini_Impurity,0.0,0.75,0.43388843536376953,0,0,30
Ecoli,round_robin,FOLD-RM (fit),Gini_Impurity,0.0,0.75,0.43388843536376953,0,0,30
Ecoli,round_robin,FOLD-RM (fit),Gini_Impurity,0.0,0.75,0.43712902069091797,0,0,30
Ecoli,round_robin,FOLD-RM (fit),Gini_Impurity,0.0,0.75,0.46529221534729004,0,0,30
Ecoli,round_robin,FOLD-RM (fit),Gini_Impurity,0.0,0.75,0.47386622428894043,0,0,30
Ecoli,round_robin,FOLD-RM (fit),Gini_Impurity,0.0,0.75,0.4268920421600342,0,0,30
Ecoli,round_robin,FOLD-RM (fit),Gini_Impurity,0.0,0.75,0.47374749183654785,0,0,30
Ecoli,round_robin,FOLD-RM (fit),Gini_Impurity,0.0,0.75,0.47374749183654785,0,0,30
Ecoli,round_robin,FOLD-RM (fit),Gini_Impurity,0.0,0.75,0.48671913146972656,0,0,30
Ecoli,round_robin,FOLD-RM (fit),Gini_Impurity,0.0,0.75,0.481215238571167,0,0,30
Ecoli,round_robin,FOLD-RM (fit),Gini_Impurity,0.0,0.75,0.497006893157959,0,0,30
Ecoli,round_robin,FOLD-RM (fit),Gini_Impurity,0.0,0.75,0.5150713920593262,0,0,30
Ecoli,round_robin,FOLD-RM (fit),Gini_Impurity,0.0,0.75,0.5287246704101562,0,0,30
Ecoli,round_robin,FOLD-RM (fit),Gini_Impurity,0.0,0.75,0.5197992324829102,0,0,30
Ecoli,round_robin,FOLD-RM (fit),Gini_Impurity,0.0,0.75,0.5287246704101562,0,0,30
Ecoli,round_robin,FOLD-RM (fit),Gini_Impurity,0.0,0.75,0.556222677230835,0,0,30
Ecoli,round_robin,FOLD-RM (fit),Gini_Impurity,0.0,0.75,0.5457174777984619,0,0,30
Ecoli,round_robin,FOLD-RM (fit),Precision_Information_Gain,0.0,0.75,0.008916854858398438,0,0,30
Ecoli,round_robin,FOLD-RM (fit),Precision_Information_Gain,0.0,0.75,0.028148174285888672,0,0,30
Ecoli,round_robin,FOLD-RM (fit),Precision_Information_Gain,0.0,0.75,0.030148029327392578,0,0,30
Ecoli,round_robin,FOLD-RM (fit),Precision_Information_Gain,0.0,0.75,0.03414797782897949,0,0,30
Ecoli,round_robin,FOLD-RM (fit),Precision_Information_Gain,0.0,0.75,0.03114771842956543,0,0,30
Ecoli,round_robin,FOLD-RM (fit),Precision_Information_Gain,0.0,0.75,0.03565216064453125,0,0,30
Ecoli,round_robin,FOLD-RM (fit),Precision_Information_Gain,0.0,0.75,0.03565549850463867,0,0,30
Ecoli,round_robin,FOLD-RM (fit),Precision_Information_Gain,0.0,0.75,0.03765559196472168,0,0,30
Ecoli,round_robin,FOLD-RM (fit),Precision_Information_Gain,0.0,0.75,0.036655426025390625,0,0,30
Ecoli,round_robin,FOLD-RM (fit),Precision_Information_Gain,0.0,0.75,0.034623146057128906,0,0,30
Ecoli,round_robin,FOLD-RM (fit),Precision_Information_Gain,0.0,0.75,0.039655447006225586,0,0,30
Ecoli,round_robin,FOLD-RM (fit),Precision_Information_Gain,0.0,0.75,0.03991103172302246,0,0,30
Ecoli,round_robin,FOLD-RM (fit),Precision_Information_Gain,0.0,0.75,0.04091167449951172,0,0,30
Ecoli,round_robin,FOLD-RM (fit),Precision_Information_Gain,0.0,0.75,0.03991103172302246,0,0,30
Ecoli,round_robin,FOLD-RM (fit),Precision_Information_Gain,0.0,0.75,0.03991103172302246,0,0,30
Ecoli,round_robin,FOLD-RM (fit),Precision_Information_Gain,0.0,0.75,0.03991103172302246,0,0,30
Ecoli,round_robin,FOLD-RM (fit),Precision_Information_Gain,0.0,0.75,0.03991103172302246,0,0,30
Ecoli,round_robin,FOLD-RM (fit),Precision_Information_Gain,0.0,0.75,0.029154062271118164,0,0,30
Ecoli,round_robin,FOLD-RM (fit),Precision_Information_Gain,0.0,0.75,0.03991103172302246,0,0,30
Ecoli,round_robin,FOLD-RM (fit),Precision_Information_Gain,0.0,0.75,0.02814793586730957,0,0,30
Ecoli,round_robin,FOLD-RM (fit),Precision_Information_Gain,0.0,0.75,0.03991103172302246,0,0,30
Ecoli,round_robin,FOLD-RM (fit),Precision_Information_Gain,0.0,0.75,0.03991103172302246,0,0,30
Ecoli,round_robin,FOLD-RM (fit),Precision_Information_Gain,0.0,0.75,0.03991103172302246,0,0,30
Ecoli,round_robin,FOLD-RM (fit),Precision_Information_Gain,0.0,0.75,0.03991103172302246,0,0,30
Ecoli,round_robin,FOLD-RM (fit),Precision_Information_Gain,0.0,0.75,0.04155611991882324,0,0,30
Ecoli,round_robin,FOLD-RM (fit),Precision_Information_Gain,0.0,0.75,0.03991103172302246,0,0,30
Ecoli,round_robin,FOLD-RM (fit),Precision_Information_Gain,0.0,0.75,0.03991103172302246,0,0,30
Ecoli,round_robin,FOLD-RM (fit),Precision_Information_Gain,0.0,0.75,0.04091167449951172,0,0,30
Ecoli,round_robin,FOLD-RM (fit),Precision_Information_Gain,0.0,0.75,0.03565502166748047,0,0,30
Ecoli,round_robin,FOLD-RM (fit),Precision_Information_Gain,0.0,0.75,0.03991103172302246,0,0,30
Ecoli,round_robin,FOLD-RM (fit),Precision_Gini_Impurity,0.0,0.75,0.1523756980895996,0,0,30
Ecoli,round_robin,FOLD-RM (fit),Precision_Gini_Impurity,0.0,0.75,0.16280150413513184,0,0,30
Ecoli,round_robin,FOLD-RM (fit),Precision_Gini_Impurity,0.0,0.75,0.25606751441955566,0,0,30
Ecoli,round_robin,FOLD-RM (fit),Precision_Gini_Impurity,0.0,0.75,0.30878591537475586,1,3,30
Ecoli,round_robin,FOLD-RM (fit),Precision_Gini_Impurity,0.0,0.75,0.36295413970947266,0,0,30
Ecoli,round_robin,FOLD-RM (fit),Precision_Gini_Impurity,0.0,0.75,0.3784923553466797,0,0,30
Ecoli,round_robin,FOLD-RM (fit),Precision_Gini_Impurity,0.0,0.75,0.5042414665222168,0,0,30
Ecoli,round_robin,FOLD-RM (fit),Precision_Gini_Impurity,0.0,0.75,0.530667781829834,1,3,30
Ecoli,round_robin,FOLD-RM (fit),Precision_Gini_Impurity,0.0,0.75,0.5581178665161133,1,5,30
Ecoli,round_robin,FOLD-RM (fit),Precision_Gini_Impurity,0.0,0.75,0.5842514038085938,0,0,30
Ecoli,round_robin,FOLD-RM (fit),Precision_Gini_Impurity,0.0,0.75,0.596764326095581,0,0,30
Ecoli,round_robin,FOLD-RM (fit),Precision_Gini_Impurity,0.0,0.75,0.6353685855865479,1,5,30
Ecoli,round_robin,FOLD-RM (fit),Precision_Gini_Impurity,0.0,0.75,0.6272604465484619,1,3,30
Ecoli,round_robin,FOLD-RM (fit),Precision_Gini_Impurity,0.0,0.75,0.6374232769012451,0,0,30
Ecoli,round_robin,FOLD-RM (fit),Precision_Gini_Impurity,0.0,0.75,0.6413226127624512,1,5,30
Ecoli,round_robin,FOLD-RM (fit),Precision_Gini_Impurity,0.0,0.75,0.6889913082122803,1,3,30
Ecoli,round_robin,FOLD-RM (fit),Precision_Gini_Impurity,0.0,0.75,0.6889913082122803,0,0,30
Ecoli,round_robin,FOLD-RM (fit),Precision_Gini_Impurity,0.0,0.75,0.8552005290985107,1,3,30
Ecoli,round_robin,FOLD-RM (fit),Precision_Gini_Impurity,0.0,0.75,0.8609073162078857,1,3,30
Ecoli,round_robin,FOLD-RM (fit),Precision_Gini_Impurity,0.0,0.75,0.933969259262085,1,3,30
Ecoli,round_robin,FOLD-RM (fit),Precision_Gini_Impurity,0.0,0.75,0.9476666450500488,1,3,30
Ecoli,round_robin,FOLD-RM (fit),Precision_Gini_Impurity,0.058823529411764705,0.7445633010970588,1.4102282524108887,14,27,30
Ecoli,round_robin,FOLD-RM (fit),Precision_Gini_Impurity,0.22058823529411764,0.7660309404220589,1.560009241104126,13,20,30
Ecoli,round_robin,FOLD-RM (fit),Precision_Gini_Impurity,0.058823529411764705,0.7519305308279411,1.901341438293457,13,26,30
Ecoli,round_robin,FOLD-RM (fit),Precision_Gini_Impurity,0.10294117647058823,0.7449549072823529,1.9060823917388916,21,35,30
Ecoli,round_robin,FOLD-RM (fit),Precision_Gini_Impurity,0.39705882352941174,0.7790730863455883,2.2643532752990723,35,54,30
Ecoli,round_robin,FOLD-RM (fit),Precision_Gini_Impurity,0.16176470588235295,0.7582048106132353,2.3354427814483643,37,57,30
Ecoli,round_robin,FOLD-RM (fit),Precision_Gini_Impurity,0.3088235294117647,0.7797872221058824,2.6827051639556885,34,55,30
Ecoli,round_robin,FOLD-RM (fit),Precision_Gini_Impurity,0.5735294117647058,0.8238126990426471,2.7072911262512207,67,101,30
Ecoli,round_robin,FOLD-RM (fit),Precision_Gini_Impurity,0.39705882352941174,0.7793628017941177,2.846184730529785,59,88,30
Ecoli,round_robin,CON-FOLD (confidence_fit),original,0.8235294117647058,0.8691566454735294,2.457777500152588,20,24,30
Ecoli,round_robin,CON-FOLD (confidence_fit),original,0.9117647058823529,0.9141367520882353,2.551034927368164,18,21,30
Ecoli,round_robin,CON-FOLD (confidence_fit),original,0.7647058823529411,0.8476864096720587,3.0734260082244873,19,22,30
Ecoli,round_robin,CON-FOLD (confidence_fit),original,0.7647058823529411,0.817225074610294,3.4413034915924072,20,25,30
Ecoli,round_robin,CON-FOLD (confidence_fit),original,0.8676470588235294,0.8895747625220588,3.6669564247131348,24,27,30
Ecoli,round_robin,CON-FOLD (confidence_fit),original,0.75,0.8337602665647058,3.708051919937134,24,31,30
Ecoli,round_robin,CON-FOLD (confidence_fit),original,0.8235294117647058,0.8638342426176471,3.738196611404419,22,25,30
Ecoli,round_robin,CON-FOLD (confidence_fit),original,0.8088235294117647,0.8696659443338235,3.7590384483337402,18,24,30
Ecoli,round_robin,CON-FOLD (confidence_fit),original,0.75,0.8092292783455883,3.913069725036621,24,35,30
Ecoli,round_robin,CON-FOLD (confidence_fit),original,0.75,0.8334880083529413,3.9652352333068848,25,29,30
Ecoli,round_robin,CON-FOLD (confidence_fit),original,0.8382352941176471,0.8738742220441177,4.027935981750488,21,25,30
Ecoli,round_robin,CON-FOLD (confidence_fit),original,0.7941176470588235,0.8549643281941177,4.0576817989349365,24,26,30
Ecoli,round_robin,CON-FOLD (confidence_fit),original,0.8529411764705882,0.8919228065544117,4.263720989227295,17,23,30
Ecoli,round_robin,CON-FOLD (confidence_fit),original,0.7794117647058824,0.8513961378441177,4.273967504501343,30,35,30
Ecoli,round_robin,CON-FOLD (confidence_fit),original,0.8823529411764706,0.9020745405323529,4.40729022026062,21,24,30
Ecoli,round_robin,CON-FOLD (confidence_fit),original,0.7647058823529411,0.8239448598426469,4.40729022026062,25,31,30
Ecoli,round_robin,CON-FOLD (confidence_fit),original,0.8382352941176471,0.8712527217455883,4.418794631958008,25,38,30
Ecoli,round_robin,CON-FOLD (confidence_fit),original,0.8235294117647058,0.8697645039014706,4.4273834228515625,18,19,30
Ecoli,round_robin,CON-FOLD (confidence_fit),original,0.8088235294117647,0.8554117997088235,4.475050449371338,27,35,30
Ecoli,round_robin,CON-FOLD (confidence_fit),original,0.7647058823529411,0.803528310625,4.4996325969696045,29,35,30
Ecoli,round_robin,CON-FOLD (confidence_fit),original,0.8676470588235294,0.9031500476705882,4.542313575744629,21,25,30
Ecoli,round_robin,CON-FOLD (confidence_fit),original,0.7647058823529411,0.8390710872970588,4.542313575744629,24,28,30
Ecoli,round_robin,CON-FOLD (confidence_fit),original,0.8676470588235294,0.8919805192867647,4.561621189117432,18,21,30
Ecoli,round_robin,CON-FOLD (confidence_fit),original,0.8676470588235294,0.9060303174308824,4.566646337509155,26,32,30
Ecoli,round_robin,CON-FOLD (confidence_fit),original,0.8235294117647058,0.8783856491455881,4.593255281448364,18,22,30
Ecoli,round_robin,CON-FOLD (confidence_fit),original,0.8676470588235294,0.910906610317647,4.602468013763428,25,31,30
Ecoli,round_robin,CON-FOLD (confidence_fit),original,0.8382352941176471,0.8804591346705882,4.582522869110107,26,37,30
Ecoli,round_robin,CON-FOLD (confidence_fit),original,0.7647058823529411,0.8250516221911763,4.6022047996521,20,28,30
Ecoli,round_robin,CON-FOLD (confidence_fit),original,0.8970588235294118,0.9008148577941176,4.644182443618774,20,19,30
Ecoli,round_robin,CON-FOLD (confidence_fit),original,0.8382352941176471,0.8744344250882353,4.666910886764526,29,38,30
Ecoli,round_robin,CON-FOLD (confidence_fit),information_gain,0.7794117647058824,0.819121598625,2.2103281021118164,44,41,30
Ecoli,round_robin,CON-FOLD (confidence_fit),information_gain,0.7794117647058824,0.8393820020838235,2.3177123069763184,37,36,30
Ecoli,round_robin,CON-FOLD (confidence_fit),information_gain,0.7352941176470589,0.8239444906573528,2.3525919914245605,21,20,30
Ecoli,round_robin,CON-FOLD (confidence_fit),information_gain,0.75,0.832119340867647,2.4569976329803467,22,20,30
Ecoli,round_robin,CON-FOLD (confidence_fit),information_gain,0.7941176470588235,0.852907550417647,2.4759984016418457,19,17,30
Ecoli,round_robin,CON-FOLD (confidence_fit),information_gain,0.75,0.8154794286985293,2.5140419006347656,23,22,30
Ecoli,round_robin,CON-FOLD (confidence_fit),information_gain,0.7647058823529411,0.8276469641014707,2.7343456745147705,21,20,30
Ecoli,round_robin,CON-FOLD (confidence_fit),information_gain,0.8529411764705882,0.8718477726838236,2.931990146636963,44,42,30
Ecoli,round_robin,CON-FOLD (confidence_fit),information_gain,0.8823529411764706,0.8926965250191177,2.973048448562622,46,44,30
Ecoli,round_robin,CON-FOLD (confidence_fit),information_gain,0.8235294117647058,0.8501152274132353,2.954105854034424,40,38,30
Ecoli,round_robin,CON-FOLD (confidence_fit),information_gain,0.7647058823529411,0.8105970179955883,3.022583246231079,40,38,30
Ecoli,round_robin,CON-FOLD (confidence_fit),information_gain,0.7352941176470589,0.8251821214632353,2.9815115928649902,20,20,30
Ecoli,round_robin,CON-FOLD (confidence_fit),information_gain,0.7794117647058824,0.852638285435294,3.1182215213775635,22,20,30
Ecoli,round_robin,CON-FOLD (confidence_fit),information_gain,0.7352941176470589,0.8348703422294117,3.1692354679107666,20,18,30
Ecoli,round_robin,CON-FOLD (confidence_fit),information_gain,0.8382352941176471,0.8542721573161765,3.2507879734039307,43,42,30
Ecoli,round_robin,CON-FOLD (confidence_fit),information_gain,0.7352941176470589,0.8360519150955883,3.2520885467529297,20,19,30
Ecoli,round_robin,CON-FOLD (confidence_fit),information_gain,0.7794117647058824,0.8374648852852942,3.291316509246826,19,18,30
Ecoli,round_robin,CON-FOLD (confidence_fit),information_gain,0.8235294117647058,0.8773288319970588,3.3016741275787354,23,21,30
Ecoli,round_robin,CON-FOLD (confidence_fit),information_gain,0.8529411764705882,0.881852204942647,3.3327724933624268,22,21,30
Ecoli,round_robin,CON-FOLD (confidence_fit),information_gain,0.6911764705882353,0.7934952063455885,3.3429784774780273,23,21,30
Ecoli,round_robin,CON-FOLD (confidence_fit),information_gain,0.7205882352941176,0.7833982164191176,3.394737482070923,20,19,30
Ecoli,round_robin,CON-FOLD (confidence_fit),information_gain,0.8088235294117647,0.8676562593323529,3.4150776863098145,19,18,30
Ecoli,round_robin,CON-FOLD (confidence_fit),information_gain,0.7647058823529411,0.8085574917911764,3.4357876777648926,18,18,30
Ecoli,round_robin,CON-FOLD (confidence_fit),information_gain,0.7647058823529411,0.8391606909499999,3.4672980308532715,26,24,30
Ecoli,round_robin,CON-FOLD (confidence_fit),information_gain,0.8382352941176471,0.8836716145779412,3.5192432403564453,21,21,30
Ecoli,round_robin,CON-FOLD (confidence_fit),information_gain,0.8235294117647058,0.8406647134544116,3.5701467990875244,45,43,30
Ecoli,round_robin,CON-FOLD (confidence_fit),information_gain,0.7647058823529411,0.8168365700632353,3.610658645629883,42,40,30
Ecoli,round_robin,CON-FOLD (confidence_fit),information_gain,0.7205882352941176,0.8027906656,3.6782259941101074,76,72,30
Ecoli,round_robin,CON-FOLD (confidence_fit),information_gain,0.75,0.8171127946764707,3.694133996963501,60,57,30
Ecoli,round_robin,CON-FOLD (confidence_fit),information_gain,0.6764705882352942,0.8024650006191177,3.90464186668396,88,87,30
Ecoli,round_robin,CON-FOLD (confidence_fit),Gini_Impurity,0.0,0.75,0.12433958053588867,0,0,30
Ecoli,round_robin,CON-FOLD (confidence_fit),Gini_Impurity,0.0,0.75,0.19224309921264648,0,0,30
Ecoli,round_robin,CON-FOLD (confidence_fit),Gini_Impurity,0.0,0.75,0.21694469451904297,0,0,30
Ecoli,round_robin,CON-FOLD (confidence_fit),Gini_Impurity,0.0,0.75,0.2422473430633545,0,0,30
Ecoli,round_robin,CON-FOLD (confidence_fit),Gini_Impurity,0.0,0.75,0.2952711582183838,0,0,30
Ecoli,round_robin,CON-FOLD (confidence_fit),Gini_Impurity,0.0,0.75,0.30544137954711914,0,0,30
Ecoli,round_robin,CON-FOLD (confidence_fit),Gini_Impurity,0.0,0.75,0.30261659622192383,0,0,30
Ecoli,round_robin,CON-FOLD (confidence_fit),Gini_Impurity,0.0,0.75,0.3122894763946533,0,0,30
Ecoli,round_robin,CON-FOLD (confidence_fit),Gini_Impurity,0.0,0.75,0.3300018310546875,0,0,30
Ecoli,round_robin,CON-FOLD (confidence_fit),Gini_Impurity,0.0,0.75,0.34409403800964355,0,0,30
Ecoli,round_robin,CON-FOLD (confidence_fit),Gini_Impurity,0.0,0.75,0.34017276763916016,0,0,30
Ecoli,round_robin,CON-FOLD (confidence_fit),Gini_Impurity,0.0,0.75,0.3709888458251953,0,0,30
Ecoli,round_robin,CON-FOLD (confidence_fit),Gini_Impurity,0.0,0.75,0.38221049308776855,0,0,30
Ecoli,round_robin,CON-FOLD (confidence_fit),Gini_Impurity,0.0,0.75,0.38741302490234375,0,0,30
Ecoli,round_robin,CON-FOLD (confidence_fit),Gini_Impurity,0.0,0.75,0.38107943534851074,0,0,30
Ecoli,round_robin,CON-FOLD (confidence_fit),Gini_Impurity,0.0,0.75,0.35689783096313477,0,0,30
Ecoli,round_robin,CON-FOLD (confidence_fit),Gini_Impurity,0.0,0.75,0.4019317626953125,0,0,30
Ecoli,round_robin,CON-FOLD (confidence_fit),Gini_Impurity,0.0,0.75,0.4205775260925293,0,0,30
Ecoli,round_robin,CON-FOLD (confidence_fit),Gini_Impurity,0.0,0.75,0.43274855613708496,0,0,30
Ecoli,round_robin,CON-FOLD (confidence_fit),Gini_Impurity,0.0,0.75,0.4457364082336426,0,0,30
Ecoli,round_robin,CON-FOLD (confidence_fit),Gini_Impurity,0.0,0.75,0.44451045989990234,0,0,30
Ecoli,round_robin,CON-FOLD (confidence_fit),Gini_Impurity,0.0,0.75,0.4808323383331299,0,0,30
Ecoli,round_robin,CON-FOLD (confidence_fit),Gini_Impurity,0.0,0.75,0.4910469055175781,0,0,30
Ecoli,round_robin,CON-FOLD (confidence_fit),Gini_Impurity,0.0,0.75,0.49479079246520996,0,0,30
Ecoli,round_robin,CON-FOLD (confidence_fit),Gini_Impurity,0.0,0.75,0.4948842525482178,0,0,30
Ecoli,round_robin,CON-FOLD (confidence_fit),Gini_Impurity,0.0,0.75,0.5103855133056641,0,0,30
Ecoli,round_robin,CON-FOLD (confidence_fit),Gini_Impurity,0.0,0.75,0.5154833793640137,0,0,30
Ecoli,round_robin,CON-FOLD (confidence_fit),Gini_Impurity,0.0,0.75,0.49479079246520996,0,0,30
Ecoli,round_robin,CON-FOLD (confidence_fit),Gini_Impurity,0.0,0.75,0.5319554805755615,0,0,30
Ecoli,round_robin,CON-FOLD (confidence_fit),Gini_Impurity,0.0,0.75,0.5256543159484863,0,0,30
Ecoli,round_robin,CON-FOLD (confidence_fit),Precision_Information_Gain,0.0,0.75,0.015726089477539062,0,0,30
Ecoli,round_robin,CON-FOLD (confidence_fit),Precision_Information_Gain,0.0,0.75,0.03943586349487305,0,0,30
Ecoli,round_robin,CON-FOLD (confidence_fit),Precision_Information_Gain,0.0,0.75,0.03943586349487305,0,0,30
Ecoli,round_robin,CON-FOLD (confidence_fit),Precision_Information_Gain,0.0,0.75,0.034149169921875,0,0,30
Ecoli,round_robin,CON-FOLD (confidence_fit),Precision_Information_Gain,0.0,0.75,0.034149169921875,0,0,30
Ecoli,round_robin,CON-FOLD (confidence_fit),Precision_Information_Gain,0.0,0.75,0.03098464012145996,0,0,30
Ecoli,round_robin,CON-FOLD (confidence_fit),Precision_Information_Gain,0.0,0.75,0.030677080154418945,0,0,30
Ecoli,round_robin,CON-FOLD (confidence_fit),Precision_Information_Gain,0.0,0.75,0.030677080154418945,0,0,30
Ecoli,round_robin,CON-FOLD (confidence_fit),Precision_Information_Gain,0.0,0.75,0.040915489196777344,0,0,30
Ecoli,round_robin,CON-FOLD (confidence_fit),Precision_Information_Gain,0.0,0.75,0.030677080154418945,0,0,30
Ecoli,round_robin,CON-FOLD (confidence_fit),Precision_Information_Gain,0.0,0.75,0.044057607650756836,0,0,30
Ecoli,round_robin,CON-FOLD (confidence_fit),Precision_Information_Gain,0.0,0.75,0.034149169921875,0,0,30
Ecoli,round_robin,CON-FOLD (confidence_fit),Precision_Information_Gain,0.0,0.75,0.04737353324890137,0,0,30
Ecoli,round_robin,CON-FOLD (confidence_fit),Precision_Information_Gain,0.0,0.75,0.03943586349487305,0,0,30
Ecoli,round_robin,CON-FOLD (confidence_fit),Precision_Information_Gain,0.0,0.75,0.03943586349487305,0,0,30
Ecoli,round_robin,CON-FOLD (confidence_fit),Precision_Information_Gain,0.0,0.75,0.034149169921875,0,0,30
Ecoli,round_robin,CON-FOLD (confidence_fit),Precision_Information_Gain,0.0,0.75,0.040915489196777344,0,0,30
Ecoli,round_robin,CON-FOLD (confidence_fit),Precision_Information_Gain,0.0,0.75,0.034149169921875,0,0,30
Ecoli,round_robin,CON-FOLD (confidence_fit),Precision_Information_Gain,0.0,0.75,0.040915489196777344,0,0,30
Ecoli,round_robin,CON-FOLD (confidence_fit),Precision_Information_Gain,0.0,0.75,0.04737353324890137,0,0,30
Ecoli,round_robin,CON-FOLD (confidence_fit),Precision_Information_Gain,0.0,0.75,0.030677080154418945,0,0,30
Ecoli,round_robin,CON-FOLD (confidence_fit),Precision_Information_Gain,0.0,0.75,0.044057607650756836,0,0,30
Ecoli,round_robin,CON-FOLD (confidence_fit),Precision_Information_Gain,0.0,0.75,0.044057607650756836,0,0,30
Ecoli,round_robin,CON-FOLD (confidence_fit),Precision_Information_Gain,0.0,0.75,0.040915489196777344,0,0,30
Ecoli,round_robin,CON-FOLD (confidence_fit),Precision_Information_Gain,0.0,0.75,0.044057607650756836,0,0,30
Ecoli,round_robin,CON-FOLD (confidence_fit),Precision_Information_Gain,0.0,0.75,0.040915489196777344,0,0,30
Ecoli,round_robin,CON-FOLD (confidence_fit),Precision_Information_Gain,0.0,0.75,0.044057607650756836,0,0,30
Ecoli,round_robin,CON-FOLD (confidence_fit),Precision_Information_Gain,0.0,0.75,0.044057607650756836,0,0,30
Ecoli,round_robin,CON-FOLD (confidence_fit),Precision_Information_Gain,0.0,0.75,0.044057607650756836,0,0,30
Ecoli,round_robin,CON-FOLD (confidence_fit),Precision_Information_Gain,0.0,0.75,0.040915489196777344,0,0,30
Ecoli,round_robin,CON-FOLD (confidence_fit),Precision_Gini_Impurity,0.0,0.75,0.24937844276428223,1,3,30
Ecoli,round_robin,CON-FOLD (confidence_fit),Precision_Gini_Impurity,0.0,0.75,0.31334900856018066,0,0,30
Ecoli,round_robin,CON-FOLD (confidence_fit),Precision_Gini_Impurity,0.0,0.75,0.3610799312591553,0,0,30
Ecoli,round_robin,CON-FOLD (confidence_fit),Precision_Gini_Impurity,0.0,0.75,0.3613278865814209,0,0,30
Ecoli,round_robin,CON-FOLD (confidence_fit),Precision_Gini_Impurity,0.0,0.75,0.3715789318084717,0,0,30
Ecoli,round_robin,CON-FOLD (confidence_fit),Precision_Gini_Impurity,0.0,0.75,0.42284297943115234,0,0,30
Ecoli,round_robin,CON-FOLD (confidence_fit),Precision_Gini_Impurity,0.0,0.75,0.45421624183654785,1,3,30
Ecoli,round_robin,CON-FOLD (confidence_fit),Precision_Gini_Impurity,0.0,0.75,0.5525925159454346,0,0,30
Ecoli,round_robin,CON-FOLD (confidence_fit),Precision_Gini_Impurity,0.0,0.75,0.5882794857025146,1,3,30
Ecoli,round_robin,CON-FOLD (confidence_fit),Precision_Gini_Impurity,0.0,0.75,0.6088473796844482,1,3,30
Ecoli,round_robin,CON-FOLD (confidence_fit),Precision_Gini_Impurity,0.0,0.75,0.7014708518981934,1,3,30
Ecoli,round_robin,CON-FOLD (confidence_fit),Precision_Gini_Impurity,0.0,0.75,0.6962745189666748,0,0,30
Ecoli,round_robin,CON-FOLD (confidence_fit),Precision_Gini_Impurity,0.0,0.75,0.757594108581543,1,4,30
Ecoli,round_robin,CON-FOLD (confidence_fit),Precision_Gini_Impurity,0.0,0.75,0.763164758682251,0,0,30
Ecoli,round_robin,CON-FOLD (confidence_fit),Precision_Gini_Impurity,0.0,0.75,0.7834935188293457,1,3,30
Ecoli,round_robin,CON-FOLD (confidence_fit),Precision_Gini_Impurity,0.0,0.75,0.77829909324646,1,3,30
Ecoli,round_robin,CON-FOLD (confidence_fit),Precision_Gini_Impurity,0.0,0.75,0.9552030563354492,1,3,30
Ecoli,round_robin,CON-FOLD (confidence_fit),Precision_Gini_Impurity,0.0,0.75,0.9909329414367676,1,3,30
Ecoli,round_robin,CON-FOLD (confidence_fit),Precision_Gini_Impurity,0.0,0.75,1.0724256038665771,1,5,30
Ecoli,round_robin,CON-FOLD (confidence_fit),Precision_Gini_Impurity,0.0,0.75,1.3661973476409912,2,6,30
Ecoli,round_robin,CON-FOLD (confidence_fit),Precision_Gini_Impurity,0.10294117647058823,0.7565940672764706,1.7897400856018066,11,18,30
Ecoli,round_robin,CON-FOLD (confidence_fit),Precision_Gini_Impurity,0.10294117647058823,0.7443847663617646,1.9130487442016602,13,20,30
Ecoli,round_robin,CON-FOLD (confidence_fit),Precision_Gini_Impurity,0.08823529411764706,0.7567075973073529,2.0341947078704834,12,22,30
Ecoli,round_robin,CON-FOLD (confidence_fit),Precision_Gini_Impurity,0.04411764705882353,0.7393212610352942,2.118784189224243,13,23,30
Ecoli,round_robin,CON-FOLD (confidence_fit),Precision_Gini_Impurity,0.14705882352941177,0.7685276213500001,2.135094165802002,12,20,30
Ecoli,round_robin,CON-FOLD (confidence_fit),Precision_Gini_Impurity,0.23529411764705882,0.7778608494647059,2.590945243835449,27,38,30
Ecoli,round_robin,CON-FOLD (confidence_fit),Precision_Gini_Impurity,0.6029411764705882,0.8044487400882352,3.299401044845581,103,142,30
Ecoli,round_robin,CON-FOLD (confidence_fit),Precision_Gini_Impurity,0.29411764705882354,0.7661694155985295,3.3747599124908447,51,75,30
Ecoli,round_robin,CON-FOLD (confidence_fit),Precision_Gini_Impurity,0.6617647058823529,0.8135549833264706,3.534766674041748,90,132,30
Ecoli,round_robin,CON-FOLD (confidence_fit),Precision_Gini_Impurity,0.7647058823529411,0.8428456288882353,3.5462231636047363,78,110,30
Ecoli,best_rule,FOLD-RM (fit),original,0.10294117647058823,0.7630298930338235,13.293407678604126,12,16,30
Ecoli,best_rule,FOLD-RM (fit),original,0.08823529411764706,0.767864677275,14.117502689361572,10,15,30
Ecoli,best_rule,FOLD-RM (fit),original,0.10294117647058823,0.7688312770132353,14.751303672790527,10,14,30
Ecoli,best_rule,FOLD-RM (fit),original,0.029411764705882353,0.7434321565720587,15.170066833496094,12,15,30
Ecoli,best_rule,FOLD-RM (fit),original,0.10294117647058823,0.7655138007088235,15.192175149917603,13,18,30
Ecoli,best_rule,FOLD-RM (fit),original,0.08823529411764706,0.7579641627117647,16.243114471435547,13,18,30
Ecoli,best_rule,FOLD-RM (fit),original,0.058823529411764705,0.7544291138632353,16.752963066101074,12,18,30
Ecoli,best_rule,FOLD-RM (fit),original,0.6617647058823529,0.869091211882353,17.20456075668335,23,30,30
Ecoli,best_rule,FOLD-RM (fit),original,0.7941176470588235,0.8206658907220588,17.399597883224487,30,42,30
Ecoli,best_rule,FOLD-RM (fit),original,0.11764705882352941,0.7614530283647059,17.522505283355713,12,20,30
Ecoli,best_rule,FOLD-RM (fit),original,0.10294117647058823,0.7640500945014705,17.560033082962036,12,19,30
Ecoli,best_rule,FOLD-RM (fit),original,0.6764705882352942,0.8678562656397059,17.799059867858887,23,29,30
Ecoli,best_rule,FOLD-RM (fit),original,0.7941176470588235,0.8354652661941177,17.87073588371277,28,33,30
Ecoli,best_rule,FOLD-RM (fit),original,0.8088235294117647,0.838166333367647,17.984087228775024,30,42,30
Ecoli,best_rule,FOLD-RM (fit),original,0.6176470588235294,0.7866550153882352,18.46509051322937,25,26,30
Ecoli,best_rule,FOLD-RM (fit),original,0.8088235294117647,0.8587617196544117,18.56898283958435,28,37,30
Ecoli,best_rule,FOLD-RM (fit),original,0.7941176470588235,0.848822058732353,19.70403480529785,32,42,30
Ecoli,best_rule,FOLD-RM (fit),original,0.7794117647058824,0.829826877217647,19.728169679641724,34,42,30
Ecoli,best_rule,FOLD-RM (fit),original,0.8823529411764706,0.9025702288294118,19.766010522842407,33,42,30
Ecoli,best_rule,FOLD-RM (fit),original,0.8382352941176471,0.8844504095897059,19.78646945953369,34,41,30
Ecoli,best_rule,FOLD-RM (fit),original,0.8088235294117647,0.8524670885220589,19.943668603897095,33,43,30
Ecoli,best_rule,FOLD-RM (fit),original,0.7205882352941176,0.7805238803235293,20.099836826324463,30,39,30
Ecoli,best_rule,FOLD-RM (fit),original,0.7794117647058824,0.8402189822514707,20.189310312271118,29,38,30
Ecoli,best_rule,FOLD-RM (fit),original,0.8382352941176471,0.8508066580823529,20.23020315170288,31,44,30
Ecoli,best_rule,FOLD-RM (fit),original,0.8235294117647058,0.8684706838500001,20.411305904388428,30,33,30
Ecoli,best_rule,FOLD-RM (fit),original,0.8529411764705882,0.8778013330720589,20.427191734313965,38,51,30
Ecoli,best_rule,FOLD-RM (fit),original,0.7794117647058824,0.8157045111867648,20.455676078796387,31,41,30
Ecoli,best_rule,FOLD-RM (fit),original,0.8676470588235294,0.8942034138882352,20.500903844833374,32,38,30
Ecoli,best_rule,FOLD-RM (fit),original,0.8088235294117647,0.836375849397059,20.53020453453064,28,42,30
Ecoli,best_rule,FOLD-RM (fit),original,0.8382352941176471,0.8576105669205882,20.79687476158142,33,44,30
Ecoli,best_rule,FOLD-RM (fit),information_gain,0.6911764705882353,0.7422139785455883,19.174299955368042,52,51,30
Ecoli,best_rule,FOLD-RM (fit),information_gain,0.7352941176470589,0.7557120020264705,19.72717261314392,76,73,30
Ecoli,best_rule,FOLD-RM (fit),information_gain,0.7058823529411765,0.7359475851147059,20.764713525772095,75,72,30
Ecoli,best_rule,FOLD-RM (fit),information_gain,0.7058823529411765,0.7347628154088236,20.792070388793945,73,71,30
Ecoli,best_rule,FOLD-RM (fit),information_gain,0.7941176470588235,0.8401983418470589,21.041252851486206,58,57,30
Ecoli,best_rule,FOLD-RM (fit),information_gain,0.6764705882352942,0.7449035645632354,21.579682111740112,52,50,30
Ecoli,best_rule,FOLD-RM (fit),information_gain,0.6911764705882353,0.746225039107353,21.636911153793335,52,50,30
Ecoli,best_rule,FOLD-RM (fit),information_gain,0.6764705882352942,0.7296146540514703,21.824970483779907,50,48,30
Ecoli,best_rule,FOLD-RM (fit),information_gain,0.7647058823529411,0.7907241567352941,22.205438137054443,58,56,30
Ecoli,best_rule,FOLD-RM (fit),information_gain,0.7058823529411765,0.7287488598161763,22.261343955993652,73,71,30
Ecoli,best_rule,FOLD-RM (fit),information_gain,0.6617647058823529,0.7033182704485293,22.353362321853638,69,66,30
Ecoli,best_rule,FOLD-RM (fit),information_gain,0.75,0.7819322449676471,22.462707996368408,73,70,30
Ecoli,best_rule,FOLD-RM (fit),information_gain,0.7794117647058824,0.8076822458000001,22.609371423721313,58,56,30
Ecoli,best_rule,FOLD-RM (fit),information_gain,0.7794117647058824,0.8040814972882354,22.7614905834198,63,62,30
Ecoli,best_rule,FOLD-RM (fit),information_gain,0.75,0.781589820089706,22.877862691879272,45,44,30
Ecoli,best_rule,FOLD-RM (fit),information_gain,0.7352941176470589,0.7831958941970588,22.925609588623047,77,74,30
Ecoli,best_rule,FOLD-RM (fit),information_gain,0.7794117647058824,0.8015146466294119,22.938971996307373,79,76,30
Ecoli,best_rule,FOLD-RM (fit),information_gain,0.7205882352941176,0.7544921234764708,23.001047134399414,60,59,30
Ecoli,best_rule,FOLD-RM (fit),information_gain,0.6911764705882353,0.7264935169088234,23.0312557220459,58,56,30
Ecoli,best_rule,FOLD-RM (fit),information_gain,0.75,0.7707123869749999,23.126195192337036,75,73,30
Ecoli,best_rule,FOLD-RM (fit),information_gain,0.7794117647058824,0.7987594099676472,23.192153692245483,78,75,30
Ecoli,best_rule,FOLD-RM (fit),information_gain,0.7941176470588235,0.8176495814691178,23.30094003677368,58,57,30
Ecoli,best_rule,FOLD-RM (fit),information_gain,0.8235294117647058,0.8407893884764706,23.298686265945435,61,59,30
Ecoli,best_rule,FOLD-RM (fit),information_gain,0.7352941176470589,0.7764063525294117,23.295557260513306,56,55,30
Ecoli,best_rule,FOLD-RM (fit),information_gain,0.7941176470588235,0.8133935611647058,23.42837953567505,78,75,30
Ecoli,best_rule,FOLD-RM (fit),information_gain,0.75,0.784832779172059,23.438880681991577,55,54,30
Ecoli,best_rule,FOLD-RM (fit),information_gain,0.7647058823529411,0.7832517364014707,23.452300548553467,77,74,30
Ecoli,best_rule,FOLD-RM (fit),information_gain,0.7352941176470589,0.7565727658235293,23.5026216506958,75,72,30
Ecoli,best_rule,FOLD-RM (fit),information_gain,0.7647058823529411,0.7923309938279411,23.483340740203857,63,62,30
Ecoli,best_rule,FOLD-RM (fit),information_gain,0.7205882352941176,0.7661021239058825,23.532166957855225,54,53,30
Ecoli,best_rule,FOLD-RM (fit),Gini_Impurity,0.0,0.75,1.3508484363555908,0,0,30
Ecoli,best_rule,FOLD-RM (fit),Gini_Impurity,0.0,0.75,1.5099973678588867,0,0,30
Ecoli,best_rule,FOLD-RM (fit),Gini_Impurity,0.0,0.75,1.6164438724517822,0,0,30
Ecoli,best_rule,FOLD-RM (fit),Gini_Impurity,0.0,0.75,1.7151010036468506,0,0,30
Ecoli,best_rule,FOLD-RM (fit),Gini_Impurity,0.0,0.75,1.933652400970459,0,0,30
Ecoli,best_rule,FOLD-RM (fit),Gini_Impurity,0.0,0.75,1.9311506748199463,0,0,30
Ecoli,best_rule,FOLD-RM (fit),Gini_Impurity,0.0,0.75,1.951848030090332,0,0,30
Ecoli,best_rule,FOLD-RM (fit),Gini_Impurity,0.0,0.75,2.003509759902954,0,0,30
Ecoli,best_rule,FOLD-RM (fit),Gini_Impurity,0.0,0.75,2.119363307952881,0,0,30
Ecoli,best_rule,FOLD-RM (fit),Gini_Impurity,0.0,0.75,2.134214162826538,0,0,30
Ecoli,best_rule,FOLD-RM (fit),Gini_Impurity,0.0,0.75,2.2349345684051514,0,0,30
Ecoli,best_rule,FOLD-RM (fit),Gini_Impurity,0.0,0.75,2.300222635269165,0,0,30
Ecoli,best_rule,FOLD-RM (fit),Gini_Impurity,0.0,0.75,2.3083930015563965,0,0,30
Ecoli,best_rule,FOLD-RM (fit),Gini_Impurity,0.0,0.75,2.3690037727355957,0,0,30
Ecoli,best_rule,FOLD-RM (fit),Gini_Impurity,0.0,0.75,2.4463775157928467,0,0,30
Ecoli,best_rule,FOLD-RM (fit),Gini_Impurity,0.0,0.75,2.4463775157928467,0,0,30
Ecoli,best_rule,FOLD-RM (fit),Gini_Impurity,0.0,0.75,2.533705234527588,0,0,30
Ecoli,best_rule,FOLD-RM (fit),Gini_Impurity,0.0,0.75,2.557222366333008,0,0,30
Ecoli,best_rule,FOLD-RM (fit),Gini_Impurity,0.0,0.75,2.574064254760742,0,0,30
Ecoli,best_rule,FOLD-RM (fit),Gini_Impurity,0.0,0.75,2.594224691390991,0,0,30
Ecoli,best_rule,FOLD-RM (fit),Gini_Impurity,0.0,0.75,2.599482297897339,0,0,30
Ecoli,best_rule,FOLD-RM (fit),Gini_Impurity,0.0,0.75,2.609849214553833,0,0,30
Ecoli,best_rule,FOLD-RM (fit),Gini_Impurity,0.0,0.75,2.626932144165039,0,0,30
Ecoli,best_rule,FOLD-RM (fit),Gini_Impurity,0.0,0.75,2.7212276458740234,0,0,30
Ecoli,best_rule,FOLD-RM (fit),Gini_Impurity,0.0,0.75,2.784311056137085,0,0,30
Ecoli,best_rule,FOLD-RM (fit),Gini_Impurity,0.0,0.75,2.8089540004730225,0,0,30
Ecoli,best_rule,FOLD-RM (fit),Gini_Impurity,0.0,0.75,2.927004814147949,1,3,30
Ecoli,best_rule,FOLD-RM (fit),Gini_Impurity,0.0,0.75,3.4515411853790283,3,9,30
Ecoli,best_rule,FOLD-RM (fit),Gini_Impurity,0.0,0.75,3.637261152267456,5,11,30
Ecoli,best_rule,FOLD-RM (fit),Gini_Impurity,0.0,0.75,4.081274747848511,9,22,30
Ecoli,best_rule,FOLD-RM (fit),Precision_Information_Gain,0.0,0.75,0.18711423873901367,0,0,30
Ecoli,best_rule,FOLD-RM (fit),Precision_Information_Gain,0.0,0.75,0.24915075302124023,0,0,30
Ecoli,best_rule,FOLD-RM (fit),Precision_Information_Gain,0.0,0.75,0.26879072189331055,0,0,30
Ecoli,best_rule,FOLD-RM (fit),Precision_Information_Gain,0.0,0.75,0.37673282623291016,0,0,30
Ecoli,best_rule,FOLD-RM (fit),Precision_Information_Gain,0.0,0.75,0.396820068359375,0,0,30
Ecoli,best_rule,FOLD-RM (fit),Precision_Information_Gain,0.0,0.75,0.4056437015533447,0,0,30
Ecoli,best_rule,FOLD-RM (fit),Precision_Information_Gain,0.0,0.75,0.39277005195617676,0,0,30
Ecoli,best_rule,FOLD-RM (fit),Precision_Information_Gain,0.0,0.75,0.42511487007141113,0,0,30
Ecoli,best_rule,FOLD-RM (fit),Precision_Information_Gain,0.0,0.75,0.47336554527282715,0,0,30
Ecoli,best_rule,FOLD-RM (fit),Precision_Information_Gain,0.0,0.75,0.4870278835296631,0,0,30
Ecoli,best_rule,FOLD-RM (fit),Precision_Information_Gain,0.0,0.75,0.4962930679321289,0,0,30
Ecoli,best_rule,FOLD-RM (fit),Precision_Information_Gain,0.0,0.75,0.5107965469360352,0,0,30
Ecoli,best_rule,FOLD-RM (fit),Precision_Information_Gain,0.0,0.75,0.5047731399536133,0,0,30
Ecoli,best_rule,FOLD-RM (fit),Precision_Information_Gain,0.0,0.75,0.5047731399536133,0,0,30
Ecoli,best_rule,FOLD-RM (fit),Precision_Information_Gain,0.0,0.75,0.5265448093414307,0,0,30
Ecoli,best_rule,FOLD-RM (fit),Precision_Information_Gain,0.0,0.75,0.529531717300415,0,0,30
Ecoli,best_rule,FOLD-RM (fit),Precision_Information_Gain,0.0,0.75,0.5566976070404053,0,0,30
Ecoli,best_rule,FOLD-RM (fit),Precision_Information_Gain,0.0,0.75,0.5801045894622803,0,0,30
Ecoli,best_rule,FOLD-RM (fit),Precision_Information_Gain,0.0,0.75,0.5873746871948242,0,0,30
Ecoli,best_rule,FOLD-RM (fit),Precision_Information_Gain,0.0,0.75,0.5801045894622803,0,0,30
Ecoli,best_rule,FOLD-RM (fit),Precision_Information_Gain,0.0,0.75,0.5976102352142334,0,0,30
Ecoli,best_rule,FOLD-RM (fit),Precision_Information_Gain,0.0,0.75,0.6078312397003174,0,0,30
Ecoli,best_rule,FOLD-RM (fit),Precision_Information_Gain,0.0,0.75,0.6080307960510254,0,0,30
Ecoli,best_rule,FOLD-RM (fit),Precision_Information_Gain,0.0,0.75,0.5976102352142334,0,0,30
Ecoli,best_rule,FOLD-RM (fit),Precision_Information_Gain,0.0,0.75,0.6016602516174316,0,0,30
Ecoli,best_rule,FOLD-RM (fit),Precision_Information_Gain,0.0,0.75,0.6161084175109863,0,0,30
Ecoli,best_rule,FOLD-RM (fit),Precision_Information_Gain,0.0,0.75,0.6181607246398926,0,0,30
Ecoli,best_rule,FOLD-RM (fit),Precision_Information_Gain,0.0,0.75,0.6283817291259766,0,0,30
Ecoli,best_rule,FOLD-RM (fit),Precision_Information_Gain,0.0,0.75,0.6283817291259766,0,0,30
Ecoli,best_rule,FOLD-RM (fit),Precision_Information_Gain,0.0,0.75,0.6161084175109863,0,0,30
Ecoli,best_rule,FOLD-RM (fit),Precision_Gini_Impurity,0.4264705882352941,0.7653305558705883,68.9433867931366,71,94,30
Ecoli,best_rule,FOLD-RM (fit),Precision_Gini_Impurity,0.5882352941176471,0.7934711764764706,69.4116563796997,71,97,30
Ecoli,best_rule,FOLD-RM (fit),Precision_Gini_Impurity,0.4117647058823529,0.7564643241220589,70.47848320007324,64,85,30
Ecoli,best_rule,FOLD-RM (fit),Precision_Gini_Impurity,0.4411764705882353,0.7692904214823528,70.94764566421509,68,91,30
Ecoli,best_rule,FOLD-RM (fit),Precision_Gini_Impurity,0.4852941176470588,0.7807930650426471,74.60808944702148,63,83,30
Ecoli,best_rule,FOLD-RM (fit),Precision_Gini_Impurity,0.39705882352941174,0.7758635249235295,74.6920120716095,69,90,30
Ecoli,best_rule,FOLD-RM (fit),Precision_Gini_Impurity,0.5882352941176471,0.7904330697382353,76.21722221374512,57,74,30
Ecoli,best_rule,FOLD-RM (fit),Precision_Gini_Impurity,0.47058823529411764,0.7501468567941177,77.89022040367126,107,139,30
Ecoli,best_rule,FOLD-RM (fit),Precision_Gini_Impurity,0.5441176470588235,0.7902724640573531,78.23740220069885,76,98,30
Ecoli,best_rule,FOLD-RM (fit),Precision_Gini_Impurity,0.4411764705882353,0.7489217148073529,79.1682722568512,70,98,30
Ecoli,best_rule,FOLD-RM (fit),Precision_Gini_Impurity,0.5588235294117647,0.8052018007985293,80.2686595916748,83,126,30
Ecoli,best_rule,FOLD-RM (fit),Precision_Gini_Impurity,0.5147058823529411,0.7739025934470589,80.80331826210022,87,118,30
Ecoli,best_rule,FOLD-RM (fit),Precision_Gini_Impurity,0.5294117647058824,0.7579349909455884,81.19974517822266,79,111,30
Ecoli,best_rule,FOLD-RM (fit),Precision_Gini_Impurity,0.5882352941176471,0.7650467335911765,81.21175980567932,104,136,30
Ecoli,best_rule,FOLD-RM (fit),Precision_Gini_Impurity,0.5294117647058824,0.7647410860720587,81.24736595153809,84,113,30
Ecoli,best_rule,FOLD-RM (fit),Precision_Gini_Impurity,0.5882352941176471,0.8062872819941177,81.44875860214233,70,101,30
Ecoli,best_rule,FOLD-RM (fit),Precision_Gini_Impurity,0.6764705882352942,0.7927219524338236,83.1004695892334,105,146,30
Ecoli,best_rule,FOLD-RM (fit),Precision_Gini_Impurity,0.6911764705882353,0.8037932371897059,83.62906122207642,94,129,30
Ecoli,best_rule,FOLD-RM (fit),Precision_Gini_Impurity,0.6176470588235294,0.789495242832353,83.93552684783936,84,115,30
Ecoli,best_rule,FOLD-RM (fit),Precision_Gini_Impurity,0.5735294117647058,0.7762222485088235,83.98694944381714,96,134,30
Ecoli,best_rule,FOLD-RM (fit),Precision_Gini_Impurity,0.5588235294117647,0.7801123771602941,83.99725937843323,88,117,30
Ecoli,best_rule,FOLD-RM (fit),Precision_Gini_Impurity,0.47058823529411764,0.7481572491794117,84.20238971710205,102,125,30
Ecoli,best_rule,FOLD-RM (fit),Precision_Gini_Impurity,0.5882352941176471,0.7890309045602941,84.97450876235962,85,118,30
Ecoli,best_rule,FOLD-RM (fit),Precision_Gini_Impurity,0.6176470588235294,0.8085731779808825,85.02077913284302,98,140,30
Ecoli,best_rule,FOLD-RM (fit),Precision_Gini_Impurity,0.5294117647058824,0.7609665464867648,85.45703077316284,107,144,30
Ecoli,best_rule,FOLD-RM (fit),Precision_Gini_Impurity,0.6470588235294118,0.810532588414706,85.49842667579651,89,125,30
Ecoli,best_rule,FOLD-RM (fit),Precision_Gini_Impurity,0.5882352941176471,0.7924335982073529,85.89660930633545,95,130,30
Ecoli,best_rule,FOLD-RM (fit),Precision_Gini_Impurity,0.5588235294117647,0.7776117273588234,86.20270276069641,101,141,30
Ecoli,best_rule,FOLD-RM (fit),Precision_Gini_Impurity,0.7352941176470589,0.8009757911970588,86.33530449867249,116,158,30
Ecoli,best_rule,FOLD-RM (fit),Precision_Gini_Impurity,0.5735294117647058,0.7770841591161765,86.35770964622498,99,135,30
Ecoli,best_rule,CON-FOLD (confidence_fit),original,0.058823529411764705,0.7534627574632353,13.732471227645874,10,15,30
Ecoli,best_rule,CON-FOLD (confidence_fit),original,0.10294117647058823,0.7484431154779412,13.748438835144043,11,16,30
Ecoli,best_rule,CON-FOLD (confidence_fit),original,0.08823529411764706,0.7616800393750001,15.948780536651611,11,15,30
Ecoli,best_rule,CON-FOLD (confidence_fit),original,0.1323529411764706,0.77205798655,16.329620361328125,10,17,30
Ecoli,best_rule,CON-FOLD (confidence_fit),original,0.7794117647058824,0.8212947325867646,16.76147747039795,24,31,30
Ecoli,best_rule,CON-FOLD (confidence_fit),original,0.058823529411764705,0.7555741759838235,17.254618406295776,10,13,30
Ecoli,best_rule,CON-FOLD (confidence_fit),original,0.6323529411764706,0.8434169433382352,17.439289808273315,18,25,30
Ecoli,best_rule,CON-FOLD (confidence_fit),original,0.10294117647058823,0.7608532055176471,17.993491172790527,11,15,30
Ecoli,best_rule,CON-FOLD (confidence_fit),original,0.11764705882352941,0.7584138635941177,18.1446852684021,10,14,30
Ecoli,best_rule,CON-FOLD (confidence_fit),original,0.14705882352941177,0.7615458635191177,18.25583577156067,14,22,30
Ecoli,best_rule,CON-FOLD (confidence_fit),original,0.16176470588235295,0.7756575209926471,18.322853803634644,11,20,30
Ecoli,best_rule,CON-FOLD (confidence_fit),original,0.7941176470588235,0.8462052886191177,18.929088592529297,21,23,30
Ecoli,best_rule,CON-FOLD (confidence_fit),original,0.11764705882352941,0.7750920486764705,19.13605237007141,11,16,30
Ecoli,best_rule,CON-FOLD (confidence_fit),original,0.08823529411764706,0.7555786054529412,19.162481546401978,10,16,30
Ecoli,best_rule,CON-FOLD (confidence_fit),original,0.7941176470588235,0.8460587548485294,19.19953465461731,21,25,30
Ecoli,best_rule,CON-FOLD (confidence_fit),original,0.8529411764705882,0.8871650863367647,19.326780796051025,31,40,30
Ecoli,best_rule,CON-FOLD (confidence_fit),original,0.08823529411764706,0.7590761993970588,19.52599596977234,12,19,30
Ecoli,best_rule,CON-FOLD (confidence_fit),original,0.8088235294117647,0.8706056001764705,19.61991238594055,26,32,30
Ecoli,best_rule,CON-FOLD (confidence_fit),original,0.8970588235294118,0.9135908643867647,20.10059404373169,20,23,30
Ecoli,best_rule,CON-FOLD (confidence_fit),original,0.8382352941176471,0.8643823573279411,20.30502438545227,26,29,30
Ecoli,best_rule,CON-FOLD (confidence_fit),original,0.5588235294117647,0.8283379763779413,20.387710332870483,19,24,30
Ecoli,best_rule,CON-FOLD (confidence_fit),original,0.8382352941176471,0.8805674166852941,20.736804962158203,31,36,30
Ecoli,best_rule,CON-FOLD (confidence_fit),original,0.7941176470588235,0.8559168529676471,20.95148229598999,23,28,30
Ecoli,best_rule,CON-FOLD (confidence_fit),original,0.8676470588235294,0.8972673891985294,21.0449481010437,31,39,30
Ecoli,best_rule,CON-FOLD (confidence_fit),original,0.5882352941176471,0.8089963143029413,21.31982946395874,20,27,30
Ecoli,best_rule,CON-FOLD (confidence_fit),original,0.8235294117647058,0.8472976852794118,21.37391209602356,27,39,30
Ecoli,best_rule,CON-FOLD (confidence_fit),original,0.8529411764705882,0.8696874850985294,21.464351892471313,25,34,30
Ecoli,best_rule,CON-FOLD (confidence_fit),original,0.75,0.7862812092029412,21.505258083343506,27,41,30
Ecoli,best_rule,CON-FOLD (confidence_fit),original,0.8529411764705882,0.8664512236955882,21.535844564437866,28,35,30
Ecoli,best_rule,CON-FOLD (confidence_fit),original,0.7941176470588235,0.8565850397794117,21.55626368522644,29,35,30
Ecoli,best_rule,CON-FOLD (confidence_fit),information_gain,0.6911764705882353,0.7623659996058821,16.87811279296875,47,46,30
Ecoli,best_rule,CON-FOLD (confidence_fit),information_gain,0.7205882352941176,0.7858134375411765,20.55595111846924,45,45,30
Ecoli,best_rule,CON-FOLD (confidence_fit),information_gain,0.7205882352941176,0.7586539801970588,20.906700372695923,48,47,30
Ecoli,best_rule,CON-FOLD (confidence_fit),information_gain,0.75,0.7935049401823533,20.91338849067688,47,46,30
Ecoli,best_rule,CON-FOLD (confidence_fit),information_gain,0.7205882352941176,0.7822572977147059,21.132750988006592,50,49,30
Ecoli,best_rule,CON-FOLD (confidence_fit),information_gain,0.7205882352941176,0.7787685569750001,21.52917742729187,47,47,30
Ecoli,best_rule,CON-FOLD (confidence_fit),information_gain,0.75,0.804694605714706,21.971961498260498,46,45,30
Ecoli,best_rule,CON-FOLD (confidence_fit),information_gain,0.8088235294117647,0.847214322432353,22.083451747894287,55,54,30
Ecoli,best_rule,CON-FOLD (confidence_fit),information_gain,0.6470588235294118,0.7219016697161766,22.494811058044434,44,44,30
Ecoli,best_rule,CON-FOLD (confidence_fit),information_gain,0.7647058823529411,0.7850463918955882,22.561449766159058,58,57,30
Ecoli,best_rule,CON-FOLD (confidence_fit),information_gain,0.6911764705882353,0.7625122508044117,22.597360372543335,44,43,30
Ecoli,best_rule,CON-FOLD (confidence_fit),information_gain,0.7205882352941176,0.7884723249617649,22.940843105316162,46,45,30
Ecoli,best_rule,CON-FOLD (confidence_fit),information_gain,0.7058823529411765,0.7484104092602941,22.961235761642456,70,69,30
Ecoli,best_rule,CON-FOLD (confidence_fit),information_gain,0.6911764705882353,0.778955483985294,23.012450695037842,45,45,30
Ecoli,best_rule,CON-FOLD (confidence_fit),information_gain,0.8676470588235294,0.89120949015,23.211945295333862,61,60,30
Ecoli,best_rule,CON-FOLD (confidence_fit),information_gain,0.7205882352941176,0.7797861822073527,23.25501823425293,44,44,30
Ecoli,best_rule,CON-FOLD (confidence_fit),information_gain,0.7352941176470589,0.7679757593235296,23.273385524749756,70,69,30
Ecoli,best_rule,CON-FOLD (confidence_fit),information_gain,0.7647058823529411,0.8019957772338235,23.273385524749756,49,48,30
Ecoli,best_rule,CON-FOLD (confidence_fit),information_gain,0.7794117647058824,0.8026520828955882,23.335012197494507,56,55,30
Ecoli,best_rule,CON-FOLD (confidence_fit),information_gain,0.7205882352941176,0.7623780121000001,23.393951654434204,46,46,30
Ecoli,best_rule,CON-FOLD (confidence_fit),information_gain,0.7058823529411765,0.7865619795617648,23.419691801071167,45,45,30
Ecoli,best_rule,CON-FOLD (confidence_fit),information_gain,0.7352941176470589,0.7658848446367648,23.412617444992065,74,73,30
Ecoli,best_rule,CON-FOLD (confidence_fit),information_gain,0.7647058823529411,0.7968097394455882,23.6081440448761,57,56,30
Ecoli,best_rule,CON-FOLD (confidence_fit),information_gain,0.7794117647058824,0.807025142145588,23.640766859054565,56,55,30
Ecoli,best_rule,CON-FOLD (confidence_fit),information_gain,0.7647058823529411,0.8031114441985294,23.643880367279053,56,55,30
Ecoli,best_rule,CON-FOLD (confidence_fit),information_gain,0.7205882352941176,0.7556145482191174,23.9155912399292,70,69,30
Ecoli,best_rule,CON-FOLD (confidence_fit),information_gain,0.75,0.7770679629500001,23.950543880462646,73,72,30
Ecoli,best_rule,CON-FOLD (confidence_fit),information_gain,0.8235294117647058,0.855571588739706,23.957046031951904,53,52,30
Ecoli,best_rule,CON-FOLD (confidence_fit),information_gain,0.75,0.777564057510294,24.00441551208496,73,72,30
Ecoli,best_rule,CON-FOLD (confidence_fit),information_gain,0.75,0.8098673031294118,24.02029061317444,43,42,30
Ecoli,best_rule,CON-FOLD (confidence_fit),Gini_Impurity,0.0,0.75,1.5502257347106934,0,0,30
Ecoli,best_rule,CON-FOLD (confidence_fit),Gini_Impurity,0.0,0.75,1.5863697528839111,0,0,30
Ecoli,best_rule,CON-FOLD (confidence_fit),Gini_Impurity,0.0,0.75,1.6662015914916992,0,0,30
Ecoli,best_rule,CON-FOLD (confidence_fit),Gini_Impurity,0.0,0.75,2.253291606903076,0,0,30
Ecoli,best_rule,CON-FOLD (confidence_fit),Gini_Impurity,0.0,0.75,2.2844321727752686,0,0,30
Ecoli,best_rule,CON-FOLD (confidence_fit),Gini_Impurity,0.0,0.75,2.2846100330352783,0,0,30
Ecoli,best_rule,CON-FOLD (confidence_fit),Gini_Impurity,0.0,0.75,2.329662561416626,0,0,30
Ecoli,best_rule,CON-FOLD (confidence_fit),Gini_Impurity,0.0,0.75,2.3613710403442383,0,0,30
Ecoli,best_rule,CON-FOLD (confidence_fit),Gini_Impurity,0.0,0.75,2.5203309059143066,0,0,30
Ecoli,best_rule,CON-FOLD (confidence_fit),Gini_Impurity,0.0,0.75,2.543126106262207,0,0,30
Ecoli,best_rule,CON-FOLD (confidence_fit),Gini_Impurity,0.0,0.75,2.646928548812866,0,0,30
Ecoli,best_rule,CON-FOLD (confidence_fit),Gini_Impurity,0.0,0.75,2.6948883533477783,0,0,30
Ecoli,best_rule,CON-FOLD (confidence_fit),Gini_Impurity,0.0,0.75,2.727877140045166,0,0,30
Ecoli,best_rule,CON-FOLD (confidence_fit),Gini_Impurity,0.0,0.75,2.7461562156677246,0,0,30
Ecoli,best_rule,CON-FOLD (confidence_fit),Gini_Impurity,0.0,0.75,2.757202625274658,0,0,30
Ecoli,best_rule,CON-FOLD (confidence_fit),Gini_Impurity,0.0,0.75,2.765204906463623,0,0,30
Ecoli,best_rule,CON-FOLD (confidence_fit),Gini_Impurity,0.0,0.75,2.790947675704956,0,0,30
Ecoli,best_rule,CON-FOLD (confidence_fit),Gini_Impurity,0.0,0.75,2.776724100112915,0,0,30
Ecoli,best_rule,CON-FOLD (confidence_fit),Gini_Impurity,0.0,0.75,2.9219279289245605,0,0,30
Ecoli,best_rule,CON-FOLD (confidence_fit),Gini_Impurity,0.0,0.75,2.9306588172912598,0,0,30
Ecoli,best_rule,CON-FOLD (confidence_fit),Gini_Impurity,0.0,0.75,3.0125396251678467,0,0,30
Ecoli,best_rule,CON-FOLD (confidence_fit),Gini_Impurity,0.0,0.75,3.067408800125122,0,0,30
Ecoli,best_rule,CON-FOLD (confidence_fit),Gini_Impurity,0.0,0.75,3.237327814102173,1,3,30
Ecoli,best_rule,CON-FOLD (confidence_fit),Gini_Impurity,0.0,0.75,3.285301685333252,1,3,30
Ecoli,best_rule,CON-FOLD (confidence_fit),Gini_Impurity,0.0,0.75,3.3834011554718018,1,3,30
Ecoli,best_rule,CON-FOLD (confidence_fit),Gini_Impurity,0.0,0.75,3.8984506130218506,2,4,30
Ecoli,best_rule,CON-FOLD (confidence_fit),Gini_Impurity,0.0,0.75,4.603789806365967,3,7,30
Ecoli,best_rule,CON-FOLD (confidence_fit),Gini_Impurity,0.0,0.75,5.149211168289185,6,16,30
Ecoli,best_rule,CON-FOLD (confidence_fit),Gini_Impurity,0.0,0.75,5.179965496063232,7,21,30
Ecoli,best_rule,CON-FOLD (confidence_fit),Gini_Impurity,0.0,0.75,5.146741628646851,5,13,30
Ecoli,best_rule,CON-FOLD (confidence_fit),Precision_Information_Gain,0.0,0.75,0.29943418502807617,0,0,30
Ecoli,best_rule,CON-FOLD (confidence_fit),Precision_Information_Gain,0.0,0.75,0.34798622131347656,0,0,30
Ecoli,best_rule,CON-FOLD (confidence_fit),Precision_Information_Gain,0.0,0.75,0.3593740463256836,0,0,30
Ecoli,best_rule,CON-FOLD (confidence_fit),Precision_Information_Gain,0.0,0.75,0.4014585018157959,0,0,30
Ecoli,best_rule,CON-FOLD (confidence_fit),Precision_Information_Gain,0.0,0.75,0.4652831554412842,0,0,30
Ecoli,best_rule,CON-FOLD (confidence_fit),Precision_Information_Gain,0.0,0.75,0.5221445560455322,0,0,30
Ecoli,best_rule,CON-FOLD (confidence_fit),Precision_Information_Gain,0.0,0.75,0.5538675785064697,0,0,30
Ecoli,best_rule,CON-FOLD (confidence_fit),Precision_Information_Gain,0.0,0.75,0.5685200691223145,0,0,30
Ecoli,best_rule,CON-FOLD (confidence_fit),Precision_Information_Gain,0.0,0.75,0.553882360458374,0,0,30
Ecoli,best_rule,CON-FOLD (confidence_fit),Precision_Information_Gain,0.0,0.75,0.5934319496154785,0,0,30
Ecoli,best_rule,CON-FOLD (confidence_fit),Precision_Information_Gain,0.0,0.75,0.6119370460510254,0,0,30
Ecoli,best_rule,CON-FOLD (confidence_fit),Precision_Information_Gain,0.0,0.75,0.5908732414245605,0,0,30
Ecoli,best_rule,CON-FOLD (confidence_fit),Precision_Information_Gain,0.0,0.75,0.6245460510253906,0,0,30
Ecoli,best_rule,CON-FOLD (confidence_fit),Precision_Information_Gain,0.0,0.75,0.6054377555847168,0,0,30
Ecoli,best_rule,CON-FOLD (confidence_fit),Precision_Information_Gain,0.0,0.75,0.6345813274383545,0,0,30
Ecoli,best_rule,CON-FOLD (confidence_fit),Precision_Information_Gain,0.0,0.75,0.6526710987091064,0,0,30
Ecoli,best_rule,CON-FOLD (confidence_fit),Precision_Information_Gain,0.0,0.75,0.6597537994384766,0,0,30
Ecoli,best_rule,CON-FOLD (confidence_fit),Precision_Information_Gain,0.0,0.75,0.6345813274383545,0,0,30
Ecoli,best_rule,CON-FOLD (confidence_fit),Precision_Information_Gain,0.0,0.75,0.6770493984222412,0,0,30
Ecoli,best_rule,CON-FOLD (confidence_fit),Precision_Information_Gain,0.0,0.75,0.6885561943054199,0,0,30
Ecoli,best_rule,CON-FOLD (confidence_fit),Precision_Information_Gain,0.0,0.75,0.6958572864532471,0,0,30
Ecoli,best_rule,CON-FOLD (confidence_fit),Precision_Information_Gain,0.0,0.75,0.690772294998169,0,0,30
Ecoli,best_rule,CON-FOLD (confidence_fit),Precision_Information_Gain,0.0,0.75,0.7028374671936035,0,0,30
Ecoli,best_rule,CON-FOLD (confidence_fit),Precision_Information_Gain,0.0,0.75,0.6496074199676514,0,0,30
Ecoli,best_rule,CON-FOLD (confidence_fit),Precision_Information_Gain,0.0,0.75,0.7093420028686523,0,0,30
Ecoli,best_rule,CON-FOLD (confidence_fit),Precision_Information_Gain,0.0,0.75,0.7084310054779053,0,0,30
Ecoli,best_rule,CON-FOLD (confidence_fit),Precision_Information_Gain,0.0,0.75,0.7340564727783203,0,0,30
Ecoli,best_rule,CON-FOLD (confidence_fit),Precision_Information_Gain,0.0,0.75,0.71852707862854,0,0,30
Ecoli,best_rule,CON-FOLD (confidence_fit),Precision_Information_Gain,0.0,0.75,0.7083394527435303,0,0,30
Ecoli,best_rule,CON-FOLD (confidence_fit),Precision_Information_Gain,0.0,0.75,0.7114636898040771,0,0,30
Ecoli,best_rule,CON-FOLD (confidence_fit),Precision_Gini_Impurity,0.45588235294117646,0.7781950013735294,62.83953285217285,53,71,30
Ecoli,best_rule,CON-FOLD (confidence_fit),Precision_Gini_Impurity,0.45588235294117646,0.7774971587999999,63.760859966278076,56,76,30
Ecoli,best_rule,CON-FOLD (confidence_fit),Precision_Gini_Impurity,0.45588235294117646,0.7808117160617647,71.67057514190674,54,72,30
Ecoli,best_rule,CON-FOLD (confidence_fit),Precision_Gini_Impurity,0.5441176470588235,0.8093963335397059,75.40665602684021,68,91,30
Ecoli,best_rule,CON-FOLD (confidence_fit),Precision_Gini_Impurity,0.5441176470588235,0.7833282697205883,77.64694690704346,78,97,30
Ecoli,best_rule,CON-FOLD (confidence_fit),Precision_Gini_Impurity,0.47058823529411764,0.7596233300514706,77.74522399902344,75,100,30
Ecoli,best_rule,CON-FOLD (confidence_fit),Precision_Gini_Impurity,0.4852941176470588,0.7698648110191175,77.98909711837769,70,98,30
Ecoli,best_rule,CON-FOLD (confidence_fit),Precision_Gini_Impurity,0.5588235294117647,0.7856992023764706,78.61469721794128,85,118,30
Ecoli,best_rule,CON-FOLD (confidence_fit),Precision_Gini_Impurity,0.5735294117647058,0.7905699610088236,79.90815925598145,85,109,30
Ecoli,best_rule,CON-FOLD (confidence_fit),Precision_Gini_Impurity,0.5735294117647058,0.7998704106132354,79.96960496902466,68,99,30
Ecoli,best_rule,CON-FOLD (confidence_fit),Precision_Gini_Impurity,0.6764705882352942,0.798313603075,80.62417888641357,84,120,30
Ecoli,best_rule,CON-FOLD (confidence_fit),Precision_Gini_Impurity,0.4852941176470588,0.778065389692647,81.06084489822388,68,101,30
Ecoli,best_rule,CON-FOLD (confidence_fit),Precision_Gini_Impurity,0.5,0.7731422145117647,81.43825721740723,67,93,30
Ecoli,best_rule,CON-FOLD (confidence_fit),Precision_Gini_Impurity,0.5588235294117647,0.7832819336117647,81.71903848648071,76,106,30
Ecoli,best_rule,CON-FOLD (confidence_fit),Precision_Gini_Impurity,0.5588235294117647,0.7860055329205882,82.12988805770874,72,98,30
Ecoli,best_rule,CON-FOLD (confidence_fit),Precision_Gini_Impurity,0.5735294117647058,0.7989904027779412,82.61975908279419,81,109,30
Ecoli,best_rule,CON-FOLD (confidence_fit),Precision_Gini_Impurity,0.39705882352941174,0.7634146187852942,83.32796335220337,76,100,30
Ecoli,best_rule,CON-FOLD (confidence_fit),Precision_Gini_Impurity,0.5735294117647058,0.7988049155970588,83.76459431648254,78,109,30
Ecoli,best_rule,CON-FOLD (confidence_fit),Precision_Gini_Impurity,0.5882352941176471,0.7990085420308825,83.87855267524719,81,117,30
Ecoli,best_rule,CON-FOLD (confidence_fit),Precision_Gini_Impurity,0.6911764705882353,0.812192141325,84.02958941459656,81,113,30
Ecoli,best_rule,CON-FOLD (confidence_fit),Precision_Gini_Impurity,0.5588235294117647,0.7769045414544118,84.45970416069031,72,97,30
Ecoli,best_rule,CON-FOLD (confidence_fit),Precision_Gini_Impurity,0.6617647058823529,0.7848514379441176,84.52723717689514,101,138,30
Ecoli,best_rule,CON-FOLD (confidence_fit),Precision_Gini_Impurity,0.5735294117647058,0.7700949419176472,85.39483284950256,100,129,30
Ecoli,best_rule,CON-FOLD (confidence_fit),Precision_Gini_Impurity,0.5735294117647058,0.7931245471632353,85.48014044761658,80,108,30
Ecoli,best_rule,CON-FOLD (confidence_fit),Precision_Gini_Impurity,0.5735294117647058,0.769089851582353,85.61903667449951,89,117,30
Ecoli,best_rule,CON-FOLD (confidence_fit),Precision_Gini_Impurity,0.5882352941176471,0.7968926415735295,85.78703451156616,89,121,30
Ecoli,best_rule,CON-FOLD (confidence_fit),Precision_Gini_Impurity,0.5441176470588235,0.7736301543882352,86.32706713676453,90,121,30
Ecoli,best_rule,CON-FOLD (confidence_fit),Precision_Gini_Impurity,0.6617647058823529,0.7921323358735294,86.93469142913818,101,141,30
Ecoli,best_rule,CON-FOLD (confidence_fit),Precision_Gini_Impurity,0.6176470588235294,0.7862971597132353,87.18231153488159,96,122,30
Ecoli,best_rule,CON-FOLD (confidence_fit),Precision_Gini_Impurity,0.6470588235294118,0.7954375043382353,87.26215362548828,102,143,30
Ecoli,info_gain,FOLD-RM (fit),original,0.75,0.822724193375,1.764373540878296,36,41,30
Ecoli,info_gain,FOLD-RM (fit),original,0.7205882352941176,0.8067787606102941,2.0181310176849365,38,46,30
Ecoli,info_gain,FOLD-RM (fit),original,0.7941176470588235,0.8357206865382353,2.073975086212158,39,47,30
Ecoli,info_gain,FOLD-RM (fit),original,0.8235294117647058,0.8660095521426471,2.667264699935913,38,45,30
Ecoli,info_gain,FOLD-RM (fit),original,0.8088235294117647,0.872176568332353,2.8151915073394775,38,45,30
Ecoli,info_gain,FOLD-RM (fit),original,0.7647058823529411,0.8347715382441175,2.913149118423462,29,35,30
Ecoli,info_gain,FOLD-RM (fit),original,0.7941176470588235,0.8658736934588236,3.013101100921631,35,38,30
Ecoli,info_gain,FOLD-RM (fit),original,0.8235294117647058,0.8721710988558823,3.1095328330993652,40,52,30
Ecoli,info_gain,FOLD-RM (fit),original,0.8529411764705882,0.9043197947220588,3.2504372596740723,43,54,30
Ecoli,info_gain,FOLD-RM (fit),original,0.8235294117647058,0.8637021240338236,3.2736282348632812,40,41,30
Ecoli,info_gain,FOLD-RM (fit),original,0.8235294117647058,0.8679078243911764,3.40179443359375,43,48,30
Ecoli,info_gain,FOLD-RM (fit),original,0.7647058823529411,0.8370171553632353,3.409348487854004,34,39,30
Ecoli,info_gain,FOLD-RM (fit),original,0.7941176470588235,0.8749735911441177,3.4580037593841553,39,47,30
Ecoli,info_gain,FOLD-RM (fit),original,0.7794117647058824,0.8728014707191176,3.5170416831970215,41,51,30
Ecoli,info_gain,FOLD-RM (fit),original,0.7794117647058824,0.838215434832353,3.6245508193969727,40,48,30
Ecoli,info_gain,FOLD-RM (fit),original,0.8676470588235294,0.8883528932823529,3.663505792617798,39,51,30
Ecoli,info_gain,FOLD-RM (fit),original,0.8382352941176471,0.8709495987367647,3.7229976654052734,40,54,30
Ecoli,info_gain,FOLD-RM (fit),original,0.7794117647058824,0.8406938049852941,3.7277135848999023,41,46,30
Ecoli,info_gain,FOLD-RM (fit),original,0.8235294117647058,0.886207909782353,3.7356793880462646,39,50,30
Ecoli,info_gain,FOLD-RM (fit),original,0.75,0.8170756305573529,3.7201595306396484,37,46,30
Ecoli,info_gain,FOLD-RM (fit),original,0.7058823529411765,0.7809709148249999,3.738147020339966,43,46,30
Ecoli,info_gain,FOLD-RM (fit),original,0.8235294117647058,0.8726749134955882,3.730592966079712,41,51,30
Ecoli,info_gain,FOLD-RM (fit),original,0.8235294117647058,0.8918668721985293,3.762011766433716,44,55,30
Ecoli,info_gain,FOLD-RM (fit),original,0.9117647058823529,0.9424660960808824,3.779158353805542,45,58,30
Ecoli,info_gain,FOLD-RM (fit),original,0.7205882352941176,0.7974221298485296,3.7974941730499268,44,50,30
Ecoli,info_gain,FOLD-RM (fit),original,0.7941176470588235,0.8314383784823529,3.771604299545288,30,37,30
Ecoli,info_gain,FOLD-RM (fit),original,0.7941176470588235,0.8544222651794118,3.8018574714660645,40,52,30
Ecoli,info_gain,FOLD-RM (fit),original,0.7941176470588235,0.8498341726617648,3.7943034172058105,38,48,30
Ecoli,info_gain,FOLD-RM (fit),original,0.7941176470588235,0.8715072353852942,3.791285991668701,42,52,30
Ecoli,info_gain,FOLD-RM (fit),original,0.7205882352941176,0.8205819470632354,3.809959650039673,38,48,30
Ecoli,info_gain,FOLD-RM (fit),information_gain,0.6323529411764706,0.8122064154132353,7.098897933959961,116,111,30
Ecoli,info_gain,FOLD-RM (fit),information_gain,0.7205882352941176,0.8308010538411766,7.510969877243042,112,108,30
Ecoli,info_gain,FOLD-RM (fit),information_gain,0.5,0.7645081813617646,8.15357780456543,114,111,30
Ecoli,info_gain,FOLD-RM (fit),information_gain,0.6176470588235294,0.8136614577441176,8.776190757751465,121,117,30
Ecoli,info_gain,FOLD-RM (fit),information_gain,0.6323529411764706,0.837326485014706,9.28549075126648,125,121,30
Ecoli,info_gain,FOLD-RM (fit),information_gain,0.6176470588235294,0.8321725793176471,9.65412974357605,121,117,30
Ecoli,info_gain,FOLD-RM (fit),information_gain,0.4852941176470588,0.782297558507353,10.075987339019775,125,124,30
Ecoli,info_gain,FOLD-RM (fit),information_gain,0.5588235294117647,0.7777244175117647,12.692536115646362,148,147,30
Ecoli,info_gain,FOLD-RM (fit),information_gain,0.3382352941176471,0.7800299541970588,13.290489435195923,180,180,30
Ecoli,info_gain,FOLD-RM (fit),information_gain,0.5588235294117647,0.7838110906838235,14.146134614944458,172,172,30
Ecoli,info_gain,FOLD-RM (fit),information_gain,0.5147058823529411,0.8018118709720587,14.202510833740234,183,183,30
Ecoli,info_gain,FOLD-RM (fit),information_gain,0.47058823529411764,0.7538613490132353,14.432908296585083,170,169,30
Ecoli,info_gain,FOLD-RM (fit),information_gain,0.36764705882352944,0.7754812605117647,14.792195796966553,184,184,30
Ecoli,info_gain,FOLD-RM (fit),information_gain,0.6176470588235294,0.7834490599544117,15.256017923355103,166,165,30
Ecoli,info_gain,FOLD-RM (fit),information_gain,0.45588235294117646,0.7657628596911763,15.332273244857788,176,174,30
Ecoli,info_gain,FOLD-RM (fit),information_gain,0.47058823529411764,0.7869330686117646,15.375697374343872,190,190,30
Ecoli,info_gain,FOLD-RM (fit),information_gain,0.5294117647058824,0.8045282272058824,15.44715404510498,189,189,30
Ecoli,info_gain,FOLD-RM (fit),information_gain,0.39705882352941174,0.7670917909088235,15.499860048294067,186,184,30
Ecoli,info_gain,FOLD-RM (fit),information_gain,0.6029411764705882,0.7945328472382351,15.993929862976074,185,184,30
Ecoli,info_gain,FOLD-RM (fit),information_gain,0.6029411764705882,0.8057710022529412,16.189023733139038,182,182,30
Ecoli,info_gain,FOLD-RM (fit),information_gain,0.5,0.7991263707264706,16.478463649749756,194,194,30
Ecoli,info_gain,FOLD-RM (fit),information_gain,0.5882352941176471,0.823879281757353,16.554538011550903,190,190,30
Ecoli,info_gain,FOLD-RM (fit),information_gain,0.5588235294117647,0.8079592309588235,16.585556268692017,184,184,30
Ecoli,info_gain,FOLD-RM (fit),information_gain,0.5735294117647058,0.8077581934455882,16.636900424957275,203,203,30
Ecoli,info_gain,FOLD-RM (fit),information_gain,0.6911764705882353,0.8053706897705881,16.692944526672363,175,174,30
Ecoli,info_gain,FOLD-RM (fit),information_gain,0.5147058823529411,0.8039706241867648,16.79161787033081,193,193,30
Ecoli,info_gain,FOLD-RM (fit),information_gain,0.4264705882352941,0.7697553046044117,16.806911945343018,183,182,30
Ecoli,info_gain,FOLD-RM (fit),information_gain,0.4852941176470588,0.7879773962897059,16.828471183776855,183,183,30
Ecoli,info_gain,FOLD-RM (fit),information_gain,0.4852941176470588,0.8116099265220588,16.853606939315796,191,191,30
Ecoli,info_gain,FOLD-RM (fit),information_gain,0.5,0.8048031124749999,16.874029636383057,188,188,30
Ecoli,info_gain,FOLD-RM (fit),Gini_Impurity,0.0,0.75,0.06181216239929199,0,0,30
Ecoli,info_gain,FOLD-RM (fit),Gini_Impurity,0.0,0.75,0.05629444122314453,0,0,30
Ecoli,info_gain,FOLD-RM (fit),Gini_Impurity,0.0,0.75,0.06337237358093262,0,0,30
Ecoli,info_gain,FOLD-RM (fit),Gini_Impurity,0.0,0.75,0.061704397201538086,0,0,30
Ecoli,info_gain,FOLD-RM (fit),Gini_Impurity,0.0,0.75,0.061704397201538086,0,0,30
Ecoli,info_gain,FOLD-RM (fit),Gini_Impurity,0.0,0.75,0.061704397201538086,0,0,30
Ecoli,info_gain,FOLD-RM (fit),Gini_Impurity,0.0,0.75,0.07185745239257812,0,0,30
Ecoli,info_gain,FOLD-RM (fit),Gini_Impurity,0.0,0.75,0.07198238372802734,0,0,30
Ecoli,info_gain,FOLD-RM (fit),Gini_Impurity,0.0,0.75,0.07451176643371582,0,0,30
Ecoli,info_gain,FOLD-RM (fit),Gini_Impurity,0.0,0.75,0.07451176643371582,0,0,30
Ecoli,info_gain,FOLD-RM (fit),Gini_Impurity,0.0,0.75,0.07451176643371582,0,0,30
Ecoli,info_gain,FOLD-RM (fit),Gini_Impurity,0.0,0.75,0.07451176643371582,0,0,30
Ecoli,info_gain,FOLD-RM (fit),Gini_Impurity,0.0,0.75,0.0868535041809082,0,0,30
Ecoli,info_gain,FOLD-RM (fit),Gini_Impurity,0.0,0.75,0.0820932388305664,0,0,30
Ecoli,info_gain,FOLD-RM (fit),Gini_Impurity,0.0,0.75,0.0820932388305664,0,0,30
Ecoli,info_gain,FOLD-RM (fit),Gini_Impurity,0.0,0.75,0.05629444122314453,0,0,30
Ecoli,info_gain,FOLD-RM (fit),Gini_Impurity,0.0,0.75,0.07451176643371582,0,0,30
Ecoli,info_gain,FOLD-RM (fit),Gini_Impurity,0.0,0.75,0.0922403335571289,0,0,30
Ecoli,info_gain,FOLD-RM (fit),Gini_Impurity,0.0,0.75,0.10251832008361816,1,3,30
Ecoli,info_gain,FOLD-RM (fit),Gini_Impurity,0.0,0.75,0.06337237358093262,0,0,30
Ecoli,info_gain,FOLD-RM (fit),Gini_Impurity,0.0,0.75,0.07123231887817383,0,0,30
Ecoli,info_gain,FOLD-RM (fit),Gini_Impurity,0.0,0.75,0.11144709587097168,2,4,30
Ecoli,info_gain,FOLD-RM (fit),Gini_Impurity,0.0,0.75,0.061704397201538086,0,0,30
Ecoli,info_gain,FOLD-RM (fit),Gini_Impurity,0.0,0.75,0.12269878387451172,2,4,30
Ecoli,info_gain,FOLD-RM (fit),Gini_Impurity,0.0,0.75,0.12269878387451172,2,5,30
Ecoli,info_gain,FOLD-RM (fit),Gini_Impurity,0.0,0.75,0.12255311012268066,3,7,30
Ecoli,info_gain,FOLD-RM (fit),Gini_Impurity,0.0,0.75,0.07185745239257812,0,0,30
Ecoli,info_gain,FOLD-RM (fit),Gini_Impurity,0.0,0.75,0.1533362865447998,5,15,30
Ecoli,info_gain,FOLD-RM (fit),Gini_Impurity,0.0,0.75,0.09237122535705566,1,2,30
Ecoli,info_gain,FOLD-RM (fit),Gini_Impurity,0.0,0.7493616707514705,0.18622255325317383,7,17,30
Ecoli,info_gain,FOLD-RM (fit),Precision_Information_Gain,0.0,0.75,0.08617305755615234,0,0,30
Ecoli,info_gain,FOLD-RM (fit),Precision_Information_Gain,0.0,0.75,0.10233569145202637,0,0,30
Ecoli,info_gain,FOLD-RM (fit),Precision_Information_Gain,0.0,0.75,0.10752177238464355,0,0,30
Ecoli,info_gain,FOLD-RM (fit),Precision_Information_Gain,0.0,0.75,0.12097883224487305,0,0,30
Ecoli,info_gain,FOLD-RM (fit),Precision_Information_Gain,0.0,0.75,0.13843107223510742,0,0,30
Ecoli,info_gain,FOLD-RM (fit),Precision_Information_Gain,0.0,0.75,0.15048503875732422,0,0,30
Ecoli,info_gain,FOLD-RM (fit),Precision_Information_Gain,0.0,0.75,0.14666032791137695,0,0,30
Ecoli,info_gain,FOLD-RM (fit),Precision_Information_Gain,0.0,0.75,0.15383267402648926,0,0,30
Ecoli,info_gain,FOLD-RM (fit),Precision_Information_Gain,0.0,0.75,0.14465999603271484,0,0,30
Ecoli,info_gain,FOLD-RM (fit),Precision_Information_Gain,0.0,0.75,0.15245962142944336,0,0,30
Ecoli,info_gain,FOLD-RM (fit),Precision_Information_Gain,0.0,0.75,0.16623926162719727,0,0,30
Ecoli,info_gain,FOLD-RM (fit),Precision_Information_Gain,0.0,0.75,0.16623926162719727,0,0,30
Ecoli,info_gain,FOLD-RM (fit),Precision_Information_Gain,0.0,0.75,0.15970325469970703,0,0,30
Ecoli,info_gain,FOLD-RM (fit),Precision_Information_Gain,0.0,0.75,0.1652066707611084,0,0,30
Ecoli,info_gain,FOLD-RM (fit),Precision_Information_Gain,0.0,0.75,0.16678953170776367,0,0,30
Ecoli,info_gain,FOLD-RM (fit),Precision_Information_Gain,0.0,0.75,0.16978955268859863,0,0,30
Ecoli,info_gain,FOLD-RM (fit),Precision_Information_Gain,0.0,0.75,0.18084025382995605,0,0,30
Ecoli,info_gain,FOLD-RM (fit),Precision_Information_Gain,0.0,0.75,0.13980984687805176,0,0,30
Ecoli,info_gain,FOLD-RM (fit),Precision_Information_Gain,0.0,0.75,0.18099737167358398,0,0,30
Ecoli,info_gain,FOLD-RM (fit),Precision_Information_Gain,0.0,0.75,0.17999744415283203,0,0,30
Ecoli,info_gain,FOLD-RM (fit),Precision_Information_Gain,0.0,0.75,0.18099737167358398,0,0,30
Ecoli,info_gain,FOLD-RM (fit),Precision_Information_Gain,0.0,0.75,0.18837261199951172,0,0,30
Ecoli,info_gain,FOLD-RM (fit),Precision_Information_Gain,0.0,0.75,0.20162415504455566,0,0,30
Ecoli,info_gain,FOLD-RM (fit),Precision_Information_Gain,0.0,0.75,0.19298911094665527,0,0,30
Ecoli,info_gain,FOLD-RM (fit),Precision_Information_Gain,0.0,0.75,0.19298911094665527,0,0,30
Ecoli,info_gain,FOLD-RM (fit),Precision_Information_Gain,0.0,0.75,0.1994926929473877,0,0,30
Ecoli,info_gain,FOLD-RM (fit),Precision_Information_Gain,0.0,0.75,0.1974928379058838,0,0,30
Ecoli,info_gain,FOLD-RM (fit),Precision_Information_Gain,0.0,0.75,0.20780086517333984,0,0,30
Ecoli,info_gain,FOLD-RM (fit),Precision_Information_Gain,0.0,0.75,0.18434405326843262,0,0,30
Ecoli,info_gain,FOLD-RM (fit),Precision_Information_Gain,0.0,0.75,0.20162415504455566,0,0,30
Ecoli,info_gain,FOLD-RM (fit),Precision_Gini_Impurity,0.22058823529411764,0.7967459250852942,1.5064098834991455,14,18,30
Ecoli,info_gain,FOLD-RM (fit),Precision_Gini_Impurity,0.19117647058823528,0.7784090976367647,3.636659860610962,15,20,30
Ecoli,info_gain,FOLD-RM (fit),Precision_Gini_Impurity,0.3088235294117647,0.7435359395764707,6.078258752822876,46,57,30
Ecoli,info_gain,FOLD-RM (fit),Precision_Gini_Impurity,0.4117647058823529,0.7968173021,6.3663859367370605,38,53,30
Ecoli,info_gain,FOLD-RM (fit),Precision_Gini_Impurity,0.4117647058823529,0.7745951937838236,6.440145969390869,45,61,30
Ecoli,info_gain,FOLD-RM (fit),Precision_Gini_Impurity,0.38235294117647056,0.7342037583176471,6.8354737758636475,63,86,30
Ecoli,info_gain,FOLD-RM (fit),Precision_Gini_Impurity,0.36764705882352944,0.7821341376661765,7.020306348800659,42,59,30
Ecoli,info_gain,FOLD-RM (fit),Precision_Gini_Impurity,0.3088235294117647,0.7585417924161764,7.088886022567749,42,57,30
Ecoli,info_gain,FOLD-RM (fit),Precision_Gini_Impurity,0.4411764705882353,0.8030750613397059,7.48231053352356,54,79,30
Ecoli,info_gain,FOLD-RM (fit),Precision_Gini_Impurity,0.4411764705882353,0.7747899225117647,7.623093366622925,65,100,30
Ecoli,info_gain,FOLD-RM (fit),Precision_Gini_Impurity,0.4264705882352941,0.7821062582323529,7.780896186828613,51,75,30
Ecoli,info_gain,FOLD-RM (fit),Precision_Gini_Impurity,0.4411764705882353,0.7903776423308825,7.807142734527588,43,60,30
Ecoli,info_gain,FOLD-RM (fit),Precision_Gini_Impurity,0.4411764705882353,0.793025859007353,7.88042140007019,59,85,30
Ecoli,info_gain,FOLD-RM (fit),Precision_Gini_Impurity,0.5441176470588235,0.8071674517294117,8.054144859313965,50,69,30
Ecoli,info_gain,FOLD-RM (fit),Precision_Gini_Impurity,0.4852941176470588,0.7813195596191177,8.358728408813477,58,77,30
Ecoli,info_gain,FOLD-RM (fit),Precision_Gini_Impurity,0.5588235294117647,0.8077855710102941,8.651406049728394,54,76,30
Ecoli,info_gain,FOLD-RM (fit),Precision_Gini_Impurity,0.4117647058823529,0.7787177473338235,8.973366260528564,58,81,30
Ecoli,info_gain,FOLD-RM (fit),Precision_Gini_Impurity,0.5147058823529411,0.790587420382353,9.074693441390991,76,113,30
Ecoli,info_gain,FOLD-RM (fit),Precision_Gini_Impurity,0.3382352941176471,0.7588018651588235,9.113288402557373,55,75,30
Ecoli,info_gain,FOLD-RM (fit),Precision_Gini_Impurity,0.4264705882352941,0.7690738932411766,9.387247562408447,69,107,30
Ecoli,info_gain,FOLD-RM (fit),Precision_Gini_Impurity,0.4852941176470588,0.7796811119794118,9.450350046157837,78,115,30
Ecoli,info_gain,FOLD-RM (fit),Precision_Gini_Impurity,0.4264705882352941,0.7887628909529412,9.45701289176941,60,83,30
Ecoli,info_gain,FOLD-RM (fit),Precision_Gini_Impurity,0.5,0.781837558,9.530009746551514,54,75,30
Ecoli,info_gain,FOLD-RM (fit),Precision_Gini_Impurity,0.47058823529411764,0.7889914633088235,9.670857429504395,59,80,30
Ecoli,info_gain,FOLD-RM (fit),Precision_Gini_Impurity,0.5441176470588235,0.8139845445117646,9.7677321434021,91,140,30
Ecoli,info_gain,FOLD-RM (fit),Precision_Gini_Impurity,0.4852941176470588,0.7674913587544118,9.775396823883057,69,99,30
Ecoli,info_gain,FOLD-RM (fit),Precision_Gini_Impurity,0.5588235294117647,0.7908371565088235,9.780395030975342,74,109,30
Ecoli,info_gain,FOLD-RM (fit),Precision_Gini_Impurity,0.38235294117647056,0.7380871820117647,9.804813623428345,72,101,30
Ecoli,info_gain,FOLD-RM (fit),Precision_Gini_Impurity,0.5,0.7682762261323529,9.878183126449585,91,131,30
Ecoli,info_gain,FOLD-RM (fit),Precision_Gini_Impurity,0.5441176470588235,0.7911307540338236,9.904062747955322,85,122,30
Ecoli,info_gain,CON-FOLD (confidence_fit),original,0.7794117647058824,0.8325682501529412,2.0070319175720215,32,35,30
Ecoli,info_gain,CON-FOLD (confidence_fit),original,0.8088235294117647,0.8734383540294118,2.098705768585205,27,32,30
Ecoli,info_gain,CON-FOLD (confidence_fit),original,0.7205882352941176,0.8223359154397059,2.113215684890747,35,39,30
Ecoli,info_gain,CON-FOLD (confidence_fit),original,0.8676470588235294,0.9055999164352941,2.36677885055542,38,51,30
Ecoli,info_gain,CON-FOLD (confidence_fit),original,0.7794117647058824,0.8385556905132353,2.5851669311523438,25,28,30
Ecoli,info_gain,CON-FOLD (confidence_fit),original,0.7647058823529411,0.8093246336867648,2.740342617034912,34,43,30
Ecoli,info_gain,CON-FOLD (confidence_fit),original,0.8088235294117647,0.8674769226558823,2.944901943206787,24,26,30
Ecoli,info_gain,CON-FOLD (confidence_fit),original,0.8382352941176471,0.8667573917985294,3.006202459335327,29,40,30
Ecoli,info_gain,CON-FOLD (confidence_fit),original,0.75,0.8530755745455882,3.0284745693206787,41,51,30
Ecoli,info_gain,CON-FOLD (confidence_fit),original,0.6764705882352942,0.7589104437500002,3.1112287044525146,29,35,30
Ecoli,info_gain,CON-FOLD (confidence_fit),original,0.8235294117647058,0.8889071221676471,3.244093418121338,35,45,30
Ecoli,info_gain,CON-FOLD (confidence_fit),original,0.8382352941176471,0.9107469946764707,3.292050838470459,42,53,30
Ecoli,info_gain,CON-FOLD (confidence_fit),original,0.8235294117647058,0.8608456829058824,3.3148481845855713,23,24,30
Ecoli,info_gain,CON-FOLD (confidence_fit),original,0.8529411764705882,0.8824575971323529,3.382305860519409,31,42,30
Ecoli,info_gain,CON-FOLD (confidence_fit),original,0.75,0.8200295349941178,3.3958182334899902,35,44,30
Ecoli,info_gain,CON-FOLD (confidence_fit),original,0.8235294117647058,0.902993732117647,3.4440460205078125,42,55,30
Ecoli,info_gain,CON-FOLD (confidence_fit),original,0.7941176470588235,0.848421224075,3.5185024738311768,37,47,30
Ecoli,info_gain,CON-FOLD (confidence_fit),original,0.7794117647058824,0.8439871810014707,3.5363221168518066,32,39,30
Ecoli,info_gain,CON-FOLD (confidence_fit),original,0.7352941176470589,0.8129622948647058,3.590322494506836,32,44,30
Ecoli,info_gain,CON-FOLD (confidence_fit),original,0.7941176470588235,0.8388112530794117,3.5977234840393066,30,36,30
Ecoli,info_gain,CON-FOLD (confidence_fit),original,0.8676470588235294,0.9103339279470588,3.611104965209961,38,49,30
Ecoli,info_gain,CON-FOLD (confidence_fit),original,0.7794117647058824,0.8425331989132354,3.6748769283294678,33,38,30
Ecoli,info_gain,CON-FOLD (confidence_fit),original,0.7794117647058824,0.8354788674470588,3.685380220413208,40,41,30
Ecoli,info_gain,CON-FOLD (confidence_fit),original,0.8970588235294118,0.9220039745514705,3.7099623680114746,44,53,30
Ecoli,info_gain,CON-FOLD (confidence_fit),original,0.8676470588235294,0.9190970835352942,3.7198214530944824,37,52,30
Ecoli,info_gain,CON-FOLD (confidence_fit),original,0.75,0.8259534473191177,3.7554399967193604,25,32,30
Ecoli,info_gain,CON-FOLD (confidence_fit),original,0.75,0.8291395160235294,3.751755714416504,29,34,30
Ecoli,info_gain,CON-FOLD (confidence_fit),original,0.8823529411764706,0.9103917073029413,3.756932258605957,46,53,30
Ecoli,info_gain,CON-FOLD (confidence_fit),original,0.8235294117647058,0.8709511659029412,3.7749900817871094,39,42,30
Ecoli,info_gain,CON-FOLD (confidence_fit),original,0.7647058823529411,0.8239181624441175,3.80739426612854,32,45,30
Ecoli,info_gain,CON-FOLD (confidence_fit),information_gain,0.75,0.8465652810455883,2.06335186958313,14,14,30
Ecoli,info_gain,CON-FOLD (confidence_fit),information_gain,0.7205882352941176,0.8476257505794118,4.620600938796997,79,75,30
Ecoli,info_gain,CON-FOLD (confidence_fit),information_gain,0.6911764705882353,0.848795001482353,5.889933347702026,107,107,30
Ecoli,info_gain,CON-FOLD (confidence_fit),information_gain,0.6617647058823529,0.8369633632985294,6.105910539627075,97,96,30
Ecoli,info_gain,CON-FOLD (confidence_fit),information_gain,0.6176470588235294,0.8076758658264707,6.905447006225586,103,102,30
Ecoli,info_gain,CON-FOLD (confidence_fit),information_gain,0.6323529411764706,0.7921413903573529,7.538620233535767,110,109,30
Ecoli,info_gain,CON-FOLD (confidence_fit),information_gain,0.6617647058823529,0.8135822607514704,7.631503105163574,99,98,30
Ecoli,info_gain,CON-FOLD (confidence_fit),information_gain,0.5441176470588235,0.8392558136955882,7.950742244720459,108,108,30
Ecoli,info_gain,CON-FOLD (confidence_fit),information_gain,0.7205882352941176,0.8348630259602942,8.084129333496094,109,108,30
Ecoli,info_gain,CON-FOLD (confidence_fit),information_gain,0.6323529411764706,0.8182784761720586,8.157196044921875,97,96,30
Ecoli,info_gain,CON-FOLD (confidence_fit),information_gain,0.5882352941176471,0.8382858104985293,9.245981693267822,106,105,30
Ecoli,info_gain,CON-FOLD (confidence_fit),information_gain,0.7058823529411765,0.8324914266220587,9.76037883758545,106,106,30
Ecoli,info_gain,CON-FOLD (confidence_fit),information_gain,0.45588235294117646,0.7798729999632352,10.779284000396729,163,163,30
Ecoli,info_gain,CON-FOLD (confidence_fit),information_gain,0.5,0.7748750841191177,10.996674299240112,151,151,30
Ecoli,info_gain,CON-FOLD (confidence_fit),information_gain,0.6323529411764706,0.7776295784632352,12.230144262313843,159,158,30
Ecoli,info_gain,CON-FOLD (confidence_fit),information_gain,0.4117647058823529,0.7830218767338235,13.020291566848755,187,187,30
Ecoli,info_gain,CON-FOLD (confidence_fit),information_gain,0.5882352941176471,0.7847202707838234,13.347916841506958,185,184,30
Ecoli,info_gain,CON-FOLD (confidence_fit),information_gain,0.5,0.7794457901044118,13.605468034744263,177,177,30
Ecoli,info_gain,CON-FOLD (confidence_fit),information_gain,0.5441176470588235,0.7955871112411764,13.657058715820312,186,186,30
Ecoli,info_gain,CON-FOLD (confidence_fit),information_gain,0.47058823529411764,0.7975803624102942,13.793428659439087,182,182,30
Ecoli,info_gain,CON-FOLD (confidence_fit),information_gain,0.5147058823529411,0.7624070025058822,13.847322463989258,182,180,30
Ecoli,info_gain,CON-FOLD (confidence_fit),information_gain,0.5882352941176471,0.7983416384970587,13.88278317451477,188,188,30
Ecoli,info_gain,CON-FOLD (confidence_fit),information_gain,0.6176470588235294,0.7921056842205882,14.06072735786438,188,187,30
Ecoli,info_gain,CON-FOLD (confidence_fit),information_gain,0.6029411764705882,0.8072331949264705,14.38697075843811,184,183,30
Ecoli,info_gain,CON-FOLD (confidence_fit),information_gain,0.5441176470588235,0.7715874432779413,14.438269138336182,180,180,30
Ecoli,info_gain,CON-FOLD (confidence_fit),information_gain,0.45588235294117646,0.7962310304676471,14.490256071090698,187,186,30
Ecoli,info_gain,CON-FOLD (confidence_fit),information_gain,0.6029411764705882,0.7872883692029411,14.542123079299927,195,194,30
Ecoli,info_gain,CON-FOLD (confidence_fit),information_gain,0.5735294117647058,0.7845078249749999,14.552631378173828,184,184,30
Ecoli,info_gain,CON-FOLD (confidence_fit),information_gain,0.4264705882352941,0.7739463621485294,14.588050365447998,199,197,30
Ecoli,info_gain,CON-FOLD (confidence_fit),information_gain,0.47058823529411764,0.7942662303441176,14.587620258331299,191,190,30
Ecoli,info_gain,CON-FOLD (confidence_fit),Gini_Impurity,0.0,0.75,0.043587446212768555,0,0,30
Ecoli,info_gain,CON-FOLD (confidence_fit),Gini_Impurity,0.0,0.75,0.05043339729309082,0,0,30
Ecoli,info_gain,CON-FOLD (confidence_fit),Gini_Impurity,0.0,0.75,0.07249593734741211,0,0,30
Ecoli,info_gain,CON-FOLD (confidence_fit),Gini_Impurity,0.0,0.75,0.06214308738708496,0,0,30
Ecoli,info_gain,CON-FOLD (confidence_fit),Gini_Impurity,0.0,0.75,0.06384873390197754,0,0,30
Ecoli,info_gain,CON-FOLD (confidence_fit),Gini_Impurity,0.0,0.75,0.07555842399597168,0,0,30
Ecoli,info_gain,CON-FOLD (confidence_fit),Gini_Impurity,0.0,0.75,0.06384873390197754,0,0,30
Ecoli,info_gain,CON-FOLD (confidence_fit),Gini_Impurity,0.0,0.75,0.06384873390197754,0,0,30
Ecoli,info_gain,CON-FOLD (confidence_fit),Gini_Impurity,0.0,0.75,0.07123756408691406,0,0,30
Ecoli,info_gain,CON-FOLD (confidence_fit),Gini_Impurity,0.0,0.75,0.07123756408691406,0,0,30
Ecoli,info_gain,CON-FOLD (confidence_fit),Gini_Impurity,0.0,0.75,0.07123756408691406,0,0,30
Ecoli,info_gain,CON-FOLD (confidence_fit),Gini_Impurity,0.0,0.75,0.06384873390197754,0,0,30
Ecoli,info_gain,CON-FOLD (confidence_fit),Gini_Impurity,0.0,0.75,0.05962419509887695,0,0,30
Ecoli,info_gain,CON-FOLD (confidence_fit),Gini_Impurity,0.0,0.75,0.08132338523864746,0,0,30
Ecoli,info_gain,CON-FOLD (confidence_fit),Gini_Impurity,0.0,0.75,0.08293843269348145,1,3,30
Ecoli,info_gain,CON-FOLD (confidence_fit),Gini_Impurity,0.0,0.75,0.10329437255859375,1,3,30
Ecoli,info_gain,CON-FOLD (confidence_fit),Gini_Impurity,0.0,0.75,0.06214308738708496,0,0,30
Ecoli,info_gain,CON-FOLD (confidence_fit),Gini_Impurity,0.0,0.75,0.09158468246459961,1,3,30
Ecoli,info_gain,CON-FOLD (confidence_fit),Gini_Impurity,0.0,0.75,0.1071631908416748,2,4,30
Ecoli,info_gain,CON-FOLD (confidence_fit),Gini_Impurity,0.0,0.75,0.06384873390197754,0,0,30
Ecoli,info_gain,CON-FOLD (confidence_fit),Gini_Impurity,0.0,0.75,0.1344585418701172,5,11,30
Ecoli,info_gain,CON-FOLD (confidence_fit),Gini_Impurity,0.0,0.75,0.06078624725341797,0,0,30
Ecoli,info_gain,CON-FOLD (confidence_fit),Gini_Impurity,0.0,0.75,0.05043339729309082,0,0,30
Ecoli,info_gain,CON-FOLD (confidence_fit),Gini_Impurity,0.0,0.75,0.07123756408691406,0,0,30
Ecoli,info_gain,CON-FOLD (confidence_fit),Gini_Impurity,0.0,0.75,0.05962419509887695,0,0,30
Ecoli,info_gain,CON-FOLD (confidence_fit),Gini_Impurity,0.0,0.75,0.06384873390197754,0,0,30
Ecoli,info_gain,CON-FOLD (confidence_fit),Gini_Impurity,0.0,0.75,0.06214308738708496,0,0,30
Ecoli,info_gain,CON-FOLD (confidence_fit),Gini_Impurity,0.0,0.75,0.07249593734741211,0,0,30
Ecoli,info_gain,CON-FOLD (confidence_fit),Gini_Impurity,0.0,0.75,0.05143547058105469,0,0,30
Ecoli,info_gain,CON-FOLD (confidence_fit),Gini_Impurity,0.0,0.75,0.06384873390197754,0,0,30
Ecoli,info_gain,CON-FOLD (confidence_fit),Precision_Information_Gain,0.0,0.75,0.09610247611999512,0,0,30
Ecoli,info_gain,CON-FOLD (confidence_fit),Precision_Information_Gain,0.0,0.75,0.12163925170898438,0,0,30
Ecoli,info_gain,CON-FOLD (confidence_fit),Precision_Information_Gain,0.0,0.75,0.13176512718200684,0,0,30
Ecoli,info_gain,CON-FOLD (confidence_fit),Precision_Information_Gain,0.0,0.75,0.13176512718200684,0,0,30
Ecoli,info_gain,CON-FOLD (confidence_fit),Precision_Information_Gain,0.0,0.75,0.12163925170898438,0,0,30
Ecoli,info_gain,CON-FOLD (confidence_fit),Precision_Information_Gain,0.0,0.75,0.14188838005065918,0,0,30
Ecoli,info_gain,CON-FOLD (confidence_fit),Precision_Information_Gain,0.0,0.75,0.14166641235351562,0,0,30
Ecoli,info_gain,CON-FOLD (confidence_fit),Precision_Information_Gain,0.0,0.75,0.1534123420715332,0,0,30
Ecoli,info_gain,CON-FOLD (confidence_fit),Precision_Information_Gain,0.0,0.75,0.14281296730041504,0,0,30
Ecoli,info_gain,CON-FOLD (confidence_fit),Precision_Information_Gain,0.0,0.75,0.16261029243469238,0,0,30
Ecoli,info_gain,CON-FOLD (confidence_fit),Precision_Information_Gain,0.0,0.75,0.16261029243469238,0,0,30
Ecoli,info_gain,CON-FOLD (confidence_fit),Precision_Information_Gain,0.0,0.75,0.13176512718200684,0,0,30
Ecoli,info_gain,CON-FOLD (confidence_fit),Precision_Information_Gain,0.0,0.75,0.16231679916381836,0,0,30
Ecoli,info_gain,CON-FOLD (confidence_fit),Precision_Information_Gain,0.0,0.75,0.17291617393493652,0,0,30
Ecoli,info_gain,CON-FOLD (confidence_fit),Precision_Information_Gain,0.0,0.75,0.17291617393493652,0,0,30
Ecoli,info_gain,CON-FOLD (confidence_fit),Precision_Information_Gain,0.0,0.75,0.16231679916381836,0,0,30
Ecoli,info_gain,CON-FOLD (confidence_fit),Precision_Information_Gain,0.0,0.75,0.18582868576049805,0,0,30
Ecoli,info_gain,CON-FOLD (confidence_fit),Precision_Information_Gain,0.0,0.75,0.2039470672607422,0,0,30
Ecoli,info_gain,CON-FOLD (confidence_fit),Precision_Information_Gain,0.0,0.75,0.19565415382385254,0,0,30
Ecoli,info_gain,CON-FOLD (confidence_fit),Precision_Information_Gain,0.0,0.75,0.19334769248962402,0,0,30
Ecoli,info_gain,CON-FOLD (confidence_fit),Precision_Information_Gain,0.0,0.75,0.18813514709472656,0,0,30
Ecoli,info_gain,CON-FOLD (confidence_fit),Precision_Information_Gain,0.0,0.75,0.21270155906677246,0,0,30
Ecoli,info_gain,CON-FOLD (confidence_fit),Precision_Information_Gain,0.0,0.75,0.2057030200958252,0,0,30
Ecoli,info_gain,CON-FOLD (confidence_fit),Precision_Information_Gain,0.0,0.75,0.20670318603515625,0,0,30
Ecoli,info_gain,CON-FOLD (confidence_fit),Precision_Information_Gain,0.0,0.75,0.21001577377319336,0,0,30
Ecoli,info_gain,CON-FOLD (confidence_fit),Precision_Information_Gain,0.0,0.75,0.2107067108154297,0,0,30
Ecoli,info_gain,CON-FOLD (confidence_fit),Precision_Information_Gain,0.0,0.75,0.21265387535095215,0,0,30
Ecoli,info_gain,CON-FOLD (confidence_fit),Precision_Information_Gain,0.0,0.75,0.2107067108154297,0,0,30
Ecoli,info_gain,CON-FOLD (confidence_fit),Precision_Information_Gain,0.0,0.75,0.2039470672607422,0,0,30
Ecoli,info_gain,CON-FOLD (confidence_fit),Precision_Information_Gain,0.0,0.75,0.19334769248962402,0,0,30
Ecoli,info_gain,CON-FOLD (confidence_fit),Precision_Gini_Impurity,0.19117647058823528,0.7898935723632353,2.0738091468811035,9,12,30
Ecoli,info_gain,CON-FOLD (confidence_fit),Precision_Gini_Impurity,0.3235294117647059,0.796790963992647,3.8982460498809814,23,35,30
Ecoli,info_gain,CON-FOLD (confidence_fit),Precision_Gini_Impurity,0.3235294117647059,0.7759547377485294,5.458734750747681,34,48,30
Ecoli,info_gain,CON-FOLD (confidence_fit),Precision_Gini_Impurity,0.45588235294117646,0.7980018147352942,5.8980631828308105,29,42,30
Ecoli,info_gain,CON-FOLD (confidence_fit),Precision_Gini_Impurity,0.4411764705882353,0.7882709764235295,6.822100400924683,36,48,30
Ecoli,info_gain,CON-FOLD (confidence_fit),Precision_Gini_Impurity,0.5147058823529411,0.7795743486191177,7.092507839202881,38,51,30
Ecoli,info_gain,CON-FOLD (confidence_fit),Precision_Gini_Impurity,0.4264705882352941,0.7984616047529411,7.318573951721191,35,47,30
Ecoli,info_gain,CON-FOLD (confidence_fit),Precision_Gini_Impurity,0.3235294117647059,0.7673100494294118,7.501704216003418,42,59,30
Ecoli,info_gain,CON-FOLD (confidence_fit),Precision_Gini_Impurity,0.4117647058823529,0.7702399416632353,7.5429370403289795,40,57,30
Ecoli,info_gain,CON-FOLD (confidence_fit),Precision_Gini_Impurity,0.45588235294117646,0.7923365818558823,7.906602144241333,50,71,30
Ecoli,info_gain,CON-FOLD (confidence_fit),Precision_Gini_Impurity,0.4411764705882353,0.797763242310294,8.234129905700684,27,36,30
Ecoli,info_gain,CON-FOLD (confidence_fit),Precision_Gini_Impurity,0.3382352941176471,0.7677310149058824,8.371203184127808,48,66,30
Ecoli,info_gain,CON-FOLD (confidence_fit),Precision_Gini_Impurity,0.4852941176470588,0.8152031283455882,8.376025438308716,47,69,30
Ecoli,info_gain,CON-FOLD (confidence_fit),Precision_Gini_Impurity,0.45588235294117646,0.7963135317852941,8.440449714660645,41,57,30
Ecoli,info_gain,CON-FOLD (confidence_fit),Precision_Gini_Impurity,0.4264705882352941,0.800205865417647,8.710863590240479,47,69,30
Ecoli,info_gain,CON-FOLD (confidence_fit),Precision_Gini_Impurity,0.45588235294117646,0.7882000892161765,8.726228952407837,44,61,30
Ecoli,info_gain,CON-FOLD (confidence_fit),Precision_Gini_Impurity,0.45588235294117646,0.776920823742647,8.873590469360352,38,54,30
Ecoli,info_gain,CON-FOLD (confidence_fit),Precision_Gini_Impurity,0.5441176470588235,0.7536861058367648,8.94693899154663,66,88,30
Ecoli,info_gain,CON-FOLD (confidence_fit),Precision_Gini_Impurity,0.5,0.8052842385749999,9.049058675765991,50,66,30
Ecoli,info_gain,CON-FOLD (confidence_fit),Precision_Gini_Impurity,0.5147058823529411,0.7962590663338236,9.131221532821655,63,94,30
Ecoli,info_gain,CON-FOLD (confidence_fit),Precision_Gini_Impurity,0.5,0.8151250638117646,9.223905801773071,46,66,30
Ecoli,info_gain,CON-FOLD (confidence_fit),Precision_Gini_Impurity,0.35294117647058826,0.789277266135294,9.27487301826477,34,46,30
Ecoli,info_gain,CON-FOLD (confidence_fit),Precision_Gini_Impurity,0.5294117647058824,0.8050481958338235,9.348822116851807,48,64,30
Ecoli,info_gain,CON-FOLD (confidence_fit),Precision_Gini_Impurity,0.4411764705882353,0.7632276761132353,9.42171859741211,71,98,30
Ecoli,info_gain,CON-FOLD (confidence_fit),Precision_Gini_Impurity,0.4852941176470588,0.7798208243102942,9.467427492141724,47,62,30
Ecoli,info_gain,CON-FOLD (confidence_fit),Precision_Gini_Impurity,0.6029411764705882,0.8180778982485294,9.549536943435669,70,103,30
Ecoli,info_gain,CON-FOLD (confidence_fit),Precision_Gini_Impurity,0.4411764705882353,0.7957113350132353,9.63125491142273,57,82,30
Ecoli,info_gain,CON-FOLD (confidence_fit),Precision_Gini_Impurity,0.45588235294117646,0.7972025705000001,9.66180968284607,71,103,30
Ecoli,info_gain,CON-FOLD (confidence_fit),Precision_Gini_Impurity,0.4117647058823529,0.7569384031588235,9.69271183013916,62,93,30
Ecoli,info_gain,CON-FOLD (confidence_fit),Precision_Gini_Impurity,0.5,0.8061390720029411,9.736830949783325,52,78,30
Weight Lifting,greedy,FOLD-RM (fit),original,1.0,0.9998571111734161,98.63117265701294,14,14,30
Weight Lifting,greedy,FOLD-RM (fit),original,1.0,0.9996633480311802,99.1422073841095,9,11,30
Weight Lifting,greedy,FOLD-RM (fit),original,1.0,0.9998831184539131,107.48611307144165,14,15,30
Weight Lifting,greedy,FOLD-RM (fit),original,1.0,0.9998919044919254,109.10440373420715,14,15,30
Weight Lifting,greedy,FOLD-RM (fit),original,0.9987577639751553,0.9986855324583851,109.44446396827698,14,15,30
Weight Lifting,greedy,FOLD-RM (fit),original,0.9987577639751553,0.9981466037970186,109.60509324073792,14,15,30
Weight Lifting,greedy,FOLD-RM (fit),original,1.0,0.9996755808383851,109.47907328605652,11,15,30
Weight Lifting,greedy,FOLD-RM (fit),original,0.9975155279503105,0.9972258344931677,110.22820281982422,14,16,30
Weight Lifting,greedy,FOLD-RM (fit),original,0.9962732919254659,0.9960093776563975,111.0774655342102,14,16,30
Weight Lifting,greedy,FOLD-RM (fit),original,1.0,0.9997026673378882,111.97402787208557,14,15,30
Weight Lifting,greedy,FOLD-RM (fit),original,1.0,0.9999023731024844,112.77128791809082,14,15,30
Weight Lifting,greedy,FOLD-RM (fit),original,0.9975155279503105,0.9974753013096894,112.63294816017151,11,15,30
Weight Lifting,greedy,FOLD-RM (fit),original,1.0,0.9999010404089441,115.29138374328613,16,18,30
Weight Lifting,greedy,FOLD-RM (fit),original,0.9987577639751553,0.9985436313575156,116.72369742393494,15,17,30
Weight Lifting,greedy,FOLD-RM (fit),original,0.9987577639751553,0.9987574413172671,117.2500422000885,14,16,30
Weight Lifting,greedy,FOLD-RM (fit),original,0.9975155279503105,0.9974390261797516,117.47702598571777,15,17,30
Weight Lifting,greedy,FOLD-RM (fit),original,0.9975155279503105,0.9974104228945342,117.86824083328247,16,18,30
Weight Lifting,greedy,FOLD-RM (fit),original,1.0,0.9997066823612423,118.31315445899963,15,17,30
Weight Lifting,greedy,FOLD-RM (fit),original,0.9987577639751553,0.9987335200941615,118.38108563423157,15,16,30
Weight Lifting,greedy,FOLD-RM (fit),original,0.9975155279503105,0.9972124501913043,119.12709164619446,15,17,30
Weight Lifting,greedy,FOLD-RM (fit),original,1.0,0.9999077462658386,119.46744894981384,15,17,30
Weight Lifting,greedy,FOLD-RM (fit),original,1.0,0.9996941577889441,119.49187135696411,15,17,30
Weight Lifting,greedy,FOLD-RM (fit),original,1.0,0.9993789785603727,119.96292614936829,15,16,30
Weight Lifting,greedy,FOLD-RM (fit),original,1.0,0.9998793689029813,120.48973822593689,15,19,30
Weight Lifting,greedy,FOLD-RM (fit),original,0.9975155279503105,0.9974478454449689,120.46458029747009,15,17,30
Weight Lifting,greedy,FOLD-RM (fit),original,0.9950310559006211,0.9949426550537889,120.27215123176575,15,16,30
Weight Lifting,greedy,FOLD-RM (fit),original,1.0,0.9996787601855901,120.95868706703186,15,16,30
Weight Lifting,greedy,FOLD-RM (fit),original,1.0,0.9996925592680745,121.25087285041809,15,17,30
Weight Lifting,greedy,FOLD-RM (fit),original,0.9975155279503105,0.9972454738674534,121.33130049705505,16,19,30
Weight Lifting,greedy,FOLD-RM (fit),original,0.9975155279503105,0.997231933415528,121.74073195457458,14,18,30
Weight Lifting,greedy,FOLD-RM (fit),information_gain,1.0,0.9996498325298137,28.56875777244568,12,11,30
Weight Lifting,greedy,FOLD-RM (fit),information_gain,1.0,0.9994804914686957,29.317777633666992,12,11,30
Weight Lifting,greedy,FOLD-RM (fit),information_gain,0.937888198757764,0.9463862131301866,29.79127049446106,12,11,30
Weight Lifting,greedy,FOLD-RM (fit),information_gain,0.9987577639751553,0.9984657150903106,30.03980302810669,12,11,30
Weight Lifting,greedy,FOLD-RM (fit),information_gain,0.9987577639751553,0.9985942092980125,30.055514097213745,12,11,30
Weight Lifting,greedy,FOLD-RM (fit),information_gain,1.0,0.9994712838254658,30.179286241531372,12,11,30
Weight Lifting,greedy,FOLD-RM (fit),information_gain,1.0,0.9998093792274534,30.785534858703613,12,11,30
Weight Lifting,greedy,FOLD-RM (fit),information_gain,1.0,0.9992397911191304,30.678144454956055,13,13,30
Weight Lifting,greedy,FOLD-RM (fit),information_gain,0.9987577639751553,0.9985864984243478,30.585520267486572,12,11,30
Weight Lifting,greedy,FOLD-RM (fit),information_gain,1.0,0.9995456165987577,31.509116888046265,13,13,30
Weight Lifting,greedy,FOLD-RM (fit),information_gain,0.9354037267080745,0.9458172477309322,31.823217391967773,12,11,30
Weight Lifting,greedy,FOLD-RM (fit),information_gain,0.9975155279503105,0.9975420755329193,31.511325359344482,12,11,30
Weight Lifting,greedy,FOLD-RM (fit),information_gain,1.0,0.999802747067205,31.509990453720093,12,11,30
Weight Lifting,greedy,FOLD-RM (fit),information_gain,0.924223602484472,0.9372479271872053,31.996817588806152,12,11,30
Weight Lifting,greedy,FOLD-RM (fit),information_gain,1.0,0.9997739143963975,31.8790123462677,13,13,30
Weight Lifting,greedy,FOLD-RM (fit),information_gain,0.9975155279503105,0.9973178311304347,31.997251510620117,13,13,30
Weight Lifting,greedy,FOLD-RM (fit),information_gain,0.9975155279503105,0.9971052622822361,32.03165650367737,13,13,30
Weight Lifting,greedy,FOLD-RM (fit),information_gain,0.9975155279503105,0.9971131931207453,32.16460347175598,13,13,30
Weight Lifting,greedy,FOLD-RM (fit),information_gain,0.9975155279503105,0.9973597591724224,32.65094017982483,13,13,30
Weight Lifting,greedy,FOLD-RM (fit),information_gain,0.924223602484472,0.9371093798033536,32.77873635292053,13,12,30
Weight Lifting,greedy,FOLD-RM (fit),information_gain,0.9975155279503105,0.9973866080017392,32.965434551239014,13,13,30
Weight Lifting,greedy,FOLD-RM (fit),information_gain,1.0,0.9996873360484472,33.116363763809204,12,11,30
Weight Lifting,greedy,FOLD-RM (fit),information_gain,0.9329192546583851,0.9433071903231054,33.19511961936951,13,12,30
Weight Lifting,greedy,FOLD-RM (fit),information_gain,0.9440993788819876,0.9502363094267077,33.29799723625183,13,12,30
Weight Lifting,greedy,FOLD-RM (fit),information_gain,0.929192546583851,0.9399963051872052,33.55439114570618,14,13,30
Weight Lifting,greedy,FOLD-RM (fit),information_gain,0.9987577639751553,0.9982149789983851,33.33353781700134,12,11,30
Weight Lifting,greedy,FOLD-RM (fit),information_gain,0.9403726708074535,0.9486754787674532,33.275245666503906,13,12,30
Weight Lifting,greedy,FOLD-RM (fit),information_gain,0.9366459627329192,0.944777015105217,33.34259247779846,14,13,30
Weight Lifting,greedy,FOLD-RM (fit),information_gain,0.9254658385093167,0.9378996969790059,33.73835468292236,14,13,30
Weight Lifting,greedy,FOLD-RM (fit),information_gain,0.9838509316770186,0.9837029101797516,33.74159789085388,14,16,30
Weight Lifting,greedy,FOLD-RM (fit),Gini_Impurity,0.0,0.75,36.20140719413757,0,0,30
Weight Lifting,greedy,FOLD-RM (fit),Gini_Impurity,0.0,0.75,36.541040897369385,0,0,30
Weight Lifting,greedy,FOLD-RM (fit),Gini_Impurity,0.0,0.75,38.04671573638916,0,0,30
Weight Lifting,greedy,FOLD-RM (fit),Gini_Impurity,0.0,0.75,40.233667850494385,0,0,30
Weight Lifting,greedy,FOLD-RM (fit),Gini_Impurity,0.0,0.75,41.43943381309509,0,0,30
Weight Lifting,greedy,FOLD-RM (fit),Gini_Impurity,0.0,0.75,42.236167430877686,1,3,30
Weight Lifting,greedy,FOLD-RM (fit),Gini_Impurity,0.0,0.75,43.088924169540405,1,3,30
Weight Lifting,greedy,FOLD-RM (fit),Gini_Impurity,0.002484472049689441,0.7501180124223603,43.604790925979614,1,3,30
Weight Lifting,greedy,FOLD-RM (fit),Gini_Impurity,0.0,0.75,43.396127700805664,1,3,30
Weight Lifting,greedy,FOLD-RM (fit),Gini_Impurity,0.0,0.75,43.50301122665405,1,3,30
Weight Lifting,greedy,FOLD-RM (fit),Gini_Impurity,0.0,0.75,44.64651083946228,1,3,30
Weight Lifting,greedy,FOLD-RM (fit),Gini_Impurity,0.0,0.75,44.533971548080444,1,3,30
Weight Lifting,greedy,FOLD-RM (fit),Gini_Impurity,0.0,0.75,47.31290292739868,0,0,30
Weight Lifting,greedy,FOLD-RM (fit),Gini_Impurity,0.0,0.75,50.702874183654785,1,3,30
Weight Lifting,greedy,FOLD-RM (fit),Gini_Impurity,0.0,0.75,50.7892324924469,1,4,30
Weight Lifting,greedy,FOLD-RM (fit),Gini_Impurity,0.0,0.75,51.67464876174927,1,3,30
Weight Lifting,greedy,FOLD-RM (fit),Gini_Impurity,0.0,0.75,52.62782669067383,0,0,30
Weight Lifting,greedy,FOLD-RM (fit),Gini_Impurity,0.0037267080745341614,0.7501770186335404,54.54062294960022,3,7,30
Weight Lifting,greedy,FOLD-RM (fit),Gini_Impurity,0.0037267080745341614,0.7501770186335404,60.458834648132324,3,7,30
Weight Lifting,greedy,FOLD-RM (fit),Gini_Impurity,0.0,0.75,61.3695547580719,3,8,30
Weight Lifting,greedy,FOLD-RM (fit),Gini_Impurity,0.0,0.75,64.64497590065002,2,5,30
Weight Lifting,greedy,FOLD-RM (fit),Gini_Impurity,0.0,0.75,67.20140933990479,5,11,30
Weight Lifting,greedy,FOLD-RM (fit),Gini_Impurity,0.0012422360248447205,0.7500590062111802,72.70882940292358,5,13,30
Weight Lifting,greedy,FOLD-RM (fit),Gini_Impurity,0.0,0.75,72.79038977622986,7,15,30
Weight Lifting,greedy,FOLD-RM (fit),Gini_Impurity,0.0,0.75,73.50466179847717,6,14,30
Weight Lifting,greedy,FOLD-RM (fit),Gini_Impurity,0.0,0.7499347826086956,78.90561509132385,8,18,30
Weight Lifting,greedy,FOLD-RM (fit),Gini_Impurity,0.0012422360248447205,0.7500590062111802,82.07617950439453,9,20,30
Weight Lifting,greedy,FOLD-RM (fit),Gini_Impurity,0.002484472049689441,0.7500527950310559,92.78397631645203,12,28,30
Weight Lifting,greedy,FOLD-RM (fit),Gini_Impurity,0.0037267080745341614,0.7501770186335404,96.09008622169495,17,37,30
Weight Lifting,greedy,FOLD-RM (fit),Gini_Impurity,0.0012422360248447205,0.7500590062111802,97.53223133087158,18,39,30
Weight Lifting,greedy,FOLD-RM (fit),Precision_Information_Gain,0.0,0.75,23.091636657714844,0,0,30
Weight Lifting,greedy,FOLD-RM (fit),Precision_Information_Gain,0.0,0.75,23.494314670562744,0,0,30
Weight Lifting,greedy,FOLD-RM (fit),Precision_Information_Gain,0.0,0.75,25.25224804878235,0,0,30
Weight Lifting,greedy,FOLD-RM (fit),Precision_Information_Gain,0.0,0.75,26.144614934921265,0,0,30
Weight Lifting,greedy,FOLD-RM (fit),Precision_Information_Gain,0.0,0.75,26.561774253845215,0,0,30
Weight Lifting,greedy,FOLD-RM (fit),Precision_Information_Gain,0.0,0.75,28.018959522247314,0,0,30
Weight Lifting,greedy,FOLD-RM (fit),Precision_Information_Gain,0.0,0.75,27.891152143478394,0,0,30
Weight Lifting,greedy,FOLD-RM (fit),Precision_Information_Gain,0.0,0.75,27.89175295829773,0,0,30
Weight Lifting,greedy,FOLD-RM (fit),Precision_Information_Gain,0.0,0.75,28.290560245513916,0,0,30
Weight Lifting,greedy,FOLD-RM (fit),Precision_Information_Gain,0.0,0.75,28.452006578445435,0,0,30
Weight Lifting,greedy,FOLD-RM (fit),Precision_Information_Gain,0.0,0.75,29.17782497406006,0,0,30
Weight Lifting,greedy,FOLD-RM (fit),Precision_Information_Gain,0.0,0.75,29.35775327682495,0,0,30
Weight Lifting,greedy,FOLD-RM (fit),Precision_Information_Gain,0.0,0.75,29.81450629234314,0,0,30
Weight Lifting,greedy,FOLD-RM (fit),Precision_Information_Gain,0.0,0.75,29.91120171546936,0,0,30
Weight Lifting,greedy,FOLD-RM (fit),Precision_Information_Gain,0.0,0.75,29.890875816345215,0,0,30
Weight Lifting,greedy,FOLD-RM (fit),Precision_Information_Gain,0.0,0.75,30.143019676208496,0,0,30
Weight Lifting,greedy,FOLD-RM (fit),Precision_Information_Gain,0.0,0.75,31.22601556777954,0,0,30
Weight Lifting,greedy,FOLD-RM (fit),Precision_Information_Gain,0.0,0.75,31.669023036956787,0,0,30
Weight Lifting,greedy,FOLD-RM (fit),Precision_Information_Gain,0.0,0.75,31.83731174468994,0,0,30
Weight Lifting,greedy,FOLD-RM (fit),Precision_Information_Gain,0.0,0.75,31.869902849197388,0,0,30
Weight Lifting,greedy,FOLD-RM (fit),Precision_Information_Gain,0.0,0.75,32.00998044013977,0,0,30
Weight Lifting,greedy,FOLD-RM (fit),Precision_Information_Gain,0.0,0.75,31.97614622116089,0,0,30
Weight Lifting,greedy,FOLD-RM (fit),Precision_Information_Gain,0.0,0.75,31.941084623336792,0,0,30
Weight Lifting,greedy,FOLD-RM (fit),Precision_Information_Gain,0.0,0.75,32.13882350921631,0,0,30
Weight Lifting,greedy,FOLD-RM (fit),Precision_Information_Gain,0.0,0.75,32.2261962890625,0,0,30
Weight Lifting,greedy,FOLD-RM (fit),Precision_Information_Gain,0.0,0.75,32.14222049713135,0,0,30
Weight Lifting,greedy,FOLD-RM (fit),Precision_Information_Gain,0.0,0.75,32.49224019050598,0,0,30
Weight Lifting,greedy,FOLD-RM (fit),Precision_Information_Gain,0.0,0.75,32.65828990936279,0,0,30
Weight Lifting,greedy,FOLD-RM (fit),Precision_Information_Gain,0.0,0.75,32.26620697975159,0,0,30
Weight Lifting,greedy,FOLD-RM (fit),Precision_Information_Gain,0.0,0.75,32.48621463775635,0,0,30
Weight Lifting,greedy,FOLD-RM (fit),Precision_Gini_Impurity,0.8211180124223603,0.8645439853455902,10697.633018255234,1001,917,30
Weight Lifting,greedy,FOLD-RM (fit),Precision_Gini_Impurity,0.782608695652174,0.8474304241285714,11031.617374181747,993,894,30
Weight Lifting,greedy,FOLD-RM (fit),Precision_Gini_Impurity,0.8049689440993789,0.8648260870844722,11112.613648891449,1001,920,30
Weight Lifting,greedy,FOLD-RM (fit),Precision_Gini_Impurity,0.8,0.848975228995652,11299.860886573792,979,906,30
Weight Lifting,greedy,FOLD-RM (fit),Precision_Gini_Impurity,0.8074534161490683,0.8539156320678261,11327.904490947723,1010,908,30
Weight Lifting,greedy,FOLD-RM (fit),Precision_Gini_Impurity,0.8111801242236025,0.8604684760093169,11502.639314174652,1014,903,30
Weight Lifting,greedy,FOLD-RM (fit),Precision_Gini_Impurity,0.822360248447205,0.857989827282733,11575.722398042679,1011,928,30
Weight Lifting,greedy,FOLD-RM (fit),Precision_Gini_Impurity,0.8211180124223603,0.8650484510372671,11643.395370483398,1000,930,30
Weight Lifting,greedy,FOLD-RM (fit),Precision_Gini_Impurity,0.8248447204968944,0.8624619412674537,11676.780555486679,1009,922,30
Weight Lifting,greedy,FOLD-RM (fit),Precision_Gini_Impurity,0.8422360248447205,0.8704350591013666,11689.408540725708,1041,941,30
Weight Lifting,greedy,FOLD-RM (fit),Precision_Gini_Impurity,0.8124223602484472,0.8545573739945342,11691.615782499313,983,887,30
Weight Lifting,greedy,FOLD-RM (fit),Precision_Gini_Impurity,0.8360248447204969,0.8654944376957762,11693.421886444092,998,919,30
Weight Lifting,greedy,FOLD-RM (fit),Precision_Gini_Impurity,0.8298136645962733,0.8599931233002484,11694.03855395317,1002,916,30
Weight Lifting,greedy,FOLD-RM (fit),Precision_Gini_Impurity,0.8161490683229814,0.8601114332386337,11743.323893785477,1005,921,30
Weight Lifting,greedy,FOLD-RM (fit),Precision_Gini_Impurity,0.822360248447205,0.8590458638129195,11786.605202913284,1003,907,30
Weight Lifting,greedy,FOLD-RM (fit),Precision_Gini_Impurity,0.8012422360248447,0.8561041310643478,11812.958927154541,963,905,30
Weight Lifting,greedy,FOLD-RM (fit),Precision_Gini_Impurity,0.8335403726708075,0.8656950620091924,11823.273951292038,986,919,30
Weight Lifting,greedy,FOLD-RM (fit),Precision_Gini_Impurity,0.8012422360248447,0.8524788178879504,11841.303735256195,988,905,30
Weight Lifting,greedy,FOLD-RM (fit),Precision_Gini_Impurity,0.8037267080745342,0.8506829757957765,11886.74473810196,989,917,30
Weight Lifting,greedy,FOLD-RM (fit),Precision_Gini_Impurity,0.8111801242236025,0.849567096397143,11907.958346128464,971,895,30
Weight Lifting,greedy,FOLD-RM (fit),Precision_Gini_Impurity,0.7975155279503106,0.8525659315995029,11918.773372650146,973,905,30
Weight Lifting,greedy,FOLD-RM (fit),Precision_Gini_Impurity,0.8049689440993789,0.8531241540270809,11926.884147644043,963,898,30
Weight Lifting,greedy,FOLD-RM (fit),Precision_Gini_Impurity,0.8198757763975155,0.8611551340445963,11961.30871295929,1033,932,30
Weight Lifting,greedy,FOLD-RM (fit),Precision_Gini_Impurity,0.8149068322981367,0.8502147345514287,11964.190570354462,986,893,30
Weight Lifting,greedy,FOLD-RM (fit),Precision_Gini_Impurity,0.8136645962732919,0.8512499721208696,11970.07810807228,994,895,30
Weight Lifting,greedy,FOLD-RM (fit),Precision_Gini_Impurity,0.8285714285714286,0.8570938715168944,11970.520167589188,983,882,30
Weight Lifting,greedy,FOLD-RM (fit),Precision_Gini_Impurity,0.8024844720496894,0.8502380771613665,11977.348463535309,969,897,30
Weight Lifting,greedy,FOLD-RM (fit),Precision_Gini_Impurity,0.8385093167701864,0.8561137769658386,11977.489107370377,987,924,30
Weight Lifting,greedy,FOLD-RM (fit),Precision_Gini_Impurity,0.8372670807453416,0.8641620263670808,11989.056171417236,977,914,30
Weight Lifting,greedy,FOLD-RM (fit),Precision_Gini_Impurity,0.8409937888198757,0.85795456546236,11996.600485086441,982,908,30
Weight Lifting,greedy,CON-FOLD (confidence_fit),original,1.0,0.9998863148889441,97.99151420593262,9,11,30
Weight Lifting,greedy,CON-FOLD (confidence_fit),original,0.991304347826087,0.9911005882534162,104.9835000038147,12,12,30
Weight Lifting,greedy,CON-FOLD (confidence_fit),original,0.9937888198757764,0.9937386306462112,106.01514291763306,12,12,30
Weight Lifting,greedy,CON-FOLD (confidence_fit),original,0.991304347826087,0.9911195090708075,106.56340479850769,12,12,30
Weight Lifting,greedy,CON-FOLD (confidence_fit),original,0.9962732919254659,0.9959838593355279,108.9302270412445,13,15,30
Weight Lifting,greedy,CON-FOLD (confidence_fit),original,0.9900621118012423,0.9901520895636025,114.02718305587769,13,13,30
Weight Lifting,greedy,CON-FOLD (confidence_fit),original,0.9950310559006211,0.994549156950559,116.32933592796326,10,13,30
Weight Lifting,greedy,CON-FOLD (confidence_fit),original,0.9925465838509316,0.9925157575522982,115.63610029220581,12,12,30
Weight Lifting,greedy,CON-FOLD (confidence_fit),original,0.9975155279503105,0.9971688370540372,117.87314414978027,13,14,30
Weight Lifting,greedy,CON-FOLD (confidence_fit),original,0.9950310559006211,0.9950356083296895,117.8406879901886,10,13,30
Weight Lifting,greedy,CON-FOLD (confidence_fit),original,0.9937888198757764,0.9938078045240994,117.7173182964325,13,14,30
Weight Lifting,greedy,CON-FOLD (confidence_fit),original,0.9925465838509316,0.9923070819293167,119.64026951789856,13,14,30
Weight Lifting,greedy,CON-FOLD (confidence_fit),original,0.9950310559006211,0.9947175366373914,122.17163681983948,13,14,30
Weight Lifting,greedy,CON-FOLD (confidence_fit),original,0.9937888198757764,0.9935560181834783,123.16452956199646,13,14,30
Weight Lifting,greedy,CON-FOLD (confidence_fit),original,0.9900621118012423,0.9898482336213665,122.70472168922424,12,12,30
Weight Lifting,greedy,CON-FOLD (confidence_fit),original,0.9850931677018634,0.9852175934959007,124.39665389060974,13,14,30
Weight Lifting,greedy,CON-FOLD (confidence_fit),original,0.9962732919254659,0.9960385329244721,126.84246730804443,11,14,30
Weight Lifting,greedy,CON-FOLD (confidence_fit),original,0.9900621118012423,0.9900245698941614,126.36399698257446,13,15,30
Weight Lifting,greedy,CON-FOLD (confidence_fit),original,0.986335403726708,0.9862180428609938,127.25199174880981,12,14,30
Weight Lifting,greedy,CON-FOLD (confidence_fit),original,0.9950310559006211,0.9949808424602484,127.3037760257721,13,14,30
Weight Lifting,greedy,CON-FOLD (confidence_fit),original,0.9950310559006211,0.9950252559440993,127.50299787521362,10,13,30
Weight Lifting,greedy,CON-FOLD (confidence_fit),original,0.9838509316770186,0.9842370490449688,129.16178011894226,13,14,30
Weight Lifting,greedy,CON-FOLD (confidence_fit),original,0.9925465838509316,0.9925358769957765,130.13577437400818,13,14,30
Weight Lifting,greedy,CON-FOLD (confidence_fit),original,0.991304347826087,0.9910957881935404,131.1950933933258,12,14,30
Weight Lifting,greedy,CON-FOLD (confidence_fit),original,0.9900621118012423,0.9900543870290683,131.2199103832245,12,12,30
Weight Lifting,greedy,CON-FOLD (confidence_fit),original,0.9888198757763975,0.9889168763190063,131.61563062667847,13,14,30
Weight Lifting,greedy,CON-FOLD (confidence_fit),original,0.9788819875776398,0.9790395189549068,132.0338261127472,12,15,30
Weight Lifting,greedy,CON-FOLD (confidence_fit),original,0.9937888198757764,0.9935228256450932,132.0411503314972,13,14,30
Weight Lifting,greedy,CON-FOLD (confidence_fit),original,0.986335403726708,0.9863358043720497,132.21814584732056,12,15,30
Weight Lifting,greedy,CON-FOLD (confidence_fit),original,0.991304347826087,0.9908280904781366,132.73139810562134,12,14,30
Weight Lifting,greedy,CON-FOLD (confidence_fit),information_gain,0.9142857142857143,0.9309968939414908,26.83249807357788,6,6,30
Weight Lifting,greedy,CON-FOLD (confidence_fit),information_gain,0.9428571428571428,0.9496744796739132,27.476379871368408,6,6,30
Weight Lifting,greedy,CON-FOLD (confidence_fit),information_gain,0.9316770186335404,0.9428230091567704,29.120726823806763,6,6,30
Weight Lifting,greedy,CON-FOLD (confidence_fit),information_gain,0.9204968944099379,0.9341879898787574,29.67172908782959,6,6,30
Weight Lifting,greedy,CON-FOLD (confidence_fit),information_gain,0.9217391304347826,0.935991754364969,29.81954050064087,6,6,30
Weight Lifting,greedy,CON-FOLD (confidence_fit),information_gain,1.0,0.999441073116149,30.270631313323975,12,11,30
Weight Lifting,greedy,CON-FOLD (confidence_fit),information_gain,0.9204968944099379,0.9344177857067085,30.80885887145996,6,6,30
Weight Lifting,greedy,CON-FOLD (confidence_fit),information_gain,0.9354037267080745,0.9452244968257145,30.907186031341553,6,6,30
Weight Lifting,greedy,CON-FOLD (confidence_fit),information_gain,1.0,0.9993799603093168,31.05400514602661,12,12,30
Weight Lifting,greedy,CON-FOLD (confidence_fit),information_gain,0.9987577639751553,0.9984541077785093,31.03367280960083,12,11,30
Weight Lifting,greedy,CON-FOLD (confidence_fit),information_gain,1.0,0.9992078246930435,31.29391074180603,12,11,30
Weight Lifting,greedy,CON-FOLD (confidence_fit),information_gain,0.937888198757764,0.9465520771919252,31.508082389831543,6,6,30
Weight Lifting,greedy,CON-FOLD (confidence_fit),information_gain,1.0,0.9998449577772671,31.802805185317993,12,11,30
Weight Lifting,greedy,CON-FOLD (confidence_fit),information_gain,0.9354037267080745,0.9451906082881988,31.894516468048096,6,6,30
Weight Lifting,greedy,CON-FOLD (confidence_fit),information_gain,0.9316770186335404,0.9427242010900617,32.02894330024719,6,6,30
Weight Lifting,greedy,CON-FOLD (confidence_fit),information_gain,0.9975155279503105,0.9973154654275777,32.528316020965576,12,12,30
Weight Lifting,greedy,CON-FOLD (confidence_fit),information_gain,1.0,0.9998024784239752,32.76442861557007,12,11,30
Weight Lifting,greedy,CON-FOLD (confidence_fit),information_gain,0.937888198757764,0.9471852572485715,33.21412467956543,6,6,30
Weight Lifting,greedy,CON-FOLD (confidence_fit),information_gain,0.9975155279503105,0.9972179460862112,33.78955578804016,12,11,30
Weight Lifting,greedy,CON-FOLD (confidence_fit),information_gain,0.9950310559006211,0.9951439683776397,34.08819532394409,12,12,30
Weight Lifting,greedy,CON-FOLD (confidence_fit),information_gain,0.9366459627329192,0.9462843816426083,34.418615102767944,6,6,30
Weight Lifting,greedy,CON-FOLD (confidence_fit),information_gain,0.9937888198757764,0.9954995261391304,34.619874238967896,11,11,30
Weight Lifting,greedy,CON-FOLD (confidence_fit),information_gain,0.9950310559006211,0.9949847152817392,34.97470569610596,11,12,30
Weight Lifting,greedy,CON-FOLD (confidence_fit),information_gain,0.9975155279503105,0.99738787608,35.46368908882141,11,12,30
Weight Lifting,greedy,CON-FOLD (confidence_fit),information_gain,0.9950310559006211,0.9949306531160248,35.04003119468689,12,12,30
Weight Lifting,greedy,CON-FOLD (confidence_fit),information_gain,0.9937888198757764,0.9933805044486957,35.60628032684326,11,12,30
Weight Lifting,greedy,CON-FOLD (confidence_fit),information_gain,0.9962732919254659,0.9960587295019876,35.61778664588928,11,12,30
Weight Lifting,greedy,CON-FOLD (confidence_fit),information_gain,0.9925465838509316,0.9921269023439753,35.78886413574219,12,14,30
Weight Lifting,greedy,CON-FOLD (confidence_fit),information_gain,0.9987577639751553,0.9984590733016149,35.81884741783142,11,12,30
Weight Lifting,greedy,CON-FOLD (confidence_fit),information_gain,0.9950310559006211,0.9949335168360248,35.90090560913086,11,12,30
Weight Lifting,greedy,CON-FOLD (confidence_fit),Gini_Impurity,0.0,0.75,36.66615271568298,0,0,30
Weight Lifting,greedy,CON-FOLD (confidence_fit),Gini_Impurity,0.0,0.75,37.18464279174805,0,0,30
Weight Lifting,greedy,CON-FOLD (confidence_fit),Gini_Impurity,0.0,0.75,37.593769550323486,0,0,30
Weight Lifting,greedy,CON-FOLD (confidence_fit),Gini_Impurity,0.0,0.75,44.98155450820923,1,3,30
Weight Lifting,greedy,CON-FOLD (confidence_fit),Gini_Impurity,0.0,0.75,44.9665470123291,0,0,30
Weight Lifting,greedy,CON-FOLD (confidence_fit),Gini_Impurity,0.0,0.75,46.46220016479492,1,3,30
Weight Lifting,greedy,CON-FOLD (confidence_fit),Gini_Impurity,0.0,0.75,47.214406967163086,0,0,30
Weight Lifting,greedy,CON-FOLD (confidence_fit),Gini_Impurity,0.0,0.75,50.96842288970947,0,0,30
Weight Lifting,greedy,CON-FOLD (confidence_fit),Gini_Impurity,0.0,0.75,51.61836314201355,0,0,30
Weight Lifting,greedy,CON-FOLD (confidence_fit),Gini_Impurity,0.0,0.75,57.50454258918762,2,5,30
Weight Lifting,greedy,CON-FOLD (confidence_fit),Gini_Impurity,0.0,0.75,60.342324018478394,0,0,30
Weight Lifting,greedy,CON-FOLD (confidence_fit),Gini_Impurity,0.002484472049689441,0.7501180124223603,62.280763387680054,1,3,30
Weight Lifting,greedy,CON-FOLD (confidence_fit),Gini_Impurity,0.0,0.75,67.4524245262146,0,0,30
Weight Lifting,greedy,CON-FOLD (confidence_fit),Gini_Impurity,0.0012422360248447205,0.7499937888198758,81.42965245246887,4,9,30
Weight Lifting,greedy,CON-FOLD (confidence_fit),Gini_Impurity,0.0012422360248447205,0.7500590062111802,81.47734236717224,4,9,30
Weight Lifting,greedy,CON-FOLD (confidence_fit),Gini_Impurity,0.0012422360248447205,0.7500590062111802,83.56332015991211,4,9,30
Weight Lifting,greedy,CON-FOLD (confidence_fit),Gini_Impurity,0.0012422360248447205,0.7500590062111802,83.5506112575531,4,9,30
Weight Lifting,greedy,CON-FOLD (confidence_fit),Gini_Impurity,0.0,0.75,83.56366086006165,3,7,30
Weight Lifting,greedy,CON-FOLD (confidence_fit),Gini_Impurity,0.0,0.75,84.01999592781067,3,7,30
Weight Lifting,greedy,CON-FOLD (confidence_fit),Gini_Impurity,0.0012422360248447205,0.7500590062111802,84.94352698326111,5,11,30
Weight Lifting,greedy,CON-FOLD (confidence_fit),Gini_Impurity,0.0012422360248447205,0.7500590062111802,88.37253665924072,5,11,30
Weight Lifting,greedy,CON-FOLD (confidence_fit),Gini_Impurity,0.0012422360248447205,0.7500590062111802,89.2645788192749,5,12,30
Weight Lifting,greedy,CON-FOLD (confidence_fit),Gini_Impurity,0.0,0.75,89.62209963798523,5,11,30
Weight Lifting,greedy,CON-FOLD (confidence_fit),Gini_Impurity,0.0,0.75,90.41056704521179,5,11,30
Weight Lifting,greedy,CON-FOLD (confidence_fit),Gini_Impurity,0.0,0.75,94.26360821723938,7,15,30
Weight Lifting,greedy,CON-FOLD (confidence_fit),Gini_Impurity,0.0012422360248447205,0.7500590062111802,94.61333703994751,6,13,30
Weight Lifting,greedy,CON-FOLD (confidence_fit),Gini_Impurity,0.0012422360248447205,0.7500590062111802,96.6953821182251,4,12,30
Weight Lifting,greedy,CON-FOLD (confidence_fit),Gini_Impurity,0.0037267080745341614,0.7501770186335404,98.84897899627686,8,19,30
Weight Lifting,greedy,CON-FOLD (confidence_fit),Gini_Impurity,0.004968944099378882,0.7502360248447205,99.78622126579285,8,18,30
Weight Lifting,greedy,CON-FOLD (confidence_fit),Gini_Impurity,0.0012422360248447205,0.7499937888198758,107.52555179595947,14,32,30
Weight Lifting,greedy,CON-FOLD (confidence_fit),Precision_Information_Gain,0.0,0.75,23.46242094039917,0,0,30
Weight Lifting,greedy,CON-FOLD (confidence_fit),Precision_Information_Gain,0.0,0.75,24.630404710769653,0,0,30
Weight Lifting,greedy,CON-FOLD (confidence_fit),Precision_Information_Gain,0.0,0.75,26.76149868965149,0,0,30
Weight Lifting,greedy,CON-FOLD (confidence_fit),Precision_Information_Gain,0.0,0.75,27.158815622329712,0,0,30
Weight Lifting,greedy,CON-FOLD (confidence_fit),Precision_Information_Gain,0.0,0.75,29.64194893836975,0,0,30
Weight Lifting,greedy,CON-FOLD (confidence_fit),Precision_Information_Gain,0.0,0.75,30.482481002807617,0,0,30
Weight Lifting,greedy,CON-FOLD (confidence_fit),Precision_Information_Gain,0.0,0.75,31.62772226333618,0,0,30
Weight Lifting,greedy,CON-FOLD (confidence_fit),Precision_Information_Gain,0.0,0.75,31.79417061805725,0,0,30
Weight Lifting,greedy,CON-FOLD (confidence_fit),Precision_Information_Gain,0.0,0.75,32.001808643341064,0,0,30
Weight Lifting,greedy,CON-FOLD (confidence_fit),Precision_Information_Gain,0.0,0.75,32.28461956977844,0,0,30
Weight Lifting,greedy,CON-FOLD (confidence_fit),Precision_Information_Gain,0.0,0.75,32.18619132041931,0,0,30
Weight Lifting,greedy,CON-FOLD (confidence_fit),Precision_Information_Gain,0.0,0.75,32.59900903701782,0,0,30
Weight Lifting,greedy,CON-FOLD (confidence_fit),Precision_Information_Gain,0.0,0.75,32.49159383773804,0,0,30
Weight Lifting,greedy,CON-FOLD (confidence_fit),Precision_Information_Gain,0.0,0.75,33.101744413375854,0,0,30
Weight Lifting,greedy,CON-FOLD (confidence_fit),Precision_Information_Gain,0.0,0.75,33.080435037612915,0,0,30
Weight Lifting,greedy,CON-FOLD (confidence_fit),Precision_Information_Gain,0.0,0.75,33.01843476295471,0,0,30
Weight Lifting,greedy,CON-FOLD (confidence_fit),Precision_Information_Gain,0.0,0.75,33.803415060043335,0,0,30
Weight Lifting,greedy,CON-FOLD (confidence_fit),Precision_Information_Gain,0.0,0.75,34.02388787269592,0,0,30
Weight Lifting,greedy,CON-FOLD (confidence_fit),Precision_Information_Gain,0.0,0.75,34.18761873245239,0,0,30
Weight Lifting,greedy,CON-FOLD (confidence_fit),Precision_Information_Gain,0.0,0.75,34.40309953689575,0,0,30
Weight Lifting,greedy,CON-FOLD (confidence_fit),Precision_Information_Gain,0.0,0.75,34.66082453727722,0,0,30
Weight Lifting,greedy,CON-FOLD (confidence_fit),Precision_Information_Gain,0.0,0.75,35.08087706565857,0,0,30
Weight Lifting,greedy,CON-FOLD (confidence_fit),Precision_Information_Gain,0.0,0.75,35.364402055740356,0,0,30
Weight Lifting,greedy,CON-FOLD (confidence_fit),Precision_Information_Gain,0.0,0.75,35.68359303474426,0,0,30
Weight Lifting,greedy,CON-FOLD (confidence_fit),Precision_Information_Gain,0.0,0.75,35.5075261592865,0,0,30
Weight Lifting,greedy,CON-FOLD (confidence_fit),Precision_Information_Gain,0.0,0.75,35.47929310798645,0,0,30
Weight Lifting,greedy,CON-FOLD (confidence_fit),Precision_Information_Gain,0.0,0.75,35.53236651420593,0,0,30
Weight Lifting,greedy,CON-FOLD (confidence_fit),Precision_Information_Gain,0.0,0.75,35.724711418151855,0,0,30
Weight Lifting,greedy,CON-FOLD (confidence_fit),Precision_Information_Gain,0.0,0.75,35.465763092041016,0,0,30
Weight Lifting,greedy,CON-FOLD (confidence_fit),Precision_Information_Gain,0.0,0.75,35.80740547180176,0,0,30
Weight Lifting,greedy,CON-FOLD (confidence_fit),Precision_Gini_Impurity,0.8298136645962733,0.8629967228838508,11617.86828494072,752,703,30
Weight Lifting,greedy,CON-FOLD (confidence_fit),Precision_Gini_Impurity,0.808695652173913,0.851702889879876,11673.685196399689,764,723,30
Weight Lifting,greedy,CON-FOLD (confidence_fit),Precision_Gini_Impurity,0.8111801242236025,0.8547714294663354,11861.995342969894,723,695,30
Weight Lifting,greedy,CON-FOLD (confidence_fit),Precision_Gini_Impurity,0.8136645962732919,0.8522886799293168,11932.160619974136,731,697,30
Weight Lifting,greedy,CON-FOLD (confidence_fit),Precision_Gini_Impurity,0.808695652173913,0.8531581900540375,11942.54392027855,747,712,30
Weight Lifting,greedy,CON-FOLD (confidence_fit),Precision_Gini_Impurity,0.8422360248447205,0.8649235579800001,11942.908856630325,764,734,30
Weight Lifting,greedy,CON-FOLD (confidence_fit),Precision_Gini_Impurity,0.8322981366459627,0.8582309408146584,11983.45101261139,718,676,30
Weight Lifting,greedy,CON-FOLD (confidence_fit),Precision_Gini_Impurity,0.808695652173913,0.8511616739819878,12052.276341438293,800,756,30
Weight Lifting,greedy,CON-FOLD (confidence_fit),Precision_Gini_Impurity,0.822360248447205,0.8530293319811177,12069.498344182968,776,742,30
Weight Lifting,greedy,CON-FOLD (confidence_fit),Precision_Gini_Impurity,0.8161490683229814,0.8560260210739131,12075.831928253174,766,726,30
Weight Lifting,greedy,CON-FOLD (confidence_fit),Precision_Gini_Impurity,0.8124223602484472,0.8546303553329193,12144.213904857635,770,714,30
Weight Lifting,greedy,CON-FOLD (confidence_fit),Precision_Gini_Impurity,0.7838509316770186,0.8399150503924223,12144.788621425629,768,705,30
Weight Lifting,greedy,CON-FOLD (confidence_fit),Precision_Gini_Impurity,0.8173913043478261,0.8608036416162732,12179.857601881027,744,712,30
Weight Lifting,greedy,CON-FOLD (confidence_fit),Precision_Gini_Impurity,0.7838509316770186,0.8444734925042238,12302.103179454803,805,743,30
Weight Lifting,greedy,CON-FOLD (confidence_fit),Precision_Gini_Impurity,0.8111801242236025,0.8516596973814907,12336.119996070862,744,715,30
Weight Lifting,greedy,CON-FOLD (confidence_fit),Precision_Gini_Impurity,0.8434782608695652,0.8644567272968944,12409.65017414093,771,725,30
Weight Lifting,greedy,CON-FOLD (confidence_fit),Precision_Gini_Impurity,0.8273291925465839,0.8511170659741614,12455.510689020157,768,738,30
Weight Lifting,greedy,CON-FOLD (confidence_fit),Precision_Gini_Impurity,0.8149068322981367,0.8629268945621118,13018.627863645554,736,719,30
Weight Lifting,greedy,CON-FOLD (confidence_fit),Precision_Gini_Impurity,0.8049689440993789,0.854736520020497,13189.357186555862,771,742,30
Weight Lifting,greedy,CON-FOLD (confidence_fit),Precision_Gini_Impurity,0.8360248447204969,0.862203352678385,13257.253257751465,793,725,30
Weight Lifting,greedy,CON-FOLD (confidence_fit),Precision_Gini_Impurity,0.8161490683229814,0.8513933267378884,13270.93328666687,760,711,30
Weight Lifting,greedy,CON-FOLD (confidence_fit),Precision_Gini_Impurity,0.8322981366459627,0.8563195388134164,13306.357760190964,720,690,30
Weight Lifting,greedy,CON-FOLD (confidence_fit),Precision_Gini_Impurity,0.84472049689441,0.8688296783770185,13382.593113422394,724,696,30
Weight Lifting,greedy,CON-FOLD (confidence_fit),Precision_Gini_Impurity,0.8385093167701864,0.8625136648741616,13384.88620519638,754,710,30
Weight Lifting,greedy,CON-FOLD (confidence_fit),Precision_Gini_Impurity,0.8583850931677018,0.8694731698731679,13412.78150844574,762,739,30
Weight Lifting,greedy,CON-FOLD (confidence_fit),Precision_Gini_Impurity,0.8248447204968944,0.8544653413494412,13418.502013206482,729,706,30
Weight Lifting,greedy,CON-FOLD (confidence_fit),Precision_Gini_Impurity,0.8298136645962733,0.8650609163427329,13426.540118217468,746,712,30
Weight Lifting,greedy,CON-FOLD (confidence_fit),Precision_Gini_Impurity,0.7925465838509317,0.8433564545921737,13432.659903049469,756,730,30
Weight Lifting,greedy,CON-FOLD (confidence_fit),Precision_Gini_Impurity,0.8273291925465839,0.8610835448072053,13435.552563428879,727,693,30
Weight Lifting,greedy,CON-FOLD (confidence_fit),Precision_Gini_Impurity,0.8211180124223603,0.8553169315760247,13450.431282281876,833,759,30
Weight Lifting,round_robin,FOLD-RM (fit),original,1.0,0.9996545408813665,136.21478748321533,10,11,30
Weight Lifting,round_robin,FOLD-RM (fit),original,0.9987577639751553,0.9986061649822361,137.46936869621277,9,10,30
Weight Lifting,round_robin,FOLD-RM (fit),original,0.9987577639751553,0.9986475426190062,139.91220593452454,10,11,30
Weight Lifting,round_robin,FOLD-RM (fit),original,0.9987577639751553,0.9985684359870808,139.46231889724731,11,12,30
Weight Lifting,round_robin,FOLD-RM (fit),original,1.0,0.9997802368314286,140.6157603263855,10,11,30
Weight Lifting,round_robin,FOLD-RM (fit),original,0.9975155279503105,0.9977106084604969,141.22254133224487,11,12,30
Weight Lifting,round_robin,FOLD-RM (fit),original,1.0,0.9995930881075776,142.95867204666138,10,12,30
Weight Lifting,round_robin,FOLD-RM (fit),original,0.9987577639751553,0.9985540198113043,143.53447651863098,10,12,30
Weight Lifting,round_robin,FOLD-RM (fit),original,1.0,0.9996815011613664,143.40509152412415,11,12,30
Weight Lifting,round_robin,FOLD-RM (fit),original,0.9987577639751553,0.9984811420842236,143.76844763755798,10,11,30
Weight Lifting,round_robin,FOLD-RM (fit),original,0.9987577639751553,0.9984937173437267,146.11145901679993,11,12,30
Weight Lifting,round_robin,FOLD-RM (fit),original,1.0,0.9995782848279503,145.0017569065094,10,12,30
Weight Lifting,round_robin,FOLD-RM (fit),original,0.9975155279503105,0.9980403963079503,147.6582863330841,10,11,30
Weight Lifting,round_robin,FOLD-RM (fit),original,0.9975155279503105,0.9971687528006211,148.2611198425293,9,10,30
Weight Lifting,round_robin,FOLD-RM (fit),original,1.0,0.9996077420922982,148.23926210403442,12,14,30
Weight Lifting,round_robin,FOLD-RM (fit),original,1.0,0.999598982137764,148.09549379348755,9,11,30
Weight Lifting,round_robin,FOLD-RM (fit),original,0.9962732919254659,0.9961303803091927,148.17661118507385,11,13,30
Weight Lifting,round_robin,FOLD-RM (fit),original,1.0,0.9997772133631055,149.17103242874146,11,12,30
Weight Lifting,round_robin,FOLD-RM (fit),original,1.0,0.9997881690950311,148.28728103637695,11,12,30
Weight Lifting,round_robin,FOLD-RM (fit),original,0.9987577639751553,0.9984411972213665,148.9219572544098,11,12,30
Weight Lifting,round_robin,FOLD-RM (fit),original,1.0,0.9998461999050932,149.03001880645752,11,12,30
Weight Lifting,round_robin,FOLD-RM (fit),original,0.9975155279503105,0.9972335658798758,150.3214123249054,11,13,30
Weight Lifting,round_robin,FOLD-RM (fit),original,0.9962732919254659,0.9961076476650932,150.22078227996826,11,12,30
Weight Lifting,round_robin,FOLD-RM (fit),original,0.9987577639751553,0.9985740923080745,150.3371992111206,11,12,30
Weight Lifting,round_robin,FOLD-RM (fit),original,0.9962732919254659,0.9961176677151553,149.34906792640686,11,12,30
Weight Lifting,round_robin,FOLD-RM (fit),original,1.0,0.9996672657013664,150.45267033576965,9,10,30
Weight Lifting,round_robin,FOLD-RM (fit),original,0.9975155279503105,0.9975761514765217,149.95069527626038,11,12,30
Weight Lifting,round_robin,FOLD-RM (fit),original,1.0,0.9997950418956522,151.28286623954773,11,12,30
Weight Lifting,round_robin,FOLD-RM (fit),original,0.9987577639751553,0.998616946570559,150.1547737121582,11,12,30
Weight Lifting,round_robin,FOLD-RM (fit),original,0.9975155279503105,0.997234862281118,151.37695026397705,13,14,30
Weight Lifting,round_robin,FOLD-RM (fit),information_gain,0.9279503105590062,0.9402725863141611,26.925098180770874,10,10,30
Weight Lifting,round_robin,FOLD-RM (fit),information_gain,0.9391304347826087,0.9482488354504346,27.095817804336548,10,10,30
Weight Lifting,round_robin,FOLD-RM (fit),information_gain,0.9416149068322981,0.9505869395701861,27.42495822906494,11,11,30
Weight Lifting,round_robin,FOLD-RM (fit),information_gain,0.9329192546583851,0.9440181186893172,28.684371948242188,11,11,30
Weight Lifting,round_robin,FOLD-RM (fit),information_gain,0.9217391304347826,0.9354823049966458,29.67268967628479,10,10,30
Weight Lifting,round_robin,FOLD-RM (fit),information_gain,0.9329192546583851,0.9436435725236028,30.331330060958862,11,11,30
Weight Lifting,round_robin,FOLD-RM (fit),information_gain,0.915527950310559,0.9328277120680745,30.66132926940918,10,10,30
Weight Lifting,round_robin,FOLD-RM (fit),information_gain,0.9416149068322981,0.9499928236141612,30.729016065597534,10,10,30
Weight Lifting,round_robin,FOLD-RM (fit),information_gain,0.9279503105590062,0.9400735675680746,30.980244874954224,11,11,30
Weight Lifting,round_robin,FOLD-RM (fit),information_gain,0.9267080745341615,0.9398391070616146,30.72512936592102,11,11,30
Weight Lifting,round_robin,FOLD-RM (fit),information_gain,0.937888198757764,0.9475365378754039,31.696479558944702,11,11,30
Weight Lifting,round_robin,FOLD-RM (fit),information_gain,0.9279503105590062,0.9404159795600001,32.27003335952759,11,11,30
Weight Lifting,round_robin,FOLD-RM (fit),information_gain,0.9279503105590062,0.9403939973562734,33.26062345504761,11,11,30
Weight Lifting,round_robin,FOLD-RM (fit),information_gain,0.9987577639751553,0.9982776089604969,33.65977239608765,13,13,30
Weight Lifting,round_robin,FOLD-RM (fit),information_gain,0.9130434782608695,0.9298222873768947,33.62784171104431,11,11,30
Weight Lifting,round_robin,FOLD-RM (fit),information_gain,0.9975155279503105,0.9979653567782608,34.669742822647095,12,12,30
Weight Lifting,round_robin,FOLD-RM (fit),information_gain,0.9341614906832298,0.9443611896880751,34.559246301651,11,11,30
Weight Lifting,round_robin,FOLD-RM (fit),information_gain,1.0,0.9999044534253416,34.88550853729248,13,13,30
Weight Lifting,round_robin,FOLD-RM (fit),information_gain,0.9229813664596274,0.9369336777932916,35.317453145980835,11,11,30
Weight Lifting,round_robin,FOLD-RM (fit),information_gain,0.9962732919254659,0.9968155714104348,35.45118045806885,12,12,30
Weight Lifting,round_robin,FOLD-RM (fit),information_gain,0.9937888198757764,0.9941985285852174,36.40463948249817,13,13,30
Weight Lifting,round_robin,FOLD-RM (fit),information_gain,0.9987577639751553,0.9980972605141615,36.97262620925903,14,14,30
Weight Lifting,round_robin,FOLD-RM (fit),information_gain,1.0,0.9998221569268323,36.68299913406372,13,13,30
Weight Lifting,round_robin,FOLD-RM (fit),information_gain,0.9987577639751553,0.9981744537236025,36.79899001121521,13,13,30
Weight Lifting,round_robin,FOLD-RM (fit),information_gain,0.9937888198757764,0.9935950032460868,37.060495138168335,12,12,30
Weight Lifting,round_robin,FOLD-RM (fit),information_gain,1.0,0.9995725203826087,37.21779942512512,13,13,30
Weight Lifting,round_robin,FOLD-RM (fit),information_gain,0.9987577639751553,0.9977474439570186,37.1268093585968,13,13,30
Weight Lifting,round_robin,FOLD-RM (fit),information_gain,0.9987577639751553,0.998413457811677,37.74633836746216,15,15,30
Weight Lifting,round_robin,FOLD-RM (fit),information_gain,0.9987577639751553,0.9991301146518012,37.75768494606018,15,15,30
Weight Lifting,round_robin,FOLD-RM (fit),information_gain,0.9975155279503105,0.9971233720955279,37.67573285102844,13,13,30
Weight Lifting,round_robin,FOLD-RM (fit),Gini_Impurity,0.0,0.75,55.17152786254883,0,0,30
Weight Lifting,round_robin,FOLD-RM (fit),Gini_Impurity,0.0,0.75,56.81067728996277,0,0,30
Weight Lifting,round_robin,FOLD-RM (fit),Gini_Impurity,0.0,0.75,58.488982915878296,0,0,30
Weight Lifting,round_robin,FOLD-RM (fit),Gini_Impurity,0.0,0.75,58.73288822174072,0,0,30
Weight Lifting,round_robin,FOLD-RM (fit),Gini_Impurity,0.0,0.75,58.56104803085327,0,0,30
Weight Lifting,round_robin,FOLD-RM (fit),Gini_Impurity,0.0,0.75,59.282278537750244,0,0,30
Weight Lifting,round_robin,FOLD-RM (fit),Gini_Impurity,0.0,0.75,59.6729838848114,0,0,30
Weight Lifting,round_robin,FOLD-RM (fit),Gini_Impurity,0.0,0.75,59.21780705451965,0,0,30
Weight Lifting,round_robin,FOLD-RM (fit),Gini_Impurity,0.0,0.75,60.452282667160034,0,0,30
Weight Lifting,round_robin,FOLD-RM (fit),Gini_Impurity,0.0,0.75,60.784059286117554,0,0,30
Weight Lifting,round_robin,FOLD-RM (fit),Gini_Impurity,0.0,0.75,61.338072538375854,0,0,30
Weight Lifting,round_robin,FOLD-RM (fit),Gini_Impurity,0.0,0.75,61.34098768234253,0,0,30
Weight Lifting,round_robin,FOLD-RM (fit),Gini_Impurity,0.0,0.75,61.82236385345459,0,0,30
Weight Lifting,round_robin,FOLD-RM (fit),Gini_Impurity,0.0,0.75,62.187211751937866,0,0,30
Weight Lifting,round_robin,FOLD-RM (fit),Gini_Impurity,0.0,0.75,62.320924520492554,0,0,30
Weight Lifting,round_robin,FOLD-RM (fit),Gini_Impurity,0.0,0.75,62.5295524597168,0,0,30
Weight Lifting,round_robin,FOLD-RM (fit),Gini_Impurity,0.0,0.75,62.8435435295105,0,0,30
Weight Lifting,round_robin,FOLD-RM (fit),Gini_Impurity,0.0,0.75,62.95555663108826,0,0,30
Weight Lifting,round_robin,FOLD-RM (fit),Gini_Impurity,0.0,0.75,63.441914319992065,0,0,30
Weight Lifting,round_robin,FOLD-RM (fit),Gini_Impurity,0.0,0.75,63.529043436050415,0,0,30
Weight Lifting,round_robin,FOLD-RM (fit),Gini_Impurity,0.0,0.75,64.45363855361938,0,0,30
Weight Lifting,round_robin,FOLD-RM (fit),Gini_Impurity,0.0,0.75,64.87977027893066,0,0,30
Weight Lifting,round_robin,FOLD-RM (fit),Gini_Impurity,0.0,0.75,65.01318550109863,0,0,30
Weight Lifting,round_robin,FOLD-RM (fit),Gini_Impurity,0.0,0.75,65.40918922424316,0,0,30
Weight Lifting,round_robin,FOLD-RM (fit),Gini_Impurity,0.0,0.75,69.21572637557983,0,0,30
Weight Lifting,round_robin,FOLD-RM (fit),Gini_Impurity,0.0,0.75,70.05907249450684,0,0,30
Weight Lifting,round_robin,FOLD-RM (fit),Gini_Impurity,0.0,0.75,70.05149483680725,0,0,30
Weight Lifting,round_robin,FOLD-RM (fit),Gini_Impurity,0.0,0.75,70.01698756217957,0,0,30
Weight Lifting,round_robin,FOLD-RM (fit),Gini_Impurity,0.0,0.75,70.06797051429749,0,0,30
Weight Lifting,round_robin,FOLD-RM (fit),Gini_Impurity,0.0,0.75,70.51691555976868,0,0,30
Weight Lifting,round_robin,FOLD-RM (fit),Precision_Information_Gain,0.0,0.75,23.51447558403015,0,0,30
Weight Lifting,round_robin,FOLD-RM (fit),Precision_Information_Gain,0.0,0.75,24.796379804611206,0,0,30
Weight Lifting,round_robin,FOLD-RM (fit),Precision_Information_Gain,0.0,0.75,26.775312900543213,0,0,30
Weight Lifting,round_robin,FOLD-RM (fit),Precision_Information_Gain,0.0,0.75,27.327864170074463,0,0,30
Weight Lifting,round_robin,FOLD-RM (fit),Precision_Information_Gain,0.0,0.75,27.747995138168335,0,0,30
Weight Lifting,round_robin,FOLD-RM (fit),Precision_Information_Gain,0.0,0.75,27.64575505256653,0,0,30
Weight Lifting,round_robin,FOLD-RM (fit),Precision_Information_Gain,0.0,0.75,27.742768049240112,0,0,30
Weight Lifting,round_robin,FOLD-RM (fit),Precision_Information_Gain,0.0,0.75,27.938552618026733,0,0,30
Weight Lifting,round_robin,FOLD-RM (fit),Precision_Information_Gain,0.0,0.75,28.054847955703735,0,0,30
Weight Lifting,round_robin,FOLD-RM (fit),Precision_Information_Gain,0.0,0.75,28.468093395233154,0,0,30
Weight Lifting,round_robin,FOLD-RM (fit),Precision_Information_Gain,0.0,0.75,28.778993368148804,0,0,30
Weight Lifting,round_robin,FOLD-RM (fit),Precision_Information_Gain,0.0,0.75,28.46939444541931,0,0,30
Weight Lifting,round_robin,FOLD-RM (fit),Precision_Information_Gain,0.0,0.75,28.906911611557007,0,0,30
Weight Lifting,round_robin,FOLD-RM (fit),Precision_Information_Gain,0.0,0.75,29.24434471130371,0,0,30
Weight Lifting,round_robin,FOLD-RM (fit),Precision_Information_Gain,0.0,0.75,29.29021692276001,0,0,30
Weight Lifting,round_robin,FOLD-RM (fit),Precision_Information_Gain,0.0,0.75,29.04181218147278,0,0,30
Weight Lifting,round_robin,FOLD-RM (fit),Precision_Information_Gain,0.0,0.75,29.260706424713135,0,0,30
Weight Lifting,round_robin,FOLD-RM (fit),Precision_Information_Gain,0.0,0.75,29.247315168380737,0,0,30
Weight Lifting,round_robin,FOLD-RM (fit),Precision_Information_Gain,0.0,0.75,29.44837474822998,0,0,30
Weight Lifting,round_robin,FOLD-RM (fit),Precision_Information_Gain,0.0,0.75,29.406381607055664,0,0,30
Weight Lifting,round_robin,FOLD-RM (fit),Precision_Information_Gain,0.0,0.75,29.356111764907837,0,0,30
Weight Lifting,round_robin,FOLD-RM (fit),Precision_Information_Gain,0.0,0.75,29.30316662788391,0,0,30
Weight Lifting,round_robin,FOLD-RM (fit),Precision_Information_Gain,0.0,0.75,29.72233772277832,0,0,30
Weight Lifting,round_robin,FOLD-RM (fit),Precision_Information_Gain,0.0,0.75,29.437066555023193,0,0,30
Weight Lifting,round_robin,FOLD-RM (fit),Precision_Information_Gain,0.0,0.75,29.869460821151733,0,0,30
Weight Lifting,round_robin,FOLD-RM (fit),Precision_Information_Gain,0.0,0.75,29.833019971847534,0,0,30
Weight Lifting,round_robin,FOLD-RM (fit),Precision_Information_Gain,0.0,0.75,29.963814735412598,0,0,30
Weight Lifting,round_robin,FOLD-RM (fit),Precision_Information_Gain,0.0,0.75,29.795480012893677,0,0,30
Weight Lifting,round_robin,FOLD-RM (fit),Precision_Information_Gain,0.0,0.75,29.838546752929688,0,0,30
Weight Lifting,round_robin,FOLD-RM (fit),Precision_Information_Gain,0.0,0.75,30.110419273376465,0,0,30
Weight Lifting,round_robin,FOLD-RM (fit),Precision_Gini_Impurity,0.02360248447204969,0.7541646990652173,700.338032245636,44,51,30
Weight Lifting,round_robin,FOLD-RM (fit),Precision_Gini_Impurity,0.024844720496894408,0.7535222624299379,888.4846305847168,50,59,30
Weight Lifting,round_robin,FOLD-RM (fit),Precision_Gini_Impurity,0.02236024844720497,0.7527731487118012,906.4112420082092,47,53,30
Weight Lifting,round_robin,FOLD-RM (fit),Precision_Gini_Impurity,0.043478260869565216,0.7558354226401243,928.3341822624207,51,57,30
Weight Lifting,round_robin,FOLD-RM (fit),Precision_Gini_Impurity,0.03229813664596273,0.7549038117813665,1021.2770471572876,46,53,30
Weight Lifting,round_robin,FOLD-RM (fit),Precision_Gini_Impurity,0.01987577639751553,0.7523680329926709,1102.8456971645355,56,61,30
Weight Lifting,round_robin,FOLD-RM (fit),Precision_Gini_Impurity,0.034782608695652174,0.7529613604320498,1118.3659677505493,59,69,30
Weight Lifting,round_robin,FOLD-RM (fit),Precision_Gini_Impurity,0.024844720496894408,0.7516988500473292,1303.3677353858948,60,71,30
Weight Lifting,round_robin,FOLD-RM (fit),Precision_Gini_Impurity,0.034782608695652174,0.7543786099073293,1556.149531364441,84,100,30
Weight Lifting,round_robin,FOLD-RM (fit),Precision_Gini_Impurity,0.07453416149068323,0.7604990997454659,1641.7710721492767,94,109,30
Weight Lifting,round_robin,FOLD-RM (fit),Precision_Gini_Impurity,0.07453416149068323,0.7610092220787578,1719.5851392745972,95,110,30
Weight Lifting,round_robin,FOLD-RM (fit),Precision_Gini_Impurity,0.062111801242236024,0.7597186657340372,1765.5094542503357,90,111,30
Weight Lifting,round_robin,FOLD-RM (fit),Precision_Gini_Impurity,0.08695652173913043,0.7615148596278261,1893.407269001007,113,133,30
Weight Lifting,round_robin,FOLD-RM (fit),Precision_Gini_Impurity,0.062111801242236024,0.7582511339845963,1893.4550528526306,108,121,30
Weight Lifting,round_robin,FOLD-RM (fit),Precision_Gini_Impurity,0.0670807453416149,0.7558966815168945,1916.6327538490295,89,104,30
Weight Lifting,round_robin,FOLD-RM (fit),Precision_Gini_Impurity,0.07950310559006211,0.7618468233232298,1927.3823475837708,119,135,30
Weight Lifting,round_robin,FOLD-RM (fit),Precision_Gini_Impurity,0.08322981366459627,0.7620290946698137,2083.2084155082703,132,156,30
Weight Lifting,round_robin,FOLD-RM (fit),Precision_Gini_Impurity,0.07950310559006211,0.760084427958882,2084.142367362976,116,136,30
Weight Lifting,round_robin,FOLD-RM (fit),Precision_Gini_Impurity,0.1453416149068323,0.7752142348788819,2106.1618003845215,157,170,30
Weight Lifting,round_robin,FOLD-RM (fit),Precision_Gini_Impurity,0.08322981366459627,0.762041838663851,2132.406602859497,132,151,30
Weight Lifting,round_robin,FOLD-RM (fit),Precision_Gini_Impurity,0.0782608695652174,0.7587153489862112,2149.046942949295,126,149,30
Weight Lifting,round_robin,FOLD-RM (fit),Precision_Gini_Impurity,0.07329192546583851,0.7577649003539131,2181.071506023407,127,154,30
Weight Lifting,round_robin,FOLD-RM (fit),Precision_Gini_Impurity,0.0968944099378882,0.7606848136821118,2199.926636695862,139,160,30
Weight Lifting,round_robin,FOLD-RM (fit),Precision_Gini_Impurity,0.15031055900621118,0.7747405414890682,2235.581812620163,191,206,30
Weight Lifting,round_robin,FOLD-RM (fit),Precision_Gini_Impurity,0.13167701863354037,0.771685000539379,2246.542098045349,193,211,30
Weight Lifting,round_robin,FOLD-RM (fit),Precision_Gini_Impurity,0.11925465838509317,0.7711835952452175,2262.471958398819,202,228,30
Weight Lifting,round_robin,FOLD-RM (fit),Precision_Gini_Impurity,0.12919254658385093,0.7720152359674535,2265.8150560855865,162,186,30
Weight Lifting,round_robin,FOLD-RM (fit),Precision_Gini_Impurity,0.15403726708074533,0.7750116516166459,2297.324733734131,183,207,30
Weight Lifting,round_robin,FOLD-RM (fit),Precision_Gini_Impurity,0.11428571428571428,0.7692078630792547,2300.1584758758545,163,186,30
Weight Lifting,round_robin,FOLD-RM (fit),Precision_Gini_Impurity,0.13664596273291926,0.7710225287178881,2301.2087473869324,204,228,30
Weight Lifting,round_robin,CON-FOLD (confidence_fit),original,0.9962732919254659,0.9962388305681987,138.70986008644104,8,10,30
Weight Lifting,round_robin,CON-FOLD (confidence_fit),original,0.9962732919254659,0.99618831462559,139.180584192276,8,9,30
Weight Lifting,round_robin,CON-FOLD (confidence_fit),original,0.9937888198757764,0.9937654244731677,139.27870631217957,8,9,30
Weight Lifting,round_robin,CON-FOLD (confidence_fit),original,0.9975155279503105,0.99740928556,141.88413786888123,8,9,30
Weight Lifting,round_robin,CON-FOLD (confidence_fit),original,0.9962732919254659,0.9961830508013665,142.40176916122437,8,9,30
Weight Lifting,round_robin,CON-FOLD (confidence_fit),original,0.9937888198757764,0.9936048264894409,144.36865162849426,9,10,30
Weight Lifting,round_robin,CON-FOLD (confidence_fit),original,0.9987577639751553,0.9985796854064596,146.08999729156494,8,10,30
Weight Lifting,round_robin,CON-FOLD (confidence_fit),original,0.9925465838509316,0.9933604278898137,146.0150375366211,8,9,30
Weight Lifting,round_robin,CON-FOLD (confidence_fit),original,0.9975155279503105,0.9970744501529193,146.27298378944397,10,11,30
Weight Lifting,round_robin,CON-FOLD (confidence_fit),original,0.991304347826087,0.9912955475367702,148.26590633392334,9,10,30
Weight Lifting,round_robin,CON-FOLD (confidence_fit),original,0.9962732919254659,0.9961741208052173,148.18311405181885,8,9,30
Weight Lifting,round_robin,CON-FOLD (confidence_fit),original,0.9813664596273292,0.9816620706324224,149.4558093547821,9,10,30
Weight Lifting,round_robin,CON-FOLD (confidence_fit),original,0.9987577639751553,0.9986621191826087,150.62119460105896,8,9,30
Weight Lifting,round_robin,CON-FOLD (confidence_fit),original,0.9987577639751553,0.998158805822236,150.3083086013794,8,9,30
Weight Lifting,round_robin,CON-FOLD (confidence_fit),original,0.986335403726708,0.9864942955391305,151.8228724002838,9,10,30
Weight Lifting,round_robin,CON-FOLD (confidence_fit),original,0.9975155279503105,0.9974266177034783,152.23225140571594,8,9,30
Weight Lifting,round_robin,CON-FOLD (confidence_fit),original,0.9925465838509316,0.9926106248156522,153.48032355308533,9,10,30
Weight Lifting,round_robin,CON-FOLD (confidence_fit),original,0.9975155279503105,0.9973573757501863,153.4118733406067,8,9,30
Weight Lifting,round_robin,CON-FOLD (confidence_fit),original,0.9925465838509316,0.9938659530706833,152.78368544578552,10,11,30
Weight Lifting,round_robin,CON-FOLD (confidence_fit),original,0.9900621118012423,0.9899362345896895,153.17892408370972,9,10,30
Weight Lifting,round_robin,CON-FOLD (confidence_fit),original,0.9975155279503105,0.9974456891845963,154.93015551567078,8,9,30
Weight Lifting,round_robin,CON-FOLD (confidence_fit),original,0.9950310559006211,0.994731052297764,155.0753321647644,8,9,30
Weight Lifting,round_robin,CON-FOLD (confidence_fit),original,0.9850931677018634,0.9861071587551551,157.7799689769745,8,9,30
Weight Lifting,round_robin,CON-FOLD (confidence_fit),original,0.9763975155279503,0.9775230033048447,157.0021698474884,8,9,30
Weight Lifting,round_robin,CON-FOLD (confidence_fit),original,0.9875776397515528,0.9876592766670806,157.01607728004456,9,10,30
Weight Lifting,round_robin,CON-FOLD (confidence_fit),original,0.9962732919254659,0.9958471781406211,157.9486904144287,10,11,30
Weight Lifting,round_robin,CON-FOLD (confidence_fit),original,0.991304347826087,0.991308652073913,157.86451601982117,10,11,30
Weight Lifting,round_robin,CON-FOLD (confidence_fit),original,0.9962732919254659,0.9959854600736646,159.73866653442383,8,9,30
Weight Lifting,round_robin,CON-FOLD (confidence_fit),original,0.9975155279503105,0.9966051571267082,159.14057278633118,8,10,30
Weight Lifting,round_robin,CON-FOLD (confidence_fit),original,0.9763975155279503,0.9777783234009937,160.6217658519745,9,11,30
Weight Lifting,round_robin,CON-FOLD (confidence_fit),information_gain,0.9416149068322981,0.9496612180395031,26.05667281150818,7,7,30
Weight Lifting,round_robin,CON-FOLD (confidence_fit),information_gain,0.9304347826086956,0.9428711184981365,26.123245000839233,7,7,30
Weight Lifting,round_robin,CON-FOLD (confidence_fit),information_gain,0.9403726708074535,0.9482757583490685,26.02776050567627,7,7,30
Weight Lifting,round_robin,CON-FOLD (confidence_fit),information_gain,0.9366459627329192,0.9458299838444716,26.890189170837402,7,7,30
Weight Lifting,round_robin,CON-FOLD (confidence_fit),information_gain,0.929192546583851,0.9410277672886955,26.94922184944153,7,7,30
Weight Lifting,round_robin,CON-FOLD (confidence_fit),information_gain,0.9478260869565217,0.9543125600700622,27.14870309829712,7,7,30
Weight Lifting,round_robin,CON-FOLD (confidence_fit),information_gain,0.929192546583851,0.9422692658301869,27.27443289756775,7,7,30
Weight Lifting,round_robin,CON-FOLD (confidence_fit),information_gain,0.9416149068322981,0.9494350387582613,27.634401082992554,7,7,30
Weight Lifting,round_robin,CON-FOLD (confidence_fit),information_gain,0.9341614906832298,0.9449362308135404,28.66490912437439,7,7,30
Weight Lifting,round_robin,CON-FOLD (confidence_fit),information_gain,0.9267080745341615,0.9400299727961493,29.1685733795166,7,7,30
Weight Lifting,round_robin,CON-FOLD (confidence_fit),information_gain,0.9354037267080745,0.9454287015673292,29.657090425491333,7,7,30
Weight Lifting,round_robin,CON-FOLD (confidence_fit),information_gain,0.9440993788819876,0.9515464174963977,31.124880075454712,7,7,30
Weight Lifting,round_robin,CON-FOLD (confidence_fit),information_gain,0.9354037267080745,0.945588633260124,30.649098873138428,7,7,30
Weight Lifting,round_robin,CON-FOLD (confidence_fit),information_gain,0.9403726708074535,0.9500170768542857,31.071107387542725,7,7,30
Weight Lifting,round_robin,CON-FOLD (confidence_fit),information_gain,0.9341614906832298,0.9437841451330434,31.392730712890625,7,7,30
Weight Lifting,round_robin,CON-FOLD (confidence_fit),information_gain,0.9229813664596274,0.9370260051699386,32.49180603027344,7,7,30
Weight Lifting,round_robin,CON-FOLD (confidence_fit),information_gain,0.9229813664596274,0.9373574279618634,32.68069791793823,7,7,30
Weight Lifting,round_robin,CON-FOLD (confidence_fit),information_gain,0.9950310559006211,0.9944357143614907,33.55115628242493,10,10,30
Weight Lifting,round_robin,CON-FOLD (confidence_fit),information_gain,0.9925465838509316,0.9925193633284473,33.42168998718262,10,10,30
Weight Lifting,round_robin,CON-FOLD (confidence_fit),information_gain,0.9962732919254659,0.9955524134613665,33.90938711166382,10,10,30
Weight Lifting,round_robin,CON-FOLD (confidence_fit),information_gain,0.9962732919254659,0.9954821628736645,33.70657014846802,10,10,30
Weight Lifting,round_robin,CON-FOLD (confidence_fit),information_gain,0.9975155279503105,0.9973073184932919,34.1028573513031,11,11,30
Weight Lifting,round_robin,CON-FOLD (confidence_fit),information_gain,0.9962732919254659,0.9953351421680745,34.260985374450684,11,11,30
Weight Lifting,round_robin,CON-FOLD (confidence_fit),information_gain,0.9987577639751553,0.9985007613911802,34.808170318603516,10,10,30
Weight Lifting,round_robin,CON-FOLD (confidence_fit),information_gain,0.991304347826087,0.9918212580783851,35.12028193473816,11,11,30
Weight Lifting,round_robin,CON-FOLD (confidence_fit),information_gain,0.9962732919254659,0.9957188912202485,34.953264474868774,12,12,30
Weight Lifting,round_robin,CON-FOLD (confidence_fit),information_gain,0.9875776397515528,0.9874405715813664,35.28138470649719,11,11,30
Weight Lifting,round_robin,CON-FOLD (confidence_fit),information_gain,0.9900621118012423,0.9911162204160249,35.04985737800598,12,12,30
Weight Lifting,round_robin,CON-FOLD (confidence_fit),information_gain,0.9937888198757764,0.9935366750690684,35.51127243041992,12,12,30
Weight Lifting,round_robin,CON-FOLD (confidence_fit),information_gain,0.9950310559006211,0.9948043919252174,35.34895873069763,12,12,30
Weight Lifting,round_robin,CON-FOLD (confidence_fit),Gini_Impurity,0.0,0.75,60.71836543083191,0,0,30
Weight Lifting,round_robin,CON-FOLD (confidence_fit),Gini_Impurity,0.0,0.75,61.57475209236145,0,0,30
Weight Lifting,round_robin,CON-FOLD (confidence_fit),Gini_Impurity,0.0,0.75,61.87597870826721,0,0,30
Weight Lifting,round_robin,CON-FOLD (confidence_fit),Gini_Impurity,0.0,0.75,61.97468018531799,0,0,30
Weight Lifting,round_robin,CON-FOLD (confidence_fit),Gini_Impurity,0.0,0.75,62.21597862243652,0,0,30
Weight Lifting,round_robin,CON-FOLD (confidence_fit),Gini_Impurity,0.0,0.75,63.226080894470215,0,0,30
Weight Lifting,round_robin,CON-FOLD (confidence_fit),Gini_Impurity,0.0,0.75,63.253979206085205,0,0,30
Weight Lifting,round_robin,CON-FOLD (confidence_fit),Gini_Impurity,0.0,0.75,63.76309609413147,0,0,30
Weight Lifting,round_robin,CON-FOLD (confidence_fit),Gini_Impurity,0.0,0.75,63.83133578300476,0,0,30
Weight Lifting,round_robin,CON-FOLD (confidence_fit),Gini_Impurity,0.0,0.75,63.85654544830322,0,0,30
Weight Lifting,round_robin,CON-FOLD (confidence_fit),Gini_Impurity,0.0,0.75,64.20748543739319,0,0,30
Weight Lifting,round_robin,CON-FOLD (confidence_fit),Gini_Impurity,0.0,0.75,64.5324559211731,0,0,30
Weight Lifting,round_robin,CON-FOLD (confidence_fit),Gini_Impurity,0.0,0.75,64.94585132598877,0,0,30
Weight Lifting,round_robin,CON-FOLD (confidence_fit),Gini_Impurity,0.0,0.75,65.0494499206543,0,0,30
Weight Lifting,round_robin,CON-FOLD (confidence_fit),Gini_Impurity,0.0,0.75,65.20219373703003,0,0,30
Weight Lifting,round_robin,CON-FOLD (confidence_fit),Gini_Impurity,0.0,0.75,65.47361063957214,0,0,30
Weight Lifting,round_robin,CON-FOLD (confidence_fit),Gini_Impurity,0.0,0.75,65.52103734016418,0,0,30
Weight Lifting,round_robin,CON-FOLD (confidence_fit),Gini_Impurity,0.0,0.75,65.58421421051025,0,0,30
Weight Lifting,round_robin,CON-FOLD (confidence_fit),Gini_Impurity,0.0,0.75,66.03825950622559,0,0,30
Weight Lifting,round_robin,CON-FOLD (confidence_fit),Gini_Impurity,0.0,0.75,65.66881513595581,0,0,30
Weight Lifting,round_robin,CON-FOLD (confidence_fit),Gini_Impurity,0.0,0.75,65.7229380607605,0,0,30
Weight Lifting,round_robin,CON-FOLD (confidence_fit),Gini_Impurity,0.0,0.75,65.95334315299988,0,0,30
Weight Lifting,round_robin,CON-FOLD (confidence_fit),Gini_Impurity,0.0,0.75,65.95775985717773,0,0,30
Weight Lifting,round_robin,CON-FOLD (confidence_fit),Gini_Impurity,0.0,0.75,66.25844287872314,0,0,30
Weight Lifting,round_robin,CON-FOLD (confidence_fit),Gini_Impurity,0.0,0.75,66.88139700889587,0,0,30
Weight Lifting,round_robin,CON-FOLD (confidence_fit),Gini_Impurity,0.0,0.75,66.65063047409058,0,0,30
Weight Lifting,round_robin,CON-FOLD (confidence_fit),Gini_Impurity,0.0,0.75,67.41899967193604,0,0,30
Weight Lifting,round_robin,CON-FOLD (confidence_fit),Gini_Impurity,0.0,0.75,69.30176901817322,0,0,30
Weight Lifting,round_robin,CON-FOLD (confidence_fit),Gini_Impurity,0.0,0.75,69.2638931274414,0,0,30
Weight Lifting,round_robin,CON-FOLD (confidence_fit),Gini_Impurity,0.0,0.75,69.3755509853363,0,0,30
Weight Lifting,round_robin,CON-FOLD (confidence_fit),Precision_Information_Gain,0.0,0.75,24.532260179519653,0,0,30
Weight Lifting,round_robin,CON-FOLD (confidence_fit),Precision_Information_Gain,0.0,0.75,25.2380268573761,0,0,30
Weight Lifting,round_robin,CON-FOLD (confidence_fit),Precision_Information_Gain,0.0,0.75,25.697917699813843,0,0,30
Weight Lifting,round_robin,CON-FOLD (confidence_fit),Precision_Information_Gain,0.0,0.75,26.415299892425537,0,0,30
Weight Lifting,round_robin,CON-FOLD (confidence_fit),Precision_Information_Gain,0.0,0.75,27.09288716316223,0,0,30
Weight Lifting,round_robin,CON-FOLD (confidence_fit),Precision_Information_Gain,0.0,0.75,27.105257511138916,0,0,30
Weight Lifting,round_robin,CON-FOLD (confidence_fit),Precision_Information_Gain,0.0,0.75,27.412537574768066,0,0,30
Weight Lifting,round_robin,CON-FOLD (confidence_fit),Precision_Information_Gain,0.0,0.75,27.467224836349487,0,0,30
Weight Lifting,round_robin,CON-FOLD (confidence_fit),Precision_Information_Gain,0.0,0.75,27.566065549850464,0,0,30
Weight Lifting,round_robin,CON-FOLD (confidence_fit),Precision_Information_Gain,0.0,0.75,27.71634531021118,0,0,30
Weight Lifting,round_robin,CON-FOLD (confidence_fit),Precision_Information_Gain,0.0,0.75,27.73514723777771,0,0,30
Weight Lifting,round_robin,CON-FOLD (confidence_fit),Precision_Information_Gain,0.0,0.75,28.48655366897583,0,0,30
Weight Lifting,round_robin,CON-FOLD (confidence_fit),Precision_Information_Gain,0.0,0.75,28.367778778076172,0,0,30
Weight Lifting,round_robin,CON-FOLD (confidence_fit),Precision_Information_Gain,0.0,0.75,28.699046850204468,0,0,30
Weight Lifting,round_robin,CON-FOLD (confidence_fit),Precision_Information_Gain,0.0,0.75,28.44633650779724,0,0,30
Weight Lifting,round_robin,CON-FOLD (confidence_fit),Precision_Information_Gain,0.0,0.75,28.881957292556763,0,0,30
Weight Lifting,round_robin,CON-FOLD (confidence_fit),Precision_Information_Gain,0.0,0.75,28.88312077522278,0,0,30
Weight Lifting,round_robin,CON-FOLD (confidence_fit),Precision_Information_Gain,0.0,0.75,29.072223663330078,0,0,30
Weight Lifting,round_robin,CON-FOLD (confidence_fit),Precision_Information_Gain,0.0,0.75,28.78364658355713,0,0,30
Weight Lifting,round_robin,CON-FOLD (confidence_fit),Precision_Information_Gain,0.0,0.75,28.84941029548645,0,0,30
Weight Lifting,round_robin,CON-FOLD (confidence_fit),Precision_Information_Gain,0.0,0.75,29.51166009902954,0,0,30
Weight Lifting,round_robin,CON-FOLD (confidence_fit),Precision_Information_Gain,0.0,0.75,29.151890516281128,0,0,30
Weight Lifting,round_robin,CON-FOLD (confidence_fit),Precision_Information_Gain,0.0,0.75,29.186310052871704,0,0,30
Weight Lifting,round_robin,CON-FOLD (confidence_fit),Precision_Information_Gain,0.0,0.75,29.323850870132446,0,0,30
Weight Lifting,round_robin,CON-FOLD (confidence_fit),Precision_Information_Gain,0.0,0.75,29.381229639053345,0,0,30
Weight Lifting,round_robin,CON-FOLD (confidence_fit),Precision_Information_Gain,0.0,0.75,29.681318044662476,0,0,30
Weight Lifting,round_robin,CON-FOLD (confidence_fit),Precision_Information_Gain,0.0,0.75,29.483919620513916,0,0,30
Weight Lifting,round_robin,CON-FOLD (confidence_fit),Precision_Information_Gain,0.0,0.75,29.62878942489624,0,0,30
Weight Lifting,round_robin,CON-FOLD (confidence_fit),Precision_Information_Gain,0.0,0.75,29.840715885162354,0,0,30
Weight Lifting,round_robin,CON-FOLD (confidence_fit),Precision_Information_Gain,0.0,0.75,29.888859510421753,0,0,30
Weight Lifting,round_robin,CON-FOLD (confidence_fit),Precision_Gini_Impurity,0.02732919254658385,0.754502234978385,738.51828789711,34,43,30
Weight Lifting,round_robin,CON-FOLD (confidence_fit),Precision_Gini_Impurity,0.024844720496894408,0.752653729931677,1088.6043775081635,47,57,30
Weight Lifting,round_robin,CON-FOLD (confidence_fit),Precision_Gini_Impurity,0.03229813664596273,0.7536909336884472,1118.948746919632,48,58,30
Weight Lifting,round_robin,CON-FOLD (confidence_fit),Precision_Gini_Impurity,0.02608695652173913,0.7537517395919254,1137.0039825439453,47,58,30
Weight Lifting,round_robin,CON-FOLD (confidence_fit),Precision_Gini_Impurity,0.02236024844720497,0.7524571601332919,1153.6684186458588,47,60,30
Weight Lifting,round_robin,CON-FOLD (confidence_fit),Precision_Gini_Impurity,0.02857142857142857,0.7531093780735404,1169.5751295089722,44,49,30
Weight Lifting,round_robin,CON-FOLD (confidence_fit),Precision_Gini_Impurity,0.02236024844720497,0.7512629137186335,1190.457367181778,46,52,30
Weight Lifting,round_robin,CON-FOLD (confidence_fit),Precision_Gini_Impurity,0.031055900621118012,0.7529837668397517,1199.901754617691,47,59,30
Weight Lifting,round_robin,CON-FOLD (confidence_fit),Precision_Gini_Impurity,0.02857142857142857,0.7524782142465838,1221.2301745414734,55,66,30
Weight Lifting,round_robin,CON-FOLD (confidence_fit),Precision_Gini_Impurity,0.04720496894409938,0.7551025672186336,1272.7908313274384,57,66,30
Weight Lifting,round_robin,CON-FOLD (confidence_fit),Precision_Gini_Impurity,0.03354037267080745,0.7513818015818633,1285.7778570652008,53,66,30
Weight Lifting,round_robin,CON-FOLD (confidence_fit),Precision_Gini_Impurity,0.037267080745341616,0.7544367259551552,1302.9000036716461,52,64,30
Weight Lifting,round_robin,CON-FOLD (confidence_fit),Precision_Gini_Impurity,0.031055900621118012,0.7533421824436025,1342.726879119873,54,62,30
Weight Lifting,round_robin,CON-FOLD (confidence_fit),Precision_Gini_Impurity,0.02360248447204969,0.7515864431320498,1420.2715232372284,62,71,30
Weight Lifting,round_robin,CON-FOLD (confidence_fit),Precision_Gini_Impurity,0.08198757763975155,0.7630726279798756,1510.8296463489532,71,84,30
Weight Lifting,round_robin,CON-FOLD (confidence_fit),Precision_Gini_Impurity,0.06086956521739131,0.7593093103658386,1618.715247631073,71,82,30
Weight Lifting,round_robin,CON-FOLD (confidence_fit),Precision_Gini_Impurity,0.05962732919254658,0.7587047888573912,1695.7464764118195,69,86,30
Weight Lifting,round_robin,CON-FOLD (confidence_fit),Precision_Gini_Impurity,0.06832298136645963,0.7613774407869566,1695.986172914505,71,88,30
Weight Lifting,round_robin,CON-FOLD (confidence_fit),Precision_Gini_Impurity,0.04472049689440994,0.7569028919119255,1706.1450107097626,68,83,30
Weight Lifting,round_robin,CON-FOLD (confidence_fit),Precision_Gini_Impurity,0.05714285714285714,0.7570805660742856,1709.1922769546509,68,79,30
Weight Lifting,round_robin,CON-FOLD (confidence_fit),Precision_Gini_Impurity,0.05341614906832298,0.757947561539503,1714.3475267887115,73,82,30
Weight Lifting,round_robin,CON-FOLD (confidence_fit),Precision_Gini_Impurity,0.06583850931677018,0.7576726444433541,1720.1442074775696,75,89,30
Weight Lifting,round_robin,CON-FOLD (confidence_fit),Precision_Gini_Impurity,0.084472049689441,0.7612500533014908,1784.7115440368652,87,98,30
Weight Lifting,round_robin,CON-FOLD (confidence_fit),Precision_Gini_Impurity,0.06086956521739131,0.7558103820636024,1792.8096632957458,87,110,30
Weight Lifting,round_robin,CON-FOLD (confidence_fit),Precision_Gini_Impurity,0.08074534161490683,0.7576384032872049,1817.700344800949,96,111,30
Weight Lifting,round_robin,CON-FOLD (confidence_fit),Precision_Gini_Impurity,0.07453416149068323,0.7596497752494411,1824.7730062007904,92,111,30
Weight Lifting,round_robin,CON-FOLD (confidence_fit),Precision_Gini_Impurity,0.10807453416149068,0.7651754505340373,1841.0228531360626,104,125,30
Weight Lifting,round_robin,CON-FOLD (confidence_fit),Precision_Gini_Impurity,0.13167701863354037,0.7720087028232299,1880.623342037201,116,136,30
Weight Lifting,round_robin,CON-FOLD (confidence_fit),Precision_Gini_Impurity,0.19254658385093168,0.7802008824001242,1957.6170344352722,188,210,30
Weight Lifting,round_robin,CON-FOLD (confidence_fit),Precision_Gini_Impurity,0.32546583850931676,0.8068762185181368,2021.0995466709137,238,271,30
Weight Lifting,best_rule,FOLD-RM (fit),original,0.9962732919254659,0.996039470726087,431.8838300704956,9,11,30
Weight Lifting,best_rule,FOLD-RM (fit),original,0.9962732919254659,0.9961665589003726,432.54641103744507,9,10,30
Weight Lifting,best_rule,FOLD-RM (fit),original,0.9987577639751553,0.9987963063869565,437.9329195022583,11,12,30
Weight Lifting,best_rule,FOLD-RM (fit),original,0.9987577639751553,0.9985570452970186,441.55752086639404,11,12,30
Weight Lifting,best_rule,FOLD-RM (fit),original,0.9987577639751553,0.9984561840634782,443.33755016326904,11,12,30
Weight Lifting,best_rule,FOLD-RM (fit),original,0.9925465838509316,0.9926970246088198,448.03446674346924,11,12,30
Weight Lifting,best_rule,FOLD-RM (fit),original,1.0,0.9997031616054658,452.8488461971283,10,11,30
Weight Lifting,best_rule,FOLD-RM (fit),original,1.0,0.9998047486393788,452.89512610435486,11,13,30
Weight Lifting,best_rule,FOLD-RM (fit),original,0.9962732919254659,0.9963493656172671,455.66680693626404,11,13,30
Weight Lifting,best_rule,FOLD-RM (fit),original,0.9987577639751553,0.998693176076646,472.9753694534302,9,11,30
Weight Lifting,best_rule,FOLD-RM (fit),original,1.0,0.999662452403354,474.493013381958,9,10,30
Weight Lifting,best_rule,FOLD-RM (fit),original,0.9987577639751553,0.9983818677197516,475.6776807308197,10,12,30
Weight Lifting,best_rule,FOLD-RM (fit),original,0.9987577639751553,0.9984830650340373,478.3563778400421,11,12,30
Weight Lifting,best_rule,FOLD-RM (fit),original,0.9975155279503105,0.9970968525270807,480.1805229187012,10,11,30
Weight Lifting,best_rule,FOLD-RM (fit),original,1.0,0.9995979637224844,481.2875747680664,10,11,30
Weight Lifting,best_rule,FOLD-RM (fit),original,0.9987577639751553,0.9984153913572671,484.500244140625,9,10,30
Weight Lifting,best_rule,FOLD-RM (fit),original,1.0,0.9996093495893168,485.4883551597595,12,13,30
Weight Lifting,best_rule,FOLD-RM (fit),original,0.9987577639751553,0.9984141807824845,485.69202303886414,10,11,30
Weight Lifting,best_rule,FOLD-RM (fit),original,0.9975155279503105,0.9965426815657144,494.6393609046936,11,12,30
Weight Lifting,best_rule,FOLD-RM (fit),original,0.9987577639751553,0.9980731378075777,500.31743454933167,12,13,30
Weight Lifting,best_rule,FOLD-RM (fit),original,0.9987577639751553,0.9984172882976398,500.97305703163147,12,14,30
Weight Lifting,best_rule,FOLD-RM (fit),original,0.9950310559006211,0.9948821996778883,508.90306544303894,13,15,30
Weight Lifting,best_rule,FOLD-RM (fit),original,0.9962732919254659,0.996188410697764,510.10804986953735,13,15,30
Weight Lifting,best_rule,FOLD-RM (fit),original,0.9962732919254659,0.9972039504961491,511.2659876346588,12,14,30
Weight Lifting,best_rule,FOLD-RM (fit),original,0.9975155279503105,0.9971652481406211,513.3029515743256,11,13,30
Weight Lifting,best_rule,FOLD-RM (fit),original,0.9975155279503105,0.996430828484969,516.2390949726105,13,16,30
Weight Lifting,best_rule,FOLD-RM (fit),original,1.0,0.9987829420140373,515.6277756690979,14,16,30
Weight Lifting,best_rule,FOLD-RM (fit),original,0.9962732919254659,0.9955007493042236,519.4873161315918,13,15,30
Weight Lifting,best_rule,FOLD-RM (fit),original,0.9987577639751553,0.9982268072855901,520.771630525589,16,18,30
Weight Lifting,best_rule,FOLD-RM (fit),original,0.9962732919254659,0.9958839183967702,522.695958852768,15,18,30
Weight Lifting,best_rule,FOLD-RM (fit),information_gain,0.23354037267080746,0.808150029795031,108.1392662525177,4,4,30
Weight Lifting,best_rule,FOLD-RM (fit),information_gain,0.231055900621118,0.8077104127269561,138.2381522655487,5,5,30
Weight Lifting,best_rule,FOLD-RM (fit),information_gain,0.23975155279503105,0.808058022616646,139.16928219795227,5,5,30
Weight Lifting,best_rule,FOLD-RM (fit),information_gain,0.2732919254658385,0.8179479464506839,140.23549628257751,5,5,30
Weight Lifting,best_rule,FOLD-RM (fit),information_gain,0.2484472049689441,0.8115592262991304,140.87111687660217,5,5,30
Weight Lifting,best_rule,FOLD-RM (fit),information_gain,0.27701863354037265,0.8180961765916774,141.13330078125,5,5,30
Weight Lifting,best_rule,FOLD-RM (fit),information_gain,0.25217391304347825,0.8128173209319259,141.89673376083374,5,5,30
Weight Lifting,best_rule,FOLD-RM (fit),information_gain,0.2596273291925466,0.8143755787694409,143.84219479560852,5,5,30
Weight Lifting,best_rule,FOLD-RM (fit),information_gain,0.26211180124223604,0.8152840265863361,146.40389728546143,5,5,30
Weight Lifting,best_rule,FOLD-RM (fit),information_gain,0.23354037267080746,0.8082357927547824,150.19304156303406,6,6,30
Weight Lifting,best_rule,FOLD-RM (fit),information_gain,0.2608695652173913,0.8146791263895651,151.26926445960999,6,6,30
Weight Lifting,best_rule,FOLD-RM (fit),information_gain,0.2596273291925466,0.8145398349642237,151.39045023918152,6,6,30
Weight Lifting,best_rule,FOLD-RM (fit),information_gain,0.2683229813664596,0.8166312979908079,151.37656569480896,6,6,30
Weight Lifting,best_rule,FOLD-RM (fit),information_gain,0.24596273291925466,0.8105057819918007,152.21842408180237,6,6,30
Weight Lifting,best_rule,FOLD-RM (fit),information_gain,0.25093167701863356,0.8117135232627328,152.80273914337158,6,6,30
Weight Lifting,best_rule,FOLD-RM (fit),information_gain,0.2795031055900621,0.8187862165911799,153.26742339134216,6,6,30
Weight Lifting,best_rule,FOLD-RM (fit),information_gain,0.2608695652173913,0.8151318219346585,154.32489132881165,6,6,30
Weight Lifting,best_rule,FOLD-RM (fit),information_gain,0.24720496894409938,0.8117327796253413,154.46612930297852,6,6,30
Weight Lifting,best_rule,FOLD-RM (fit),information_gain,0.2732919254658385,0.8182321581918016,155.3986406326294,6,6,30
Weight Lifting,best_rule,FOLD-RM (fit),information_gain,0.25093167701863356,0.8122381407498136,155.58134531974792,6,6,30
Weight Lifting,best_rule,FOLD-RM (fit),information_gain,0.25590062111801243,0.8133362974708074,156.0710928440094,6,6,30
Weight Lifting,best_rule,FOLD-RM (fit),information_gain,0.2546583850931677,0.8130923730824845,157.02792811393738,6,6,30
Weight Lifting,best_rule,FOLD-RM (fit),information_gain,0.26211180124223604,0.814795216455156,156.8216598033905,6,6,30
Weight Lifting,best_rule,FOLD-RM (fit),information_gain,0.2484472049689441,0.8113003248603724,158.07295036315918,6,6,30
Weight Lifting,best_rule,FOLD-RM (fit),information_gain,0.2732919254658385,0.8175979657457151,158.94380497932434,7,7,30
Weight Lifting,best_rule,FOLD-RM (fit),information_gain,0.2546583850931677,0.8128370262283228,159.43065547943115,7,7,30
Weight Lifting,best_rule,FOLD-RM (fit),information_gain,0.26956521739130435,0.8171164983778887,159.162348985672,7,7,30
Weight Lifting,best_rule,FOLD-RM (fit),information_gain,0.2571428571428571,0.8130691062028568,159.62079787254333,7,7,30
Weight Lifting,best_rule,FOLD-RM (fit),information_gain,0.24472049689440994,0.810817640244596,159.64967918395996,7,7,30
Weight Lifting,best_rule,FOLD-RM (fit),information_gain,0.2571428571428571,0.8132263705149065,159.9726700782776,7,7,30
Weight Lifting,best_rule,FOLD-RM (fit),Gini_Impurity,0.0,0.75,184.50737237930298,0,0,30
Weight Lifting,best_rule,FOLD-RM (fit),Gini_Impurity,0.0,0.75,187.60530734062195,0,0,30
Weight Lifting,best_rule,FOLD-RM (fit),Gini_Impurity,0.0,0.75,194.4250614643097,0,0,30
Weight Lifting,best_rule,FOLD-RM (fit),Gini_Impurity,0.0,0.75,195.9414689540863,0,0,30
Weight Lifting,best_rule,FOLD-RM (fit),Gini_Impurity,0.0,0.75,196.87022852897644,0,0,30
Weight Lifting,best_rule,FOLD-RM (fit),Gini_Impurity,0.0,0.75,218.83416223526,0,0,30
Weight Lifting,best_rule,FOLD-RM (fit),Gini_Impurity,0.0,0.75,308.2809031009674,1,3,30
Weight Lifting,best_rule,FOLD-RM (fit),Gini_Impurity,0.0,0.75,311.63252305984497,1,3,30
Weight Lifting,best_rule,FOLD-RM (fit),Gini_Impurity,0.0,0.75,318.1049380302429,1,3,30
Weight Lifting,best_rule,FOLD-RM (fit),Gini_Impurity,0.0,0.75,325.07121181488037,1,3,30
Weight Lifting,best_rule,FOLD-RM (fit),Gini_Impurity,0.0,0.75,345.8274738788605,1,4,30
Weight Lifting,best_rule,FOLD-RM (fit),Gini_Impurity,0.0012422360248447205,0.7500590062111802,418.07534670829773,2,5,30
Weight Lifting,best_rule,FOLD-RM (fit),Gini_Impurity,0.0012422360248447205,0.7499937888198758,426.3786277770996,2,5,30
Weight Lifting,best_rule,FOLD-RM (fit),Gini_Impurity,0.0,0.75,429.07121562957764,2,5,30
Weight Lifting,best_rule,FOLD-RM (fit),Gini_Impurity,0.0012422360248447205,0.7499937888198758,429.1480441093445,2,5,30
Weight Lifting,best_rule,FOLD-RM (fit),Gini_Impurity,0.0012422360248447205,0.7499937888198758,443.6828570365906,2,5,30
Weight Lifting,best_rule,FOLD-RM (fit),Gini_Impurity,0.0012422360248447205,0.7500590062111802,495.76734590530396,3,7,30
Weight Lifting,best_rule,FOLD-RM (fit),Gini_Impurity,0.0,0.75,506.5068082809448,3,8,30
Weight Lifting,best_rule,FOLD-RM (fit),Gini_Impurity,0.0012422360248447205,0.7500590062111802,557.8896265029907,4,9,30
Weight Lifting,best_rule,FOLD-RM (fit),Gini_Impurity,0.002484472049689441,0.7501180124223603,617.5149126052856,5,11,30
Weight Lifting,best_rule,FOLD-RM (fit),Gini_Impurity,0.0,0.75,618.7889592647552,5,11,30
Weight Lifting,best_rule,FOLD-RM (fit),Gini_Impurity,0.0,0.75,665.9752335548401,6,13,30
Weight Lifting,best_rule,FOLD-RM (fit),Gini_Impurity,0.0037267080745341614,0.7501770186335404,705.600531578064,7,15,30
Weight Lifting,best_rule,FOLD-RM (fit),Gini_Impurity,0.0,0.75,710.7626693248749,7,15,30
Weight Lifting,best_rule,FOLD-RM (fit),Gini_Impurity,0.002484472049689441,0.7501180124223603,764.75785779953,9,19,30
Weight Lifting,best_rule,FOLD-RM (fit),Gini_Impurity,0.002484472049689441,0.7501180124223603,768.4865806102753,9,20,30
Weight Lifting,best_rule,FOLD-RM (fit),Gini_Impurity,0.0,0.75,814.7719061374664,11,26,30
Weight Lifting,best_rule,FOLD-RM (fit),Gini_Impurity,0.0012422360248447205,0.7499937888198758,818.7677330970764,11,26,30
Weight Lifting,best_rule,FOLD-RM (fit),Gini_Impurity,0.0,0.7499347826086956,827.8962960243225,12,26,30
Weight Lifting,best_rule,FOLD-RM (fit),Gini_Impurity,0.0,0.7499347826086956,857.4770214557648,17,38,30
Weight Lifting,best_rule,FOLD-RM (fit),Precision_Information_Gain,0.0,0.75,40.20607876777649,0,0,30
Weight Lifting,best_rule,FOLD-RM (fit),Precision_Information_Gain,0.0,0.75,41.47512722015381,0,0,30
Weight Lifting,best_rule,FOLD-RM (fit),Precision_Information_Gain,0.0,0.75,41.440507888793945,0,0,30
Weight Lifting,best_rule,FOLD-RM (fit),Precision_Information_Gain,0.0,0.75,41.64835977554321,0,0,30
Weight Lifting,best_rule,FOLD-RM (fit),Precision_Information_Gain,0.0,0.75,41.62485313415527,0,0,30
Weight Lifting,best_rule,FOLD-RM (fit),Precision_Information_Gain,0.0,0.75,41.9272837638855,0,0,30
Weight Lifting,best_rule,FOLD-RM (fit),Precision_Information_Gain,0.0,0.75,42.6972599029541,0,0,30
Weight Lifting,best_rule,FOLD-RM (fit),Precision_Information_Gain,0.0,0.75,43.71814298629761,0,0,30
Weight Lifting,best_rule,FOLD-RM (fit),Precision_Information_Gain,0.0,0.75,43.92079019546509,0,0,30
Weight Lifting,best_rule,FOLD-RM (fit),Precision_Information_Gain,0.0,0.75,44.57873272895813,0,0,30
Weight Lifting,best_rule,FOLD-RM (fit),Precision_Information_Gain,0.0,0.75,46.758031606674194,0,0,30
Weight Lifting,best_rule,FOLD-RM (fit),Precision_Information_Gain,0.0,0.75,47.14256548881531,0,0,30
Weight Lifting,best_rule,FOLD-RM (fit),Precision_Information_Gain,0.0,0.75,46.144734621047974,0,0,30
Weight Lifting,best_rule,FOLD-RM (fit),Precision_Information_Gain,0.0,0.75,46.415231704711914,0,0,30
Weight Lifting,best_rule,FOLD-RM (fit),Precision_Information_Gain,0.0,0.75,47.26979684829712,0,0,30
Weight Lifting,best_rule,FOLD-RM (fit),Precision_Information_Gain,0.0,0.75,47.448389768600464,0,0,30
Weight Lifting,best_rule,FOLD-RM (fit),Precision_Information_Gain,0.0,0.75,48.80169081687927,0,0,30
Weight Lifting,best_rule,FOLD-RM (fit),Precision_Information_Gain,0.0,0.75,49.29323434829712,0,0,30
Weight Lifting,best_rule,FOLD-RM (fit),Precision_Information_Gain,0.0,0.75,49.45437932014465,0,0,30
Weight Lifting,best_rule,FOLD-RM (fit),Precision_Information_Gain,0.0,0.75,48.879409313201904,0,0,30
Weight Lifting,best_rule,FOLD-RM (fit),Precision_Information_Gain,0.0,0.75,48.99101185798645,0,0,30
Weight Lifting,best_rule,FOLD-RM (fit),Precision_Information_Gain,0.0,0.75,50.896748781204224,0,0,30
Weight Lifting,best_rule,FOLD-RM (fit),Precision_Information_Gain,0.0,0.75,50.59118604660034,0,0,30
Weight Lifting,best_rule,FOLD-RM (fit),Precision_Information_Gain,0.0,0.75,50.93011665344238,0,0,30
Weight Lifting,best_rule,FOLD-RM (fit),Precision_Information_Gain,0.0,0.75,49.83861041069031,0,0,30
Weight Lifting,best_rule,FOLD-RM (fit),Precision_Information_Gain,0.0,0.75,51.143856048583984,0,0,30
Weight Lifting,best_rule,FOLD-RM (fit),Precision_Information_Gain,0.0,0.75,49.9148051738739,0,0,30
Weight Lifting,best_rule,FOLD-RM (fit),Precision_Information_Gain,0.0,0.75,50.393404483795166,0,0,30
Weight Lifting,best_rule,FOLD-RM (fit),Precision_Information_Gain,0.0,0.75,51.27467703819275,0,0,30
Weight Lifting,best_rule,FOLD-RM (fit),Precision_Information_Gain,0.0,0.75,51.5026752948761,0,0,30
Weight Lifting,best_rule,FOLD-RM (fit),Precision_Gini_Impurity,0.8198757763975155,0.8611188331586336,43811.71058392525,1001,915,30
Weight Lifting,best_rule,FOLD-RM (fit),Precision_Gini_Impurity,0.831055900621118,0.8630025807498136,43952.32024598122,1010,932,30
Weight Lifting,best_rule,FOLD-RM (fit),Precision_Gini_Impurity,0.8236024844720496,0.8598978466893168,44002.5096449852,1043,929,30
Weight Lifting,best_rule,FOLD-RM (fit),Precision_Gini_Impurity,0.7962732919254658,0.8482817766337889,44660.43563127518,979,878,30
Weight Lifting,best_rule,FOLD-RM (fit),Precision_Gini_Impurity,0.8322981366459627,0.8639119097534161,45078.651807785034,998,915,30
Weight Lifting,best_rule,FOLD-RM (fit),Precision_Gini_Impurity,0.8074534161490683,0.8553920015042236,45249.365060567856,983,900,30
Weight Lifting,best_rule,FOLD-RM (fit),Precision_Gini_Impurity,0.8099378881987578,0.8550352543103105,45495.03989338875,1040,929,30
Weight Lifting,best_rule,FOLD-RM (fit),Precision_Gini_Impurity,0.8347826086956521,0.8585714800278261,45502.27101969719,995,919,30
Weight Lifting,best_rule,FOLD-RM (fit),Precision_Gini_Impurity,0.8111801242236025,0.8531831507004967,45834.32439279556,981,914,30
Weight Lifting,best_rule,FOLD-RM (fit),Precision_Gini_Impurity,0.8161490683229814,0.8547442902804969,45841.15947365761,1015,933,30
Weight Lifting,best_rule,FOLD-RM (fit),Precision_Gini_Impurity,0.808695652173913,0.8524458203023604,45887.27878165245,990,902,30
Weight Lifting,best_rule,FOLD-RM (fit),Precision_Gini_Impurity,0.8198757763975155,0.8627693060280747,46079.36399912834,991,909,30
Weight Lifting,best_rule,FOLD-RM (fit),Precision_Gini_Impurity,0.8149068322981367,0.8540743431055903,46124.176668167114,973,899,30
Weight Lifting,best_rule,FOLD-RM (fit),Precision_Gini_Impurity,0.8273291925465839,0.8599462827665838,46299.74198389053,987,905,30
Weight Lifting,best_rule,FOLD-RM (fit),Precision_Gini_Impurity,0.7925465838509317,0.8454957833484471,46361.75965809822,1017,926,30
Weight Lifting,best_rule,FOLD-RM (fit),Precision_Gini_Impurity,0.7813664596273292,0.8380016048499376,46447.20693278313,950,875,30
Weight Lifting,best_rule,FOLD-RM (fit),Precision_Gini_Impurity,0.831055900621118,0.8565193989685715,46500.76921963692,986,906,30
Weight Lifting,best_rule,FOLD-RM (fit),Precision_Gini_Impurity,0.8037267080745342,0.8517365050244722,46523.13561916351,986,899,30
Weight Lifting,best_rule,FOLD-RM (fit),Precision_Gini_Impurity,0.8472049689440994,0.8655859301816151,46540.31302142143,980,909,30
Weight Lifting,best_rule,FOLD-RM (fit),Precision_Gini_Impurity,0.8049689440993789,0.8479621495854659,46576.17014217377,1007,915,30
Weight Lifting,best_rule,FOLD-RM (fit),Precision_Gini_Impurity,0.8236024844720496,0.8592950284652173,46588.279619693756,1022,936,30
Weight Lifting,best_rule,FOLD-RM (fit),Precision_Gini_Impurity,0.8037267080745342,0.8467523115105589,46592.0137386322,945,881,30
Weight Lifting,best_rule,FOLD-RM (fit),Precision_Gini_Impurity,0.7900621118012422,0.8458790354722981,46642.046832084656,967,884,30
Weight Lifting,best_rule,FOLD-RM (fit),Precision_Gini_Impurity,0.8111801242236025,0.8548870582730433,46654.97485566139,1016,932,30
Weight Lifting,best_rule,FOLD-RM (fit),Precision_Gini_Impurity,0.8322981366459627,0.860470861610435,46703.55299067497,1012,932,30
Weight Lifting,best_rule,FOLD-RM (fit),Precision_Gini_Impurity,0.8236024844720496,0.8619570753243478,46725.49181652069,1027,930,30
Weight Lifting,best_rule,FOLD-RM (fit),Precision_Gini_Impurity,0.8062111801242235,0.8510219191414907,46774.85010910034,1003,907,30
Weight Lifting,best_rule,FOLD-RM (fit),Precision_Gini_Impurity,0.7677018633540372,0.8346233113453414,46777.87870335579,1000,922,30
Weight Lifting,best_rule,FOLD-RM (fit),Precision_Gini_Impurity,0.8161490683229814,0.8467146209659628,46968.0137720108,1006,907,30
Weight Lifting,best_rule,FOLD-RM (fit),Precision_Gini_Impurity,0.8074534161490683,0.8477477367240992,47022.35962533951,995,909,30
Weight Lifting,best_rule,CON-FOLD (confidence_fit),original,0.9950310559006211,0.9949337554663353,175.07688426971436,8,9,30
Weight Lifting,best_rule,CON-FOLD (confidence_fit),original,0.9962732919254659,0.9957965220304348,186.61005425453186,9,10,30
Weight Lifting,best_rule,CON-FOLD (confidence_fit),original,1.0,0.9991420575229814,217.5024151802063,11,12,30
Weight Lifting,best_rule,CON-FOLD (confidence_fit),original,0.9950310559006211,0.9938064311411181,319.4386353492737,12,14,30
Weight Lifting,best_rule,CON-FOLD (confidence_fit),original,0.9925465838509316,0.9914175941201242,362.198525428772,13,16,30
Weight Lifting,best_rule,CON-FOLD (confidence_fit),original,0.9950310559006211,0.9947632040736646,391.095299243927,8,10,30
Weight Lifting,best_rule,CON-FOLD (confidence_fit),original,0.9937888198757764,0.9936230391991305,400.9634349346161,8,9,30
Weight Lifting,best_rule,CON-FOLD (confidence_fit),original,0.9950310559006211,0.995009649843851,405.8458068370819,8,10,30
Weight Lifting,best_rule,CON-FOLD (confidence_fit),original,0.9950310559006211,0.994795982983354,412.93888902664185,8,9,30
Weight Lifting,best_rule,CON-FOLD (confidence_fit),original,0.986335403726708,0.9865851308086957,419.03072810173035,8,9,30
Weight Lifting,best_rule,CON-FOLD (confidence_fit),original,0.9937888198757764,0.9936048181831056,422.5140163898468,8,10,30
Weight Lifting,best_rule,CON-FOLD (confidence_fit),original,0.9962732919254659,0.996170319531056,423.54358983039856,8,9,30
Weight Lifting,best_rule,CON-FOLD (confidence_fit),original,0.9975155279503105,0.99714919608559,430.11419701576233,8,10,30
Weight Lifting,best_rule,CON-FOLD (confidence_fit),original,0.991304347826087,0.9908100823947826,440.92410707473755,9,10,30
Weight Lifting,best_rule,CON-FOLD (confidence_fit),original,0.9950310559006211,0.9945810812109317,443.5659155845642,9,10,30
Weight Lifting,best_rule,CON-FOLD (confidence_fit),original,0.9987577639751553,0.9985143008081988,446.14993119239807,9,10,30
Weight Lifting,best_rule,CON-FOLD (confidence_fit),original,0.986335403726708,0.9862109998834783,447.1810450553894,9,10,30
Weight Lifting,best_rule,CON-FOLD (confidence_fit),original,0.9975155279503105,0.9972817241535403,448.2086126804352,9,10,30
Weight Lifting,best_rule,CON-FOLD (confidence_fit),original,0.9950310559006211,0.9946304643695653,449.6993782520294,9,10,30
Weight Lifting,best_rule,CON-FOLD (confidence_fit),original,0.991304347826087,0.99095651175441,450.9499497413635,9,10,30
Weight Lifting,best_rule,CON-FOLD (confidence_fit),original,0.9975155279503105,0.9971196819448447,454.578586101532,11,12,30
Weight Lifting,best_rule,CON-FOLD (confidence_fit),original,0.9950310559006211,0.9948626435880746,455.2734594345093,10,12,30
Weight Lifting,best_rule,CON-FOLD (confidence_fit),original,1.0,0.9994049480855901,458.3604829311371,11,12,30
Weight Lifting,best_rule,CON-FOLD (confidence_fit),original,0.9925465838509316,0.9919817937311801,466.1054253578186,10,12,30
Weight Lifting,best_rule,CON-FOLD (confidence_fit),original,0.9987577639751553,0.9981771966457142,470.1230833530426,11,13,30
Weight Lifting,best_rule,CON-FOLD (confidence_fit),original,0.9962732919254659,0.997363931258882,471.3839828968048,11,13,30
Weight Lifting,best_rule,CON-FOLD (confidence_fit),original,0.9925465838509316,0.9917314710624844,476.09305930137634,12,16,30
Weight Lifting,best_rule,CON-FOLD (confidence_fit),original,0.986335403726708,0.9863373879213664,477.5704734325409,13,17,30
Weight Lifting,best_rule,CON-FOLD (confidence_fit),original,0.9925465838509316,0.9920792674626087,479.03131079673767,13,16,30
Weight Lifting,best_rule,CON-FOLD (confidence_fit),original,0.9962732919254659,0.9953301284597516,480.01086139678955,15,18,30
Weight Lifting,best_rule,CON-FOLD (confidence_fit),information_gain,0.25590062111801243,0.8129942632940372,117.88815784454346,5,5,30
Weight Lifting,best_rule,CON-FOLD (confidence_fit),information_gain,0.2596273291925466,0.8140696260413661,118.90097427368164,5,5,30
Weight Lifting,best_rule,CON-FOLD (confidence_fit),information_gain,0.2422360248447205,0.8103364884366459,121.91301131248474,5,5,30
Weight Lifting,best_rule,CON-FOLD (confidence_fit),information_gain,0.24472049689440994,0.8111290050283225,121.9984393119812,5,5,30
Weight Lifting,best_rule,CON-FOLD (confidence_fit),information_gain,0.24347826086956523,0.809745661692422,122.29604506492615,5,5,30
Weight Lifting,best_rule,CON-FOLD (confidence_fit),information_gain,0.24596273291925466,0.8110767081055898,123.67749953269958,5,5,30
Weight Lifting,best_rule,CON-FOLD (confidence_fit),information_gain,0.25838509316770186,0.8142037164453417,124.6495532989502,5,5,30
Weight Lifting,best_rule,CON-FOLD (confidence_fit),information_gain,0.253416149068323,0.8126339085972669,126.09900045394897,5,5,30
Weight Lifting,best_rule,CON-FOLD (confidence_fit),information_gain,0.26335403726708073,0.8155292910653418,126.49139928817749,5,5,30
Weight Lifting,best_rule,CON-FOLD (confidence_fit),information_gain,0.2484472049689441,0.8118826830787575,128.7831780910492,5,5,30
Weight Lifting,best_rule,CON-FOLD (confidence_fit),information_gain,0.25590062111801243,0.8139023605127945,131.3092405796051,5,5,30
Weight Lifting,best_rule,CON-FOLD (confidence_fit),information_gain,0.25838509316770186,0.8142293522294415,134.56361269950867,6,6,30
Weight Lifting,best_rule,CON-FOLD (confidence_fit),information_gain,0.26211180124223604,0.8152538893361495,134.4377899169922,6,6,30
Weight Lifting,best_rule,CON-FOLD (confidence_fit),information_gain,0.24347826086956523,0.8102403932257138,135.21399426460266,6,6,30
Weight Lifting,best_rule,CON-FOLD (confidence_fit),information_gain,0.2670807453416149,0.8164837554177646,135.53248929977417,6,6,30
Weight Lifting,best_rule,CON-FOLD (confidence_fit),information_gain,0.2683229813664596,0.8168767741028576,138.6416037082672,6,6,30
Weight Lifting,best_rule,CON-FOLD (confidence_fit),information_gain,0.2422360248447205,0.8100940830376399,138.66569066047668,6,6,30
Weight Lifting,best_rule,CON-FOLD (confidence_fit),information_gain,0.2720496894409938,0.8172977387850933,138.8406937122345,6,6,30
Weight Lifting,best_rule,CON-FOLD (confidence_fit),information_gain,0.2596273291925466,0.8145278354232297,138.78004479408264,6,6,30
Weight Lifting,best_rule,CON-FOLD (confidence_fit),information_gain,0.24099378881987576,0.8100163790864593,139.033686876297,6,6,30
Weight Lifting,best_rule,CON-FOLD (confidence_fit),information_gain,0.25838509316770186,0.8142130418231052,139.69626688957214,6,6,30
Weight Lifting,best_rule,CON-FOLD (confidence_fit),information_gain,0.24472049689440994,0.8109333243597517,139.631206035614,6,6,30
Weight Lifting,best_rule,CON-FOLD (confidence_fit),information_gain,0.26211180124223604,0.8148568021529197,139.72888898849487,6,6,30
Weight Lifting,best_rule,CON-FOLD (confidence_fit),information_gain,0.2670807453416149,0.8163818646736651,140.37363147735596,7,7,30
Weight Lifting,best_rule,CON-FOLD (confidence_fit),information_gain,0.2496894409937888,0.8121627888824838,140.84469151496887,6,6,30
Weight Lifting,best_rule,CON-FOLD (confidence_fit),information_gain,0.25590062111801243,0.8134409657290687,141.55810928344727,7,7,30
Weight Lifting,best_rule,CON-FOLD (confidence_fit),information_gain,0.253416149068323,0.8120690169245957,141.96987080574036,7,7,30
Weight Lifting,best_rule,CON-FOLD (confidence_fit),information_gain,0.26956521739130435,0.8170003529628579,141.9092869758606,7,7,30
Weight Lifting,best_rule,CON-FOLD (confidence_fit),information_gain,0.23850931677018633,0.8086390401388815,143.8505997657776,8,8,30
Weight Lifting,best_rule,CON-FOLD (confidence_fit),information_gain,0.26335403726708073,0.8153507658370193,143.18984866142273,8,8,30
Weight Lifting,best_rule,CON-FOLD (confidence_fit),Gini_Impurity,0.0,0.75,184.494145154953,0,0,30
Weight Lifting,best_rule,CON-FOLD (confidence_fit),Gini_Impurity,0.0,0.75,185.0013210773468,0,0,30
Weight Lifting,best_rule,CON-FOLD (confidence_fit),Gini_Impurity,0.0,0.75,187.40767788887024,0,0,30
Weight Lifting,best_rule,CON-FOLD (confidence_fit),Gini_Impurity,0.0,0.75,194.75852274894714,0,0,30
Weight Lifting,best_rule,CON-FOLD (confidence_fit),Gini_Impurity,0.0,0.75,195.12919425964355,0,0,30
Weight Lifting,best_rule,CON-FOLD (confidence_fit),Gini_Impurity,0.0,0.75,195.7957844734192,0,0,30
Weight Lifting,best_rule,CON-FOLD (confidence_fit),Gini_Impurity,0.0,0.75,196.72397685050964,0,0,30
Weight Lifting,best_rule,CON-FOLD (confidence_fit),Gini_Impurity,0.0,0.75,197.04262137413025,0,0,30
Weight Lifting,best_rule,CON-FOLD (confidence_fit),Gini_Impurity,0.0,0.75,292.5471317768097,1,3,30
Weight Lifting,best_rule,CON-FOLD (confidence_fit),Gini_Impurity,0.0,0.75,297.50627160072327,1,4,30
Weight Lifting,best_rule,CON-FOLD (confidence_fit),Gini_Impurity,0.0,0.75,298.1909041404724,1,3,30
Weight Lifting,best_rule,CON-FOLD (confidence_fit),Gini_Impurity,0.0,0.75,302.8008940219879,1,3,30
Weight Lifting,best_rule,CON-FOLD (confidence_fit),Gini_Impurity,0.0,0.75,303.51647424697876,1,3,30
Weight Lifting,best_rule,CON-FOLD (confidence_fit),Gini_Impurity,0.0,0.75,307.7308979034424,1,3,30
Weight Lifting,best_rule,CON-FOLD (confidence_fit),Gini_Impurity,0.0,0.75,309.939603805542,1,3,30
Weight Lifting,best_rule,CON-FOLD (confidence_fit),Gini_Impurity,0.0,0.75,310.4488203525543,1,3,30
Weight Lifting,best_rule,CON-FOLD (confidence_fit),Gini_Impurity,0.0,0.75,315.61325788497925,1,4,30
Weight Lifting,best_rule,CON-FOLD (confidence_fit),Gini_Impurity,0.0,0.75,317.61353731155396,1,4,30
Weight Lifting,best_rule,CON-FOLD (confidence_fit),Gini_Impurity,0.0012422360248447205,0.7500590062111802,366.2693283557892,2,5,30
Weight Lifting,best_rule,CON-FOLD (confidence_fit),Gini_Impurity,0.0,0.75,371.2522985935211,2,6,30
Weight Lifting,best_rule,CON-FOLD (confidence_fit),Gini_Impurity,0.0,0.7499347826086956,454.4543397426605,3,7,30
Weight Lifting,best_rule,CON-FOLD (confidence_fit),Gini_Impurity,0.0,0.7499347826086956,472.5653648376465,4,9,30
Weight Lifting,best_rule,CON-FOLD (confidence_fit),Gini_Impurity,0.0,0.75,480.1829481124878,4,10,30
Weight Lifting,best_rule,CON-FOLD (confidence_fit),Gini_Impurity,0.0012422360248447205,0.7499937888198758,481.6522674560547,4,9,30
Weight Lifting,best_rule,CON-FOLD (confidence_fit),Gini_Impurity,0.0,0.75,511.5096595287323,5,12,30
Weight Lifting,best_rule,CON-FOLD (confidence_fit),Gini_Impurity,0.0,0.7499347826086956,534.6837210655212,6,13,30
Weight Lifting,best_rule,CON-FOLD (confidence_fit),Gini_Impurity,0.002484472049689441,0.7500527950310559,554.8127608299255,8,18,30
Weight Lifting,best_rule,CON-FOLD (confidence_fit),Gini_Impurity,0.0012422360248447205,0.7500590062111802,571.1045055389404,9,20,30
Weight Lifting,best_rule,CON-FOLD (confidence_fit),Gini_Impurity,0.0037267080745341614,0.750111801242236,572.9489796161652,9,20,30
Weight Lifting,best_rule,CON-FOLD (confidence_fit),Gini_Impurity,0.0012422360248447205,0.7499285714285715,577.3463208675385,10,22,30
Weight Lifting,best_rule,CON-FOLD (confidence_fit),Precision_Information_Gain,0.0,0.75,45.09774088859558,0,0,30
Weight Lifting,best_rule,CON-FOLD (confidence_fit),Precision_Information_Gain,0.0,0.75,46.193469285964966,0,0,30
Weight Lifting,best_rule,CON-FOLD (confidence_fit),Precision_Information_Gain,0.0,0.75,48.201635122299194,0,0,30
Weight Lifting,best_rule,CON-FOLD (confidence_fit),Precision_Information_Gain,0.0,0.75,49.03283667564392,0,0,30
Weight Lifting,best_rule,CON-FOLD (confidence_fit),Precision_Information_Gain,0.0,0.75,49.476837396621704,0,0,30
Weight Lifting,best_rule,CON-FOLD (confidence_fit),Precision_Information_Gain,0.0,0.75,48.91828989982605,0,0,30
Weight Lifting,best_rule,CON-FOLD (confidence_fit),Precision_Information_Gain,0.0,0.75,49.80695033073425,0,0,30
Weight Lifting,best_rule,CON-FOLD (confidence_fit),Precision_Information_Gain,0.0,0.75,50.695796728134155,0,0,30
Weight Lifting,best_rule,CON-FOLD (confidence_fit),Precision_Information_Gain,0.0,0.75,51.64005255699158,0,0,30
Weight Lifting,best_rule,CON-FOLD (confidence_fit),Precision_Information_Gain,0.0,0.75,51.7218074798584,0,0,30
Weight Lifting,best_rule,CON-FOLD (confidence_fit),Precision_Information_Gain,0.0,0.75,50.988264322280884,0,0,30
Weight Lifting,best_rule,CON-FOLD (confidence_fit),Precision_Information_Gain,0.0,0.75,52.14043617248535,0,0,30
Weight Lifting,best_rule,CON-FOLD (confidence_fit),Precision_Information_Gain,0.0,0.75,52.89720702171326,0,0,30
Weight Lifting,best_rule,CON-FOLD (confidence_fit),Precision_Information_Gain,0.0,0.75,52.94895648956299,0,0,30
Weight Lifting,best_rule,CON-FOLD (confidence_fit),Precision_Information_Gain,0.0,0.75,53.031749963760376,0,0,30
Weight Lifting,best_rule,CON-FOLD (confidence_fit),Precision_Information_Gain,0.0,0.75,53.21296310424805,0,0,30
Weight Lifting,best_rule,CON-FOLD (confidence_fit),Precision_Information_Gain,0.0,0.75,53.612760066986084,0,0,30
Weight Lifting,best_rule,CON-FOLD (confidence_fit),Precision_Information_Gain,0.0,0.75,54.119107723236084,0,0,30
Weight Lifting,best_rule,CON-FOLD (confidence_fit),Precision_Information_Gain,0.0,0.75,54.1760094165802,0,0,30
Weight Lifting,best_rule,CON-FOLD (confidence_fit),Precision_Information_Gain,0.0,0.75,54.25741457939148,0,0,30
Weight Lifting,best_rule,CON-FOLD (confidence_fit),Precision_Information_Gain,0.0,0.75,54.31388878822327,0,0,30
Weight Lifting,best_rule,CON-FOLD (confidence_fit),Precision_Information_Gain,0.0,0.75,55.11933350563049,0,0,30
Weight Lifting,best_rule,CON-FOLD (confidence_fit),Precision_Information_Gain,0.0,0.75,55.58071732521057,0,0,30
Weight Lifting,best_rule,CON-FOLD (confidence_fit),Precision_Information_Gain,0.0,0.75,54.61063480377197,0,0,30
Weight Lifting,best_rule,CON-FOLD (confidence_fit),Precision_Information_Gain,0.0,0.75,54.80108571052551,0,0,30
Weight Lifting,best_rule,CON-FOLD (confidence_fit),Precision_Information_Gain,0.0,0.75,56.21022367477417,0,0,30
Weight Lifting,best_rule,CON-FOLD (confidence_fit),Precision_Information_Gain,0.0,0.75,55.50694966316223,0,0,30
Weight Lifting,best_rule,CON-FOLD (confidence_fit),Precision_Information_Gain,0.0,0.75,56.2527539730072,0,0,30
Weight Lifting,best_rule,CON-FOLD (confidence_fit),Precision_Information_Gain,0.0,0.75,56.32178521156311,0,0,30
Weight Lifting,best_rule,CON-FOLD (confidence_fit),Precision_Information_Gain,0.0,0.75,56.362483739852905,0,0,30
Weight Lifting,best_rule,CON-FOLD (confidence_fit),Precision_Gini_Impurity,0.8273291925465839,0.8607254934018632,40369.80063343048,725,689,30
Weight Lifting,best_rule,CON-FOLD (confidence_fit),Precision_Gini_Impurity,0.84472049689441,0.8641102837965215,41545.28929615021,772,737,30
Weight Lifting,best_rule,CON-FOLD (confidence_fit),Precision_Gini_Impurity,0.822360248447205,0.8559007851016148,42176.09704017639,775,720,30
Weight Lifting,best_rule,CON-FOLD (confidence_fit),Precision_Gini_Impurity,0.8173913043478261,0.8552547109303104,42309.498171806335,769,722,30
Weight Lifting,best_rule,CON-FOLD (confidence_fit),Precision_Gini_Impurity,0.8422360248447205,0.8650546016703107,42591.497527360916,762,719,30
Weight Lifting,best_rule,CON-FOLD (confidence_fit),Precision_Gini_Impurity,0.8024844720496894,0.8525587792196272,42804.231332063675,727,694,30
Weight Lifting,best_rule,CON-FOLD (confidence_fit),Precision_Gini_Impurity,0.8434782608695652,0.8660301920698137,42804.37779259682,764,726,30
Weight Lifting,best_rule,CON-FOLD (confidence_fit),Precision_Gini_Impurity,0.8347826086956521,0.864809302926211,42973.08806824684,782,748,30
Weight Lifting,best_rule,CON-FOLD (confidence_fit),Precision_Gini_Impurity,0.7975155279503106,0.8461115792537888,43038.70648479462,733,690,30
Weight Lifting,best_rule,CON-FOLD (confidence_fit),Precision_Gini_Impurity,0.8285714285714286,0.8585908221925467,43158.04071974754,797,755,30
Weight Lifting,best_rule,CON-FOLD (confidence_fit),Precision_Gini_Impurity,0.8260869565217391,0.8604716758582608,43192.55550146103,782,725,30
Weight Lifting,best_rule,CON-FOLD (confidence_fit),Precision_Gini_Impurity,0.8248447204968944,0.8615278348644722,43204.752027988434,780,730,30
Weight Lifting,best_rule,CON-FOLD (confidence_fit),Precision_Gini_Impurity,0.8173913043478261,0.8576944023899379,43522.68130016327,749,713,30
Weight Lifting,best_rule,CON-FOLD (confidence_fit),Precision_Gini_Impurity,0.7888198757763976,0.8440696781040997,43623.206191539764,802,745,30
Weight Lifting,best_rule,CON-FOLD (confidence_fit),Precision_Gini_Impurity,0.8149068322981367,0.8533132597716768,43713.99823093414,765,726,30
Weight Lifting,best_rule,CON-FOLD (confidence_fit),Precision_Gini_Impurity,0.8049689440993789,0.8501265492828574,43824.3404750824,769,733,30
Weight Lifting,best_rule,CON-FOLD (confidence_fit),Precision_Gini_Impurity,0.7987577639751553,0.8463563358511801,43929.036037921906,816,773,30
Weight Lifting,best_rule,CON-FOLD (confidence_fit),Precision_Gini_Impurity,0.8136645962732919,0.8503988750685714,44011.62409424782,792,728,30
Weight Lifting,best_rule,CON-FOLD (confidence_fit),Precision_Gini_Impurity,0.8260869565217391,0.8577289967074535,44036.83639216423,810,748,30
Weight Lifting,best_rule,CON-FOLD (confidence_fit),Precision_Gini_Impurity,0.8124223602484472,0.8503664061778883,44137.798923015594,790,756,30
Weight Lifting,best_rule,CON-FOLD (confidence_fit),Precision_Gini_Impurity,0.8124223602484472,0.8570021703714288,44159.821878671646,770,727,30
Weight Lifting,best_rule,CON-FOLD (confidence_fit),Precision_Gini_Impurity,0.8248447204968944,0.8530718432152794,44255.41388249397,828,759,30
Weight Lifting,best_rule,CON-FOLD (confidence_fit),Precision_Gini_Impurity,0.8322981366459627,0.8622993500116769,44290.32859277725,818,772,30
Weight Lifting,best_rule,CON-FOLD (confidence_fit),Precision_Gini_Impurity,0.8,0.8477917863716771,44326.29297041893,796,742,30
Weight Lifting,best_rule,CON-FOLD (confidence_fit),Precision_Gini_Impurity,0.7987577639751553,0.8511071724464597,44354.152034044266,769,732,30
Weight Lifting,best_rule,CON-FOLD (confidence_fit),Precision_Gini_Impurity,0.8111801242236025,0.8490389546627329,44420.518733501434,796,743,30
Weight Lifting,best_rule,CON-FOLD (confidence_fit),Precision_Gini_Impurity,0.7950310559006211,0.8413935133196274,44448.202509880066,808,762,30
Weight Lifting,best_rule,CON-FOLD (confidence_fit),Precision_Gini_Impurity,0.8136645962732919,0.841628882770062,44500.885417699814,780,759,30
Weight Lifting,best_rule,CON-FOLD (confidence_fit),Precision_Gini_Impurity,0.8111801242236025,0.8476166585957765,44556.02416181564,821,773,30
Weight Lifting,best_rule,CON-FOLD (confidence_fit),Precision_Gini_Impurity,0.8,0.846260166014783,44559.444195985794,808,753,30
Weight Lifting,info_gain,FOLD-RM (fit),original,0.9987577639751553,0.9984783171521739,20.186742067337036,14,16,30
Weight Lifting,info_gain,FOLD-RM (fit),original,1.0,0.9995669998557764,20.184947729110718,14,15,30
Weight Lifting,info_gain,FOLD-RM (fit),original,1.0,0.999543201324472,20.345810890197754,14,15,30
Weight Lifting,info_gain,FOLD-RM (fit),original,0.9987577639751553,0.9987517504855901,22.208109617233276,16,18,30
Weight Lifting,info_gain,FOLD-RM (fit),original,0.9987577639751553,0.998765100106708,22.345882415771484,15,16,30
Weight Lifting,info_gain,FOLD-RM (fit),original,1.0,0.9998811007631055,22.32120132446289,15,16,30
Weight Lifting,info_gain,FOLD-RM (fit),original,1.0,0.9999141139524224,22.540411949157715,15,17,30
Weight Lifting,info_gain,FOLD-RM (fit),original,1.0,0.9999052411746584,22.640647649765015,15,17,30
Weight Lifting,info_gain,FOLD-RM (fit),original,1.0,0.9997379471720497,73.66752600669861,9,12,30
Weight Lifting,info_gain,FOLD-RM (fit),original,0.9987577639751553,0.9980276408819876,87.29198360443115,14,15,30
Weight Lifting,info_gain,FOLD-RM (fit),original,1.0,0.9997446366500621,88.08873462677002,14,14,30
Weight Lifting,info_gain,FOLD-RM (fit),original,0.9987577639751553,0.998475120148323,89.17803955078125,14,15,30
Weight Lifting,info_gain,FOLD-RM (fit),original,0.9987577639751553,0.9984440093268323,90.02605175971985,14,15,30
Weight Lifting,info_gain,FOLD-RM (fit),original,0.9987577639751553,0.9984754815499379,91.17592191696167,14,15,30
Weight Lifting,info_gain,FOLD-RM (fit),original,1.0,0.9997655040208696,92.25839924812317,14,15,30
Weight Lifting,info_gain,FOLD-RM (fit),original,1.0,0.9997029485782609,93.38134956359863,14,15,30
Weight Lifting,info_gain,FOLD-RM (fit),original,0.9975155279503105,0.9972233053817391,93.51763820648193,14,16,30
Weight Lifting,info_gain,FOLD-RM (fit),original,0.9987577639751553,0.9984999385407454,95.6576042175293,15,16,30
Weight Lifting,info_gain,FOLD-RM (fit),original,0.9987577639751553,0.9985251223198758,96.98335981369019,15,16,30
Weight Lifting,info_gain,FOLD-RM (fit),original,1.0,0.9996729144910559,97.69005680084229,15,17,30
Weight Lifting,info_gain,FOLD-RM (fit),original,0.9975155279503105,0.9974384247796274,98.81958770751953,15,18,30
Weight Lifting,info_gain,FOLD-RM (fit),original,0.9975155279503105,0.9969371135598758,100.53312540054321,15,17,30
Weight Lifting,info_gain,FOLD-RM (fit),original,0.9962732919254659,0.9957178725064596,100.78109979629517,15,17,30
Weight Lifting,info_gain,FOLD-RM (fit),original,0.9987577639751553,0.9986890294767702,100.79765558242798,14,18,30
Weight Lifting,info_gain,FOLD-RM (fit),original,0.9987577639751553,0.9986895847578883,100.85318422317505,15,17,30
Weight Lifting,info_gain,FOLD-RM (fit),original,0.9987577639751553,0.9985066536140372,101.32299494743347,15,16,30
Weight Lifting,info_gain,FOLD-RM (fit),original,1.0,0.9998983279874534,101.52066564559937,15,17,30
Weight Lifting,info_gain,FOLD-RM (fit),original,1.0,0.9992697452612422,101.60012555122375,15,16,30
Weight Lifting,info_gain,FOLD-RM (fit),original,0.9987577639751553,0.9987152298880745,102.52191090583801,15,19,30
Weight Lifting,info_gain,FOLD-RM (fit),original,1.0,0.9996722288689441,102.79980731010437,15,17,30
Weight Lifting,info_gain,FOLD-RM (fit),information_gain,1.0,0.9995363267074534,37.23570966720581,13,13,30
Weight Lifting,info_gain,FOLD-RM (fit),information_gain,0.9987577639751553,0.9982132026973912,38.30091834068298,12,11,30
Weight Lifting,info_gain,FOLD-RM (fit),information_gain,0.9217391304347826,0.9355498920409935,38.45314574241638,12,10,30
Weight Lifting,info_gain,FOLD-RM (fit),information_gain,0.9987577639751553,0.9984182100443478,39.52258515357971,13,12,30
Weight Lifting,info_gain,FOLD-RM (fit),information_gain,0.9267080745341615,0.9385564706458388,39.94072103500366,13,11,30
Weight Lifting,info_gain,FOLD-RM (fit),information_gain,0.929192546583851,0.941220560743478,39.73415660858154,13,12,30
Weight Lifting,info_gain,FOLD-RM (fit),information_gain,0.9975155279503105,0.9973752789797516,40.18419790267944,12,11,30
Weight Lifting,info_gain,FOLD-RM (fit),information_gain,0.9987577639751553,0.9985858094973913,40.166858196258545,12,11,30
Weight Lifting,info_gain,FOLD-RM (fit),information_gain,0.9975155279503105,0.9968244210208695,40.171574115753174,13,12,30
Weight Lifting,info_gain,FOLD-RM (fit),information_gain,0.9416149068322981,0.9493748020265838,40.369225025177,12,10,30
Weight Lifting,info_gain,FOLD-RM (fit),information_gain,0.9403726708074535,0.9480313714967702,40.553672790527344,12,10,30
Weight Lifting,info_gain,FOLD-RM (fit),information_gain,0.9987577639751553,0.9985981656058385,40.77005982398987,12,11,30
Weight Lifting,info_gain,FOLD-RM (fit),information_gain,0.9440993788819876,0.9507038289834787,41.310662508010864,13,12,30
Weight Lifting,info_gain,FOLD-RM (fit),information_gain,0.9987577639751553,0.9992501424603727,41.40195369720459,13,12,30
Weight Lifting,info_gain,FOLD-RM (fit),information_gain,1.0,0.9995326645926708,41.324923515319824,13,12,30
Weight Lifting,info_gain,FOLD-RM (fit),information_gain,0.9950310559006211,0.9951856327786335,41.653541803359985,12,11,30
Weight Lifting,info_gain,FOLD-RM (fit),information_gain,0.937888198757764,0.9461224272949069,41.4046425819397,12,11,30
Weight Lifting,info_gain,FOLD-RM (fit),information_gain,0.9950310559006211,0.9956935801791305,41.57749080657959,13,12,30
Weight Lifting,info_gain,FOLD-RM (fit),information_gain,0.9987577639751553,0.9985123973008696,42.37242865562439,13,12,30
Weight Lifting,info_gain,FOLD-RM (fit),information_gain,1.0,0.9997538368180124,42.75921106338501,13,12,30
Weight Lifting,info_gain,FOLD-RM (fit),information_gain,1.0,0.9995680829812422,42.505428314208984,13,12,30
Weight Lifting,info_gain,FOLD-RM (fit),information_gain,0.9366459627329192,0.9453977889154035,42.64409589767456,13,12,30
Weight Lifting,info_gain,FOLD-RM (fit),information_gain,0.9975155279503105,0.99726246797118,42.8268940448761,14,15,30
Weight Lifting,info_gain,FOLD-RM (fit),information_gain,0.9975155279503105,0.9970796190700622,42.983171463012695,13,14,30
Weight Lifting,info_gain,FOLD-RM (fit),information_gain,0.9987577639751553,0.9983079372031056,43.7082040309906,14,15,30
Weight Lifting,info_gain,FOLD-RM (fit),information_gain,0.9987577639751553,0.9984804542649689,43.697072982788086,13,14,30
Weight Lifting,info_gain,FOLD-RM (fit),information_gain,0.9453416149068323,0.9513575134947828,43.68365955352783,13,11,30
Weight Lifting,info_gain,FOLD-RM (fit),information_gain,0.9267080745341615,0.9383905374688198,43.68933463096619,14,12,30
Weight Lifting,info_gain,FOLD-RM (fit),information_gain,0.9962732919254659,0.9960644747439752,43.58087158203125,12,13,30
Weight Lifting,info_gain,FOLD-RM (fit),information_gain,0.9975155279503105,0.9971552947129193,43.81961679458618,15,16,30
Weight Lifting,info_gain,FOLD-RM (fit),Gini_Impurity,0.0,0.75,39.55761981010437,0,0,30
Weight Lifting,info_gain,FOLD-RM (fit),Gini_Impurity,0.0,0.75,46.057533979415894,0,0,30
Weight Lifting,info_gain,FOLD-RM (fit),Gini_Impurity,0.0,0.75,51.19998335838318,0,0,30
Weight Lifting,info_gain,FOLD-RM (fit),Gini_Impurity,0.0,0.75,52.0704665184021,1,3,30
Weight Lifting,info_gain,FOLD-RM (fit),Gini_Impurity,0.0,0.75,64.51884651184082,0,0,30
Weight Lifting,info_gain,FOLD-RM (fit),Gini_Impurity,0.0,0.75,67.85623693466187,1,4,30
Weight Lifting,info_gain,FOLD-RM (fit),Gini_Impurity,0.0,0.75,68.71446824073792,0,0,30
Weight Lifting,info_gain,FOLD-RM (fit),Gini_Impurity,0.0,0.75,69.85569453239441,0,0,30
Weight Lifting,info_gain,FOLD-RM (fit),Gini_Impurity,0.0,0.75,71.63418006896973,1,3,30
Weight Lifting,info_gain,FOLD-RM (fit),Gini_Impurity,0.0,0.75,82.2162914276123,3,7,30
Weight Lifting,info_gain,FOLD-RM (fit),Gini_Impurity,0.002484472049689441,0.7501180124223603,86.81586122512817,4,9,30
Weight Lifting,info_gain,FOLD-RM (fit),Gini_Impurity,0.0012422360248447205,0.7500590062111802,88.98109579086304,2,5,30
Weight Lifting,info_gain,FOLD-RM (fit),Gini_Impurity,0.0012422360248447205,0.7500590062111802,90.12426972389221,3,8,30
Weight Lifting,info_gain,FOLD-RM (fit),Gini_Impurity,0.0,0.75,96.51280236244202,4,9,30
Weight Lifting,info_gain,FOLD-RM (fit),Gini_Impurity,0.002484472049689441,0.7500527950310559,100.92237734794617,5,11,30
Weight Lifting,info_gain,FOLD-RM (fit),Gini_Impurity,0.0012422360248447205,0.7500590062111802,107.1067361831665,5,12,30
Weight Lifting,info_gain,FOLD-RM (fit),Gini_Impurity,0.0,0.75,111.578937292099,5,11,30
Weight Lifting,info_gain,FOLD-RM (fit),Gini_Impurity,0.0,0.75,113.53806924819946,6,13,30
Weight Lifting,info_gain,FOLD-RM (fit),Gini_Impurity,0.007453416149068323,0.7503540372670808,118.2874698638916,5,13,30
Weight Lifting,info_gain,FOLD-RM (fit),Gini_Impurity,0.0037267080745341614,0.7501770186335404,118.9744222164154,6,13,30
Weight Lifting,info_gain,FOLD-RM (fit),Gini_Impurity,0.002484472049689441,0.7501180124223603,121.2266047000885,8,17,30
Weight Lifting,info_gain,FOLD-RM (fit),Gini_Impurity,0.0012422360248447205,0.7499937888198758,121.52881169319153,5,11,30
Weight Lifting,info_gain,FOLD-RM (fit),Gini_Impurity,0.0,0.75,128.066965341568,5,12,30
Weight Lifting,info_gain,FOLD-RM (fit),Gini_Impurity,0.0012422360248447205,0.7500590062111802,134.82933735847473,5,13,30
Weight Lifting,info_gain,FOLD-RM (fit),Gini_Impurity,0.002484472049689441,0.7500527950310559,134.93255805969238,9,20,30
Weight Lifting,info_gain,FOLD-RM (fit),Gini_Impurity,0.0,0.7499347826086956,137.10483407974243,11,24,30
Weight Lifting,info_gain,FOLD-RM (fit),Gini_Impurity,0.002484472049689441,0.7500527950310559,138.22716522216797,10,22,30
Weight Lifting,info_gain,FOLD-RM (fit),Gini_Impurity,0.002484472049689441,0.7501180124223603,138.36152505874634,10,22,30
Weight Lifting,info_gain,FOLD-RM (fit),Gini_Impurity,0.002484472049689441,0.7501180124223603,139.64316582679749,11,24,30
Weight Lifting,info_gain,FOLD-RM (fit),Gini_Impurity,0.002484472049689441,0.7501180124223603,147.77874279022217,22,46,30
Weight Lifting,info_gain,FOLD-RM (fit),Precision_Information_Gain,0.0,0.75,30.22608256340027,0,0,30
Weight Lifting,info_gain,FOLD-RM (fit),Precision_Information_Gain,0.0,0.75,30.921911239624023,0,0,30
Weight Lifting,info_gain,FOLD-RM (fit),Precision_Information_Gain,0.0,0.75,30.95637559890747,0,0,30
Weight Lifting,info_gain,FOLD-RM (fit),Precision_Information_Gain,0.0,0.75,31.08245062828064,0,0,30
Weight Lifting,info_gain,FOLD-RM (fit),Precision_Information_Gain,0.0,0.75,31.04811668395996,0,0,30
Weight Lifting,info_gain,FOLD-RM (fit),Precision_Information_Gain,0.0,0.75,30.99639868736267,0,0,30
Weight Lifting,info_gain,FOLD-RM (fit),Precision_Information_Gain,0.0,0.75,31.704142808914185,0,0,30
Weight Lifting,info_gain,FOLD-RM (fit),Precision_Information_Gain,0.0,0.75,32.408403158187866,0,0,30
Weight Lifting,info_gain,FOLD-RM (fit),Precision_Information_Gain,0.0,0.75,32.519535064697266,0,0,30
Weight Lifting,info_gain,FOLD-RM (fit),Precision_Information_Gain,0.0,0.75,32.9714994430542,0,0,30
Weight Lifting,info_gain,FOLD-RM (fit),Precision_Information_Gain,0.0,0.75,33.773805141448975,0,0,30
Weight Lifting,info_gain,FOLD-RM (fit),Precision_Information_Gain,0.0,0.75,33.9292516708374,0,0,30
Weight Lifting,info_gain,FOLD-RM (fit),Precision_Information_Gain,0.0,0.75,34.83950424194336,0,0,30
Weight Lifting,info_gain,FOLD-RM (fit),Precision_Information_Gain,0.0,0.75,36.07069659233093,0,0,30
Weight Lifting,info_gain,FOLD-RM (fit),Precision_Information_Gain,0.0,0.75,36.461167335510254,0,0,30
Weight Lifting,info_gain,FOLD-RM (fit),Precision_Information_Gain,0.0,0.75,37.60749816894531,0,0,30
Weight Lifting,info_gain,FOLD-RM (fit),Precision_Information_Gain,0.0,0.75,38.40344285964966,0,0,30
Weight Lifting,info_gain,FOLD-RM (fit),Precision_Information_Gain,0.0,0.75,39.15653991699219,0,0,30
Weight Lifting,info_gain,FOLD-RM (fit),Precision_Information_Gain,0.0,0.75,38.71930909156799,0,0,30
Weight Lifting,info_gain,FOLD-RM (fit),Precision_Information_Gain,0.0,0.75,38.89229726791382,0,0,30
Weight Lifting,info_gain,FOLD-RM (fit),Precision_Information_Gain,0.0,0.75,39.173863887786865,0,0,30
Weight Lifting,info_gain,FOLD-RM (fit),Precision_Information_Gain,0.0,0.75,38.99007439613342,0,0,30
Weight Lifting,info_gain,FOLD-RM (fit),Precision_Information_Gain,0.0,0.75,39.538126707077026,0,0,30
Weight Lifting,info_gain,FOLD-RM (fit),Precision_Information_Gain,0.0,0.75,39.09080481529236,0,0,30
Weight Lifting,info_gain,FOLD-RM (fit),Precision_Information_Gain,0.0,0.75,39.45766878128052,0,0,30
Weight Lifting,info_gain,FOLD-RM (fit),Precision_Information_Gain,0.0,0.75,39.27636384963989,0,0,30
Weight Lifting,info_gain,FOLD-RM (fit),Precision_Information_Gain,0.0,0.75,39.36652898788452,0,0,30
Weight Lifting,info_gain,FOLD-RM (fit),Precision_Information_Gain,0.0,0.75,39.810017585754395,0,0,30
Weight Lifting,info_gain,FOLD-RM (fit),Precision_Information_Gain,0.0,0.75,39.792789936065674,0,0,30
Weight Lifting,info_gain,FOLD-RM (fit),Precision_Information_Gain,0.0,0.75,39.57499647140503,0,0,30
Weight Lifting,info_gain,FOLD-RM (fit),Precision_Gini_Impurity,0.8397515527950311,0.8738702790413664,13768.848468065262,1007,918,30
Weight Lifting,info_gain,FOLD-RM (fit),Precision_Gini_Impurity,0.8149068322981367,0.8654086894029813,14265.63931298256,986,891,30
Weight Lifting,info_gain,FOLD-RM (fit),Precision_Gini_Impurity,0.831055900621118,0.8644957014489442,14307.723872423172,1017,900,30
Weight Lifting,info_gain,FOLD-RM (fit),Precision_Gini_Impurity,0.8049689440993789,0.8483962095324221,14441.104183912277,987,897,30
Weight Lifting,info_gain,FOLD-RM (fit),Precision_Gini_Impurity,0.8173913043478261,0.8619561336849689,14450.910480499268,999,918,30
Weight Lifting,info_gain,FOLD-RM (fit),Precision_Gini_Impurity,0.8049689440993789,0.8546499848596273,14501.520733356476,993,928,30
Weight Lifting,info_gain,FOLD-RM (fit),Precision_Gini_Impurity,0.8111801242236025,0.8563881707255898,14503.591749429703,1055,953,30
Weight Lifting,info_gain,FOLD-RM (fit),Precision_Gini_Impurity,0.8198757763975155,0.857173141108944,14582.738956451416,1018,935,30
Weight Lifting,info_gain,FOLD-RM (fit),Precision_Gini_Impurity,0.8335403726708075,0.8664712185209937,14684.066329956055,999,913,30
Weight Lifting,info_gain,FOLD-RM (fit),Precision_Gini_Impurity,0.8397515527950311,0.8621359296275773,14770.53679895401,1004,913,30
Weight Lifting,info_gain,FOLD-RM (fit),Precision_Gini_Impurity,0.8149068322981367,0.8576055801590062,14774.496151447296,1023,944,30
Weight Lifting,info_gain,FOLD-RM (fit),Precision_Gini_Impurity,0.8136645962732919,0.855665524366708,14875.776165008545,983,898,30
Weight Lifting,info_gain,FOLD-RM (fit),Precision_Gini_Impurity,0.8074534161490683,0.8538972399857142,14895.17354130745,982,909,30
Weight Lifting,info_gain,FOLD-RM (fit),Precision_Gini_Impurity,0.8149068322981367,0.8578599848308076,14946.901066303253,1026,922,30
Weight Lifting,info_gain,FOLD-RM (fit),Precision_Gini_Impurity,0.8173913043478261,0.8605261747083229,14969.65395450592,983,905,30
Weight Lifting,info_gain,FOLD-RM (fit),Precision_Gini_Impurity,0.8161490683229814,0.8578539328549071,14976.017350673676,999,909,30
Weight Lifting,info_gain,FOLD-RM (fit),Precision_Gini_Impurity,0.8012422360248447,0.856700298917143,15001.10597538948,974,888,30
Weight Lifting,info_gain,FOLD-RM (fit),Precision_Gini_Impurity,0.8335403726708075,0.8690437113864597,15006.533004760742,996,899,30
Weight Lifting,info_gain,FOLD-RM (fit),Precision_Gini_Impurity,0.8111801242236025,0.8555348273104348,15010.93843793869,991,905,30
Weight Lifting,info_gain,FOLD-RM (fit),Precision_Gini_Impurity,0.8149068322981367,0.8540815516319255,15015.168066263199,985,910,30
Weight Lifting,info_gain,FOLD-RM (fit),Precision_Gini_Impurity,0.8260869565217391,0.8593830420039752,15017.901483297348,940,886,30
Weight Lifting,info_gain,FOLD-RM (fit),Precision_Gini_Impurity,0.8322981366459627,0.8576586483431057,15027.097995519638,1011,914,30
Weight Lifting,info_gain,FOLD-RM (fit),Precision_Gini_Impurity,0.7950310559006211,0.846204314332795,15034.887845039368,1015,912,30
Weight Lifting,info_gain,FOLD-RM (fit),Precision_Gini_Impurity,0.8186335403726708,0.8606283020319251,15054.205403804779,980,891,30
Weight Lifting,info_gain,FOLD-RM (fit),Precision_Gini_Impurity,0.8273291925465839,0.8633882381159007,15067.809542417526,962,882,30
Weight Lifting,info_gain,FOLD-RM (fit),Precision_Gini_Impurity,0.8161490683229814,0.8536502094740375,15073.461743831635,969,886,30
Weight Lifting,info_gain,FOLD-RM (fit),Precision_Gini_Impurity,0.7801242236024845,0.8436836989401241,15087.721948623657,999,925,30
Weight Lifting,info_gain,FOLD-RM (fit),Precision_Gini_Impurity,0.8074534161490683,0.8504715544298134,15092.6726167202,1003,896,30
Weight Lifting,info_gain,FOLD-RM (fit),Precision_Gini_Impurity,0.8397515527950311,0.862228989832174,15097.253759145737,1007,925,30
Weight Lifting,info_gain,FOLD-RM (fit),Precision_Gini_Impurity,0.8236024844720496,0.8590908500962731,15106.52237701416,1001,919,30
Weight Lifting,info_gain,CON-FOLD (confidence_fit),original,0.9937888198757764,0.9933761712018633,111.13302445411682,12,11,30
Weight Lifting,info_gain,CON-FOLD (confidence_fit),original,0.9987577639751553,0.9986485552289441,113.73796892166138,12,13,30
Weight Lifting,info_gain,CON-FOLD (confidence_fit),original,0.9987577639751553,0.9986643245413664,118.30131506919861,12,12,30
Weight Lifting,info_gain,CON-FOLD (confidence_fit),original,0.9925465838509316,0.9923781655037267,119.25573396682739,12,11,30
Weight Lifting,info_gain,CON-FOLD (confidence_fit),original,0.9888198757763975,0.9886897035125466,119.35252213478088,12,12,30
Weight Lifting,info_gain,CON-FOLD (confidence_fit),original,0.9937888198757764,0.9932951942315528,120.07084560394287,13,14,30
Weight Lifting,info_gain,CON-FOLD (confidence_fit),original,0.9875776397515528,0.9876869831147826,120.16928386688232,13,14,30
Weight Lifting,info_gain,CON-FOLD (confidence_fit),original,0.9950310559006211,0.994955578529441,123.74213480949402,12,12,30
Weight Lifting,info_gain,CON-FOLD (confidence_fit),original,0.9962732919254659,0.9962175257832299,124.00746011734009,13,13,30
Weight Lifting,info_gain,CON-FOLD (confidence_fit),original,0.986335403726708,0.9864568746890683,123.97906804084778,12,12,30
Weight Lifting,info_gain,CON-FOLD (confidence_fit),original,0.9975155279503105,0.9972517451869565,124.0589714050293,13,12,30
Weight Lifting,info_gain,CON-FOLD (confidence_fit),original,0.9900621118012423,0.9895964758402485,124.60654854774475,12,12,30
Weight Lifting,info_gain,CON-FOLD (confidence_fit),original,0.9888198757763975,0.9890297149004968,126.78299188613892,13,14,30
Weight Lifting,info_gain,CON-FOLD (confidence_fit),original,0.9900621118012423,0.9900920803637266,126.96998834609985,12,11,30
Weight Lifting,info_gain,CON-FOLD (confidence_fit),original,0.9850931677018634,0.985131622326584,127.02390146255493,12,12,30
Weight Lifting,info_gain,CON-FOLD (confidence_fit),original,0.9937888198757764,0.9935667203265839,128.1560137271881,13,14,30
Weight Lifting,info_gain,CON-FOLD (confidence_fit),original,0.9937888198757764,0.9933325452696894,130.07659578323364,13,14,30
Weight Lifting,info_gain,CON-FOLD (confidence_fit),original,0.9987577639751553,0.9986182971889441,130.78735446929932,10,13,30
Weight Lifting,info_gain,CON-FOLD (confidence_fit),original,0.9888198757763975,0.9887107029677019,132.37905168533325,13,13,30
Weight Lifting,info_gain,CON-FOLD (confidence_fit),original,0.991304347826087,0.9911532935390062,132.65357160568237,13,14,30
Weight Lifting,info_gain,CON-FOLD (confidence_fit),original,0.9925465838509316,0.9926372900373914,132.8524670600891,13,14,30
Weight Lifting,info_gain,CON-FOLD (confidence_fit),original,0.9925465838509316,0.9922655642724224,133.20877599716187,13,14,30
Weight Lifting,info_gain,CON-FOLD (confidence_fit),original,0.9875776397515528,0.987657303850559,133.40217471122742,11,14,30
Weight Lifting,info_gain,CON-FOLD (confidence_fit),original,0.9937888198757764,0.9936083770418634,134.8261501789093,13,13,30
Weight Lifting,info_gain,CON-FOLD (confidence_fit),original,0.9962732919254659,0.9958297325857143,133.96951293945312,13,13,30
Weight Lifting,info_gain,CON-FOLD (confidence_fit),original,0.9937888198757764,0.9935040819154038,135.80585765838623,13,13,30
Weight Lifting,info_gain,CON-FOLD (confidence_fit),original,0.991304347826087,0.9911398285976397,134.8290457725525,13,14,30
Weight Lifting,info_gain,CON-FOLD (confidence_fit),original,0.991304347826087,0.9908037025432299,137.49266695976257,12,14,30
Weight Lifting,info_gain,CON-FOLD (confidence_fit),original,0.9875776397515528,0.9874453599575156,137.89186453819275,12,14,30
Weight Lifting,info_gain,CON-FOLD (confidence_fit),original,0.9875776397515528,0.9876242047498136,137.95910382270813,11,14,30
Weight Lifting,info_gain,CON-FOLD (confidence_fit),information_gain,0.9391304347826087,0.9469223083791308,24.937617778778076,6,6,30
Weight Lifting,info_gain,CON-FOLD (confidence_fit),information_gain,0.9267080745341615,0.9389901803660871,25.001241207122803,6,6,30
Weight Lifting,info_gain,CON-FOLD (confidence_fit),information_gain,0.915527950310559,0.931170043402733,28.242694854736328,6,6,30
Weight Lifting,info_gain,CON-FOLD (confidence_fit),information_gain,0.9316770186335404,0.9418946741962735,28.593014001846313,6,6,30
Weight Lifting,info_gain,CON-FOLD (confidence_fit),information_gain,0.9416149068322981,0.9485484955765217,29.05372643470764,6,6,30
Weight Lifting,info_gain,CON-FOLD (confidence_fit),information_gain,1.0,0.9994562529890684,29.232125997543335,13,12,30
Weight Lifting,info_gain,CON-FOLD (confidence_fit),information_gain,0.915527950310559,0.9310960717678262,29.210904598236084,6,6,30
Weight Lifting,info_gain,CON-FOLD (confidence_fit),information_gain,1.0,0.999670603502236,29.35646080970764,13,12,30
Weight Lifting,info_gain,CON-FOLD (confidence_fit),information_gain,1.0,0.999686651767205,29.583779335021973,13,12,30
Weight Lifting,info_gain,CON-FOLD (confidence_fit),information_gain,0.9403726708074535,0.9482776250376398,29.451085090637207,6,6,30
Weight Lifting,info_gain,CON-FOLD (confidence_fit),information_gain,0.9180124223602485,0.932887674337764,29.331777811050415,6,6,30
Weight Lifting,info_gain,CON-FOLD (confidence_fit),information_gain,0.924223602484472,0.9373974102409943,29.432374238967896,6,6,30
Weight Lifting,info_gain,CON-FOLD (confidence_fit),information_gain,1.0,0.999627243216149,29.510685920715332,13,12,30
Weight Lifting,info_gain,CON-FOLD (confidence_fit),information_gain,0.9329192546583851,0.9432903866400002,29.694748163223267,6,6,30
Weight Lifting,info_gain,CON-FOLD (confidence_fit),information_gain,0.9987577639751553,0.9982334831320497,29.600964307785034,12,11,30
Weight Lifting,info_gain,CON-FOLD (confidence_fit),information_gain,1.0,0.9996609074990062,29.871641874313354,13,12,30
Weight Lifting,info_gain,CON-FOLD (confidence_fit),information_gain,0.9975155279503105,0.9972041722529192,30.349611282348633,13,12,30
Weight Lifting,info_gain,CON-FOLD (confidence_fit),information_gain,0.9204968944099379,0.9346667759054664,30.360291957855225,6,6,30
Weight Lifting,info_gain,CON-FOLD (confidence_fit),information_gain,0.9987577639751553,0.9985579532484472,30.50311803817749,12,12,30
Weight Lifting,info_gain,CON-FOLD (confidence_fit),information_gain,0.9987577639751553,0.9985529863708075,30.588626623153687,12,12,30
Weight Lifting,info_gain,CON-FOLD (confidence_fit),information_gain,1.0,0.9995015768983851,30.804694414138794,12,12,30
Weight Lifting,info_gain,CON-FOLD (confidence_fit),information_gain,1.0,0.9996970084996273,31.279873847961426,12,12,30
Weight Lifting,info_gain,CON-FOLD (confidence_fit),information_gain,0.9975155279503105,0.9970387707490683,31.36950969696045,12,12,30
Weight Lifting,info_gain,CON-FOLD (confidence_fit),information_gain,0.9316770186335404,0.9422806548831052,31.52010154724121,6,6,30
Weight Lifting,info_gain,CON-FOLD (confidence_fit),information_gain,0.991304347826087,0.9914789841621119,31.66829490661621,11,12,30
Weight Lifting,info_gain,CON-FOLD (confidence_fit),information_gain,0.9962732919254659,0.9958559344100621,32.20465540885925,11,12,30
Weight Lifting,info_gain,CON-FOLD (confidence_fit),information_gain,0.9962732919254659,0.9960518099839752,32.302300691604614,12,13,30
Weight Lifting,info_gain,CON-FOLD (confidence_fit),information_gain,0.9950310559006211,0.9949373500718013,32.24472427368164,12,13,30
Weight Lifting,info_gain,CON-FOLD (confidence_fit),information_gain,0.9962732919254659,0.9957938119863354,32.62956929206848,12,13,30
Weight Lifting,info_gain,CON-FOLD (confidence_fit),information_gain,0.9962732919254659,0.9958351093551553,32.39135456085205,11,12,30
Weight Lifting,info_gain,CON-FOLD (confidence_fit),Gini_Impurity,0.0,0.75,45.80473875999451,0,0,30
Weight Lifting,info_gain,CON-FOLD (confidence_fit),Gini_Impurity,0.0,0.75,50.19045114517212,0,0,30
Weight Lifting,info_gain,CON-FOLD (confidence_fit),Gini_Impurity,0.0,0.75,50.5785071849823,0,0,30
Weight Lifting,info_gain,CON-FOLD (confidence_fit),Gini_Impurity,0.0,0.75,51.12971758842468,0,0,30
Weight Lifting,info_gain,CON-FOLD (confidence_fit),Gini_Impurity,0.0,0.75,51.705735206604004,0,0,30
Weight Lifting,info_gain,CON-FOLD (confidence_fit),Gini_Impurity,0.0,0.75,52.83156132698059,1,3,30
Weight Lifting,info_gain,CON-FOLD (confidence_fit),Gini_Impurity,0.0,0.75,53.445194721221924,1,3,30
Weight Lifting,info_gain,CON-FOLD (confidence_fit),Gini_Impurity,0.0,0.75,53.769026041030884,0,0,30
Weight Lifting,info_gain,CON-FOLD (confidence_fit),Gini_Impurity,0.0,0.75,54.8665611743927,1,3,30
Weight Lifting,info_gain,CON-FOLD (confidence_fit),Gini_Impurity,0.0,0.75,57.639798641204834,1,3,30
Weight Lifting,info_gain,CON-FOLD (confidence_fit),Gini_Impurity,0.0012422360248447205,0.7500590062111802,61.38475942611694,1,3,30
Weight Lifting,info_gain,CON-FOLD (confidence_fit),Gini_Impurity,0.0,0.75,66.11404061317444,1,4,30
Weight Lifting,info_gain,CON-FOLD (confidence_fit),Gini_Impurity,0.0,0.75,67.0027585029602,2,5,30
Weight Lifting,info_gain,CON-FOLD (confidence_fit),Gini_Impurity,0.0,0.75,67.00651717185974,2,5,30
Weight Lifting,info_gain,CON-FOLD (confidence_fit),Gini_Impurity,0.0,0.75,69.15659022331238,1,3,30
Weight Lifting,info_gain,CON-FOLD (confidence_fit),Gini_Impurity,0.0,0.75,70.36535954475403,1,3,30
Weight Lifting,info_gain,CON-FOLD (confidence_fit),Gini_Impurity,0.0,0.75,74.0523989200592,3,7,30
Weight Lifting,info_gain,CON-FOLD (confidence_fit),Gini_Impurity,0.0,0.75,77.9944007396698,1,4,30
Weight Lifting,info_gain,CON-FOLD (confidence_fit),Gini_Impurity,0.0,0.7499347826086956,82.22160291671753,2,5,30
Weight Lifting,info_gain,CON-FOLD (confidence_fit),Gini_Impurity,0.0,0.75,86.65656089782715,5,11,30
Weight Lifting,info_gain,CON-FOLD (confidence_fit),Gini_Impurity,0.0,0.75,93.21147108078003,5,12,30
Weight Lifting,info_gain,CON-FOLD (confidence_fit),Gini_Impurity,0.0012422360248447205,0.7500590062111802,98.00378131866455,4,9,30
Weight Lifting,info_gain,CON-FOLD (confidence_fit),Gini_Impurity,0.002484472049689441,0.7501180124223603,98.38722133636475,7,16,30
Weight Lifting,info_gain,CON-FOLD (confidence_fit),Gini_Impurity,0.0012422360248447205,0.7499937888198758,98.87398624420166,4,9,30
Weight Lifting,info_gain,CON-FOLD (confidence_fit),Gini_Impurity,0.0012422360248447205,0.7500590062111802,99.42938041687012,7,16,30
Weight Lifting,info_gain,CON-FOLD (confidence_fit),Gini_Impurity,0.002484472049689441,0.7501180124223603,99.79908156394958,6,13,30
Weight Lifting,info_gain,CON-FOLD (confidence_fit),Gini_Impurity,0.0,0.7499347826086956,103.05568790435791,6,13,30
Weight Lifting,info_gain,CON-FOLD (confidence_fit),Gini_Impurity,0.004968944099378882,0.7502360248447205,102.9128839969635,9,19,30
Weight Lifting,info_gain,CON-FOLD (confidence_fit),Gini_Impurity,0.0012422360248447205,0.749863354037267,105.6330394744873,7,16,30
Weight Lifting,info_gain,CON-FOLD (confidence_fit),Gini_Impurity,0.002484472049689441,0.7501180124223603,106.70943331718445,10,23,30
Weight Lifting,info_gain,CON-FOLD (confidence_fit),Precision_Information_Gain,0.0,0.75,27.117554664611816,0,0,30
Weight Lifting,info_gain,CON-FOLD (confidence_fit),Precision_Information_Gain,0.0,0.75,28.333743810653687,0,0,30
Weight Lifting,info_gain,CON-FOLD (confidence_fit),Precision_Information_Gain,0.0,0.75,28.399694442749023,0,0,30
Weight Lifting,info_gain,CON-FOLD (confidence_fit),Precision_Information_Gain,0.0,0.75,29.546027898788452,0,0,30
Weight Lifting,info_gain,CON-FOLD (confidence_fit),Precision_Information_Gain,0.0,0.75,30.123140573501587,0,0,30
Weight Lifting,info_gain,CON-FOLD (confidence_fit),Precision_Information_Gain,0.0,0.75,30.332621335983276,0,0,30
Weight Lifting,info_gain,CON-FOLD (confidence_fit),Precision_Information_Gain,0.0,0.75,30.752424001693726,0,0,30
Weight Lifting,info_gain,CON-FOLD (confidence_fit),Precision_Information_Gain,0.0,0.75,30.461058616638184,0,0,30
Weight Lifting,info_gain,CON-FOLD (confidence_fit),Precision_Information_Gain,0.0,0.75,30.89794158935547,0,0,30
Weight Lifting,info_gain,CON-FOLD (confidence_fit),Precision_Information_Gain,0.0,0.75,31.5348699092865,0,0,30
Weight Lifting,info_gain,CON-FOLD (confidence_fit),Precision_Information_Gain,0.0,0.75,31.286521434783936,0,0,30
Weight Lifting,info_gain,CON-FOLD (confidence_fit),Precision_Information_Gain,0.0,0.75,31.667908906936646,0,0,30
Weight Lifting,info_gain,CON-FOLD (confidence_fit),Precision_Information_Gain,0.0,0.75,32.02252173423767,0,0,30
Weight Lifting,info_gain,CON-FOLD (confidence_fit),Precision_Information_Gain,0.0,0.75,32.65110158920288,0,0,30
Weight Lifting,info_gain,CON-FOLD (confidence_fit),Precision_Information_Gain,0.0,0.75,32.57798671722412,0,0,30
Weight Lifting,info_gain,CON-FOLD (confidence_fit),Precision_Information_Gain,0.0,0.75,32.84431314468384,0,0,30
Weight Lifting,info_gain,CON-FOLD (confidence_fit),Precision_Information_Gain,0.0,0.75,33.1099750995636,0,0,30
Weight Lifting,info_gain,CON-FOLD (confidence_fit),Precision_Information_Gain,0.0,0.75,33.4962260723114,0,0,30
Weight Lifting,info_gain,CON-FOLD (confidence_fit),Precision_Information_Gain,0.0,0.75,33.6598436832428,0,0,30
Weight Lifting,info_gain,CON-FOLD (confidence_fit),Precision_Information_Gain,0.0,0.75,34.164937019348145,0,0,30
Weight Lifting,info_gain,CON-FOLD (confidence_fit),Precision_Information_Gain,0.0,0.75,34.08321928977966,0,0,30
Weight Lifting,info_gain,CON-FOLD (confidence_fit),Precision_Information_Gain,0.0,0.75,34.109607219696045,0,0,30
Weight Lifting,info_gain,CON-FOLD (confidence_fit),Precision_Information_Gain,0.0,0.75,34.70472836494446,0,0,30
Weight Lifting,info_gain,CON-FOLD (confidence_fit),Precision_Information_Gain,0.0,0.75,35.06998586654663,0,0,30
Weight Lifting,info_gain,CON-FOLD (confidence_fit),Precision_Information_Gain,0.0,0.75,35.00974416732788,0,0,30
Weight Lifting,info_gain,CON-FOLD (confidence_fit),Precision_Information_Gain,0.0,0.75,34.923577070236206,0,0,30
Weight Lifting,info_gain,CON-FOLD (confidence_fit),Precision_Information_Gain,0.0,0.75,35.11430048942566,0,0,30
Weight Lifting,info_gain,CON-FOLD (confidence_fit),Precision_Information_Gain,0.0,0.75,35.32961368560791,0,0,30
Weight Lifting,info_gain,CON-FOLD (confidence_fit),Precision_Information_Gain,0.0,0.75,35.39544439315796,0,0,30
Weight Lifting,info_gain,CON-FOLD (confidence_fit),Precision_Information_Gain,0.0,0.75,35.06638550758362,0,0,30
Weight Lifting,info_gain,CON-FOLD (confidence_fit),Precision_Gini_Impurity,0.8360248447204969,0.8621362456206212,14680.533051729202,754,718,30
Weight Lifting,info_gain,CON-FOLD (confidence_fit),Precision_Gini_Impurity,0.8124223602484472,0.8578248362453416,14696.321666002274,780,737,30
Weight Lifting,info_gain,CON-FOLD (confidence_fit),Precision_Gini_Impurity,0.8347826086956521,0.858138628453292,14898.320729255676,810,758,30
Weight Lifting,info_gain,CON-FOLD (confidence_fit),Precision_Gini_Impurity,0.8037267080745342,0.853235489623851,14899.912618875504,775,736,30
Weight Lifting,info_gain,CON-FOLD (confidence_fit),Precision_Gini_Impurity,0.831055900621118,0.8609907834790063,14918.94189119339,781,722,30
Weight Lifting,info_gain,CON-FOLD (confidence_fit),Precision_Gini_Impurity,0.8037267080745342,0.8511440773096896,14995.893766880035,755,727,30
Weight Lifting,info_gain,CON-FOLD (confidence_fit),Precision_Gini_Impurity,0.8322981366459627,0.8587587507863353,15021.52774643898,749,721,30
Weight Lifting,info_gain,CON-FOLD (confidence_fit),Precision_Gini_Impurity,0.8459627329192546,0.8693202159643476,15029.509209632874,734,698,30
Weight Lifting,info_gain,CON-FOLD (confidence_fit),Precision_Gini_Impurity,0.8347826086956521,0.86449505756882,15092.705388069153,752,724,30
Weight Lifting,info_gain,CON-FOLD (confidence_fit),Precision_Gini_Impurity,0.8111801242236025,0.8519691340314286,15110.07091641426,792,745,30
Weight Lifting,info_gain,CON-FOLD (confidence_fit),Precision_Gini_Impurity,0.8124223602484472,0.84873565386882,15140.034796476364,774,733,30
Weight Lifting,info_gain,CON-FOLD (confidence_fit),Precision_Gini_Impurity,0.8260869565217391,0.8565154657383852,15191.471219778061,769,706,30
Weight Lifting,info_gain,CON-FOLD (confidence_fit),Precision_Gini_Impurity,0.8335403726708075,0.8621297336501861,15197.449212551117,745,708,30
Weight Lifting,info_gain,CON-FOLD (confidence_fit),Precision_Gini_Impurity,0.8298136645962733,0.864800150509938,15202.707942008972,749,709,30
Weight Lifting,info_gain,CON-FOLD (confidence_fit),Precision_Gini_Impurity,0.8236024844720496,0.8600538200858384,15224.318106412888,759,729,30
Weight Lifting,info_gain,CON-FOLD (confidence_fit),Precision_Gini_Impurity,0.8546583850931677,0.8626779609145343,15224.860437631607,797,757,30
Weight Lifting,info_gain,CON-FOLD (confidence_fit),Precision_Gini_Impurity,0.8372670807453416,0.863467808677143,15247.359600067139,775,721,30
Weight Lifting,info_gain,CON-FOLD (confidence_fit),Precision_Gini_Impurity,0.8211180124223603,0.8619915505332917,15260.445128679276,718,685,30
Weight Lifting,info_gain,CON-FOLD (confidence_fit),Precision_Gini_Impurity,0.8037267080745342,0.84963859516882,15291.095148086548,749,704,30
Weight Lifting,info_gain,CON-FOLD (confidence_fit),Precision_Gini_Impurity,0.8136645962732919,0.8579702069079503,15308.483442544937,751,703,30
Weight Lifting,info_gain,CON-FOLD (confidence_fit),Precision_Gini_Impurity,0.8124223602484472,0.8568698618248445,15325.826716184616,751,716,30
Weight Lifting,info_gain,CON-FOLD (confidence_fit),Precision_Gini_Impurity,0.8583850931677018,0.8728321831242236,15326.221568584442,774,733,30
Weight Lifting,info_gain,CON-FOLD (confidence_fit),Precision_Gini_Impurity,0.8037267080745342,0.84927731324559,15327.3662109375,779,729,30
Weight Lifting,info_gain,CON-FOLD (confidence_fit),Precision_Gini_Impurity,0.808695652173913,0.8544531023670807,15332.358397483826,814,758,30
Weight Lifting,info_gain,CON-FOLD (confidence_fit),Precision_Gini_Impurity,0.8335403726708075,0.8595360828156522,15374.636856555939,763,712,30
Weight Lifting,info_gain,CON-FOLD (confidence_fit),Precision_Gini_Impurity,0.8236024844720496,0.8645524595293166,15392.79223704338,765,733,30
Weight Lifting,info_gain,CON-FOLD (confidence_fit),Precision_Gini_Impurity,0.8074534161490683,0.852453738985093,15415.290883779526,734,702,30
Weight Lifting,info_gain,CON-FOLD (confidence_fit),Precision_Gini_Impurity,0.8322981366459627,0.861092935216025,15419.4146566391,764,728,30
Weight Lifting,info_gain,CON-FOLD (confidence_fit),Precision_Gini_Impurity,0.8211180124223603,0.8504472536724221,15419.41581606865,818,751,30
Weight Lifting,info_gain,CON-FOLD (confidence_fit),Precision_Gini_Impurity,0.8285714285714286,0.8562779389470807,15430.209752321243,758,721,30
Wall Robot,greedy,FOLD-RM (fit),original,0.98992673992674,0.9905280891902932,160.52032685279846,26,37,30
Wall Robot,greedy,FOLD-RM (fit),original,0.9880952380952381,0.9881875685209706,167.51196455955505,29,41,30
Wall Robot,greedy,FOLD-RM (fit),original,0.9945054945054945,0.9949488641199634,170.99361729621887,30,41,30
Wall Robot,greedy,FOLD-RM (fit),original,0.9917582417582418,0.9923596753471612,174.8528711795807,29,39,30
Wall Robot,greedy,FOLD-RM (fit),original,0.98992673992674,0.9903935681025641,180.19656324386597,31,44,30
Wall Robot,greedy,FOLD-RM (fit),original,0.9935897435897436,0.9931869550576924,180.9957685470581,29,39,30
Wall Robot,greedy,FOLD-RM (fit),original,0.9917582417582418,0.9926153402326922,187.60924291610718,31,41,30
Wall Robot,greedy,FOLD-RM (fit),original,0.9954212454212454,0.9949998934064103,178.86867952346802,33,45,30
Wall Robot,greedy,FOLD-RM (fit),original,0.9935897435897436,0.9933153092152015,190.69077849388123,28,38,30
Wall Robot,greedy,FOLD-RM (fit),original,0.9917582417582418,0.9923263463702381,192.50792407989502,29,41,30
Wall Robot,greedy,FOLD-RM (fit),original,1.0,0.9997680528038462,187.34220242500305,27,37,30
Wall Robot,greedy,FOLD-RM (fit),original,0.9954212454212454,0.9951904040468864,197.5097303390503,32,43,30
Wall Robot,greedy,FOLD-RM (fit),original,0.9862637362637363,0.9886094188120881,197.94993543624878,33,44,30
Wall Robot,greedy,FOLD-RM (fit),original,0.9926739926739927,0.9934685960784799,189.33207821846008,30,39,30
Wall Robot,greedy,FOLD-RM (fit),original,0.9963369963369964,0.9965649450013736,199.6247959136963,28,36,30
Wall Robot,greedy,FOLD-RM (fit),original,0.9954212454212454,0.9950999023818682,200.05922842025757,30,41,30
Wall Robot,greedy,FOLD-RM (fit),original,0.9935897435897436,0.9943615411421244,202.71929121017456,29,37,30
Wall Robot,greedy,FOLD-RM (fit),original,0.9926739926739927,0.9927544869680403,194.08290362358093,31,41,30
Wall Robot,greedy,FOLD-RM (fit),original,0.9926739926739927,0.9934493206047619,195.03183341026306,32,43,30
Wall Robot,greedy,FOLD-RM (fit),original,0.9945054945054945,0.9949771132128206,204.07742476463318,32,46,30
Wall Robot,greedy,FOLD-RM (fit),original,0.9935897435897436,0.9943144323927655,205.1879608631134,30,41,30
Wall Robot,greedy,FOLD-RM (fit),original,0.9880952380952381,0.9881847575987182,205.18343329429626,30,41,30
Wall Robot,greedy,FOLD-RM (fit),original,0.9908424908424909,0.99047693474011,205.43351030349731,33,43,30
Wall Robot,greedy,FOLD-RM (fit),original,0.9963369963369964,0.9958962019540293,196.68594646453857,31,43,30
Wall Robot,greedy,FOLD-RM (fit),original,0.9945054945054945,0.9943464849284799,196.90472865104675,30,40,30
Wall Robot,greedy,FOLD-RM (fit),original,0.989010989010989,0.9893831603088827,199.51442527770996,34,46,30
Wall Robot,greedy,FOLD-RM (fit),original,0.9945054945054945,0.9942433843478022,209.04298496246338,30,44,30
Wall Robot,greedy,FOLD-RM (fit),original,0.9908424908424909,0.9908360614445056,200.62606573104858,35,47,30
Wall Robot,greedy,FOLD-RM (fit),original,0.9945054945054945,0.9948892807910258,209.46956515312195,36,49,30
Wall Robot,greedy,FOLD-RM (fit),original,0.9908424908424909,0.9917163210873627,200.78382635116577,31,45,30
Wall Robot,greedy,FOLD-RM (fit),information_gain,0.0027472527472527475,0.7502760030878205,1.2720904350280762,2,2,30
Wall Robot,greedy,FOLD-RM (fit),information_gain,0.0018315018315018315,0.7500869963369964,1.367563247680664,3,3,30
Wall Robot,greedy,FOLD-RM (fit),information_gain,0.0027472527472527475,0.750227047725,1.4653971195220947,3,3,30
Wall Robot,greedy,FOLD-RM (fit),information_gain,0.0027472527472527475,0.7501515438684982,1.4864404201507568,3,3,30
Wall Robot,greedy,FOLD-RM (fit),information_gain,0.0009157509157509158,0.74995664867674,1.5032365322113037,3,3,30
Wall Robot,greedy,FOLD-RM (fit),information_gain,0.0009157509157509158,0.750075682575,1.7106053829193115,4,4,30
Wall Robot,greedy,FOLD-RM (fit),information_gain,0.0,0.7498072735852563,1.7422752380371094,4,4,30
Wall Robot,greedy,FOLD-RM (fit),information_gain,0.0009157509157509158,0.750075682575,1.7658751010894775,4,4,30
Wall Robot,greedy,FOLD-RM (fit),information_gain,0.0009157509157509158,0.7501192126167582,1.7200522422790527,4,4,30
Wall Robot,greedy,FOLD-RM (fit),information_gain,0.0,0.75,1.80283784866333,4,4,30
Wall Robot,greedy,FOLD-RM (fit),information_gain,0.0027472527472527475,0.7502760030878205,1.7040867805480957,3,3,30
Wall Robot,greedy,FOLD-RM (fit),information_gain,0.0027472527472527475,0.7502062089537546,1.7502529621124268,4,4,30
Wall Robot,greedy,FOLD-RM (fit),information_gain,0.0,0.75,1.706939697265625,4,4,30
Wall Robot,greedy,FOLD-RM (fit),information_gain,0.0018315018315018315,0.7502003205128205,1.7857272624969482,4,4,30
Wall Robot,greedy,FOLD-RM (fit),information_gain,0.0,0.7499091807434981,1.7301907539367676,4,4,30
Wall Robot,greedy,FOLD-RM (fit),information_gain,0.0,0.75,1.7138912677764893,4,4,30
Wall Robot,greedy,FOLD-RM (fit),information_gain,0.004578754578754579,0.7502827380952382,1.782322645187378,4,4,30
Wall Robot,greedy,FOLD-RM (fit),information_gain,0.0018315018315018315,0.7499961770804946,1.7247817516326904,4,4,30
Wall Robot,greedy,FOLD-RM (fit),information_gain,0.0027472527472527475,0.7501515438684981,1.8241088390350342,4,4,30
Wall Robot,greedy,FOLD-RM (fit),information_gain,0.0018315018315018315,0.7501146338621795,1.8139636516571045,4,4,30
Wall Robot,greedy,FOLD-RM (fit),information_gain,0.0009157509157509158,0.7501192126167582,1.7281231880187988,4,4,30
Wall Robot,greedy,FOLD-RM (fit),information_gain,0.0,0.75,1.7422220706939697,4,4,30
Wall Robot,greedy,FOLD-RM (fit),information_gain,0.0,0.75,1.7533929347991943,4,4,30
Wall Robot,greedy,FOLD-RM (fit),information_gain,0.0,0.75,1.78780198097229,4,4,30
Wall Robot,greedy,FOLD-RM (fit),information_gain,0.0009157509157509158,0.750075682575,1.7981042861938477,4,4,30
Wall Robot,greedy,FOLD-RM (fit),information_gain,0.0018315018315018315,0.75003233125174,1.8100836277008057,4,4,30
Wall Robot,greedy,FOLD-RM (fit),information_gain,0.0009157509157509158,0.7500283933602564,1.9732863903045654,5,5,30
Wall Robot,greedy,FOLD-RM (fit),information_gain,0.0018315018315018315,0.7498942699222528,1.869774580001831,4,4,30
Wall Robot,greedy,FOLD-RM (fit),information_gain,0.0027472527472527475,0.7500963373369047,1.4402437210083008,4,4,30
Wall Robot,greedy,FOLD-RM (fit),information_gain,0.0009157509157509158,0.7500283933602564,1.619896650314331,5,5,30
Wall Robot,greedy,FOLD-RM (fit),Gini_Impurity,0.0,0.75,16.095436811447144,0,0,30
Wall Robot,greedy,FOLD-RM (fit),Gini_Impurity,0.0,0.75,16.770859003067017,0,0,30
Wall Robot,greedy,FOLD-RM (fit),Gini_Impurity,0.0,0.75,16.85867404937744,0,0,30
Wall Robot,greedy,FOLD-RM (fit),Gini_Impurity,0.0,0.75,17.008213758468628,0,0,30
Wall Robot,greedy,FOLD-RM (fit),Gini_Impurity,0.0,0.75,18.142119884490967,0,0,30
Wall Robot,greedy,FOLD-RM (fit),Gini_Impurity,0.0,0.75,18.611010313034058,0,0,30
Wall Robot,greedy,FOLD-RM (fit),Gini_Impurity,0.0,0.75,18.564139127731323,0,0,30
Wall Robot,greedy,FOLD-RM (fit),Gini_Impurity,0.0,0.75,19.57124638557434,0,0,30
Wall Robot,greedy,FOLD-RM (fit),Gini_Impurity,0.0,0.75,20.269877195358276,0,0,30
Wall Robot,greedy,FOLD-RM (fit),Gini_Impurity,0.0,0.75,21.15464186668396,0,0,30
Wall Robot,greedy,FOLD-RM (fit),Gini_Impurity,0.0,0.75,28.350619316101074,0,0,30
Wall Robot,greedy,FOLD-RM (fit),Gini_Impurity,0.0,0.75,29.79827380180359,0,0,30
Wall Robot,greedy,FOLD-RM (fit),Gini_Impurity,0.0,0.75,30.65715527534485,0,0,30
Wall Robot,greedy,FOLD-RM (fit),Gini_Impurity,0.0,0.75,30.804935932159424,0,0,30
Wall Robot,greedy,FOLD-RM (fit),Gini_Impurity,0.0,0.75,31.833519458770752,0,0,30
Wall Robot,greedy,FOLD-RM (fit),Gini_Impurity,0.0,0.75,38.61895513534546,0,0,30
Wall Robot,greedy,FOLD-RM (fit),Gini_Impurity,0.0,0.75,39.49003267288208,0,0,30
Wall Robot,greedy,FOLD-RM (fit),Gini_Impurity,0.0,0.75,40.825453758239746,0,0,30
Wall Robot,greedy,FOLD-RM (fit),Gini_Impurity,0.0,0.75,41.90648055076599,0,0,30
Wall Robot,greedy,FOLD-RM (fit),Gini_Impurity,0.0,0.75,46.37456274032593,0,0,30
Wall Robot,greedy,FOLD-RM (fit),Gini_Impurity,0.0,0.75,47.30375671386719,0,0,30
Wall Robot,greedy,FOLD-RM (fit),Gini_Impurity,0.0,0.75,52.515549182891846,1,5,30
Wall Robot,greedy,FOLD-RM (fit),Gini_Impurity,0.0009157509157509158,0.7499410866549451,56.03712868690491,5,13,30
Wall Robot,greedy,FOLD-RM (fit),Gini_Impurity,0.0,0.749951923076923,56.12879538536072,2,7,30
Wall Robot,greedy,FOLD-RM (fit),Gini_Impurity,0.0,0.75,58.38756489753723,2,6,30
Wall Robot,greedy,FOLD-RM (fit),Gini_Impurity,0.0,0.75,59.2281277179718,1,4,30
Wall Robot,greedy,FOLD-RM (fit),Gini_Impurity,0.0009157509157509158,0.7499133058065934,59.68653440475464,2,7,30
Wall Robot,greedy,FOLD-RM (fit),Gini_Impurity,0.0009157509157509158,0.7499954212454212,60.0242555141449,1,3,30
Wall Robot,greedy,FOLD-RM (fit),Gini_Impurity,0.0,0.75,60.07385039329529,1,5,30
Wall Robot,greedy,FOLD-RM (fit),Gini_Impurity,0.0009157509157509158,0.7499954212454212,63.30157971382141,4,14,30
Wall Robot,greedy,FOLD-RM (fit),Precision_Information_Gain,0.0,0.75,0.6360354423522949,0,0,30
Wall Robot,greedy,FOLD-RM (fit),Precision_Information_Gain,0.0,0.75,0.6462850570678711,0,0,30
Wall Robot,greedy,FOLD-RM (fit),Precision_Information_Gain,0.0,0.75,0.642662525177002,0,0,30
Wall Robot,greedy,FOLD-RM (fit),Precision_Information_Gain,0.0,0.75,0.6666028499603271,0,0,30
Wall Robot,greedy,FOLD-RM (fit),Precision_Information_Gain,0.0,0.75,0.6687226295471191,0,0,30
Wall Robot,greedy,FOLD-RM (fit),Precision_Information_Gain,0.0,0.75,0.731907844543457,0,0,30
Wall Robot,greedy,FOLD-RM (fit),Precision_Information_Gain,0.0,0.75,0.7989041805267334,0,0,30
Wall Robot,greedy,FOLD-RM (fit),Precision_Information_Gain,0.0,0.75,0.7081842422485352,0,0,30
Wall Robot,greedy,FOLD-RM (fit),Precision_Information_Gain,0.0,0.75,0.8082404136657715,0,0,30
Wall Robot,greedy,FOLD-RM (fit),Precision_Information_Gain,0.0,0.75,0.7696537971496582,0,0,30
Wall Robot,greedy,FOLD-RM (fit),Precision_Information_Gain,0.0,0.75,0.7275710105895996,0,0,30
Wall Robot,greedy,FOLD-RM (fit),Precision_Information_Gain,0.0,0.75,0.7525079250335693,0,0,30
Wall Robot,greedy,FOLD-RM (fit),Precision_Information_Gain,0.0,0.75,0.8051917552947998,0,0,30
Wall Robot,greedy,FOLD-RM (fit),Precision_Information_Gain,0.0,0.75,0.8242053985595703,0,0,30
Wall Robot,greedy,FOLD-RM (fit),Precision_Information_Gain,0.0,0.75,0.9060468673706055,0,0,30
Wall Robot,greedy,FOLD-RM (fit),Precision_Information_Gain,0.0,0.75,0.8317501544952393,0,0,30
Wall Robot,greedy,FOLD-RM (fit),Precision_Information_Gain,0.0,0.75,0.8708822727203369,0,0,30
Wall Robot,greedy,FOLD-RM (fit),Precision_Information_Gain,0.0,0.75,0.8284096717834473,0,0,30
Wall Robot,greedy,FOLD-RM (fit),Precision_Information_Gain,0.0,0.75,0.9183564186096191,0,0,30
Wall Robot,greedy,FOLD-RM (fit),Precision_Information_Gain,0.0,0.75,0.9224026203155518,0,0,30
Wall Robot,greedy,FOLD-RM (fit),Precision_Information_Gain,0.0,0.75,0.8627283573150635,0,0,30
Wall Robot,greedy,FOLD-RM (fit),Precision_Information_Gain,0.0,0.75,0.8541123867034912,0,0,30
Wall Robot,greedy,FOLD-RM (fit),Precision_Information_Gain,0.0,0.75,0.9223537445068359,0,0,30
Wall Robot,greedy,FOLD-RM (fit),Precision_Information_Gain,0.0,0.75,0.8626575469970703,0,0,30
Wall Robot,greedy,FOLD-RM (fit),Precision_Information_Gain,0.0,0.75,0.9263851642608643,0,0,30
Wall Robot,greedy,FOLD-RM (fit),Precision_Information_Gain,0.0,0.75,0.8703100681304932,0,0,30
Wall Robot,greedy,FOLD-RM (fit),Precision_Information_Gain,0.0,0.75,0.8651063442230225,0,0,30
Wall Robot,greedy,FOLD-RM (fit),Precision_Information_Gain,0.0,0.75,0.9217963218688965,0,0,30
Wall Robot,greedy,FOLD-RM (fit),Precision_Information_Gain,0.0,0.75,0.8393487930297852,0,0,30
Wall Robot,greedy,FOLD-RM (fit),Precision_Information_Gain,0.0,0.75,0.9262712001800537,0,0,30
Wall Robot,greedy,FOLD-RM (fit),Precision_Gini_Impurity,0.3498168498168498,0.8195149435282969,744.2823181152344,341,390,30
Wall Robot,greedy,FOLD-RM (fit),Precision_Gini_Impurity,0.336996336996337,0.8194960704924905,756.2975361347198,321,333,30
Wall Robot,greedy,FOLD-RM (fit),Precision_Gini_Impurity,0.36355311355311354,0.8237314885174907,765.6722087860107,325,349,30
Wall Robot,greedy,FOLD-RM (fit),Precision_Gini_Impurity,0.38461538461538464,0.8263412950456956,793.75949883461,352,408,30
Wall Robot,greedy,FOLD-RM (fit),Precision_Gini_Impurity,0.36446886446886445,0.822738092721795,794.9601745605469,333,375,30
Wall Robot,greedy,FOLD-RM (fit),Precision_Gini_Impurity,0.3516483516483517,0.820406906379212,797.1753187179565,325,366,30
Wall Robot,greedy,FOLD-RM (fit),Precision_Gini_Impurity,0.38644688644688646,0.8281180429607147,814.3061101436615,338,374,30
Wall Robot,greedy,FOLD-RM (fit),Precision_Gini_Impurity,0.31868131868131866,0.8071245039881868,818.283433675766,332,366,30
Wall Robot,greedy,FOLD-RM (fit),Precision_Gini_Impurity,0.3626373626373626,0.8210397489597985,823.722861289978,325,353,30
Wall Robot,greedy,FOLD-RM (fit),Precision_Gini_Impurity,0.36355311355311354,0.8236900099389199,824.1615784168243,341,396,30
Wall Robot,greedy,FOLD-RM (fit),Precision_Gini_Impurity,0.39377289377289376,0.8346478031316852,845.9430272579193,352,367,30
Wall Robot,greedy,FOLD-RM (fit),Precision_Gini_Impurity,0.3534798534798535,0.8229471049277473,894.9093933105469,351,413,30
Wall Robot,greedy,FOLD-RM (fit),Precision_Gini_Impurity,0.36813186813186816,0.826208544521429,898.8431172370911,360,415,30
Wall Robot,greedy,FOLD-RM (fit),Precision_Gini_Impurity,0.43956043956043955,0.8372631941967028,969.0517194271088,401,457,30
Wall Robot,greedy,FOLD-RM (fit),Precision_Gini_Impurity,0.42948717948717946,0.8361091211737173,1042.1279683113098,437,489,30
Wall Robot,greedy,FOLD-RM (fit),Precision_Gini_Impurity,0.47893772893772896,0.8474010298609889,1098.2483682632446,454,519,30
Wall Robot,greedy,FOLD-RM (fit),Precision_Gini_Impurity,0.46703296703296704,0.8345921773046707,1101.6851432323456,465,515,30
Wall Robot,greedy,FOLD-RM (fit),Precision_Gini_Impurity,0.4175824175824176,0.8273152845310442,1110.057326078415,432,499,30
Wall Robot,greedy,FOLD-RM (fit),Precision_Gini_Impurity,0.47619047619047616,0.8402567727420329,1163.53058218956,474,535,30
Wall Robot,greedy,FOLD-RM (fit),Precision_Gini_Impurity,0.48626373626373626,0.8385675550501831,1195.6073820590973,511,574,30
Wall Robot,greedy,FOLD-RM (fit),Precision_Gini_Impurity,0.48534798534798534,0.8495606984407509,1210.5827329158783,525,582,30
Wall Robot,greedy,FOLD-RM (fit),Precision_Gini_Impurity,0.5064102564102564,0.8352141235489015,1229.131151676178,507,588,30
Wall Robot,greedy,FOLD-RM (fit),Precision_Gini_Impurity,0.5073260073260073,0.8423159050429492,1236.1463510990143,566,634,30
Wall Robot,greedy,FOLD-RM (fit),Precision_Gini_Impurity,0.5027472527472527,0.8510655730140105,1244.0607471466064,534,635,30
Wall Robot,greedy,FOLD-RM (fit),Precision_Gini_Impurity,0.4899267399267399,0.8523830465297619,1258.0032150745392,539,617,30
Wall Robot,greedy,FOLD-RM (fit),Precision_Gini_Impurity,0.5173992673992674,0.8477454227258244,1264.268695116043,526,620,30
Wall Robot,greedy,FOLD-RM (fit),Precision_Gini_Impurity,0.5228937728937729,0.8559277471466115,1294.2020010948181,564,663,30
Wall Robot,greedy,FOLD-RM (fit),Precision_Gini_Impurity,0.5686813186813187,0.8589442456673079,1294.7115235328674,555,654,30
Wall Robot,greedy,FOLD-RM (fit),Precision_Gini_Impurity,0.5576923076923077,0.8481256317335166,1295.5357413291931,591,661,30
Wall Robot,greedy,FOLD-RM (fit),Precision_Gini_Impurity,0.5476190476190477,0.8418941153018316,1300.8779003620148,638,737,30
Wall Robot,greedy,CON-FOLD (confidence_fit),original,0.9862637362637363,0.9865253482875459,127.22761130332947,14,16,30
Wall Robot,greedy,CON-FOLD (confidence_fit),original,0.9789377289377289,0.9791983760209706,155.17341995239258,19,23,30
Wall Robot,greedy,CON-FOLD (confidence_fit),original,0.9816849816849816,0.9825861949109891,165.688383102417,20,25,30
Wall Robot,greedy,CON-FOLD (confidence_fit),original,0.9688644688644689,0.9700836921967033,168.35623908042908,18,22,30
Wall Robot,greedy,CON-FOLD (confidence_fit),original,0.9789377289377289,0.9804016088073261,169.24643111228943,19,22,30
Wall Robot,greedy,CON-FOLD (confidence_fit),original,0.989010989010989,0.9888345398228021,176.76867580413818,19,25,30
Wall Robot,greedy,CON-FOLD (confidence_fit),original,0.9716117216117216,0.9719518557107145,179.92753767967224,17,21,30
Wall Robot,greedy,CON-FOLD (confidence_fit),original,0.9826007326007326,0.9841784456984433,180.21886587142944,18,21,30
Wall Robot,greedy,CON-FOLD (confidence_fit),original,0.9752747252747253,0.975439475556044,182.2585186958313,18,22,30
Wall Robot,greedy,CON-FOLD (confidence_fit),original,0.9862637362637363,0.9861051230633702,183.78525924682617,22,25,30
Wall Robot,greedy,CON-FOLD (confidence_fit),original,0.9761904761904762,0.9770109960431317,183.72321939468384,19,23,30
Wall Robot,greedy,CON-FOLD (confidence_fit),original,0.9880952380952381,0.9886361732258241,185.35984992980957,20,25,30
Wall Robot,greedy,CON-FOLD (confidence_fit),original,0.9771062271062271,0.9787018312141027,185.53924465179443,19,22,30
Wall Robot,greedy,CON-FOLD (confidence_fit),original,0.9560439560439561,0.959520987432509,186.63990712165833,17,23,30
Wall Robot,greedy,CON-FOLD (confidence_fit),original,0.9743589743589743,0.9757186037170331,187.8235592842102,20,25,30
Wall Robot,greedy,CON-FOLD (confidence_fit),original,0.9688644688644689,0.9709471284886445,187.81855750083923,18,21,30
Wall Robot,greedy,CON-FOLD (confidence_fit),original,0.9706959706959707,0.9721635137880038,188.11545872688293,20,23,30
Wall Robot,greedy,CON-FOLD (confidence_fit),original,0.9826007326007326,0.9831099664273809,189.30679750442505,20,25,30
Wall Robot,greedy,CON-FOLD (confidence_fit),original,0.9816849816849816,0.9822683088519231,191.27795028686523,20,27,30
Wall Robot,greedy,CON-FOLD (confidence_fit),original,0.9752747252747253,0.9760724827981679,192.55472993850708,18,22,30
Wall Robot,greedy,CON-FOLD (confidence_fit),original,0.978021978021978,0.9788161730902013,192.60069704055786,21,25,30
Wall Robot,greedy,CON-FOLD (confidence_fit),original,0.9826007326007326,0.983364572677747,193.88780117034912,21,27,30
Wall Robot,greedy,CON-FOLD (confidence_fit),original,0.9798534798534798,0.9808394070838826,194.32202458381653,19,26,30
Wall Robot,greedy,CON-FOLD (confidence_fit),original,0.9716117216117216,0.972477941708242,195.14177870750427,18,22,30
Wall Robot,greedy,CON-FOLD (confidence_fit),original,0.9761904761904762,0.9769274663606226,195.97262382507324,18,23,30
Wall Robot,greedy,CON-FOLD (confidence_fit),original,0.9798534798534798,0.9802153753597069,197.19195365905762,21,26,30
Wall Robot,greedy,CON-FOLD (confidence_fit),original,0.978021978021978,0.9790803625071433,197.22164964675903,21,24,30
Wall Robot,greedy,CON-FOLD (confidence_fit),original,0.956959706959707,0.9601617903203301,198.00889992713928,18,20,30
Wall Robot,greedy,CON-FOLD (confidence_fit),original,0.9798534798534798,0.9806387698570516,198.21837329864502,18,21,30
Wall Robot,greedy,CON-FOLD (confidence_fit),original,0.9752747252747253,0.9769188068347066,198.28908729553223,21,26,30
Wall Robot,greedy,CON-FOLD (confidence_fit),information_gain,0.003663003663003663,0.7502873168498169,1.3484485149383545,3,3,30
Wall Robot,greedy,CON-FOLD (confidence_fit),information_gain,0.0009157509157509158,0.7501001602564102,1.3956027030944824,3,3,30
Wall Robot,greedy,CON-FOLD (confidence_fit),information_gain,0.0009157509157509158,0.750075682575,1.4410820007324219,3,3,30
Wall Robot,greedy,CON-FOLD (confidence_fit),information_gain,0.003663003663003663,0.7503027303,1.5275328159332275,3,3,30
Wall Robot,greedy,CON-FOLD (confidence_fit),information_gain,0.0009157509157509158,0.7501192126167582,1.5049126148223877,3,3,30
Wall Robot,greedy,CON-FOLD (confidence_fit),information_gain,0.0018315018315018315,0.7500869963369964,1.5767877101898193,4,4,30
Wall Robot,greedy,CON-FOLD (confidence_fit),information_gain,0.0009157509157509158,0.7501192126167582,1.6963598728179932,4,4,30
Wall Robot,greedy,CON-FOLD (confidence_fit),information_gain,0.003663003663003663,0.7502127894832418,1.6526460647583008,4,4,30
Wall Robot,greedy,CON-FOLD (confidence_fit),information_gain,0.0009157509157509158,0.7495672335248169,1.6174533367156982,4,4,30
Wall Robot,greedy,CON-FOLD (confidence_fit),information_gain,0.0027472527472527475,0.750147225615293,1.716195821762085,4,4,30
Wall Robot,greedy,CON-FOLD (confidence_fit),information_gain,0.0,0.75,1.7789692878723145,4,4,30
Wall Robot,greedy,CON-FOLD (confidence_fit),information_gain,0.0,0.75,1.7383038997650146,4,4,30
Wall Robot,greedy,CON-FOLD (confidence_fit),information_gain,0.0009157509157509158,0.7501192126167582,1.7708759307861328,4,4,30
Wall Robot,greedy,CON-FOLD (confidence_fit),information_gain,0.0,0.7498183614869963,1.6721312999725342,4,4,30
Wall Robot,greedy,CON-FOLD (confidence_fit),information_gain,0.0009157509157509158,0.750075682575,1.7892837524414062,4,4,30
Wall Robot,greedy,CON-FOLD (confidence_fit),information_gain,0.0018315018315018315,0.7501146338621795,1.7070684432983398,4,4,30
Wall Robot,greedy,CON-FOLD (confidence_fit),information_gain,0.0,0.7498072735852563,1.7823317050933838,4,4,30
Wall Robot,greedy,CON-FOLD (confidence_fit),information_gain,0.0027472527472527475,0.7501851838313187,1.7273316383361816,4,4,30
Wall Robot,greedy,CON-FOLD (confidence_fit),information_gain,0.0009157509157509158,0.750075682575,1.7116680145263672,4,4,30
Wall Robot,greedy,CON-FOLD (confidence_fit),information_gain,0.0009157509157509158,0.7501001602564102,1.7386107444763184,4,4,30
Wall Robot,greedy,CON-FOLD (confidence_fit),information_gain,0.0009157509157509158,0.7498829561602565,1.719801664352417,4,4,30
Wall Robot,greedy,CON-FOLD (confidence_fit),information_gain,0.0009157509157509158,0.7497940847367217,1.7827529907226562,4,4,30
Wall Robot,greedy,CON-FOLD (confidence_fit),information_gain,0.0018315018315018315,0.7499961770804946,1.8203253746032715,4,4,30
Wall Robot,greedy,CON-FOLD (confidence_fit),information_gain,0.0009157509157509158,0.750075682575,1.8182930946350098,4,4,30
Wall Robot,greedy,CON-FOLD (confidence_fit),information_gain,0.003663003663003663,0.7502664382320513,1.8166539669036865,4,4,30
Wall Robot,greedy,CON-FOLD (confidence_fit),information_gain,0.0009157509157509158,0.7498829561602565,1.8049676418304443,4,4,30
Wall Robot,greedy,CON-FOLD (confidence_fit),information_gain,0.0009157509157509158,0.7499848633184982,1.8722259998321533,5,5,30
Wall Robot,greedy,CON-FOLD (confidence_fit),information_gain,0.0009157509157509158,0.7499848633184982,1.450629711151123,4,4,30
Wall Robot,greedy,CON-FOLD (confidence_fit),information_gain,0.0018315018315018315,0.7502003205128205,1.4580092430114746,4,4,30
Wall Robot,greedy,CON-FOLD (confidence_fit),information_gain,0.923992673992674,0.9346384656829665,3.675798177719116,10,10,30
Wall Robot,greedy,CON-FOLD (confidence_fit),Gini_Impurity,0.0,0.75,15.560195684432983,0,0,30
Wall Robot,greedy,CON-FOLD (confidence_fit),Gini_Impurity,0.0,0.75,16.479559183120728,0,0,30
Wall Robot,greedy,CON-FOLD (confidence_fit),Gini_Impurity,0.0,0.75,16.86778950691223,0,0,30
Wall Robot,greedy,CON-FOLD (confidence_fit),Gini_Impurity,0.0,0.75,16.858620643615723,0,0,30
Wall Robot,greedy,CON-FOLD (confidence_fit),Gini_Impurity,0.0,0.75,17.286078929901123,0,0,30
Wall Robot,greedy,CON-FOLD (confidence_fit),Gini_Impurity,0.0,0.75,17.753116607666016,0,0,30
Wall Robot,greedy,CON-FOLD (confidence_fit),Gini_Impurity,0.0,0.75,18.609227657318115,0,0,30
Wall Robot,greedy,CON-FOLD (confidence_fit),Gini_Impurity,0.0,0.75,18.79398488998413,0,0,30
Wall Robot,greedy,CON-FOLD (confidence_fit),Gini_Impurity,0.0,0.75,19.5745849609375,0,0,30
Wall Robot,greedy,CON-FOLD (confidence_fit),Gini_Impurity,0.0,0.75,19.92337942123413,0,0,30
Wall Robot,greedy,CON-FOLD (confidence_fit),Gini_Impurity,0.0,0.75,20.694580554962158,0,0,30
Wall Robot,greedy,CON-FOLD (confidence_fit),Gini_Impurity,0.0,0.75,29.48311734199524,0,0,30
Wall Robot,greedy,CON-FOLD (confidence_fit),Gini_Impurity,0.0,0.75,31.622597455978394,0,0,30
Wall Robot,greedy,CON-FOLD (confidence_fit),Gini_Impurity,0.0,0.75,33.47904133796692,0,0,30
Wall Robot,greedy,CON-FOLD (confidence_fit),Gini_Impurity,0.0,0.75,40.22377943992615,0,0,30
Wall Robot,greedy,CON-FOLD (confidence_fit),Gini_Impurity,0.0,0.75,41.31376504898071,0,0,30
Wall Robot,greedy,CON-FOLD (confidence_fit),Gini_Impurity,0.0,0.75,42.034019231796265,0,0,30
Wall Robot,greedy,CON-FOLD (confidence_fit),Gini_Impurity,0.0,0.75,43.46981191635132,0,0,30
Wall Robot,greedy,CON-FOLD (confidence_fit),Gini_Impurity,0.0,0.75,43.883405447006226,0,0,30
Wall Robot,greedy,CON-FOLD (confidence_fit),Gini_Impurity,0.0,0.75,44.09896779060364,1,3,30
Wall Robot,greedy,CON-FOLD (confidence_fit),Gini_Impurity,0.0,0.75,44.66382169723511,3,7,30
Wall Robot,greedy,CON-FOLD (confidence_fit),Gini_Impurity,0.0,0.75,57.00311732292175,1,4,30
Wall Robot,greedy,CON-FOLD (confidence_fit),Gini_Impurity,0.0,0.75,59.32241630554199,1,4,30
Wall Robot,greedy,CON-FOLD (confidence_fit),Gini_Impurity,0.0018315018315018315,0.7500389194139194,60.42945218086243,3,7,30
Wall Robot,greedy,CON-FOLD (confidence_fit),Gini_Impurity,0.0,0.749951923076923,63.868247985839844,2,8,30
Wall Robot,greedy,CON-FOLD (confidence_fit),Gini_Impurity,0.0,0.75,64.15067219734192,1,4,30
Wall Robot,greedy,CON-FOLD (confidence_fit),Gini_Impurity,0.0009157509157509158,0.7500434981684982,67.84757018089294,2,7,30
Wall Robot,greedy,CON-FOLD (confidence_fit),Gini_Impurity,0.0,0.749951923076923,68.09641528129578,2,5,30
Wall Robot,greedy,CON-FOLD (confidence_fit),Gini_Impurity,0.0009157509157509158,0.7499954212454212,70.53688311576843,5,16,30
Wall Robot,greedy,CON-FOLD (confidence_fit),Gini_Impurity,0.0,0.75,72.23298597335815,4,12,30
Wall Robot,greedy,CON-FOLD (confidence_fit),Precision_Information_Gain,0.0,0.75,0.4820575714111328,0,0,30
Wall Robot,greedy,CON-FOLD (confidence_fit),Precision_Information_Gain,0.0,0.75,0.5648667812347412,0,0,30
Wall Robot,greedy,CON-FOLD (confidence_fit),Precision_Information_Gain,0.0,0.75,0.61053466796875,0,0,30
Wall Robot,greedy,CON-FOLD (confidence_fit),Precision_Information_Gain,0.0,0.75,0.6210923194885254,0,0,30
Wall Robot,greedy,CON-FOLD (confidence_fit),Precision_Information_Gain,0.0,0.75,0.7328295707702637,0,0,30
Wall Robot,greedy,CON-FOLD (confidence_fit),Precision_Information_Gain,0.0,0.75,0.7632431983947754,0,0,30
Wall Robot,greedy,CON-FOLD (confidence_fit),Precision_Information_Gain,0.0,0.75,0.7985846996307373,0,0,30
Wall Robot,greedy,CON-FOLD (confidence_fit),Precision_Information_Gain,0.0,0.75,0.7898626327514648,0,0,30
Wall Robot,greedy,CON-FOLD (confidence_fit),Precision_Information_Gain,0.0,0.75,0.8299133777618408,0,0,30
Wall Robot,greedy,CON-FOLD (confidence_fit),Precision_Information_Gain,0.0,0.75,0.8134891986846924,0,0,30
Wall Robot,greedy,CON-FOLD (confidence_fit),Precision_Information_Gain,0.0,0.75,0.9073154926300049,0,0,30
Wall Robot,greedy,CON-FOLD (confidence_fit),Precision_Information_Gain,0.0,0.75,0.7507009506225586,0,0,30
Wall Robot,greedy,CON-FOLD (confidence_fit),Precision_Information_Gain,0.0,0.75,0.8046722412109375,0,0,30
Wall Robot,greedy,CON-FOLD (confidence_fit),Precision_Information_Gain,0.0,0.75,0.8367404937744141,0,0,30
Wall Robot,greedy,CON-FOLD (confidence_fit),Precision_Information_Gain,0.0,0.75,0.8458602428436279,0,0,30
Wall Robot,greedy,CON-FOLD (confidence_fit),Precision_Information_Gain,0.0,0.75,0.7612979412078857,0,0,30
Wall Robot,greedy,CON-FOLD (confidence_fit),Precision_Information_Gain,0.0,0.75,0.8677265644073486,0,0,30
Wall Robot,greedy,CON-FOLD (confidence_fit),Precision_Information_Gain,0.0,0.75,0.8361189365386963,0,0,30
Wall Robot,greedy,CON-FOLD (confidence_fit),Precision_Information_Gain,0.0,0.75,0.867290735244751,0,0,30
Wall Robot,greedy,CON-FOLD (confidence_fit),Precision_Information_Gain,0.0,0.75,0.9324474334716797,0,0,30
Wall Robot,greedy,CON-FOLD (confidence_fit),Precision_Information_Gain,0.0,0.75,0.9325578212738037,0,0,30
Wall Robot,greedy,CON-FOLD (confidence_fit),Precision_Information_Gain,0.0,0.75,0.8031914234161377,0,0,30
Wall Robot,greedy,CON-FOLD (confidence_fit),Precision_Information_Gain,0.0,0.75,0.9439947605133057,0,0,30
Wall Robot,greedy,CON-FOLD (confidence_fit),Precision_Information_Gain,0.0,0.75,0.8729510307312012,0,0,30
Wall Robot,greedy,CON-FOLD (confidence_fit),Precision_Information_Gain,0.0,0.75,0.8402965068817139,0,0,30
Wall Robot,greedy,CON-FOLD (confidence_fit),Precision_Information_Gain,0.0,0.75,0.8562021255493164,0,0,30
Wall Robot,greedy,CON-FOLD (confidence_fit),Precision_Information_Gain,0.0,0.75,0.8562021255493164,0,0,30
Wall Robot,greedy,CON-FOLD (confidence_fit),Precision_Information_Gain,0.0,0.75,0.8467576503753662,0,0,30
Wall Robot,greedy,CON-FOLD (confidence_fit),Precision_Information_Gain,0.0,0.75,0.8933427333831787,0,0,30
Wall Robot,greedy,CON-FOLD (confidence_fit),Precision_Information_Gain,0.0,0.75,0.7927348613739014,0,0,30
Wall Robot,greedy,CON-FOLD (confidence_fit),Precision_Gini_Impurity,0.41025641025641024,0.8307434813258241,780.1071507930756,106,120,30
Wall Robot,greedy,CON-FOLD (confidence_fit),Precision_Gini_Impurity,0.38186813186813184,0.8168914911085166,809.0845968723297,134,149,30
Wall Robot,greedy,CON-FOLD (confidence_fit),Precision_Gini_Impurity,0.35622710622710624,0.8142238630728027,821.893515586853,108,116,30
Wall Robot,greedy,CON-FOLD (confidence_fit),Precision_Gini_Impurity,0.41025641025641024,0.8272415059267398,829.0633308887482,124,143,30
Wall Robot,greedy,CON-FOLD (confidence_fit),Precision_Gini_Impurity,0.36355311355311354,0.8184678044391946,841.1253855228424,119,134,30
Wall Robot,greedy,CON-FOLD (confidence_fit),Precision_Gini_Impurity,0.41208791208791207,0.8289567889554946,843.1764409542084,134,157,30
Wall Robot,greedy,CON-FOLD (confidence_fit),Precision_Gini_Impurity,0.3791208791208791,0.8219969286130036,851.9746687412262,91,108,30
Wall Robot,greedy,CON-FOLD (confidence_fit),Precision_Gini_Impurity,0.3525641025641026,0.8234944283583331,867.6139676570892,93,108,30
Wall Robot,greedy,CON-FOLD (confidence_fit),Precision_Gini_Impurity,0.38095238095238093,0.8190304903003667,887.4871604442596,126,140,30
Wall Robot,greedy,CON-FOLD (confidence_fit),Precision_Gini_Impurity,0.3836996336996337,0.8304850077996336,903.7212340831757,106,128,30
Wall Robot,greedy,CON-FOLD (confidence_fit),Precision_Gini_Impurity,0.3901098901098901,0.8201035962766485,915.2743833065033,138,165,30
Wall Robot,greedy,CON-FOLD (confidence_fit),Precision_Gini_Impurity,0.38553113553113555,0.8211801373053111,923.8515944480896,125,149,30
Wall Robot,greedy,CON-FOLD (confidence_fit),Precision_Gini_Impurity,0.38553113553113555,0.8143234322565939,944.1375267505646,151,169,30
Wall Robot,greedy,CON-FOLD (confidence_fit),Precision_Gini_Impurity,0.4075091575091575,0.8246350612028386,979.7331006526947,140,163,30
Wall Robot,greedy,CON-FOLD (confidence_fit),Precision_Gini_Impurity,0.43040293040293043,0.8285710724691383,1003.01327085495,164,203,30
Wall Robot,greedy,CON-FOLD (confidence_fit),Precision_Gini_Impurity,0.4532967032967033,0.8369158695205132,1032.6663389205933,139,181,30
Wall Robot,greedy,CON-FOLD (confidence_fit),Precision_Gini_Impurity,0.4166666666666667,0.8219431377980772,1040.0799779891968,173,206,30
Wall Robot,greedy,CON-FOLD (confidence_fit),Precision_Gini_Impurity,0.49175824175824173,0.8406577219867212,1096.1534142494202,152,184,30
Wall Robot,greedy,CON-FOLD (confidence_fit),Precision_Gini_Impurity,0.46703296703296704,0.8331600951357139,1139.3649384975433,180,221,30
Wall Robot,greedy,CON-FOLD (confidence_fit),Precision_Gini_Impurity,0.5137362637362637,0.8341931436047619,1208.8968706130981,239,296,30
Wall Robot,greedy,CON-FOLD (confidence_fit),Precision_Gini_Impurity,0.5036630036630036,0.8387352600798528,1212.4597165584564,199,242,30
Wall Robot,greedy,CON-FOLD (confidence_fit),Precision_Gini_Impurity,0.4826007326007326,0.8317539217172163,1215.938930273056,205,259,30
Wall Robot,greedy,CON-FOLD (confidence_fit),Precision_Gini_Impurity,0.5311355311355311,0.8481400360379114,1225.2477283477783,188,241,30
Wall Robot,greedy,CON-FOLD (confidence_fit),Precision_Gini_Impurity,0.5393772893772893,0.8469681743168502,1252.9811353683472,261,324,30
Wall Robot,greedy,CON-FOLD (confidence_fit),Precision_Gini_Impurity,0.5824175824175825,0.8516883734569598,1259.2863111495972,308,370,30
Wall Robot,greedy,CON-FOLD (confidence_fit),Precision_Gini_Impurity,0.5375457875457875,0.8495460538037545,1270.4767272472382,280,333,30
Wall Robot,greedy,CON-FOLD (confidence_fit),Precision_Gini_Impurity,0.5384615384615384,0.8441994168555863,1280.9744918346405,269,335,30
Wall Robot,greedy,CON-FOLD (confidence_fit),Precision_Gini_Impurity,0.5586080586080586,0.8460120952630957,1284.4499809741974,286,362,30
Wall Robot,greedy,CON-FOLD (confidence_fit),Precision_Gini_Impurity,0.6492673992673993,0.8584650984841578,1315.7807030677795,438,520,30
Wall Robot,greedy,CON-FOLD (confidence_fit),Precision_Gini_Impurity,0.6941391941391941,0.8643684476248165,1330.7689583301544,537,639,30
Wall Robot,round_robin,FOLD-RM (fit),original,0.9945054945054945,0.9943448512400184,147.21727395057678,27,35,30
Wall Robot,round_robin,FOLD-RM (fit),original,0.9954212454212454,0.994999730440293,151.78309106826782,27,39,30
Wall Robot,round_robin,FOLD-RM (fit),original,0.9880952380952381,0.9885493074424908,152.77180433273315,28,40,30
Wall Robot,round_robin,FOLD-RM (fit),original,0.9917582417582418,0.9920696742338829,157.71090960502625,30,41,30
Wall Robot,round_robin,FOLD-RM (fit),original,0.9926739926739927,0.9931463276579671,158.7948498725891,28,42,30
Wall Robot,round_robin,FOLD-RM (fit),original,0.9954212454212454,0.9952081914365385,160.53118705749512,28,40,30
Wall Robot,round_robin,FOLD-RM (fit),original,0.9844322344322345,0.9866697725349819,162.3652856349945,29,41,30
Wall Robot,round_robin,FOLD-RM (fit),original,0.9908424908424909,0.9915343487289379,167.9366283416748,29,40,30
Wall Robot,round_robin,FOLD-RM (fit),original,0.98992673992674,0.9898536970372712,171.60612678527832,30,41,30
Wall Robot,round_robin,FOLD-RM (fit),original,0.9935897435897436,0.9943396680701465,171.7652416229248,30,46,30
Wall Robot,round_robin,FOLD-RM (fit),original,0.9935897435897436,0.9943455265697803,174.36416888237,28,40,30
Wall Robot,round_robin,FOLD-RM (fit),original,0.9981684981684982,0.9972707208621795,174.8912603855133,27,40,30
Wall Robot,round_robin,FOLD-RM (fit),original,0.98992673992674,0.990350820993132,174.37608766555786,31,43,30
Wall Robot,round_robin,FOLD-RM (fit),original,0.9954212454212454,0.9957267557427656,175.35520362854004,29,41,30
Wall Robot,round_robin,FOLD-RM (fit),original,0.9945054945054945,0.9945734006186813,175.6337251663208,29,41,30
Wall Robot,round_robin,FOLD-RM (fit),original,0.9935897435897436,0.9926961404818682,175.6941680908203,29,40,30
Wall Robot,round_robin,FOLD-RM (fit),original,0.9908424908424909,0.9918995936620879,176.78703331947327,27,40,30
Wall Robot,round_robin,FOLD-RM (fit),original,0.9871794871794872,0.9882013677709708,175.9626865386963,28,39,30
Wall Robot,round_robin,FOLD-RM (fit),original,0.989010989010989,0.990189791374359,176.86604976654053,32,45,30
Wall Robot,round_robin,FOLD-RM (fit),original,0.9880952380952381,0.9880159531303114,178.0046157836914,28,41,30
Wall Robot,round_robin,FOLD-RM (fit),original,0.98992673992674,0.9901543378148351,177.64707493782043,30,39,30
Wall Robot,round_robin,FOLD-RM (fit),original,0.9945054945054945,0.9955259418157509,177.90361261367798,28,41,30
Wall Robot,round_robin,FOLD-RM (fit),original,0.9917582417582418,0.9912306629556777,180.76105284690857,30,44,30
Wall Robot,round_robin,FOLD-RM (fit),original,0.989010989010989,0.9890552546561355,180.93365716934204,31,42,30
Wall Robot,round_robin,FOLD-RM (fit),original,0.9871794871794872,0.9899113168287546,180.4329960346222,31,43,30
Wall Robot,round_robin,FOLD-RM (fit),original,0.9908424908424909,0.991241632079762,182.90496230125427,27,40,30
Wall Robot,round_robin,FOLD-RM (fit),original,0.98992673992674,0.9896860314673078,182.95582103729248,31,41,30
Wall Robot,round_robin,FOLD-RM (fit),original,0.9880952380952381,0.9898060525656596,182.35014653205872,32,41,30
Wall Robot,round_robin,FOLD-RM (fit),original,0.98992673992674,0.9904878775810441,183.93659710884094,31,46,30
Wall Robot,round_robin,FOLD-RM (fit),original,0.9880952380952381,0.9883695706877291,184.32736158370972,31,46,30
Wall Robot,round_robin,FOLD-RM (fit),information_gain,0.7051282051282052,0.893051622043222,17.72334623336792,11,11,30
Wall Robot,round_robin,FOLD-RM (fit),information_gain,0.9432234432234432,0.9489347797643775,18.552756547927856,18,17,30
Wall Robot,round_robin,FOLD-RM (fit),information_gain,0.7197802197802198,0.8972192729642856,22.624277591705322,12,12,30
Wall Robot,round_robin,FOLD-RM (fit),information_gain,0.9395604395604396,0.946297819869413,23.488514184951782,18,18,30
Wall Robot,round_robin,FOLD-RM (fit),information_gain,0.6913919413919414,0.888346908516118,24.312406063079834,12,12,30
Wall Robot,round_robin,FOLD-RM (fit),information_gain,0.7014652014652014,0.8815915596381881,24.379937171936035,12,12,30
Wall Robot,round_robin,FOLD-RM (fit),information_gain,0.9322344322344323,0.9405630288135529,24.318938970565796,16,16,30
Wall Robot,round_robin,FOLD-RM (fit),information_gain,0.7344322344322345,0.8993511152421239,24.722062587738037,12,12,30
Wall Robot,round_robin,FOLD-RM (fit),information_gain,0.9478021978021978,0.952067871693681,25.081525564193726,16,15,30
Wall Robot,round_robin,FOLD-RM (fit),information_gain,0.6978021978021978,0.8891807524109884,25.358240365982056,12,12,30
Wall Robot,round_robin,FOLD-RM (fit),information_gain,0.9432234432234432,0.9496701217592494,25.443718194961548,18,18,30
Wall Robot,round_robin,FOLD-RM (fit),information_gain,0.9368131868131868,0.9440169643500916,25.4479660987854,18,18,30
Wall Robot,round_robin,FOLD-RM (fit),information_gain,0.9560439560439561,0.9587739863358974,25.006516456604004,17,17,30
Wall Robot,round_robin,FOLD-RM (fit),information_gain,0.7115384615384616,0.8981727908195065,25.454240798950195,12,12,30
Wall Robot,round_robin,FOLD-RM (fit),information_gain,0.9423076923076923,0.9482777893607149,25.764787673950195,18,17,30
Wall Robot,round_robin,FOLD-RM (fit),information_gain,0.7115384615384616,0.8882981508778396,26.031319618225098,12,12,30
Wall Robot,round_robin,FOLD-RM (fit),information_gain,0.934981684981685,0.9427899513783878,26.583577871322632,18,17,30
Wall Robot,round_robin,FOLD-RM (fit),information_gain,0.9395604395604396,0.9470354886408424,27.371933221817017,18,18,30
Wall Robot,round_robin,FOLD-RM (fit),information_gain,0.934981684981685,0.9435760909706045,27.704131364822388,17,17,30
Wall Robot,round_robin,FOLD-RM (fit),information_gain,0.9386446886446886,0.945689308717949,28.00743269920349,18,17,30
Wall Robot,round_robin,FOLD-RM (fit),information_gain,0.9404761904761905,0.94676237115522,28.03883957862854,18,17,30
Wall Robot,round_robin,FOLD-RM (fit),information_gain,0.9487179487179487,0.9532599334984427,28.126781463623047,18,18,30
Wall Robot,round_robin,FOLD-RM (fit),information_gain,0.9468864468864469,0.9519057909369046,28.362099647521973,18,18,30
Wall Robot,round_robin,FOLD-RM (fit),information_gain,0.9459706959706959,0.951130540862454,28.32626247406006,18,18,30
Wall Robot,round_robin,FOLD-RM (fit),information_gain,0.9423076923076923,0.9481810627668508,28.372405290603638,17,17,30
Wall Robot,round_robin,FOLD-RM (fit),information_gain,0.9432234432234432,0.9492376090095233,28.370404720306396,18,17,30
Wall Robot,round_robin,FOLD-RM (fit),information_gain,0.9441391941391941,0.9487743099303113,28.63691782951355,19,19,30
Wall Robot,round_robin,FOLD-RM (fit),information_gain,0.934981684981685,0.9433641328157505,28.6902117729187,18,18,30
Wall Robot,round_robin,FOLD-RM (fit),information_gain,0.9313186813186813,0.939436076325549,28.80312728881836,18,18,30
Wall Robot,round_robin,FOLD-RM (fit),information_gain,0.9304029304029304,0.9388532739695978,28.760063886642456,18,17,30
Wall Robot,round_robin,FOLD-RM (fit),Gini_Impurity,0.0,0.75,65.43112969398499,1,2,30
Wall Robot,round_robin,FOLD-RM (fit),Gini_Impurity,0.0,0.75,67.26163291931152,1,2,30
Wall Robot,round_robin,FOLD-RM (fit),Gini_Impurity,0.0,0.75,68.53687882423401,1,2,30
Wall Robot,round_robin,FOLD-RM (fit),Gini_Impurity,0.0,0.75,70.33650875091553,2,5,30
Wall Robot,round_robin,FOLD-RM (fit),Gini_Impurity,0.0,0.75,72.76037907600403,2,5,30
Wall Robot,round_robin,FOLD-RM (fit),Gini_Impurity,0.0,0.75,73.88075184822083,2,6,30
Wall Robot,round_robin,FOLD-RM (fit),Gini_Impurity,0.0,0.75,74.27236866950989,2,6,30
Wall Robot,round_robin,FOLD-RM (fit),Gini_Impurity,0.0,0.75,75.94466280937195,2,6,30
Wall Robot,round_robin,FOLD-RM (fit),Gini_Impurity,0.0,0.75,76.03635454177856,2,5,30
Wall Robot,round_robin,FOLD-RM (fit),Gini_Impurity,0.0,0.75,76.6378402709961,2,5,30
Wall Robot,round_robin,FOLD-RM (fit),Gini_Impurity,0.0,0.75,79.52797341346741,2,5,30
Wall Robot,round_robin,FOLD-RM (fit),Gini_Impurity,0.0,0.75,79.42078042030334,2,4,30
Wall Robot,round_robin,FOLD-RM (fit),Gini_Impurity,0.0,0.75,80.80095410346985,2,5,30
Wall Robot,round_robin,FOLD-RM (fit),Gini_Impurity,0.0,0.75,80.95942902565002,2,4,30
Wall Robot,round_robin,FOLD-RM (fit),Gini_Impurity,0.0018315018315018315,0.7500869963369964,84.18639016151428,1,2,30
Wall Robot,round_robin,FOLD-RM (fit),Gini_Impurity,0.0,0.75,87.16850566864014,1,2,30
Wall Robot,round_robin,FOLD-RM (fit),Gini_Impurity,0.0,0.75,87.25771188735962,1,2,30
Wall Robot,round_robin,FOLD-RM (fit),Gini_Impurity,0.0,0.75,88.03614044189453,2,5,30
Wall Robot,round_robin,FOLD-RM (fit),Gini_Impurity,0.0009157509157509158,0.7500434981684982,88.97598004341125,1,4,30
Wall Robot,round_robin,FOLD-RM (fit),Gini_Impurity,0.0009157509157509158,0.7500434981684982,90.19790649414062,2,5,30
Wall Robot,round_robin,FOLD-RM (fit),Gini_Impurity,0.0,0.75,90.86815619468689,2,5,30
Wall Robot,round_robin,FOLD-RM (fit),Gini_Impurity,0.0,0.75,90.96186637878418,0,0,30
Wall Robot,round_robin,FOLD-RM (fit),Gini_Impurity,0.0,0.75,91.82115769386292,2,7,30
Wall Robot,round_robin,FOLD-RM (fit),Gini_Impurity,0.0,0.75,92.45340347290039,3,6,30
Wall Robot,round_robin,FOLD-RM (fit),Gini_Impurity,0.0,0.75,92.7981288433075,3,7,30
Wall Robot,round_robin,FOLD-RM (fit),Gini_Impurity,0.0,0.75,94.06007099151611,2,5,30
Wall Robot,round_robin,FOLD-RM (fit),Gini_Impurity,0.0,0.75,95.11072063446045,3,8,30
Wall Robot,round_robin,FOLD-RM (fit),Gini_Impurity,0.0,0.75,96.87257242202759,1,2,30
Wall Robot,round_robin,FOLD-RM (fit),Gini_Impurity,0.0,0.75,97.80520296096802,2,7,30
Wall Robot,round_robin,FOLD-RM (fit),Gini_Impurity,0.0009157509157509158,0.7500434981684982,99.47899556159973,3,8,30
Wall Robot,round_robin,FOLD-RM (fit),Precision_Information_Gain,0.0,0.75,0.9099018573760986,0,0,30
Wall Robot,round_robin,FOLD-RM (fit),Precision_Information_Gain,0.0,0.75,1.0773026943206787,0,0,30
Wall Robot,round_robin,FOLD-RM (fit),Precision_Information_Gain,0.0,0.75,1.142709732055664,0,0,30
Wall Robot,round_robin,FOLD-RM (fit),Precision_Information_Gain,0.0,0.75,1.1072008609771729,0,0,30
Wall Robot,round_robin,FOLD-RM (fit),Precision_Information_Gain,0.0,0.75,1.2336437702178955,0,0,30
Wall Robot,round_robin,FOLD-RM (fit),Precision_Information_Gain,0.0,0.75,1.2453818321228027,0,0,30
Wall Robot,round_robin,FOLD-RM (fit),Precision_Information_Gain,0.0,0.75,1.270329475402832,0,0,30
Wall Robot,round_robin,FOLD-RM (fit),Precision_Information_Gain,0.0,0.75,1.248694896697998,0,0,30
Wall Robot,round_robin,FOLD-RM (fit),Precision_Information_Gain,0.0,0.75,1.1381888389587402,0,0,30
Wall Robot,round_robin,FOLD-RM (fit),Precision_Information_Gain,0.0,0.75,1.192094326019287,0,0,30
Wall Robot,round_robin,FOLD-RM (fit),Precision_Information_Gain,0.0,0.75,1.3153011798858643,0,0,30
Wall Robot,round_robin,FOLD-RM (fit),Precision_Information_Gain,0.0,0.75,1.2404115200042725,0,0,30
Wall Robot,round_robin,FOLD-RM (fit),Precision_Information_Gain,0.0,0.75,1.3111534118652344,0,0,30
Wall Robot,round_robin,FOLD-RM (fit),Precision_Information_Gain,0.0,0.75,1.2449440956115723,0,0,30
Wall Robot,round_robin,FOLD-RM (fit),Precision_Information_Gain,0.0,0.75,1.343702793121338,0,0,30
Wall Robot,round_robin,FOLD-RM (fit),Precision_Information_Gain,0.0,0.75,1.3769590854644775,0,0,30
Wall Robot,round_robin,FOLD-RM (fit),Precision_Information_Gain,0.0,0.75,1.3153395652770996,0,0,30
Wall Robot,round_robin,FOLD-RM (fit),Precision_Information_Gain,0.0,0.75,1.3690245151519775,0,0,30
Wall Robot,round_robin,FOLD-RM (fit),Precision_Information_Gain,0.0,0.75,1.385169506072998,0,0,30
Wall Robot,round_robin,FOLD-RM (fit),Precision_Information_Gain,0.0,0.75,1.4197096824645996,0,0,30
Wall Robot,round_robin,FOLD-RM (fit),Precision_Information_Gain,0.0,0.75,1.4054484367370605,0,0,30
Wall Robot,round_robin,FOLD-RM (fit),Precision_Information_Gain,0.0,0.75,1.4387247562408447,0,0,30
Wall Robot,round_robin,FOLD-RM (fit),Precision_Information_Gain,0.0,0.75,1.4761931896209717,0,0,30
Wall Robot,round_robin,FOLD-RM (fit),Precision_Information_Gain,0.0,0.75,1.3923721313476562,0,0,30
Wall Robot,round_robin,FOLD-RM (fit),Precision_Information_Gain,0.0,0.75,1.378943681716919,0,0,30
Wall Robot,round_robin,FOLD-RM (fit),Precision_Information_Gain,0.0,0.75,1.5173141956329346,0,0,30
Wall Robot,round_robin,FOLD-RM (fit),Precision_Information_Gain,0.0,0.75,1.4010498523712158,0,0,30
Wall Robot,round_robin,FOLD-RM (fit),Precision_Information_Gain,0.0,0.75,1.4542388916015625,0,0,30
Wall Robot,round_robin,FOLD-RM (fit),Precision_Information_Gain,0.0,0.75,1.4629414081573486,0,0,30
Wall Robot,round_robin,FOLD-RM (fit),Precision_Information_Gain,0.0,0.75,1.4243669509887695,0,0,30
Wall Robot,round_robin,FOLD-RM (fit),Precision_Gini_Impurity,0.010073260073260074,0.7512770725247253,113.08724904060364,9,11,30
Wall Robot,round_robin,FOLD-RM (fit),Precision_Gini_Impurity,0.0173992673992674,0.7529352285561355,205.32894825935364,22,26,30
Wall Robot,round_robin,FOLD-RM (fit),Precision_Gini_Impurity,0.013736263736263736,0.7505863021069598,205.3588526248932,22,28,30
Wall Robot,round_robin,FOLD-RM (fit),Precision_Gini_Impurity,0.04395604395604396,0.7566395886048535,428.90070724487305,55,63,30
Wall Robot,round_robin,FOLD-RM (fit),Precision_Gini_Impurity,0.039377289377289376,0.754513114195055,433.4398214817047,55,59,30
Wall Robot,round_robin,FOLD-RM (fit),Precision_Gini_Impurity,0.03388278388278388,0.7542493563559525,442.3793795108795,60,74,30
Wall Robot,round_robin,FOLD-RM (fit),Precision_Gini_Impurity,0.0989010989010989,0.7649620978230771,592.5004501342773,98,113,30
Wall Robot,round_robin,FOLD-RM (fit),Precision_Gini_Impurity,0.05860805860805861,0.7580263757945054,638.5965321063995,83,99,30
Wall Robot,round_robin,FOLD-RM (fit),Precision_Gini_Impurity,0.07234432234432235,0.7611513692596152,821.796347618103,124,144,30
Wall Robot,round_robin,FOLD-RM (fit),Precision_Gini_Impurity,0.0924908424908425,0.7623759590039377,826.1912040710449,146,160,30
Wall Robot,round_robin,FOLD-RM (fit),Precision_Gini_Impurity,0.09340659340659341,0.7628143763277474,886.5477457046509,139,157,30
Wall Robot,round_robin,FOLD-RM (fit),Precision_Gini_Impurity,0.2683150183150183,0.7943627121013725,920.0236730575562,242,268,30
Wall Robot,round_robin,FOLD-RM (fit),Precision_Gini_Impurity,0.21978021978021978,0.790341215100367,949.9083871841431,202,236,30
Wall Robot,round_robin,FOLD-RM (fit),Precision_Gini_Impurity,0.076007326007326,0.7557262030656593,956.2987968921661,156,197,30
Wall Robot,round_robin,FOLD-RM (fit),Precision_Gini_Impurity,0.24633699633699635,0.791045745466575,985.5324862003326,239,266,30
Wall Robot,round_robin,FOLD-RM (fit),Precision_Gini_Impurity,0.24175824175824176,0.7901652723180401,1068.249694108963,271,327,30
Wall Robot,round_robin,FOLD-RM (fit),Precision_Gini_Impurity,0.2692307692307692,0.80239054740293,1085.6302783489227,259,302,30
Wall Robot,round_robin,FOLD-RM (fit),Precision_Gini_Impurity,0.15934065934065933,0.7747557234642857,1128.5623676776886,224,252,30
Wall Robot,round_robin,FOLD-RM (fit),Precision_Gini_Impurity,0.23534798534798534,0.782737961684524,1214.774673461914,286,334,30
Wall Robot,round_robin,FOLD-RM (fit),Precision_Gini_Impurity,0.38003663003663,0.8091094566609882,1256.8094773292542,400,458,30
Wall Robot,round_robin,FOLD-RM (fit),Precision_Gini_Impurity,0.3305860805860806,0.8110876141429493,1258.257800579071,367,448,30
Wall Robot,round_robin,FOLD-RM (fit),Precision_Gini_Impurity,0.4368131868131868,0.8203202155747247,1336.8859839439392,449,536,30
Wall Robot,round_robin,FOLD-RM (fit),Precision_Gini_Impurity,0.4056776556776557,0.8183069146618136,1453.8582599163055,506,593,30
Wall Robot,round_robin,FOLD-RM (fit),Precision_Gini_Impurity,0.4523809523809524,0.8257018102098899,1464.9442827701569,536,612,30
Wall Robot,round_robin,FOLD-RM (fit),Precision_Gini_Impurity,0.5805860805860806,0.8353892588576922,1511.7387199401855,687,798,30
Wall Robot,round_robin,FOLD-RM (fit),Precision_Gini_Impurity,0.5064102564102564,0.8314859470815011,1527.2663877010345,576,685,30
Wall Robot,round_robin,FOLD-RM (fit),Precision_Gini_Impurity,0.4816849816849817,0.8278736515000918,1527.870958328247,549,640,30
Wall Robot,round_robin,FOLD-RM (fit),Precision_Gini_Impurity,0.44871794871794873,0.826240036014743,1528.0942203998566,550,638,30
Wall Robot,round_robin,FOLD-RM (fit),Precision_Gini_Impurity,0.5155677655677655,0.8338964922176736,1533.1806528568268,599,688,30
Wall Robot,round_robin,FOLD-RM (fit),Precision_Gini_Impurity,0.5961538461538461,0.834761959585256,1550.6037616729736,751,861,30
Wall Robot,round_robin,CON-FOLD (confidence_fit),original,0.9716117216117216,0.9733995933889197,158.02950167655945,15,17,30
Wall Robot,round_robin,CON-FOLD (confidence_fit),original,0.9560439560439561,0.9592757806722526,158.28181052207947,16,20,30
Wall Robot,round_robin,CON-FOLD (confidence_fit),original,0.978021978021978,0.9787754139090659,159.21462440490723,13,15,30
Wall Robot,round_robin,CON-FOLD (confidence_fit),original,0.9771062271062271,0.9789299868203297,160.21360635757446,18,22,30
Wall Robot,round_robin,CON-FOLD (confidence_fit),original,0.9734432234432234,0.9745007392875458,162.48163414001465,17,20,30
Wall Robot,round_robin,CON-FOLD (confidence_fit),original,0.9816849816849816,0.9819169849402013,165.75861525535583,16,18,30
Wall Robot,round_robin,CON-FOLD (confidence_fit),original,0.9771062271062271,0.9778256114641025,165.39207339286804,17,21,30
Wall Robot,round_robin,CON-FOLD (confidence_fit),original,0.9752747252747253,0.9780989831257325,165.35332012176514,16,19,30
Wall Robot,round_robin,CON-FOLD (confidence_fit),original,0.9734432234432234,0.9749473378369046,165.75653886795044,17,21,30
Wall Robot,round_robin,CON-FOLD (confidence_fit),original,0.9844322344322345,0.9851599122701467,167.98811984062195,17,21,30
Wall Robot,round_robin,CON-FOLD (confidence_fit),original,0.9642857142857143,0.9676832578821428,169.69197916984558,18,22,30
Wall Robot,round_robin,CON-FOLD (confidence_fit),original,0.9816849816849816,0.9824544903886446,172.18710136413574,19,25,30
Wall Robot,round_robin,CON-FOLD (confidence_fit),original,0.9771062271062271,0.9780697102834249,172.3587782382965,17,21,30
Wall Robot,round_robin,CON-FOLD (confidence_fit),original,0.9716117216117216,0.9726220137882784,173.08703517913818,17,21,30
Wall Robot,round_robin,CON-FOLD (confidence_fit),original,0.9826007326007326,0.9829068605059522,173.2009346485138,17,21,30
Wall Robot,round_robin,CON-FOLD (confidence_fit),original,0.978021978021978,0.9784994680140112,174.86533498764038,17,21,30
Wall Robot,round_robin,CON-FOLD (confidence_fit),original,0.9752747252747253,0.9772468965949636,176.35325241088867,20,26,30
Wall Robot,round_robin,CON-FOLD (confidence_fit),original,0.9807692307692307,0.9830219623965202,176.7928867340088,19,23,30
Wall Robot,round_robin,CON-FOLD (confidence_fit),original,0.9816849816849816,0.9833364665704213,177.00120401382446,17,22,30
Wall Robot,round_robin,CON-FOLD (confidence_fit),original,0.9798534798534798,0.9801411986403846,176.38620948791504,16,20,30
Wall Robot,round_robin,CON-FOLD (confidence_fit),original,0.989010989010989,0.9891460404663919,176.66761326789856,21,26,30
Wall Robot,round_robin,CON-FOLD (confidence_fit),original,0.9853479853479854,0.9858582925520147,177.9824275970459,16,20,30
Wall Robot,round_robin,CON-FOLD (confidence_fit),original,0.9862637362637363,0.9875116645420331,180.12201237678528,24,33,30
Wall Robot,round_robin,CON-FOLD (confidence_fit),original,0.9743589743589743,0.9758769859202381,179.3987057209015,17,20,30
Wall Robot,round_robin,CON-FOLD (confidence_fit),original,0.9853479853479854,0.9872550459589742,179.90282821655273,19,24,30
Wall Robot,round_robin,CON-FOLD (confidence_fit),original,0.978021978021978,0.9796864781862635,181.05782771110535,17,21,30
Wall Robot,round_robin,CON-FOLD (confidence_fit),original,0.978021978021978,0.9793444174075093,181.94357419013977,18,24,30
Wall Robot,round_robin,CON-FOLD (confidence_fit),original,0.978021978021978,0.9799431800938647,181.90746426582336,18,22,30
Wall Robot,round_robin,CON-FOLD (confidence_fit),original,0.9761904761904762,0.9770088526801278,182.18176531791687,19,26,30
Wall Robot,round_robin,CON-FOLD (confidence_fit),original,0.9706959706959707,0.9718266308012821,182.1225016117096,17,21,30
Wall Robot,round_robin,CON-FOLD (confidence_fit),information_gain,0.9294871794871795,0.938569007405037,17.4451425075531,11,11,30
Wall Robot,round_robin,CON-FOLD (confidence_fit),information_gain,0.9386446886446886,0.9453216248402012,19.092999935150146,11,11,30
Wall Robot,round_robin,CON-FOLD (confidence_fit),information_gain,0.9084249084249084,0.9256590775232603,20.055108547210693,9,9,30
Wall Robot,round_robin,CON-FOLD (confidence_fit),information_gain,0.9047619047619048,0.9235056875803123,20.232832193374634,9,9,30
Wall Robot,round_robin,CON-FOLD (confidence_fit),information_gain,0.9120879120879121,0.9278875905982596,20.73287558555603,11,11,30
Wall Robot,round_robin,CON-FOLD (confidence_fit),information_gain,0.8974358974358975,0.9179504315500007,20.870733976364136,9,9,30
Wall Robot,round_robin,CON-FOLD (confidence_fit),information_gain,0.9148351648351648,0.92949467743196,21.84512162208557,11,11,30
Wall Robot,round_robin,CON-FOLD (confidence_fit),information_gain,0.9111721611721612,0.926882672471796,22.661641597747803,11,11,30
Wall Robot,round_robin,CON-FOLD (confidence_fit),information_gain,0.9102564102564102,0.9265103352230774,22.783777236938477,9,9,30
Wall Robot,round_robin,CON-FOLD (confidence_fit),information_gain,0.9203296703296703,0.9311403835863558,22.95786714553833,10,10,30
Wall Robot,round_robin,CON-FOLD (confidence_fit),information_gain,0.9029304029304029,0.9215565912591578,23.39194107055664,9,9,30
Wall Robot,round_robin,CON-FOLD (confidence_fit),information_gain,0.9065934065934066,0.9242216349954208,23.438822031021118,11,11,30
Wall Robot,round_robin,CON-FOLD (confidence_fit),information_gain,0.9120879120879121,0.9276989305018313,23.467458724975586,9,9,30
Wall Robot,round_robin,CON-FOLD (confidence_fit),information_gain,0.913003663003663,0.9265637311460617,23.44737935066223,10,10,30
Wall Robot,round_robin,CON-FOLD (confidence_fit),information_gain,0.9184981684981685,0.9322117456864468,23.86378312110901,11,11,30
Wall Robot,round_robin,CON-FOLD (confidence_fit),information_gain,0.9212454212454212,0.9337354518644688,24.28863286972046,11,11,30
Wall Robot,round_robin,CON-FOLD (confidence_fit),information_gain,0.9038461538461539,0.9214296871925823,24.381346702575684,11,11,30
Wall Robot,round_robin,CON-FOLD (confidence_fit),information_gain,0.902014652014652,0.9215325222202382,24.35152816772461,9,9,30
Wall Robot,round_robin,CON-FOLD (confidence_fit),information_gain,0.9065934065934066,0.9230376832057694,24.504425764083862,9,9,30
Wall Robot,round_robin,CON-FOLD (confidence_fit),information_gain,0.9230769230769231,0.934639299074175,24.388550758361816,11,11,30
Wall Robot,round_robin,CON-FOLD (confidence_fit),information_gain,0.9157509157509157,0.9284843333558614,24.168717861175537,9,9,30
Wall Robot,round_robin,CON-FOLD (confidence_fit),information_gain,0.8992673992673993,0.9190204842198713,24.668447494506836,9,9,30
Wall Robot,round_robin,CON-FOLD (confidence_fit),information_gain,0.9175824175824175,0.9318762308107144,24.764562129974365,11,11,30
Wall Robot,round_robin,CON-FOLD (confidence_fit),information_gain,0.9093406593406593,0.9257607180490836,24.941813230514526,9,9,30
Wall Robot,round_robin,CON-FOLD (confidence_fit),information_gain,0.9111721611721612,0.9243570662573255,24.93621516227722,9,9,30
Wall Robot,round_robin,CON-FOLD (confidence_fit),information_gain,0.9184981684981685,0.9321317499065943,25.003647327423096,11,11,30
Wall Robot,round_robin,CON-FOLD (confidence_fit),information_gain,0.9065934065934066,0.9231993864993591,24.98310661315918,9,9,30
Wall Robot,round_robin,CON-FOLD (confidence_fit),information_gain,0.8946886446886447,0.9162207454061347,25.124441385269165,9,9,30
Wall Robot,round_robin,CON-FOLD (confidence_fit),information_gain,0.8946886446886447,0.9153297334215205,24.669148445129395,9,9,30
Wall Robot,round_robin,CON-FOLD (confidence_fit),information_gain,0.9120879120879121,0.927349266890934,25.196489334106445,11,11,30
Wall Robot,round_robin,CON-FOLD (confidence_fit),Gini_Impurity,0.0,0.75,60.57834458351135,1,2,30
Wall Robot,round_robin,CON-FOLD (confidence_fit),Gini_Impurity,0.0,0.75,61.4618763923645,1,2,30
Wall Robot,round_robin,CON-FOLD (confidence_fit),Gini_Impurity,0.0,0.75,65.90500020980835,1,3,30
Wall Robot,round_robin,CON-FOLD (confidence_fit),Gini_Impurity,0.0,0.75,68.83857750892639,2,4,30
Wall Robot,round_robin,CON-FOLD (confidence_fit),Gini_Impurity,0.0,0.75,71.55967998504639,2,5,30
Wall Robot,round_robin,CON-FOLD (confidence_fit),Gini_Impurity,0.0,0.75,71.99393773078918,2,5,30
Wall Robot,round_robin,CON-FOLD (confidence_fit),Gini_Impurity,0.0,0.75,72.92160868644714,2,5,30
Wall Robot,round_robin,CON-FOLD (confidence_fit),Gini_Impurity,0.0,0.75,73.11785912513733,2,5,30
Wall Robot,round_robin,CON-FOLD (confidence_fit),Gini_Impurity,0.0,0.75,74.69531774520874,2,5,30
Wall Robot,round_robin,CON-FOLD (confidence_fit),Gini_Impurity,0.0,0.75,75.50782370567322,2,5,30
Wall Robot,round_robin,CON-FOLD (confidence_fit),Gini_Impurity,0.0,0.75,75.79749369621277,2,5,30
Wall Robot,round_robin,CON-FOLD (confidence_fit),Gini_Impurity,0.0,0.75,76.5007586479187,2,4,30
Wall Robot,round_robin,CON-FOLD (confidence_fit),Gini_Impurity,0.0,0.75,78.00040078163147,2,5,30
Wall Robot,round_robin,CON-FOLD (confidence_fit),Gini_Impurity,0.0,0.75,79.05805397033691,1,2,30
Wall Robot,round_robin,CON-FOLD (confidence_fit),Gini_Impurity,0.0,0.75,79.43556618690491,1,2,30
Wall Robot,round_robin,CON-FOLD (confidence_fit),Gini_Impurity,0.0,0.75,81.59234666824341,2,5,30
Wall Robot,round_robin,CON-FOLD (confidence_fit),Gini_Impurity,0.0,0.7499038461538461,82.18453311920166,2,4,30
Wall Robot,round_robin,CON-FOLD (confidence_fit),Gini_Impurity,0.0,0.75,82.9229040145874,2,6,30
Wall Robot,round_robin,CON-FOLD (confidence_fit),Gini_Impurity,0.0,0.75,84.03303408622742,2,5,30
Wall Robot,round_robin,CON-FOLD (confidence_fit),Gini_Impurity,0.0,0.75,84.63177371025085,2,5,30
Wall Robot,round_robin,CON-FOLD (confidence_fit),Gini_Impurity,0.0,0.75,89.63707709312439,3,6,30
Wall Robot,round_robin,CON-FOLD (confidence_fit),Gini_Impurity,0.0,0.75,90.01592063903809,2,6,30
Wall Robot,round_robin,CON-FOLD (confidence_fit),Gini_Impurity,0.0,0.75,90.63440132141113,2,8,30
Wall Robot,round_robin,CON-FOLD (confidence_fit),Gini_Impurity,0.0,0.75,90.70612335205078,2,5,30
Wall Robot,round_robin,CON-FOLD (confidence_fit),Gini_Impurity,0.0,0.75,91.17661643028259,2,5,30
Wall Robot,round_robin,CON-FOLD (confidence_fit),Gini_Impurity,0.0009157509157509158,0.7500434981684982,96.87571811676025,2,6,30
Wall Robot,round_robin,CON-FOLD (confidence_fit),Gini_Impurity,0.0009157509157509158,0.7500434981684982,99.18413662910461,6,14,30
Wall Robot,round_robin,CON-FOLD (confidence_fit),Gini_Impurity,0.0,0.75,105.70450377464294,6,14,30
Wall Robot,round_robin,CON-FOLD (confidence_fit),Gini_Impurity,0.0009157509157509158,0.7500434981684982,105.87661957740784,6,19,30
Wall Robot,round_robin,CON-FOLD (confidence_fit),Gini_Impurity,0.0,0.75,106.18575978279114,6,18,30
Wall Robot,round_robin,CON-FOLD (confidence_fit),Precision_Information_Gain,0.0,0.75,0.7217702865600586,0,0,30
Wall Robot,round_robin,CON-FOLD (confidence_fit),Precision_Information_Gain,0.0,0.75,0.9625766277313232,0,0,30
Wall Robot,round_robin,CON-FOLD (confidence_fit),Precision_Information_Gain,0.0,0.75,1.1057252883911133,0,0,30
Wall Robot,round_robin,CON-FOLD (confidence_fit),Precision_Information_Gain,0.0,0.75,1.127518892288208,0,0,30
Wall Robot,round_robin,CON-FOLD (confidence_fit),Precision_Information_Gain,0.0,0.75,1.2501072883605957,0,0,30
Wall Robot,round_robin,CON-FOLD (confidence_fit),Precision_Information_Gain,0.0,0.75,1.3422048091888428,0,0,30
Wall Robot,round_robin,CON-FOLD (confidence_fit),Precision_Information_Gain,0.0,0.75,1.4049947261810303,0,0,30
Wall Robot,round_robin,CON-FOLD (confidence_fit),Precision_Information_Gain,0.0,0.75,1.2761285305023193,0,0,30
Wall Robot,round_robin,CON-FOLD (confidence_fit),Precision_Information_Gain,0.0,0.75,1.3568477630615234,0,0,30
Wall Robot,round_robin,CON-FOLD (confidence_fit),Precision_Information_Gain,0.0,0.75,1.4025850296020508,0,0,30
Wall Robot,round_robin,CON-FOLD (confidence_fit),Precision_Information_Gain,0.0,0.75,1.3807296752929688,0,0,30
Wall Robot,round_robin,CON-FOLD (confidence_fit),Precision_Information_Gain,0.0,0.75,1.5074083805084229,0,0,30
Wall Robot,round_robin,CON-FOLD (confidence_fit),Precision_Information_Gain,0.0,0.75,1.4387283325195312,0,0,30
Wall Robot,round_robin,CON-FOLD (confidence_fit),Precision_Information_Gain,0.0,0.75,1.4272887706756592,0,0,30
Wall Robot,round_robin,CON-FOLD (confidence_fit),Precision_Information_Gain,0.0,0.75,1.488694429397583,0,0,30
Wall Robot,round_robin,CON-FOLD (confidence_fit),Precision_Information_Gain,0.0,0.75,1.5805611610412598,0,0,30
Wall Robot,round_robin,CON-FOLD (confidence_fit),Precision_Information_Gain,0.0,0.75,1.4992139339447021,0,0,30
Wall Robot,round_robin,CON-FOLD (confidence_fit),Precision_Information_Gain,0.0,0.75,1.6333482265472412,0,0,30
Wall Robot,round_robin,CON-FOLD (confidence_fit),Precision_Information_Gain,0.0,0.75,1.5829277038574219,0,0,30
Wall Robot,round_robin,CON-FOLD (confidence_fit),Precision_Information_Gain,0.0,0.75,1.597754955291748,0,0,30
Wall Robot,round_robin,CON-FOLD (confidence_fit),Precision_Information_Gain,0.0,0.75,1.6583409309387207,0,0,30
Wall Robot,round_robin,CON-FOLD (confidence_fit),Precision_Information_Gain,0.0,0.75,1.6479377746582031,0,0,30
Wall Robot,round_robin,CON-FOLD (confidence_fit),Precision_Information_Gain,0.0,0.75,1.5565810203552246,0,0,30
Wall Robot,round_robin,CON-FOLD (confidence_fit),Precision_Information_Gain,0.0,0.75,1.54779052734375,0,0,30
Wall Robot,round_robin,CON-FOLD (confidence_fit),Precision_Information_Gain,0.0,0.75,1.6546077728271484,0,0,30
Wall Robot,round_robin,CON-FOLD (confidence_fit),Precision_Information_Gain,0.0,0.75,1.6853666305541992,0,0,30
Wall Robot,round_robin,CON-FOLD (confidence_fit),Precision_Information_Gain,0.0,0.75,1.6277551651000977,0,0,30
Wall Robot,round_robin,CON-FOLD (confidence_fit),Precision_Information_Gain,0.0,0.75,1.6329617500305176,0,0,30
Wall Robot,round_robin,CON-FOLD (confidence_fit),Precision_Information_Gain,0.0,0.75,1.6332194805145264,0,0,30
Wall Robot,round_robin,CON-FOLD (confidence_fit),Precision_Information_Gain,0.0,0.75,1.627289056777954,0,0,30
Wall Robot,round_robin,CON-FOLD (confidence_fit),Precision_Gini_Impurity,0.023809523809523808,0.7543466968866299,119.64043736457825,10,12,30
Wall Robot,round_robin,CON-FOLD (confidence_fit),Precision_Gini_Impurity,0.014652014652014652,0.7521829443588828,121.84937977790833,9,10,30
Wall Robot,round_robin,CON-FOLD (confidence_fit),Precision_Gini_Impurity,0.003663003663003663,0.749850475032967,126.39624547958374,8,8,30
Wall Robot,round_robin,CON-FOLD (confidence_fit),Precision_Gini_Impurity,0.011904761904761904,0.7518979133695055,189.9777820110321,18,20,30
Wall Robot,round_robin,CON-FOLD (confidence_fit),Precision_Gini_Impurity,0.023809523809523808,0.7526498656021977,191.24442744255066,18,20,30
Wall Robot,round_robin,CON-FOLD (confidence_fit),Precision_Gini_Impurity,0.021062271062271064,0.7520259031740842,280.00944471359253,24,30,30
Wall Robot,round_robin,CON-FOLD (confidence_fit),Precision_Gini_Impurity,0.03388278388278388,0.7548524994067765,337.5126430988312,42,55,30
Wall Robot,round_robin,CON-FOLD (confidence_fit),Precision_Gini_Impurity,0.04487179487179487,0.7565303890070513,399.56641936302185,51,58,30
Wall Robot,round_robin,CON-FOLD (confidence_fit),Precision_Gini_Impurity,0.10897435897435898,0.7669666705826008,478.87752175331116,53,61,30
Wall Robot,round_robin,CON-FOLD (confidence_fit),Precision_Gini_Impurity,0.046703296703296704,0.7557629377456043,490.2740523815155,56,64,30
Wall Robot,round_robin,CON-FOLD (confidence_fit),Precision_Gini_Impurity,0.05311355311355311,0.7591053834483517,519.8540179729462,65,79,30
Wall Robot,round_robin,CON-FOLD (confidence_fit),Precision_Gini_Impurity,0.06043956043956044,0.7576399789070511,570.2381415367126,70,78,30
Wall Robot,round_robin,CON-FOLD (confidence_fit),Precision_Gini_Impurity,0.08333333333333333,0.764110993376282,631.0044457912445,80,90,30
Wall Robot,round_robin,CON-FOLD (confidence_fit),Precision_Gini_Impurity,0.21794871794871795,0.7826018281569593,648.6243534088135,80,102,30
Wall Robot,round_robin,CON-FOLD (confidence_fit),Precision_Gini_Impurity,0.19597069597069597,0.7799420940358059,704.7250101566315,87,102,30
Wall Robot,round_robin,CON-FOLD (confidence_fit),Precision_Gini_Impurity,0.1163003663003663,0.7655484840684981,706.2732474803925,101,118,30
Wall Robot,round_robin,CON-FOLD (confidence_fit),Precision_Gini_Impurity,0.12454212454212454,0.7667303971307695,750.4720799922943,100,126,30
Wall Robot,round_robin,CON-FOLD (confidence_fit),Precision_Gini_Impurity,0.16025641025641027,0.7792598753727105,807.3325870037079,108,119,30
Wall Robot,round_robin,CON-FOLD (confidence_fit),Precision_Gini_Impurity,0.28296703296703296,0.7939093397826918,823.7373287677765,100,118,30
Wall Robot,round_robin,CON-FOLD (confidence_fit),Precision_Gini_Impurity,0.27197802197802196,0.7966492725283884,860.5159230232239,128,155,30
Wall Robot,round_robin,CON-FOLD (confidence_fit),Precision_Gini_Impurity,0.2902930402930403,0.7936869896390113,885.3120474815369,121,146,30
Wall Robot,round_robin,CON-FOLD (confidence_fit),Precision_Gini_Impurity,0.28205128205128205,0.7928308724317765,896.2048687934875,129,151,30
Wall Robot,round_robin,CON-FOLD (confidence_fit),Precision_Gini_Impurity,0.29395604395604397,0.797989460242125,923.1971802711487,134,169,30
Wall Robot,round_robin,CON-FOLD (confidence_fit),Precision_Gini_Impurity,0.3873626373626374,0.8159203490706958,1031.2218854427338,199,245,30
Wall Robot,round_robin,CON-FOLD (confidence_fit),Precision_Gini_Impurity,0.3159340659340659,0.8035638807639189,1032.4670314788818,185,228,30
Wall Robot,round_robin,CON-FOLD (confidence_fit),Precision_Gini_Impurity,0.35805860805860806,0.803053703778022,1086.1375126838684,205,250,30
Wall Robot,round_robin,CON-FOLD (confidence_fit),Precision_Gini_Impurity,0.4826007326007326,0.8356166837112639,1090.0362062454224,234,270,30
Wall Robot,round_robin,CON-FOLD (confidence_fit),Precision_Gini_Impurity,0.43131868131868134,0.822732263275275,1097.6176958084106,251,294,30
Wall Robot,round_robin,CON-FOLD (confidence_fit),Precision_Gini_Impurity,0.46794871794871795,0.8217709996248173,1101.240796327591,285,341,30
Wall Robot,round_robin,CON-FOLD (confidence_fit),Precision_Gini_Impurity,0.4807692307692308,0.834490661430769,1108.9370079040527,278,345,30
Wall Robot,best_rule,FOLD-RM (fit),original,0.9917582417582418,0.9922104172881868,495.65864419937134,27,43,30
Wall Robot,best_rule,FOLD-RM (fit),original,0.9954212454212454,0.9949305423362638,508.22996044158936,30,47,30
Wall Robot,best_rule,FOLD-RM (fit),original,0.989010989010989,0.9900676371930405,573.0477981567383,26,42,30
Wall Robot,best_rule,FOLD-RM (fit),original,0.9926739926739927,0.9927494917928572,585.5937538146973,28,42,30
Wall Robot,best_rule,FOLD-RM (fit),original,0.9935897435897436,0.9941639060614468,622.1816284656525,24,40,30
Wall Robot,best_rule,FOLD-RM (fit),original,0.9926739926739927,0.9942068590542126,638.6509602069855,26,41,30
Wall Robot,best_rule,FOLD-RM (fit),original,0.9935897435897436,0.9936519626591575,642.8535392284393,27,45,30
Wall Robot,best_rule,FOLD-RM (fit),original,0.9871794871794872,0.9883704240480768,664.5583076477051,30,49,30
Wall Robot,best_rule,FOLD-RM (fit),original,0.989010989010989,0.9897712141155678,669.4370379447937,28,45,30
Wall Robot,best_rule,FOLD-RM (fit),original,0.9908424908424909,0.9915781598453298,673.8170018196106,26,44,30
Wall Robot,best_rule,FOLD-RM (fit),original,0.989010989010989,0.9888704151166667,683.8052217960358,28,46,30
Wall Robot,best_rule,FOLD-RM (fit),original,0.9935897435897436,0.9935669846494506,687.6428806781769,26,45,30
Wall Robot,best_rule,FOLD-RM (fit),original,0.9945054945054945,0.99425611148663,692.2448699474335,27,45,30
Wall Robot,best_rule,FOLD-RM (fit),original,0.9816849816849816,0.981823606030769,703.5087778568268,27,46,30
Wall Robot,best_rule,FOLD-RM (fit),original,0.9853479853479854,0.9855830612418499,703.9758629798889,30,51,30
Wall Robot,best_rule,FOLD-RM (fit),original,0.9935897435897436,0.9941661451046705,705.437037229538,26,44,30
Wall Robot,best_rule,FOLD-RM (fit),original,0.9917582417582418,0.9929774349832419,706.9693379402161,30,49,30
Wall Robot,best_rule,FOLD-RM (fit),original,0.9908424908424909,0.9918471764430402,716.0752229690552,30,51,30
Wall Robot,best_rule,FOLD-RM (fit),original,0.989010989010989,0.9896086665508241,718.6163799762726,29,46,30
Wall Robot,best_rule,FOLD-RM (fit),original,0.9972527472527473,0.9970040886919413,719.7683594226837,27,45,30
Wall Robot,best_rule,FOLD-RM (fit),original,0.9908424908424909,0.991271926576282,721.3343539237976,32,52,30
Wall Robot,best_rule,FOLD-RM (fit),original,0.9862637362637363,0.9863609466349818,722.0086889266968,29,48,30
Wall Robot,best_rule,FOLD-RM (fit),original,0.989010989010989,0.9886884112836081,723.078010559082,28,48,30
Wall Robot,best_rule,FOLD-RM (fit),original,0.98992673992674,0.9922050313717033,725.4677715301514,28,47,30
Wall Robot,best_rule,FOLD-RM (fit),original,0.9908424908424909,0.9907250731275642,729.9748439788818,30,51,30
Wall Robot,best_rule,FOLD-RM (fit),original,0.9880952380952381,0.9887429815289377,732.4326374530792,29,49,30
Wall Robot,best_rule,FOLD-RM (fit),original,0.9862637362637363,0.9878245307484432,738.2174339294434,29,51,30
Wall Robot,best_rule,FOLD-RM (fit),original,0.9908424908424909,0.9908130848657508,739.488383769989,28,44,30
Wall Robot,best_rule,FOLD-RM (fit),original,0.9926739926739927,0.9926316594855312,740.8106033802032,28,45,30
Wall Robot,best_rule,FOLD-RM (fit),original,0.9908424908424909,0.9945337825837912,742.3476138114929,34,54,30
Wall Robot,best_rule,FOLD-RM (fit),information_gain,0.0,0.75,7.081634283065796,1,1,30
Wall Robot,best_rule,FOLD-RM (fit),information_gain,0.0009157509157509158,0.749912359775641,7.100126504898071,1,1,30
Wall Robot,best_rule,FOLD-RM (fit),information_gain,0.0009157509157509158,0.749912359775641,7.27718710899353,1,1,30
Wall Robot,best_rule,FOLD-RM (fit),information_gain,0.0,0.75,7.360687017440796,1,1,30
Wall Robot,best_rule,FOLD-RM (fit),information_gain,0.0,0.75,7.3574206829071045,1,1,30
Wall Robot,best_rule,FOLD-RM (fit),information_gain,0.0,0.75,7.438088893890381,1,1,30
Wall Robot,best_rule,FOLD-RM (fit),information_gain,0.0,0.7497338357288461,7.426867485046387,1,1,30
Wall Robot,best_rule,FOLD-RM (fit),information_gain,0.003663003663003663,0.74992673992674,7.58907675743103,1,1,30
Wall Robot,best_rule,FOLD-RM (fit),information_gain,0.0018315018315018315,0.75007326007326,8.534042835235596,1,1,30
Wall Robot,best_rule,FOLD-RM (fit),information_gain,0.0018315018315018315,0.749824719551282,8.553369522094727,1,1,30
Wall Robot,best_rule,FOLD-RM (fit),information_gain,0.0,0.749755859375,8.614566564559937,1,1,30
Wall Robot,best_rule,FOLD-RM (fit),information_gain,0.0009157509157509158,0.7500434981684982,9.987565994262695,1,1,30
Wall Robot,best_rule,FOLD-RM (fit),information_gain,0.0009157509157509158,0.750075682575,9.991377353668213,1,1,30
Wall Robot,best_rule,FOLD-RM (fit),information_gain,0.0009157509157509158,0.750075682575,10.640936136245728,1,1,30
Wall Robot,best_rule,FOLD-RM (fit),information_gain,0.0,0.75,11.145257949829102,1,1,30
Wall Robot,best_rule,FOLD-RM (fit),information_gain,0.0,0.75,12.264764785766602,1,1,30
Wall Robot,best_rule,FOLD-RM (fit),information_gain,0.0,0.75,14.052615404129028,1,1,30
Wall Robot,best_rule,FOLD-RM (fit),information_gain,0.0,0.75,14.07578420639038,1,1,30
Wall Robot,best_rule,FOLD-RM (fit),information_gain,0.0009157509157509158,0.750075682575,14.109049558639526,1,1,30
Wall Robot,best_rule,FOLD-RM (fit),information_gain,0.0009157509157509158,0.750075682575,14.165841341018677,1,1,30
Wall Robot,best_rule,FOLD-RM (fit),information_gain,0.0,0.75,15.01436471939087,1,1,30
Wall Robot,best_rule,FOLD-RM (fit),information_gain,0.0009157509157509158,0.750075682575,14.98589277267456,1,1,30
Wall Robot,best_rule,FOLD-RM (fit),information_gain,0.0009157509157509158,0.750075682575,15.147294759750366,1,1,30
Wall Robot,best_rule,FOLD-RM (fit),information_gain,0.0,0.75,15.139917612075806,1,1,30
Wall Robot,best_rule,FOLD-RM (fit),information_gain,0.0009157509157509158,0.750075682575,15.240372896194458,1,1,30
Wall Robot,best_rule,FOLD-RM (fit),information_gain,0.0,0.75,15.430369853973389,1,1,30
Wall Robot,best_rule,FOLD-RM (fit),information_gain,0.0,0.75,15.468100786209106,1,1,30
Wall Robot,best_rule,FOLD-RM (fit),information_gain,0.0,0.75,15.490690231323242,1,1,30
Wall Robot,best_rule,FOLD-RM (fit),information_gain,0.0,0.75,15.569132566452026,1,1,30
Wall Robot,best_rule,FOLD-RM (fit),information_gain,0.0,0.75,15.485151290893555,1,1,30
Wall Robot,best_rule,FOLD-RM (fit),Gini_Impurity,0.0,0.75,104.46978092193604,0,0,30
Wall Robot,best_rule,FOLD-RM (fit),Gini_Impurity,0.0,0.75,107.34955763816833,0,0,30
Wall Robot,best_rule,FOLD-RM (fit),Gini_Impurity,0.0,0.75,109.36872005462646,0,0,30
Wall Robot,best_rule,FOLD-RM (fit),Gini_Impurity,0.0,0.75,110.93794298171997,0,0,30
Wall Robot,best_rule,FOLD-RM (fit),Gini_Impurity,0.0,0.75,111.62867975234985,0,0,30
Wall Robot,best_rule,FOLD-RM (fit),Gini_Impurity,0.0,0.75,115.48159313201904,0,0,30
Wall Robot,best_rule,FOLD-RM (fit),Gini_Impurity,0.0,0.75,116.28838872909546,0,0,30
Wall Robot,best_rule,FOLD-RM (fit),Gini_Impurity,0.0,0.75,124.07372784614563,0,0,30
Wall Robot,best_rule,FOLD-RM (fit),Gini_Impurity,0.0,0.75,123.99004340171814,0,0,30
Wall Robot,best_rule,FOLD-RM (fit),Gini_Impurity,0.0,0.75,125.29798913002014,0,0,30
Wall Robot,best_rule,FOLD-RM (fit),Gini_Impurity,0.0,0.75,133.18131375312805,0,0,30
Wall Robot,best_rule,FOLD-RM (fit),Gini_Impurity,0.0,0.75,138.7208216190338,0,0,30
Wall Robot,best_rule,FOLD-RM (fit),Gini_Impurity,0.0,0.75,139.49982595443726,0,0,30
Wall Robot,best_rule,FOLD-RM (fit),Gini_Impurity,0.0,0.75,139.9256100654602,0,0,30
Wall Robot,best_rule,FOLD-RM (fit),Gini_Impurity,0.0,0.75,180.1573040485382,1,3,30
Wall Robot,best_rule,FOLD-RM (fit),Gini_Impurity,0.0,0.75,184.45880794525146,1,4,30
Wall Robot,best_rule,FOLD-RM (fit),Gini_Impurity,0.0009157509157509158,0.7500434981684982,194.64258193969727,1,4,30
Wall Robot,best_rule,FOLD-RM (fit),Gini_Impurity,0.0,0.75,195.96470665931702,1,4,30
Wall Robot,best_rule,FOLD-RM (fit),Gini_Impurity,0.0,0.75,196.31880354881287,1,4,30
Wall Robot,best_rule,FOLD-RM (fit),Gini_Impurity,0.0009157509157509158,0.7499954212454212,201.40893697738647,1,4,30
Wall Robot,best_rule,FOLD-RM (fit),Gini_Impurity,0.0,0.75,202.02210354804993,1,4,30
Wall Robot,best_rule,FOLD-RM (fit),Gini_Impurity,0.0,0.75,204.58401775360107,1,4,30
Wall Robot,best_rule,FOLD-RM (fit),Gini_Impurity,0.0,0.75,222.56500720977783,2,6,30
Wall Robot,best_rule,FOLD-RM (fit),Gini_Impurity,0.0009157509157509158,0.7500650213494505,234.43816471099854,2,5,30
Wall Robot,best_rule,FOLD-RM (fit),Gini_Impurity,0.0,0.75,238.18767499923706,2,7,30
Wall Robot,best_rule,FOLD-RM (fit),Gini_Impurity,0.0009157509157509158,0.7499954212454212,238.95289087295532,2,7,30
Wall Robot,best_rule,FOLD-RM (fit),Gini_Impurity,0.0009157509157509158,0.749988492317857,259.3735466003418,4,10,30
Wall Robot,best_rule,FOLD-RM (fit),Gini_Impurity,0.0018315018315018315,0.7500869963369964,270.03367948532104,5,15,30
Wall Robot,best_rule,FOLD-RM (fit),Gini_Impurity,0.0009157509157509158,0.7499954212454212,276.7431013584137,5,15,30
Wall Robot,best_rule,FOLD-RM (fit),Gini_Impurity,0.0,0.749951923076923,278.02402567863464,6,17,30
Wall Robot,best_rule,FOLD-RM (fit),Precision_Information_Gain,0.0,0.75,6.392168045043945,0,0,30
Wall Robot,best_rule,FOLD-RM (fit),Precision_Information_Gain,0.0,0.75,6.60844349861145,0,0,30
Wall Robot,best_rule,FOLD-RM (fit),Precision_Information_Gain,0.0,0.75,6.59805965423584,0,0,30
Wall Robot,best_rule,FOLD-RM (fit),Precision_Information_Gain,0.0,0.75,7.297927141189575,0,0,30
Wall Robot,best_rule,FOLD-RM (fit),Precision_Information_Gain,0.0,0.75,7.40416145324707,0,0,30
Wall Robot,best_rule,FOLD-RM (fit),Precision_Information_Gain,0.0,0.75,7.806752681732178,0,0,30
Wall Robot,best_rule,FOLD-RM (fit),Precision_Information_Gain,0.0,0.75,7.9004456996917725,0,0,30
Wall Robot,best_rule,FOLD-RM (fit),Precision_Information_Gain,0.0,0.75,8.241155624389648,0,0,30
Wall Robot,best_rule,FOLD-RM (fit),Precision_Information_Gain,0.0,0.75,8.404871225357056,0,0,30
Wall Robot,best_rule,FOLD-RM (fit),Precision_Information_Gain,0.0,0.75,8.676633834838867,0,0,30
Wall Robot,best_rule,FOLD-RM (fit),Precision_Information_Gain,0.0,0.75,8.620453834533691,0,0,30
Wall Robot,best_rule,FOLD-RM (fit),Precision_Information_Gain,0.0,0.75,8.715543508529663,0,0,30
Wall Robot,best_rule,FOLD-RM (fit),Precision_Information_Gain,0.0,0.75,8.637378931045532,0,0,30
Wall Robot,best_rule,FOLD-RM (fit),Precision_Information_Gain,0.0,0.75,8.872534990310669,0,0,30
Wall Robot,best_rule,FOLD-RM (fit),Precision_Information_Gain,0.0,0.75,8.823872089385986,0,0,30
Wall Robot,best_rule,FOLD-RM (fit),Precision_Information_Gain,0.0,0.75,8.83147406578064,0,0,30
Wall Robot,best_rule,FOLD-RM (fit),Precision_Information_Gain,0.0,0.75,8.922155380249023,0,0,30
Wall Robot,best_rule,FOLD-RM (fit),Precision_Information_Gain,0.0,0.75,9.061665296554565,0,0,30
Wall Robot,best_rule,FOLD-RM (fit),Precision_Information_Gain,0.0,0.75,9.035786867141724,0,0,30
Wall Robot,best_rule,FOLD-RM (fit),Precision_Information_Gain,0.0,0.75,9.061651706695557,0,0,30
Wall Robot,best_rule,FOLD-RM (fit),Precision_Information_Gain,0.0,0.75,9.17460560798645,0,0,30
Wall Robot,best_rule,FOLD-RM (fit),Precision_Information_Gain,0.0,0.75,9.21508502960205,0,0,30
Wall Robot,best_rule,FOLD-RM (fit),Precision_Information_Gain,0.0,0.75,9.205134391784668,0,0,30
Wall Robot,best_rule,FOLD-RM (fit),Precision_Information_Gain,0.0,0.75,9.162998676300049,0,0,30
Wall Robot,best_rule,FOLD-RM (fit),Precision_Information_Gain,0.0,0.75,9.281826972961426,0,0,30
Wall Robot,best_rule,FOLD-RM (fit),Precision_Information_Gain,0.0,0.75,9.265502452850342,0,0,30
Wall Robot,best_rule,FOLD-RM (fit),Precision_Information_Gain,0.0,0.75,9.306954860687256,0,0,30
Wall Robot,best_rule,FOLD-RM (fit),Precision_Information_Gain,0.0,0.75,9.337316989898682,0,0,30
Wall Robot,best_rule,FOLD-RM (fit),Precision_Information_Gain,0.0,0.75,9.375704765319824,0,0,30
Wall Robot,best_rule,FOLD-RM (fit),Precision_Information_Gain,0.0,0.75,9.530662536621094,0,0,30
Wall Robot,best_rule,FOLD-RM (fit),Precision_Gini_Impurity,0.7921245421245421,0.8608970222356224,16798.187682390213,1267,1320,30
Wall Robot,best_rule,FOLD-RM (fit),Precision_Gini_Impurity,0.8031135531135531,0.8599181192754577,17197.908017396927,1256,1321,30
Wall Robot,best_rule,FOLD-RM (fit),Precision_Gini_Impurity,0.7847985347985348,0.8633559070604397,17207.448801279068,1273,1359,30
Wall Robot,best_rule,FOLD-RM (fit),Precision_Gini_Impurity,0.7875457875457875,0.8584126149661175,17377.456973314285,1251,1346,30
Wall Robot,best_rule,FOLD-RM (fit),Precision_Gini_Impurity,0.8086080586080586,0.8666808200956044,17609.701649665833,1245,1360,30
Wall Robot,best_rule,FOLD-RM (fit),Precision_Gini_Impurity,0.7957875457875457,0.8574809343252753,17633.486068964005,1252,1349,30
Wall Robot,best_rule,FOLD-RM (fit),Precision_Gini_Impurity,0.8104395604395604,0.8632283446133696,17701.637293577194,1187,1282,30
Wall Robot,best_rule,FOLD-RM (fit),Precision_Gini_Impurity,0.8040293040293041,0.8615940929497249,17849.612780094147,1212,1322,30
Wall Robot,best_rule,FOLD-RM (fit),Precision_Gini_Impurity,0.815018315018315,0.8749216409880038,17880.66437268257,1240,1346,30
Wall Robot,best_rule,FOLD-RM (fit),Precision_Gini_Impurity,0.7692307692307693,0.8513059642656592,17997.58703327179,1245,1341,30
Wall Robot,best_rule,FOLD-RM (fit),Precision_Gini_Impurity,0.8122710622710623,0.8728248866723441,17999.412115335464,1292,1311,30
Wall Robot,best_rule,FOLD-RM (fit),Precision_Gini_Impurity,0.8040293040293041,0.8627356814445973,18015.02927160263,1189,1272,30
Wall Robot,best_rule,FOLD-RM (fit),Precision_Gini_Impurity,0.8113553113553114,0.8678516866628204,18042.793407678604,1281,1368,30
Wall Robot,best_rule,FOLD-RM (fit),Precision_Gini_Impurity,0.793040293040293,0.8594711943218859,18072.04504942894,1189,1282,30
Wall Robot,best_rule,FOLD-RM (fit),Precision_Gini_Impurity,0.7875457875457875,0.8544454596063182,18211.463033914566,1227,1277,30
Wall Robot,best_rule,FOLD-RM (fit),Precision_Gini_Impurity,0.7774725274725275,0.8556269881411169,18226.81315588951,1230,1338,30
Wall Robot,best_rule,FOLD-RM (fit),Precision_Gini_Impurity,0.771978021978022,0.8497937458123622,18302.680292606354,1253,1398,30
Wall Robot,best_rule,FOLD-RM (fit),Precision_Gini_Impurity,0.7857142857142857,0.8536645955289377,18378.839304447174,1264,1321,30
Wall Robot,best_rule,FOLD-RM (fit),Precision_Gini_Impurity,0.7985347985347986,0.8641515583060444,18396.123561382294,1261,1333,30
Wall Robot,best_rule,FOLD-RM (fit),Precision_Gini_Impurity,0.8031135531135531,0.870243467546795,18425.58777499199,1254,1360,30
Wall Robot,best_rule,FOLD-RM (fit),Precision_Gini_Impurity,0.8003663003663004,0.8645020693187728,18445.86495923996,1259,1350,30
Wall Robot,best_rule,FOLD-RM (fit),Precision_Gini_Impurity,0.7976190476190477,0.8572243122724359,18461.917770147324,1249,1317,30
Wall Robot,best_rule,FOLD-RM (fit),Precision_Gini_Impurity,0.7939560439560439,0.8581428263732598,18472.960186958313,1220,1333,30
Wall Robot,best_rule,FOLD-RM (fit),Precision_Gini_Impurity,0.793040293040293,0.862242588531319,18481.582931518555,1301,1402,30
Wall Robot,best_rule,FOLD-RM (fit),Precision_Gini_Impurity,0.8223443223443223,0.8774167411160253,18488.099725723267,1255,1372,30
Wall Robot,best_rule,FOLD-RM (fit),Precision_Gini_Impurity,0.7967032967032966,0.8600339647561354,18489.265449285507,1245,1355,30
Wall Robot,best_rule,FOLD-RM (fit),Precision_Gini_Impurity,0.7976190476190477,0.863331232675366,18498.447046995163,1194,1304,30
Wall Robot,best_rule,FOLD-RM (fit),Precision_Gini_Impurity,0.7976190476190477,0.8637344915751832,18500.18431711197,1317,1390,30
Wall Robot,best_rule,FOLD-RM (fit),Precision_Gini_Impurity,0.7948717948717948,0.8645038852913921,18566.750856399536,1316,1418,30
Wall Robot,best_rule,FOLD-RM (fit),Precision_Gini_Impurity,0.7774725274725275,0.8509899239670327,18579.170230150223,1257,1347,30
Wall Robot,best_rule,CON-FOLD (confidence_fit),original,0.21245421245421245,0.799333274821978,513.5012917518616,14,27,30
Wall Robot,best_rule,CON-FOLD (confidence_fit),original,0.9862637362637363,0.9870986590493588,580.1225621700287,21,36,30
Wall Robot,best_rule,CON-FOLD (confidence_fit),original,0.9908424908424909,0.9916942401630036,626.3308885097504,23,39,30
Wall Robot,best_rule,CON-FOLD (confidence_fit),original,0.9908424908424909,0.9914039556729853,667.7124547958374,23,38,30
Wall Robot,best_rule,CON-FOLD (confidence_fit),original,0.9954212454212454,0.9963268489960623,674.3261561393738,24,41,30
Wall Robot,best_rule,CON-FOLD (confidence_fit),original,0.9917582417582418,0.9915791322015566,687.0560412406921,22,41,30
Wall Robot,best_rule,CON-FOLD (confidence_fit),original,0.98992673992674,0.9907218681964285,669.3311123847961,25,43,30
Wall Robot,best_rule,CON-FOLD (confidence_fit),original,0.9908424908424909,0.9908881133215202,673.0332589149475,22,40,30
Wall Robot,best_rule,CON-FOLD (confidence_fit),original,0.98992673992674,0.9911760879768314,677.9054732322693,21,36,30
Wall Robot,best_rule,CON-FOLD (confidence_fit),original,0.9908424908424909,0.9914990786096153,679.0937719345093,22,40,30
Wall Robot,best_rule,CON-FOLD (confidence_fit),original,0.9945054945054945,0.9944656706024726,697.3220434188843,25,41,30
Wall Robot,best_rule,CON-FOLD (confidence_fit),original,0.98992673992674,0.9910518877241757,700.5142161846161,22,38,30
Wall Robot,best_rule,CON-FOLD (confidence_fit),original,0.9835164835164835,0.9874734323651098,703.5153121948242,25,40,30
Wall Robot,best_rule,CON-FOLD (confidence_fit),original,0.9880952380952381,0.9879017250039378,710.716551065445,25,41,30
Wall Robot,best_rule,CON-FOLD (confidence_fit),original,0.9908424908424909,0.9904744831150184,693.6777853965759,23,40,30
Wall Robot,best_rule,CON-FOLD (confidence_fit),original,0.9871794871794872,0.9888042754467034,721.7646863460541,26,45,30
Wall Robot,best_rule,CON-FOLD (confidence_fit),original,0.9816849816849816,0.9829203443,722.3779110908508,21,37,30
Wall Robot,best_rule,CON-FOLD (confidence_fit),original,0.9926739926739927,0.9931550674954212,731.40509557724,24,44,30
Wall Robot,best_rule,CON-FOLD (confidence_fit),original,0.9926739926739927,0.9932409143253662,715.5069665908813,25,42,30
Wall Robot,best_rule,CON-FOLD (confidence_fit),original,0.9935897435897436,0.9934207610311355,716.1566004753113,22,38,30
Wall Robot,best_rule,CON-FOLD (confidence_fit),original,0.98992673992674,0.9893427383695055,723.5180640220642,26,42,30
Wall Robot,best_rule,CON-FOLD (confidence_fit),original,0.9844322344322345,0.9857118669380952,726.2765455245972,22,36,30
Wall Robot,best_rule,CON-FOLD (confidence_fit),original,0.98992673992674,0.9911169814270147,726.6323864459991,23,44,30
Wall Robot,best_rule,CON-FOLD (confidence_fit),original,0.9826007326007326,0.9861653310925823,727.0632674694061,25,44,30
Wall Robot,best_rule,CON-FOLD (confidence_fit),original,0.9862637362637363,0.9882187749338827,731.0020220279694,24,41,30
Wall Robot,best_rule,CON-FOLD (confidence_fit),original,0.9853479853479854,0.9868366304326008,750.7274649143219,26,43,30
Wall Robot,best_rule,CON-FOLD (confidence_fit),original,0.9880952380952381,0.9893177458085163,752.2596981525421,26,43,30
Wall Robot,best_rule,CON-FOLD (confidence_fit),original,0.9917582417582418,0.9916147263819597,734.7470140457153,24,41,30
Wall Robot,best_rule,CON-FOLD (confidence_fit),original,0.9926739926739927,0.9929833136644689,755.025467634201,24,40,30
Wall Robot,best_rule,CON-FOLD (confidence_fit),original,0.9826007326007326,0.9835991054184067,740.2802486419678,25,41,30
Wall Robot,best_rule,CON-FOLD (confidence_fit),information_gain,0.0009157509157509158,0.749912359775641,7.39041543006897,1,1,30
Wall Robot,best_rule,CON-FOLD (confidence_fit),information_gain,0.0018315018315018315,0.7500758612934981,7.968905687332153,1,1,30
Wall Robot,best_rule,CON-FOLD (confidence_fit),information_gain,0.0,0.749755859375,8.276489973068237,1,1,30
Wall Robot,best_rule,CON-FOLD (confidence_fit),information_gain,0.0,0.75,10.789261817932129,1,1,30
Wall Robot,best_rule,CON-FOLD (confidence_fit),information_gain,0.0,0.75,10.975356578826904,1,1,30
Wall Robot,best_rule,CON-FOLD (confidence_fit),information_gain,0.0009157509157509158,0.749912359775641,10.943946361541748,1,1,30
Wall Robot,best_rule,CON-FOLD (confidence_fit),information_gain,0.0009157509157509158,0.750075682575,12.918762683868408,1,1,30
Wall Robot,best_rule,CON-FOLD (confidence_fit),information_gain,0.0,0.75,15.07572889328003,1,1,30
Wall Robot,best_rule,CON-FOLD (confidence_fit),information_gain,0.0,0.75,15.151206493377686,1,1,30
Wall Robot,best_rule,CON-FOLD (confidence_fit),information_gain,0.0,0.75,16.1231050491333,1,1,30
Wall Robot,best_rule,CON-FOLD (confidence_fit),information_gain,0.0018315018315018315,0.7500869963369964,16.595932483673096,1,1,30
Wall Robot,best_rule,CON-FOLD (confidence_fit),information_gain,0.0,0.75,16.732280254364014,1,1,30
Wall Robot,best_rule,CON-FOLD (confidence_fit),information_gain,0.0,0.75,16.71474289894104,1,1,30
Wall Robot,best_rule,CON-FOLD (confidence_fit),information_gain,0.0,0.75,16.90697479248047,1,1,30
Wall Robot,best_rule,CON-FOLD (confidence_fit),information_gain,0.0,0.75,17.021228551864624,1,1,30
Wall Robot,best_rule,CON-FOLD (confidence_fit),information_gain,0.0,0.75,17.476298332214355,1,1,30
Wall Robot,best_rule,CON-FOLD (confidence_fit),information_gain,0.0009157509157509158,0.750075682575,17.453527212142944,1,1,30
Wall Robot,best_rule,CON-FOLD (confidence_fit),information_gain,0.0,0.75,17.58623719215393,1,1,30
Wall Robot,best_rule,CON-FOLD (confidence_fit),information_gain,0.0018315018315018315,0.7500869963369964,17.587818384170532,1,1,30
Wall Robot,best_rule,CON-FOLD (confidence_fit),information_gain,0.0,0.75,17.598276138305664,1,1,30
Wall Robot,best_rule,CON-FOLD (confidence_fit),information_gain,0.0009157509157509158,0.7500434981684982,17.761784315109253,1,1,30
Wall Robot,best_rule,CON-FOLD (confidence_fit),information_gain,0.0,0.75,18.0880024433136,1,1,30
Wall Robot,best_rule,CON-FOLD (confidence_fit),information_gain,0.0009157509157509158,0.750075682575,18.099298000335693,1,1,30
Wall Robot,best_rule,CON-FOLD (confidence_fit),information_gain,0.0,0.75,18.01490569114685,1,1,30
Wall Robot,best_rule,CON-FOLD (confidence_fit),information_gain,0.0,0.75,18.213988542556763,1,1,30
Wall Robot,best_rule,CON-FOLD (confidence_fit),information_gain,0.0009157509157509158,0.750075682575,18.10770297050476,1,1,30
Wall Robot,best_rule,CON-FOLD (confidence_fit),information_gain,0.0,0.75,18.223978757858276,1,1,30
Wall Robot,best_rule,CON-FOLD (confidence_fit),information_gain,0.0,0.75,18.367845058441162,1,1,30
Wall Robot,best_rule,CON-FOLD (confidence_fit),information_gain,0.0,0.75,18.27698516845703,1,1,30
Wall Robot,best_rule,CON-FOLD (confidence_fit),information_gain,0.0009157509157509158,0.750075682575,18.503342151641846,1,1,30
Wall Robot,best_rule,CON-FOLD (confidence_fit),Gini_Impurity,0.0,0.75,101.25364971160889,0,0,30
Wall Robot,best_rule,CON-FOLD (confidence_fit),Gini_Impurity,0.0,0.75,104.5853316783905,0,0,30
Wall Robot,best_rule,CON-FOLD (confidence_fit),Gini_Impurity,0.0,0.75,108.01413106918335,0,0,30
Wall Robot,best_rule,CON-FOLD (confidence_fit),Gini_Impurity,0.0,0.75,108.22760558128357,0,0,30
Wall Robot,best_rule,CON-FOLD (confidence_fit),Gini_Impurity,0.0,0.75,108.82399892807007,0,0,30
Wall Robot,best_rule,CON-FOLD (confidence_fit),Gini_Impurity,0.0,0.75,111.0015218257904,0,0,30
Wall Robot,best_rule,CON-FOLD (confidence_fit),Gini_Impurity,0.0,0.75,111.2289125919342,0,0,30
Wall Robot,best_rule,CON-FOLD (confidence_fit),Gini_Impurity,0.0,0.75,111.3504729270935,0,0,30
Wall Robot,best_rule,CON-FOLD (confidence_fit),Gini_Impurity,0.0,0.75,113.16398596763611,0,0,30
Wall Robot,best_rule,CON-FOLD (confidence_fit),Gini_Impurity,0.0,0.75,113.26750040054321,0,0,30
Wall Robot,best_rule,CON-FOLD (confidence_fit),Gini_Impurity,0.0,0.75,113.49116969108582,0,0,30
Wall Robot,best_rule,CON-FOLD (confidence_fit),Gini_Impurity,0.0,0.75,118.72306680679321,0,0,30
Wall Robot,best_rule,CON-FOLD (confidence_fit),Gini_Impurity,0.0,0.75,118.99174451828003,0,0,30
Wall Robot,best_rule,CON-FOLD (confidence_fit),Gini_Impurity,0.0,0.75,122.56133770942688,0,0,30
Wall Robot,best_rule,CON-FOLD (confidence_fit),Gini_Impurity,0.0,0.75,123.18458580970764,0,0,30
Wall Robot,best_rule,CON-FOLD (confidence_fit),Gini_Impurity,0.0,0.75,123.94103574752808,0,0,30
Wall Robot,best_rule,CON-FOLD (confidence_fit),Gini_Impurity,0.0,0.75,125.10340666770935,0,0,30
Wall Robot,best_rule,CON-FOLD (confidence_fit),Gini_Impurity,0.0,0.75,125.55379700660706,0,0,30
Wall Robot,best_rule,CON-FOLD (confidence_fit),Gini_Impurity,0.0,0.75,127.11942052841187,0,0,30
Wall Robot,best_rule,CON-FOLD (confidence_fit),Gini_Impurity,0.0,0.75,127.8193154335022,0,0,30
Wall Robot,best_rule,CON-FOLD (confidence_fit),Gini_Impurity,0.0,0.75,130.98710823059082,0,0,30
Wall Robot,best_rule,CON-FOLD (confidence_fit),Gini_Impurity,0.0,0.749951923076923,164.0571596622467,1,4,30
Wall Robot,best_rule,CON-FOLD (confidence_fit),Gini_Impurity,0.0009157509157509158,0.7500365692409341,168.59610033035278,1,4,30
Wall Robot,best_rule,CON-FOLD (confidence_fit),Gini_Impurity,0.0009157509157509158,0.7500434981684982,204.78250408172607,3,7,30
Wall Robot,best_rule,CON-FOLD (confidence_fit),Gini_Impurity,0.0009157509157509158,0.7500434981684982,210.3454201221466,2,8,30
Wall Robot,best_rule,CON-FOLD (confidence_fit),Gini_Impurity,0.0,0.75,210.65011835098267,2,7,30
Wall Robot,best_rule,CON-FOLD (confidence_fit),Gini_Impurity,0.0,0.75,212.07345581054688,2,9,30
Wall Robot,best_rule,CON-FOLD (confidence_fit),Gini_Impurity,0.0,0.749951923076923,224.52548265457153,4,11,30
Wall Robot,best_rule,CON-FOLD (confidence_fit),Gini_Impurity,0.0009157509157509158,0.7499954212454212,225.23895001411438,3,10,30
Wall Robot,best_rule,CON-FOLD (confidence_fit),Gini_Impurity,0.0,0.749951923076923,231.62709069252014,6,16,30
Wall Robot,best_rule,CON-FOLD (confidence_fit),Precision_Information_Gain,0.0,0.75,5.847850561141968,0,0,30
Wall Robot,best_rule,CON-FOLD (confidence_fit),Precision_Information_Gain,0.0,0.75,6.237221956253052,0,0,30
Wall Robot,best_rule,CON-FOLD (confidence_fit),Precision_Information_Gain,0.0,0.75,6.4282567501068115,0,0,30
Wall Robot,best_rule,CON-FOLD (confidence_fit),Precision_Information_Gain,0.0,0.75,6.737790584564209,0,0,30
Wall Robot,best_rule,CON-FOLD (confidence_fit),Precision_Information_Gain,0.0,0.75,6.861846923828125,0,0,30
Wall Robot,best_rule,CON-FOLD (confidence_fit),Precision_Information_Gain,0.0,0.75,6.954320907592773,0,0,30
Wall Robot,best_rule,CON-FOLD (confidence_fit),Precision_Information_Gain,0.0,0.75,7.001842021942139,0,0,30
Wall Robot,best_rule,CON-FOLD (confidence_fit),Precision_Information_Gain,0.0,0.75,6.958343982696533,0,0,30
Wall Robot,best_rule,CON-FOLD (confidence_fit),Precision_Information_Gain,0.0,0.75,7.06925630569458,0,0,30
Wall Robot,best_rule,CON-FOLD (confidence_fit),Precision_Information_Gain,0.0,0.75,7.044685363769531,0,0,30
Wall Robot,best_rule,CON-FOLD (confidence_fit),Precision_Information_Gain,0.0,0.75,7.344518184661865,0,0,30
Wall Robot,best_rule,CON-FOLD (confidence_fit),Precision_Information_Gain,0.0,0.75,7.62084436416626,0,0,30
Wall Robot,best_rule,CON-FOLD (confidence_fit),Precision_Information_Gain,0.0,0.75,7.952031135559082,0,0,30
Wall Robot,best_rule,CON-FOLD (confidence_fit),Precision_Information_Gain,0.0,0.75,8.013431549072266,0,0,30
Wall Robot,best_rule,CON-FOLD (confidence_fit),Precision_Information_Gain,0.0,0.75,8.058182716369629,0,0,30
Wall Robot,best_rule,CON-FOLD (confidence_fit),Precision_Information_Gain,0.0,0.75,8.18702220916748,0,0,30
Wall Robot,best_rule,CON-FOLD (confidence_fit),Precision_Information_Gain,0.0,0.75,8.124286890029907,0,0,30
Wall Robot,best_rule,CON-FOLD (confidence_fit),Precision_Information_Gain,0.0,0.75,8.238035917282104,0,0,30
Wall Robot,best_rule,CON-FOLD (confidence_fit),Precision_Information_Gain,0.0,0.75,8.124741792678833,0,0,30
Wall Robot,best_rule,CON-FOLD (confidence_fit),Precision_Information_Gain,0.0,0.75,8.129659414291382,0,0,30
Wall Robot,best_rule,CON-FOLD (confidence_fit),Precision_Information_Gain,0.0,0.75,8.124299049377441,0,0,30
Wall Robot,best_rule,CON-FOLD (confidence_fit),Precision_Information_Gain,0.0,0.75,8.305942296981812,0,0,30
Wall Robot,best_rule,CON-FOLD (confidence_fit),Precision_Information_Gain,0.0,0.75,8.268379926681519,0,0,30
Wall Robot,best_rule,CON-FOLD (confidence_fit),Precision_Information_Gain,0.0,0.75,8.29551887512207,0,0,30
Wall Robot,best_rule,CON-FOLD (confidence_fit),Precision_Information_Gain,0.0,0.75,8.392508029937744,0,0,30
Wall Robot,best_rule,CON-FOLD (confidence_fit),Precision_Information_Gain,0.0,0.75,8.447333097457886,0,0,30
Wall Robot,best_rule,CON-FOLD (confidence_fit),Precision_Information_Gain,0.0,0.75,8.455251693725586,0,0,30
Wall Robot,best_rule,CON-FOLD (confidence_fit),Precision_Information_Gain,0.0,0.75,8.443528175354004,0,0,30
Wall Robot,best_rule,CON-FOLD (confidence_fit),Precision_Information_Gain,0.0,0.75,8.492618560791016,0,0,30
Wall Robot,best_rule,CON-FOLD (confidence_fit),Precision_Information_Gain,0.0,0.75,8.56394076347351,0,0,30
Wall Robot,best_rule,CON-FOLD (confidence_fit),Precision_Gini_Impurity,0.8214285714285714,0.8653888252152018,15211.17646932602,782,819,30
Wall Robot,best_rule,CON-FOLD (confidence_fit),Precision_Gini_Impurity,0.8223443223443223,0.8628052639427659,15541.56311917305,821,854,30
Wall Robot,best_rule,CON-FOLD (confidence_fit),Precision_Gini_Impurity,0.8186813186813187,0.8692537535051281,15880.121115922928,817,884,30
Wall Robot,best_rule,CON-FOLD (confidence_fit),Precision_Gini_Impurity,0.8058608058608059,0.8575651456739007,16029.219658136368,795,847,30
Wall Robot,best_rule,CON-FOLD (confidence_fit),Precision_Gini_Impurity,0.8040293040293041,0.8561266271810437,16049.194851875305,832,912,30
Wall Robot,best_rule,CON-FOLD (confidence_fit),Precision_Gini_Impurity,0.8131868131868132,0.8666203534652015,16058.847140550613,843,910,30
Wall Robot,best_rule,CON-FOLD (confidence_fit),Precision_Gini_Impurity,0.8315018315018315,0.8729195180231681,16110.122013807297,862,916,30
Wall Robot,best_rule,CON-FOLD (confidence_fit),Precision_Gini_Impurity,0.815018315018315,0.8620942679280219,16222.199252128601,863,876,30
Wall Robot,best_rule,CON-FOLD (confidence_fit),Precision_Gini_Impurity,0.8122710622710623,0.867044336705677,16398.403628349304,849,925,30
Wall Robot,best_rule,CON-FOLD (confidence_fit),Precision_Gini_Impurity,0.7912087912087912,0.8592701548492675,16541.602351665497,826,914,30
Wall Robot,best_rule,CON-FOLD (confidence_fit),Precision_Gini_Impurity,0.8214285714285714,0.8640948063315014,16590.739594221115,837,903,30
Wall Robot,best_rule,CON-FOLD (confidence_fit),Precision_Gini_Impurity,0.8159340659340659,0.8641283853744504,16637.375164747238,834,886,30
Wall Robot,best_rule,CON-FOLD (confidence_fit),Precision_Gini_Impurity,0.7985347985347986,0.8576169594405676,16655.84202694893,878,944,30
Wall Robot,best_rule,CON-FOLD (confidence_fit),Precision_Gini_Impurity,0.8305860805860806,0.8727327014593407,16724.894255638123,853,917,30
Wall Robot,best_rule,CON-FOLD (confidence_fit),Precision_Gini_Impurity,0.7902930402930403,0.8496892969315015,16837.143896341324,850,905,30
Wall Robot,best_rule,CON-FOLD (confidence_fit),Precision_Gini_Impurity,0.782051282051282,0.854501339481868,16848.36180663109,828,897,30
Wall Robot,best_rule,CON-FOLD (confidence_fit),Precision_Gini_Impurity,0.815018315018315,0.8683286707445969,16927.818779706955,830,876,30
Wall Robot,best_rule,CON-FOLD (confidence_fit),Precision_Gini_Impurity,0.8159340659340659,0.8704723367992675,16945.15020108223,826,898,30
Wall Robot,best_rule,CON-FOLD (confidence_fit),Precision_Gini_Impurity,0.8086080586080586,0.8654643940414835,16946.37939977646,875,929,30
Wall Robot,best_rule,CON-FOLD (confidence_fit),Precision_Gini_Impurity,0.7738095238095238,0.8435176010920329,16949.947783231735,830,895,30
Wall Robot,best_rule,CON-FOLD (confidence_fit),Precision_Gini_Impurity,0.7774725274725275,0.8466548800368132,16959.735441446304,879,931,30
Wall Robot,best_rule,CON-FOLD (confidence_fit),Precision_Gini_Impurity,0.8021978021978022,0.864036350703663,17007.03552174568,856,897,30
Wall Robot,best_rule,CON-FOLD (confidence_fit),Precision_Gini_Impurity,0.7875457875457875,0.8616671992076924,17031.945944309235,886,976,30
Wall Robot,best_rule,CON-FOLD (confidence_fit),Precision_Gini_Impurity,0.8278388278388278,0.8777246968490838,17077.457354784012,809,896,30
Wall Robot,best_rule,CON-FOLD (confidence_fit),Precision_Gini_Impurity,0.8159340659340659,0.8705560784597068,17083.652426958084,921,994,30
Wall Robot,best_rule,CON-FOLD (confidence_fit),Precision_Gini_Impurity,0.7765567765567766,0.8509650698920328,17099.59832048416,849,903,30
Wall Robot,best_rule,CON-FOLD (confidence_fit),Precision_Gini_Impurity,0.8186813186813187,0.874003968664194,17139.827658176422,900,968,30
Wall Robot,best_rule,CON-FOLD (confidence_fit),Precision_Gini_Impurity,0.8159340659340659,0.8642786513389192,17171.6972284317,882,959,30
Wall Robot,best_rule,CON-FOLD (confidence_fit),Precision_Gini_Impurity,0.7948717948717948,0.8664183925541209,17211.381563663483,920,985,30
Wall Robot,best_rule,CON-FOLD (confidence_fit),Precision_Gini_Impurity,0.7811355311355311,0.8527545490764648,17236.06875729561,928,1011,30
Wall Robot,info_gain,FOLD-RM (fit),original,0.9926739926739927,0.9928470840435897,174.7517864704132,30,42,30
Wall Robot,info_gain,FOLD-RM (fit),original,0.9972527472527473,0.9969404848931319,175.90244340896606,29,37,30
Wall Robot,info_gain,FOLD-RM (fit),original,0.9917582417582418,0.9922690156929487,183.32892608642578,29,39,30
Wall Robot,info_gain,FOLD-RM (fit),original,0.9917582417582418,0.9923935401738097,184.16084837913513,25,30,30
Wall Robot,info_gain,FOLD-RM (fit),original,0.9871794871794872,0.9899725348304029,184.3783893585205,32,40,30
Wall Robot,info_gain,FOLD-RM (fit),original,0.9871794871794872,0.9870430302115385,186.69971084594727,35,45,30
Wall Robot,info_gain,FOLD-RM (fit),original,0.9871794871794872,0.9875916925084249,185.91755151748657,30,40,30
Wall Robot,info_gain,FOLD-RM (fit),original,0.9954212454212454,0.9956617084175824,188.65513396263123,28,38,30
Wall Robot,info_gain,FOLD-RM (fit),original,0.9917582417582418,0.9912817381582416,188.84007358551025,32,43,30
Wall Robot,info_gain,FOLD-RM (fit),original,0.9926739926739927,0.9927632605305861,192.0080862045288,32,43,30
Wall Robot,info_gain,FOLD-RM (fit),original,0.9935897435897436,0.9931869103166667,192.3090078830719,29,38,30
Wall Robot,info_gain,FOLD-RM (fit),original,0.9935897435897436,0.9938644925131868,193.79653429985046,29,39,30
Wall Robot,info_gain,FOLD-RM (fit),original,0.9917582417582418,0.9919743559923994,195.60820484161377,27,37,30
Wall Robot,info_gain,FOLD-RM (fit),original,0.9917582417582418,0.9911563076724359,194.35992789268494,29,36,30
Wall Robot,info_gain,FOLD-RM (fit),original,0.989010989010989,0.9897070774380037,197.96685600280762,29,40,30
Wall Robot,info_gain,FOLD-RM (fit),original,0.9926739926739927,0.9929329532464287,198.06660342216492,30,42,30
Wall Robot,info_gain,FOLD-RM (fit),original,0.9935897435897436,0.9942793576150183,199.74182677268982,30,35,30
Wall Robot,info_gain,FOLD-RM (fit),original,0.9963369963369964,0.9970388913618132,200.08515763282776,30,42,30
Wall Robot,info_gain,FOLD-RM (fit),original,0.9935897435897436,0.9940977045358059,199.14476990699768,30,40,30
Wall Robot,info_gain,FOLD-RM (fit),original,0.9908424908424909,0.9918407946527471,199.3884835243225,31,39,30
Wall Robot,info_gain,FOLD-RM (fit),original,0.9917582417582418,0.9918880768143774,200.99075055122375,31,42,30
Wall Robot,info_gain,FOLD-RM (fit),original,0.9926739926739927,0.991944649767216,199.8619499206543,33,45,30
Wall Robot,info_gain,FOLD-RM (fit),original,0.9935897435897436,0.9933001870477107,200.79275250434875,32,47,30
Wall Robot,info_gain,FOLD-RM (fit),original,0.9954212454212454,0.9949817729298535,202.61084580421448,36,51,30
Wall Robot,info_gain,FOLD-RM (fit),original,0.9871794871794872,0.9884905045304027,202.46354627609253,33,42,30
Wall Robot,info_gain,FOLD-RM (fit),original,0.9935897435897436,0.9928993675898352,203.71717953681946,30,40,30
Wall Robot,info_gain,FOLD-RM (fit),original,0.9917582417582418,0.9916601754990844,203.05793809890747,30,44,30
Wall Robot,info_gain,FOLD-RM (fit),original,0.98992673992674,0.9897170232858059,203.45704889297485,34,45,30
Wall Robot,info_gain,FOLD-RM (fit),original,0.9935897435897436,0.9933037324115385,204.75348329544067,35,47,30
Wall Robot,info_gain,FOLD-RM (fit),original,0.9926739926739927,0.9927641609906594,203.6322741508484,31,41,30
Wall Robot,info_gain,FOLD-RM (fit),information_gain,0.0,0.75,1.568627119064331,3,3,30
Wall Robot,info_gain,FOLD-RM (fit),information_gain,0.0009157509157509158,0.750075682575,1.637382984161377,3,3,30
Wall Robot,info_gain,FOLD-RM (fit),information_gain,0.0027472527472527475,0.7502760030878205,1.678164005279541,3,3,30
Wall Robot,info_gain,FOLD-RM (fit),information_gain,0.0018315018315018315,0.7500869963369964,1.8758459091186523,3,3,30
Wall Robot,info_gain,FOLD-RM (fit),information_gain,0.0027472527472527475,0.7501851838313187,1.9470863342285156,4,4,30
Wall Robot,info_gain,FOLD-RM (fit),information_gain,0.0009157509157509158,0.7501192126167582,1.976736307144165,4,4,30
Wall Robot,info_gain,FOLD-RM (fit),information_gain,0.0009157509157509158,0.7499954212454212,1.916968822479248,4,4,30
Wall Robot,info_gain,FOLD-RM (fit),information_gain,0.0018315018315018315,0.7501948951917583,1.4244773387908936,3,3,30
Wall Robot,info_gain,FOLD-RM (fit),information_gain,0.0027472527472527475,0.7501422395141025,1.986152172088623,4,4,30
Wall Robot,info_gain,FOLD-RM (fit),information_gain,0.0,0.75,1.8948779106140137,4,4,30
Wall Robot,info_gain,FOLD-RM (fit),information_gain,0.0,0.75,1.940474271774292,4,4,30
Wall Robot,info_gain,FOLD-RM (fit),information_gain,0.0009157509157509158,0.750075682575,2.0224545001983643,4,4,30
Wall Robot,info_gain,FOLD-RM (fit),information_gain,0.005494505494505495,0.7503189289119964,2.003291130065918,4,4,30
Wall Robot,info_gain,FOLD-RM (fit),information_gain,0.0027472527472527475,0.7500583791208791,1.9977242946624756,4,4,30
Wall Robot,info_gain,FOLD-RM (fit),information_gain,0.0,0.75,1.9778637886047363,4,4,30
Wall Robot,info_gain,FOLD-RM (fit),information_gain,0.0,0.75,2.03898549079895,4,4,30
Wall Robot,info_gain,FOLD-RM (fit),information_gain,0.0,0.7499091807434981,1.9425652027130127,4,4,30
Wall Robot,info_gain,FOLD-RM (fit),information_gain,0.0009157509157509158,0.7499954212454212,1.949641227722168,4,4,30
Wall Robot,info_gain,FOLD-RM (fit),information_gain,0.0018315018315018315,0.75015136515,2.048060417175293,4,4,30
Wall Robot,info_gain,FOLD-RM (fit),information_gain,0.0,0.7499091807434981,1.9334831237792969,4,4,30
Wall Robot,info_gain,FOLD-RM (fit),information_gain,0.0018315018315018315,0.7501948951917583,1.926555871963501,4,4,30
Wall Robot,info_gain,FOLD-RM (fit),information_gain,0.0018315018315018315,0.75003233125174,2.0345137119293213,4,4,30
Wall Robot,info_gain,FOLD-RM (fit),information_gain,0.0,0.75,1.941554069519043,4,4,30
Wall Robot,info_gain,FOLD-RM (fit),information_gain,0.0,0.7498072735852563,2.042018175125122,4,4,30
Wall Robot,info_gain,FOLD-RM (fit),information_gain,0.0018315018315018315,0.7501040759352564,1.9837007522583008,4,4,30
Wall Robot,info_gain,FOLD-RM (fit),information_gain,0.0009157509157509158,0.7501192126167582,1.9756627082824707,4,4,30
Wall Robot,info_gain,FOLD-RM (fit),information_gain,0.0027472527472527475,0.7501903164371795,2.1473917961120605,5,5,30
Wall Robot,info_gain,FOLD-RM (fit),information_gain,0.0,0.7499091807434981,1.6429193019866943,4,4,30
Wall Robot,info_gain,FOLD-RM (fit),information_gain,0.0009157509157509158,0.7499375741037546,2.1096715927124023,5,5,30
Wall Robot,info_gain,FOLD-RM (fit),information_gain,0.8452380952380952,0.9260067253411169,4.037325143814087,20,19,30
Wall Robot,info_gain,FOLD-RM (fit),Gini_Impurity,0.0,0.75,15.257316589355469,0,0,30
Wall Robot,info_gain,FOLD-RM (fit),Gini_Impurity,0.0,0.75,16.134992361068726,0,0,30
Wall Robot,info_gain,FOLD-RM (fit),Gini_Impurity,0.0,0.75,16.865100383758545,0,0,30
Wall Robot,info_gain,FOLD-RM (fit),Gini_Impurity,0.0,0.75,17.318630695343018,0,0,30
Wall Robot,info_gain,FOLD-RM (fit),Gini_Impurity,0.0,0.75,17.405370712280273,0,0,30
Wall Robot,info_gain,FOLD-RM (fit),Gini_Impurity,0.0,0.75,17.428771495819092,0,0,30
Wall Robot,info_gain,FOLD-RM (fit),Gini_Impurity,0.0,0.75,17.548251628875732,0,0,30
Wall Robot,info_gain,FOLD-RM (fit),Gini_Impurity,0.0,0.75,18.11381483078003,0,0,30
Wall Robot,info_gain,FOLD-RM (fit),Gini_Impurity,0.0,0.75,19.245540857315063,0,0,30
Wall Robot,info_gain,FOLD-RM (fit),Gini_Impurity,0.0,0.75,19.371983528137207,0,0,30
Wall Robot,info_gain,FOLD-RM (fit),Gini_Impurity,0.0,0.75,19.481191158294678,0,0,30
Wall Robot,info_gain,FOLD-RM (fit),Gini_Impurity,0.0,0.75,19.955137729644775,0,0,30
Wall Robot,info_gain,FOLD-RM (fit),Gini_Impurity,0.0,0.75,25.589993953704834,1,3,30
Wall Robot,info_gain,FOLD-RM (fit),Gini_Impurity,0.0,0.75,26.007306575775146,0,0,30
Wall Robot,info_gain,FOLD-RM (fit),Gini_Impurity,0.0,0.75,28.062561511993408,0,0,30
Wall Robot,info_gain,FOLD-RM (fit),Gini_Impurity,0.0,0.75,28.70026707649231,0,0,30
Wall Robot,info_gain,FOLD-RM (fit),Gini_Impurity,0.0,0.75,30.549160718917847,0,0,30
Wall Robot,info_gain,FOLD-RM (fit),Gini_Impurity,0.0,0.75,35.380566120147705,0,0,30
Wall Robot,info_gain,FOLD-RM (fit),Gini_Impurity,0.0,0.75,36.26180386543274,0,0,30
Wall Robot,info_gain,FOLD-RM (fit),Gini_Impurity,0.0,0.75,36.39206862449646,0,0,30
Wall Robot,info_gain,FOLD-RM (fit),Gini_Impurity,0.0,0.75,37.392263889312744,0,0,30
Wall Robot,info_gain,FOLD-RM (fit),Gini_Impurity,0.0,0.75,37.74978446960449,2,6,30
Wall Robot,info_gain,FOLD-RM (fit),Gini_Impurity,0.0,0.75,40.898672580718994,0,0,30
Wall Robot,info_gain,FOLD-RM (fit),Gini_Impurity,0.0,0.75,41.26138782501221,0,0,30
Wall Robot,info_gain,FOLD-RM (fit),Gini_Impurity,0.0,0.75,42.63825583457947,1,2,30
Wall Robot,info_gain,FOLD-RM (fit),Gini_Impurity,0.0009157509157509158,0.7500650213494505,45.67121434211731,2,5,30
Wall Robot,info_gain,FOLD-RM (fit),Gini_Impurity,0.0009157509157509158,0.7499954212454212,46.31895399093628,4,13,30
Wall Robot,info_gain,FOLD-RM (fit),Gini_Impurity,0.0018315018315018315,0.7500869963369964,48.711528301239014,3,9,30
Wall Robot,info_gain,FOLD-RM (fit),Gini_Impurity,0.0,0.75,50.951515913009644,5,14,30
Wall Robot,info_gain,FOLD-RM (fit),Gini_Impurity,0.0009157509157509158,0.7499954212454212,52.80053949356079,6,16,30
Wall Robot,info_gain,FOLD-RM (fit),Precision_Information_Gain,0.0,0.75,0.656944990158081,0,0,30
Wall Robot,info_gain,FOLD-RM (fit),Precision_Information_Gain,0.0,0.75,0.7443530559539795,0,0,30
Wall Robot,info_gain,FOLD-RM (fit),Precision_Information_Gain,0.0,0.75,0.7051639556884766,0,0,30
Wall Robot,info_gain,FOLD-RM (fit),Precision_Information_Gain,0.0,0.75,0.779447078704834,0,0,30
Wall Robot,info_gain,FOLD-RM (fit),Precision_Information_Gain,0.0,0.75,0.8205087184906006,0,0,30
Wall Robot,info_gain,FOLD-RM (fit),Precision_Information_Gain,0.0,0.75,0.7621893882751465,0,0,30
Wall Robot,info_gain,FOLD-RM (fit),Precision_Information_Gain,0.0,0.75,0.7526304721832275,0,0,30
Wall Robot,info_gain,FOLD-RM (fit),Precision_Information_Gain,0.0,0.75,0.8320488929748535,0,0,30
Wall Robot,info_gain,FOLD-RM (fit),Precision_Information_Gain,0.0,0.75,0.9239675998687744,0,0,30
Wall Robot,info_gain,FOLD-RM (fit),Precision_Information_Gain,0.0,0.75,0.8928396701812744,0,0,30
Wall Robot,info_gain,FOLD-RM (fit),Precision_Information_Gain,0.0,0.75,0.9165012836456299,0,0,30
Wall Robot,info_gain,FOLD-RM (fit),Precision_Information_Gain,0.0,0.75,0.9210066795349121,0,0,30
Wall Robot,info_gain,FOLD-RM (fit),Precision_Information_Gain,0.0,0.75,0.8392400741577148,0,0,30
Wall Robot,info_gain,FOLD-RM (fit),Precision_Information_Gain,0.0,0.75,0.8924205303192139,0,0,30
Wall Robot,info_gain,FOLD-RM (fit),Precision_Information_Gain,0.0,0.75,0.7979261875152588,0,0,30
Wall Robot,info_gain,FOLD-RM (fit),Precision_Information_Gain,0.0,0.75,0.824660062789917,0,0,30
Wall Robot,info_gain,FOLD-RM (fit),Precision_Information_Gain,0.0,0.75,0.9617986679077148,0,0,30
Wall Robot,info_gain,FOLD-RM (fit),Precision_Information_Gain,0.0,0.75,0.8879036903381348,0,0,30
Wall Robot,info_gain,FOLD-RM (fit),Precision_Information_Gain,0.0,0.75,0.8387436866760254,0,0,30
Wall Robot,info_gain,FOLD-RM (fit),Precision_Information_Gain,0.0,0.75,0.9497559070587158,0,0,30
Wall Robot,info_gain,FOLD-RM (fit),Precision_Information_Gain,0.0,0.75,0.8989145755767822,0,0,30
Wall Robot,info_gain,FOLD-RM (fit),Precision_Information_Gain,0.0,0.75,0.9542577266693115,0,0,30
Wall Robot,info_gain,FOLD-RM (fit),Precision_Information_Gain,0.0,0.75,0.9155504703521729,0,0,30
Wall Robot,info_gain,FOLD-RM (fit),Precision_Information_Gain,0.0,0.75,0.8768808841705322,0,0,30
Wall Robot,info_gain,FOLD-RM (fit),Precision_Information_Gain,0.0,0.75,0.9396533966064453,0,0,30
Wall Robot,info_gain,FOLD-RM (fit),Precision_Information_Gain,0.0,0.75,0.9029664993286133,0,0,30
Wall Robot,info_gain,FOLD-RM (fit),Precision_Information_Gain,0.0,0.75,0.9139771461486816,0,0,30
Wall Robot,info_gain,FOLD-RM (fit),Precision_Information_Gain,0.0,0.75,0.8939433097839355,0,0,30
Wall Robot,info_gain,FOLD-RM (fit),Precision_Information_Gain,0.0,0.75,0.9557216167449951,0,0,30
Wall Robot,info_gain,FOLD-RM (fit),Precision_Information_Gain,0.0,0.75,0.8969824314117432,0,0,30
Wall Robot,info_gain,FOLD-RM (fit),Precision_Gini_Impurity,0.3663003663003663,0.822693563649816,743.3287253379822,339,356,30
Wall Robot,info_gain,FOLD-RM (fit),Precision_Gini_Impurity,0.3791208791208791,0.8269192674420335,757.8692376613617,339,394,30
Wall Robot,info_gain,FOLD-RM (fit),Precision_Gini_Impurity,0.3598901098901099,0.8201173183664842,772.4353792667389,311,352,30
Wall Robot,info_gain,FOLD-RM (fit),Precision_Gini_Impurity,0.3708791208791209,0.8236180418703292,778.4706904888153,333,378,30
Wall Robot,info_gain,FOLD-RM (fit),Precision_Gini_Impurity,0.3608058608058608,0.826577692566941,788.3400642871857,330,358,30
Wall Robot,info_gain,FOLD-RM (fit),Precision_Gini_Impurity,0.3965201465201465,0.8350654255166663,816.9987246990204,380,391,30
Wall Robot,info_gain,FOLD-RM (fit),Precision_Gini_Impurity,0.3498168498168498,0.8174654888177659,825.3452672958374,365,390,30
Wall Robot,info_gain,FOLD-RM (fit),Precision_Gini_Impurity,0.3434065934065934,0.8165951226904756,833.6756749153137,334,369,30
Wall Robot,info_gain,FOLD-RM (fit),Precision_Gini_Impurity,0.3543956043956044,0.8182338329820504,857.2671377658844,362,379,30
Wall Robot,info_gain,FOLD-RM (fit),Precision_Gini_Impurity,0.41025641025641024,0.8293452740314102,917.9390070438385,371,424,30
Wall Robot,info_gain,FOLD-RM (fit),Precision_Gini_Impurity,0.40201465201465203,0.8305894334695973,929.4462230205536,393,449,30
Wall Robot,info_gain,FOLD-RM (fit),Precision_Gini_Impurity,0.4368131868131868,0.8442802351715201,933.1425557136536,414,458,30
Wall Robot,info_gain,FOLD-RM (fit),Precision_Gini_Impurity,0.37362637362637363,0.8316020469468867,935.6707372665405,368,412,30
Wall Robot,info_gain,FOLD-RM (fit),Precision_Gini_Impurity,0.39194139194139194,0.8302009550296701,936.6703677177429,367,390,30
Wall Robot,info_gain,FOLD-RM (fit),Precision_Gini_Impurity,0.36538461538461536,0.8268704521075084,952.261016368866,352,389,30
Wall Robot,info_gain,FOLD-RM (fit),Precision_Gini_Impurity,0.445970695970696,0.8446501508471618,977.5098810195923,430,484,30
Wall Robot,info_gain,FOLD-RM (fit),Precision_Gini_Impurity,0.4478021978021978,0.8346798913889195,982.3227579593658,415,446,30
Wall Robot,info_gain,FOLD-RM (fit),Precision_Gini_Impurity,0.36813186813186816,0.8259786192274721,986.993899345398,389,441,30
Wall Robot,info_gain,FOLD-RM (fit),Precision_Gini_Impurity,0.4633699633699634,0.8417810497514652,1060.2992568016052,441,503,30
Wall Robot,info_gain,FOLD-RM (fit),Precision_Gini_Impurity,0.510989010989011,0.8447097817962447,1100.2163317203522,498,534,30
Wall Robot,info_gain,FOLD-RM (fit),Precision_Gini_Impurity,0.4606227106227106,0.841779187349267,1150.2265119552612,493,549,30
Wall Robot,info_gain,FOLD-RM (fit),Precision_Gini_Impurity,0.4725274725274725,0.8438465832068685,1150.8366215229034,527,604,30
Wall Robot,info_gain,FOLD-RM (fit),Precision_Gini_Impurity,0.47435897435897434,0.8365754246036635,1163.7810661792755,528,570,30
Wall Robot,info_gain,FOLD-RM (fit),Precision_Gini_Impurity,0.5064102564102564,0.84611205632381,1176.6838219165802,544,611,30
Wall Robot,info_gain,FOLD-RM (fit),Precision_Gini_Impurity,0.5036630036630036,0.8457878560795786,1184.2250273227692,546,578,30
Wall Robot,info_gain,FOLD-RM (fit),Precision_Gini_Impurity,0.48717948717948717,0.8426883797782968,1186.230878353119,552,613,30
Wall Robot,info_gain,FOLD-RM (fit),Precision_Gini_Impurity,0.4926739926739927,0.8441972420847061,1194.965374469757,538,615,30
Wall Robot,info_gain,FOLD-RM (fit),Precision_Gini_Impurity,0.510989010989011,0.8388070132250001,1197.7741928100586,543,625,30
Wall Robot,info_gain,FOLD-RM (fit),Precision_Gini_Impurity,0.48443223443223443,0.840652018757601,1199.6437239646912,554,629,30
Wall Robot,info_gain,FOLD-RM (fit),Precision_Gini_Impurity,0.554945054945055,0.8441381475771065,1215.7961807250977,639,736,30
Wall Robot,info_gain,CON-FOLD (confidence_fit),original,0.9862637362637363,0.9867717281881867,157.42088961601257,19,23,30
Wall Robot,info_gain,CON-FOLD (confidence_fit),original,0.9816849816849816,0.982595580913553,158.8413860797882,18,21,30
Wall Robot,info_gain,CON-FOLD (confidence_fit),original,0.98992673992674,0.9906206457899268,159.55613541603088,21,26,30
Wall Robot,info_gain,CON-FOLD (confidence_fit),original,0.9706959706959707,0.975295649746978,163.11052227020264,23,28,30
Wall Robot,info_gain,CON-FOLD (confidence_fit),original,0.9743589743589743,0.975528133505037,163.8552873134613,19,25,30
Wall Robot,info_gain,CON-FOLD (confidence_fit),original,0.9853479853479854,0.9862902089206043,167.51842713356018,19,22,30
Wall Robot,info_gain,CON-FOLD (confidence_fit),original,0.9697802197802198,0.9718139279378203,170.941663980484,20,24,30
Wall Robot,info_gain,CON-FOLD (confidence_fit),original,0.9706959706959707,0.9719921214686812,176.48557686805725,15,19,30
Wall Robot,info_gain,CON-FOLD (confidence_fit),original,0.9752747252747253,0.9761458527431319,177.73870062828064,14,16,30
Wall Robot,info_gain,CON-FOLD (confidence_fit),original,0.9771062271062271,0.9774963027315019,178.20442414283752,19,22,30
Wall Robot,info_gain,CON-FOLD (confidence_fit),original,0.989010989010989,0.9894505125209706,178.20512533187866,17,21,30
Wall Robot,info_gain,CON-FOLD (confidence_fit),original,0.9615384615384616,0.9640290548676744,179.79755687713623,17,20,30
Wall Robot,info_gain,CON-FOLD (confidence_fit),original,0.956959706959707,0.9598374864762824,181.31174111366272,20,23,30
Wall Robot,info_gain,CON-FOLD (confidence_fit),original,0.967032967032967,0.9686734697110801,183.46222829818726,20,26,30
Wall Robot,info_gain,CON-FOLD (confidence_fit),original,0.9789377289377289,0.9793678245227108,184.2966344356537,18,21,30
Wall Robot,info_gain,CON-FOLD (confidence_fit),original,0.9789377289377289,0.979378884570238,186.08997917175293,18,21,30
Wall Robot,info_gain,CON-FOLD (confidence_fit),original,0.9652014652014652,0.9671367356724362,186.29665207862854,19,23,30
Wall Robot,info_gain,CON-FOLD (confidence_fit),original,0.9642857142857143,0.9666361460354392,186.6584119796753,18,22,30
Wall Robot,info_gain,CON-FOLD (confidence_fit),original,0.9706959706959707,0.9727593092394684,186.1321837902069,21,24,30
Wall Robot,info_gain,CON-FOLD (confidence_fit),original,0.9734432234432234,0.9737958896259158,187.51491475105286,18,22,30
Wall Robot,info_gain,CON-FOLD (confidence_fit),original,0.9661172161172161,0.9679445125383697,189.05359482765198,18,22,30
Wall Robot,info_gain,CON-FOLD (confidence_fit),original,0.989010989010989,0.9889978275723443,190.48210334777832,21,24,30
Wall Robot,info_gain,CON-FOLD (confidence_fit),original,0.967948717948718,0.9696815600147437,190.6813018321991,19,23,30
Wall Robot,info_gain,CON-FOLD (confidence_fit),original,0.9871794871794872,0.9871459314905678,192.04461669921875,19,24,30
Wall Robot,info_gain,CON-FOLD (confidence_fit),original,0.9716117216117216,0.9722914889599821,191.32347059249878,17,22,30
Wall Robot,info_gain,CON-FOLD (confidence_fit),original,0.989010989010989,0.9885637480983516,192.42994260787964,21,24,30
Wall Robot,info_gain,CON-FOLD (confidence_fit),original,0.9880952380952381,0.988049384362729,192.6392011642456,23,27,30
Wall Robot,info_gain,CON-FOLD (confidence_fit),original,0.9688644688644689,0.9704597486574176,193.8033332824707,21,27,30
Wall Robot,info_gain,CON-FOLD (confidence_fit),original,0.9532967032967034,0.9564222491264655,193.9055950641632,18,21,30
Wall Robot,info_gain,CON-FOLD (confidence_fit),original,0.9835164835164835,0.9848227042206045,194.39993381500244,20,23,30
Wall Robot,info_gain,CON-FOLD (confidence_fit),information_gain,0.0018315018315018315,0.7501948951917583,1.503746747970581,3,3,30
Wall Robot,info_gain,CON-FOLD (confidence_fit),information_gain,0.0009157509157509158,0.7501192126167582,1.6175904273986816,3,3,30
Wall Robot,info_gain,CON-FOLD (confidence_fit),information_gain,0.0009157509157509158,0.7501192126167582,1.6463220119476318,3,3,30
Wall Robot,info_gain,CON-FOLD (confidence_fit),information_gain,0.0009157509157509158,0.750075682575,1.6165695190429688,3,3,30
Wall Robot,info_gain,CON-FOLD (confidence_fit),information_gain,0.0027472527472527475,0.7502760030878205,1.612544059753418,3,3,30
Wall Robot,info_gain,CON-FOLD (confidence_fit),information_gain,0.0009157509157509158,0.7501001602564102,1.5922129154205322,3,3,30
Wall Robot,info_gain,CON-FOLD (confidence_fit),information_gain,0.0018315018315018315,0.7501948951917583,1.6916263103485107,3,3,30
Wall Robot,info_gain,CON-FOLD (confidence_fit),information_gain,0.0018315018315018315,0.7502003205128205,1.7504243850708008,3,3,30
Wall Robot,info_gain,CON-FOLD (confidence_fit),information_gain,0.0009157509157509158,0.750075682575,1.7649741172790527,3,3,30
Wall Robot,info_gain,CON-FOLD (confidence_fit),information_gain,0.0018315018315018315,0.7501040759352564,1.8713984489440918,4,4,30
Wall Robot,info_gain,CON-FOLD (confidence_fit),information_gain,0.0,0.75,1.9176967144012451,4,4,30
Wall Robot,info_gain,CON-FOLD (confidence_fit),information_gain,0.0018315018315018315,0.7501040759352564,1.9328570365905762,4,4,30
Wall Robot,info_gain,CON-FOLD (confidence_fit),information_gain,0.0009157509157509158,0.7501001602564102,1.9055287837982178,4,4,30
Wall Robot,info_gain,CON-FOLD (confidence_fit),information_gain,0.0018315018315018315,0.7501948951917583,1.9321911334991455,4,4,30
Wall Robot,info_gain,CON-FOLD (confidence_fit),information_gain,0.0009157509157509158,0.7500283933602564,1.9030146598815918,4,4,30
Wall Robot,info_gain,CON-FOLD (confidence_fit),information_gain,0.0018315018315018315,0.7500869963369964,1.9531807899475098,4,4,30
Wall Robot,info_gain,CON-FOLD (confidence_fit),information_gain,0.0009157509157509158,0.750075682575,1.9493329524993896,4,4,30
Wall Robot,info_gain,CON-FOLD (confidence_fit),information_gain,0.003663003663003663,0.7502664382320513,1.903029441833496,4,4,30
Wall Robot,info_gain,CON-FOLD (confidence_fit),information_gain,0.0018315018315018315,0.7501948951917583,1.8989157676696777,4,4,30
Wall Robot,info_gain,CON-FOLD (confidence_fit),information_gain,0.0018315018315018315,0.7501948951917583,1.9750196933746338,4,4,30
Wall Robot,info_gain,CON-FOLD (confidence_fit),information_gain,0.0018315018315018315,0.7500758612934981,1.8664662837982178,4,4,30
Wall Robot,info_gain,CON-FOLD (confidence_fit),information_gain,0.0009157509157509158,0.750075682575,1.9810936450958252,4,4,30
Wall Robot,info_gain,CON-FOLD (confidence_fit),information_gain,0.0,0.75,1.9290876388549805,4,4,30
Wall Robot,info_gain,CON-FOLD (confidence_fit),information_gain,0.0018315018315018315,0.7501948951917583,1.9915809631347656,4,4,30
Wall Robot,info_gain,CON-FOLD (confidence_fit),information_gain,0.0027472527472527475,0.7502760030878205,1.9300320148468018,4,4,30
Wall Robot,info_gain,CON-FOLD (confidence_fit),information_gain,0.0018315018315018315,0.7500715430402931,1.9595270156860352,4,4,30
Wall Robot,info_gain,CON-FOLD (confidence_fit),information_gain,0.0009157509157509158,0.7501192126167582,1.982093095779419,4,4,30
Wall Robot,info_gain,CON-FOLD (confidence_fit),information_gain,0.0027472527472527475,0.7500454092119964,2.055255651473999,5,5,30
Wall Robot,info_gain,CON-FOLD (confidence_fit),information_gain,0.0,0.75,1.588721513748169,4,4,30
Wall Robot,info_gain,CON-FOLD (confidence_fit),information_gain,0.0,0.75,1.608276605606079,4,4,30
Wall Robot,info_gain,CON-FOLD (confidence_fit),Gini_Impurity,0.0,0.75,15.326278924942017,0,0,30
Wall Robot,info_gain,CON-FOLD (confidence_fit),Gini_Impurity,0.0,0.75,15.393020629882812,0,0,30
Wall Robot,info_gain,CON-FOLD (confidence_fit),Gini_Impurity,0.0,0.75,16.52471113204956,0,0,30
Wall Robot,info_gain,CON-FOLD (confidence_fit),Gini_Impurity,0.0,0.75,17.45799994468689,0,0,30
Wall Robot,info_gain,CON-FOLD (confidence_fit),Gini_Impurity,0.0,0.75,17.96135711669922,0,0,30
Wall Robot,info_gain,CON-FOLD (confidence_fit),Gini_Impurity,0.0,0.75,17.89812135696411,0,0,30
Wall Robot,info_gain,CON-FOLD (confidence_fit),Gini_Impurity,0.0,0.75,19.128105640411377,0,0,30
Wall Robot,info_gain,CON-FOLD (confidence_fit),Gini_Impurity,0.0,0.75,19.394752264022827,0,0,30
Wall Robot,info_gain,CON-FOLD (confidence_fit),Gini_Impurity,0.0,0.75,19.816998958587646,0,0,30
Wall Robot,info_gain,CON-FOLD (confidence_fit),Gini_Impurity,0.0,0.75,19.99900507926941,0,0,30
Wall Robot,info_gain,CON-FOLD (confidence_fit),Gini_Impurity,0.0,0.75,28.317086696624756,0,0,30
Wall Robot,info_gain,CON-FOLD (confidence_fit),Gini_Impurity,0.0,0.75,28.72637152671814,0,0,30
Wall Robot,info_gain,CON-FOLD (confidence_fit),Gini_Impurity,0.0,0.75,29.123066663742065,1,3,30
Wall Robot,info_gain,CON-FOLD (confidence_fit),Gini_Impurity,0.0,0.75,30.12034010887146,0,0,30
Wall Robot,info_gain,CON-FOLD (confidence_fit),Gini_Impurity,0.0,0.75,31.47334861755371,0,0,30
Wall Robot,info_gain,CON-FOLD (confidence_fit),Gini_Impurity,0.0,0.75,31.68649697303772,0,0,30
Wall Robot,info_gain,CON-FOLD (confidence_fit),Gini_Impurity,0.0,0.75,36.85139036178589,0,0,30
Wall Robot,info_gain,CON-FOLD (confidence_fit),Gini_Impurity,0.0,0.75,37.31966185569763,1,3,30
Wall Robot,info_gain,CON-FOLD (confidence_fit),Gini_Impurity,0.0,0.75,38.577293157577515,0,0,30
Wall Robot,info_gain,CON-FOLD (confidence_fit),Gini_Impurity,0.0,0.75,39.056097984313965,1,2,30
Wall Robot,info_gain,CON-FOLD (confidence_fit),Gini_Impurity,0.0009157509157509158,0.7499954212454212,39.871763944625854,2,6,30
Wall Robot,info_gain,CON-FOLD (confidence_fit),Gini_Impurity,0.0,0.75,39.92790365219116,0,0,30
Wall Robot,info_gain,CON-FOLD (confidence_fit),Gini_Impurity,0.0009157509157509158,0.7499954212454212,44.316662311553955,3,8,30
Wall Robot,info_gain,CON-FOLD (confidence_fit),Gini_Impurity,0.0,0.75,47.678147077560425,1,4,30
Wall Robot,info_gain,CON-FOLD (confidence_fit),Gini_Impurity,0.0,0.75,51.50415563583374,2,6,30
Wall Robot,info_gain,CON-FOLD (confidence_fit),Gini_Impurity,0.0027472527472527475,0.7500824175824177,52.57481646537781,3,9,30
Wall Robot,info_gain,CON-FOLD (confidence_fit),Gini_Impurity,0.0,0.75,53.724080085754395,2,8,30
Wall Robot,info_gain,CON-FOLD (confidence_fit),Gini_Impurity,0.0,0.749951923076923,54.18928337097168,3,9,30
Wall Robot,info_gain,CON-FOLD (confidence_fit),Gini_Impurity,0.0,0.749951923076923,55.30437517166138,5,14,30
Wall Robot,info_gain,CON-FOLD (confidence_fit),Gini_Impurity,0.0,0.75,56.68364667892456,2,7,30
Wall Robot,info_gain,CON-FOLD (confidence_fit),Precision_Information_Gain,0.0,0.75,0.6730101108551025,0,0,30
Wall Robot,info_gain,CON-FOLD (confidence_fit),Precision_Information_Gain,0.0,0.75,0.6970803737640381,0,0,30
Wall Robot,info_gain,CON-FOLD (confidence_fit),Precision_Information_Gain,0.0,0.75,0.7027938365936279,0,0,30
Wall Robot,info_gain,CON-FOLD (confidence_fit),Precision_Information_Gain,0.0,0.75,0.6478302478790283,0,0,30
Wall Robot,info_gain,CON-FOLD (confidence_fit),Precision_Information_Gain,0.0,0.75,0.6978492736816406,0,0,30
Wall Robot,info_gain,CON-FOLD (confidence_fit),Precision_Information_Gain,0.0,0.75,0.8413422107696533,0,0,30
Wall Robot,info_gain,CON-FOLD (confidence_fit),Precision_Information_Gain,0.0,0.75,0.7071883678436279,0,0,30
Wall Robot,info_gain,CON-FOLD (confidence_fit),Precision_Information_Gain,0.0,0.75,0.8389256000518799,0,0,30
Wall Robot,info_gain,CON-FOLD (confidence_fit),Precision_Information_Gain,0.0,0.75,0.8423800468444824,0,0,30
Wall Robot,info_gain,CON-FOLD (confidence_fit),Precision_Information_Gain,0.0,0.75,0.8051276206970215,0,0,30
Wall Robot,info_gain,CON-FOLD (confidence_fit),Precision_Information_Gain,0.0,0.75,0.890127420425415,0,0,30
Wall Robot,info_gain,CON-FOLD (confidence_fit),Precision_Information_Gain,0.0,0.75,0.7800061702728271,0,0,30
Wall Robot,info_gain,CON-FOLD (confidence_fit),Precision_Information_Gain,0.0,0.75,0.8962271213531494,0,0,30
Wall Robot,info_gain,CON-FOLD (confidence_fit),Precision_Information_Gain,0.0,0.75,0.9188032150268555,0,0,30
Wall Robot,info_gain,CON-FOLD (confidence_fit),Precision_Information_Gain,0.0,0.75,0.8969602584838867,0,0,30
Wall Robot,info_gain,CON-FOLD (confidence_fit),Precision_Information_Gain,0.0,0.75,0.9031939506530762,0,0,30
Wall Robot,info_gain,CON-FOLD (confidence_fit),Precision_Information_Gain,0.0,0.75,0.8467824459075928,0,0,30
Wall Robot,info_gain,CON-FOLD (confidence_fit),Precision_Information_Gain,0.0,0.75,0.8332161903381348,0,0,30
Wall Robot,info_gain,CON-FOLD (confidence_fit),Precision_Information_Gain,0.0,0.75,0.8985598087310791,0,0,30
Wall Robot,info_gain,CON-FOLD (confidence_fit),Precision_Information_Gain,0.0,0.75,0.8794407844543457,0,0,30
Wall Robot,info_gain,CON-FOLD (confidence_fit),Precision_Information_Gain,0.0,0.75,0.8568007946014404,0,0,30
Wall Robot,info_gain,CON-FOLD (confidence_fit),Precision_Information_Gain,0.0,0.75,0.8763701915740967,0,0,30
Wall Robot,info_gain,CON-FOLD (confidence_fit),Precision_Information_Gain,0.0,0.75,0.9172377586364746,0,0,30
Wall Robot,info_gain,CON-FOLD (confidence_fit),Precision_Information_Gain,0.0,0.75,0.876561164855957,0,0,30
Wall Robot,info_gain,CON-FOLD (confidence_fit),Precision_Information_Gain,0.0,0.75,0.9163045883178711,0,0,30
Wall Robot,info_gain,CON-FOLD (confidence_fit),Precision_Information_Gain,0.0,0.75,0.9318089485168457,0,0,30
Wall Robot,info_gain,CON-FOLD (confidence_fit),Precision_Information_Gain,0.0,0.75,0.8191392421722412,0,0,30
Wall Robot,info_gain,CON-FOLD (confidence_fit),Precision_Information_Gain,0.0,0.75,0.902031660079956,0,0,30
Wall Robot,info_gain,CON-FOLD (confidence_fit),Precision_Information_Gain,0.0,0.75,0.8321506977081299,0,0,30
Wall Robot,info_gain,CON-FOLD (confidence_fit),Precision_Information_Gain,0.0,0.75,0.9067306518554688,0,0,30
Wall Robot,info_gain,CON-FOLD (confidence_fit),Precision_Gini_Impurity,0.36355311355311354,0.8205828746125448,685.7582492828369,93,102,30
Wall Robot,info_gain,CON-FOLD (confidence_fit),Precision_Gini_Impurity,0.32783882783882784,0.8144078049814099,775.4768648147583,111,124,30
Wall Robot,info_gain,CON-FOLD (confidence_fit),Precision_Gini_Impurity,0.3708791208791209,0.8234537110295791,793.851306438446,102,114,30
Wall Robot,info_gain,CON-FOLD (confidence_fit),Precision_Gini_Impurity,0.36904761904761907,0.8151209823059522,802.4643533229828,104,121,30
Wall Robot,info_gain,CON-FOLD (confidence_fit),Precision_Gini_Impurity,0.38461538461538464,0.8213383703690479,810.5209805965424,124,143,30
Wall Robot,info_gain,CON-FOLD (confidence_fit),Precision_Gini_Impurity,0.36904761904761907,0.8209336931010078,819.1404523849487,122,142,30
Wall Robot,info_gain,CON-FOLD (confidence_fit),Precision_Gini_Impurity,0.3956043956043956,0.8237028236204205,831.33669257164,122,143,30
Wall Robot,info_gain,CON-FOLD (confidence_fit),Precision_Gini_Impurity,0.3626373626373626,0.8206618229275634,839.6527571678162,104,121,30
Wall Robot,info_gain,CON-FOLD (confidence_fit),Precision_Gini_Impurity,0.38461538461538464,0.8231439563628206,862.7382307052612,126,137,30
Wall Robot,info_gain,CON-FOLD (confidence_fit),Precision_Gini_Impurity,0.3836996336996337,0.8229348771795794,866.2843205928802,132,155,30
Wall Robot,info_gain,CON-FOLD (confidence_fit),Precision_Gini_Impurity,0.3983516483516483,0.8275494465597988,868.0153448581696,134,162,30
Wall Robot,info_gain,CON-FOLD (confidence_fit),Precision_Gini_Impurity,0.391025641025641,0.8203140722870882,882.5308892726898,134,162,30
Wall Robot,info_gain,CON-FOLD (confidence_fit),Precision_Gini_Impurity,0.3882783882783883,0.8270308680760993,885.7308275699615,138,158,30
Wall Robot,info_gain,CON-FOLD (confidence_fit),Precision_Gini_Impurity,0.35622710622710624,0.8275444301421242,896.9834110736847,97,109,30
Wall Robot,info_gain,CON-FOLD (confidence_fit),Precision_Gini_Impurity,0.3507326007326007,0.8197404680135532,898.005987405777,108,125,30
Wall Robot,info_gain,CON-FOLD (confidence_fit),Precision_Gini_Impurity,0.3516483516483517,0.8147310404895607,922.2117762565613,114,130,30
Wall Robot,info_gain,CON-FOLD (confidence_fit),Precision_Gini_Impurity,0.37637362637362637,0.8208179335875463,942.0019133090973,122,148,30
Wall Robot,info_gain,CON-FOLD (confidence_fit),Precision_Gini_Impurity,0.39377289377289376,0.8293589423056771,973.2190012931824,140,167,30
Wall Robot,info_gain,CON-FOLD (confidence_fit),Precision_Gini_Impurity,0.40201465201465203,0.8255461801573266,975.0432004928589,151,174,30
Wall Robot,info_gain,CON-FOLD (confidence_fit),Precision_Gini_Impurity,0.4725274725274725,0.845238456906868,984.9933423995972,137,162,30
Wall Robot,info_gain,CON-FOLD (confidence_fit),Precision_Gini_Impurity,0.4826007326007326,0.8309167927756407,1079.9181442260742,209,262,30
Wall Robot,info_gain,CON-FOLD (confidence_fit),Precision_Gini_Impurity,0.5128205128205128,0.8353185676016477,1081.1963143348694,228,300,30
Wall Robot,info_gain,CON-FOLD (confidence_fit),Precision_Gini_Impurity,0.5128205128205128,0.8443178132767404,1093.1300356388092,200,249,30
Wall Robot,info_gain,CON-FOLD (confidence_fit),Precision_Gini_Impurity,0.5137362637362637,0.8462905327618133,1105.0184915065765,204,247,30
Wall Robot,info_gain,CON-FOLD (confidence_fit),Precision_Gini_Impurity,0.5247252747252747,0.8474621432391028,1136.09370803833,264,331,30
Wall Robot,info_gain,CON-FOLD (confidence_fit),Precision_Gini_Impurity,0.5311355311355311,0.8408717061869961,1154.9018423557281,254,307,30
Wall Robot,info_gain,CON-FOLD (confidence_fit),Precision_Gini_Impurity,0.5631868131868132,0.8494292529579661,1164.7570066452026,286,355,30
Wall Robot,info_gain,CON-FOLD (confidence_fit),Precision_Gini_Impurity,0.48626373626373626,0.8412143392997253,1170.2604784965515,235,303,30
Wall Robot,info_gain,CON-FOLD (confidence_fit),Precision_Gini_Impurity,0.5860805860805861,0.8482993233984428,1196.4686486721039,360,432,30
Wall Robot,info_gain,CON-FOLD (confidence_fit),Precision_Gini_Impurity,0.6456043956043956,0.857511682691117,1210.8348677158356,430,541,30
Page Blocks,greedy,FOLD-RM (fit),original,0.9625570776255707,0.9659449462065758,21.599274396896362,45,77,30
Page Blocks,greedy,FOLD-RM (fit),original,0.9744292237442922,0.9759291261733332,21.713635683059692,41,72,30
Page Blocks,greedy,FOLD-RM (fit),original,0.9726027397260274,0.9761131750050226,21.12252902984619,47,84,30
Page Blocks,greedy,FOLD-RM (fit),original,0.971689497716895,0.9756520217986301,22.649909019470215,38,60,30
Page Blocks,greedy,FOLD-RM (fit),original,0.9707762557077626,0.9733080520516892,24.549050092697144,43,70,30
Page Blocks,greedy,FOLD-RM (fit),original,0.9662100456621004,0.9699453983657538,23.870781421661377,55,101,30
Page Blocks,greedy,FOLD-RM (fit),original,0.9625570776255707,0.96698958569863,24.25138258934021,64,124,30
Page Blocks,greedy,FOLD-RM (fit),original,0.9671232876712329,0.971757566839817,24.422590494155884,56,107,30
Page Blocks,greedy,FOLD-RM (fit),original,0.9744292237442922,0.9768282990287669,25.60887575149536,49,88,30
Page Blocks,greedy,FOLD-RM (fit),original,0.9762557077625571,0.9784833828137899,26.20700216293335,56,93,30
Page Blocks,greedy,FOLD-RM (fit),original,0.9671232876712329,0.9696117223287668,26.588329076766968,52,94,30
Page Blocks,greedy,FOLD-RM (fit),original,0.971689497716895,0.9740448437387212,27.197726726531982,57,109,30
Page Blocks,greedy,FOLD-RM (fit),original,0.9552511415525115,0.9611884732479453,27.25690746307373,48,86,30
Page Blocks,greedy,FOLD-RM (fit),original,0.9698630136986301,0.9717376408172606,26.49360752105713,62,116,30
Page Blocks,greedy,FOLD-RM (fit),original,0.9671232876712329,0.9691286256256624,26.546975135803223,57,99,30
Page Blocks,greedy,FOLD-RM (fit),original,0.9689497716894977,0.9736764587281275,26.978957891464233,46,78,30
Page Blocks,greedy,FOLD-RM (fit),original,0.9634703196347032,0.9676293245102281,27.485422134399414,50,98,30
Page Blocks,greedy,FOLD-RM (fit),original,0.9579908675799087,0.9631037877493146,29.924001932144165,56,100,30
Page Blocks,greedy,FOLD-RM (fit),original,0.9515981735159817,0.9561314956646569,29.960703372955322,54,94,30
Page Blocks,greedy,FOLD-RM (fit),original,0.9680365296803652,0.9721297080978997,29.17253088951111,75,137,30
Page Blocks,greedy,FOLD-RM (fit),original,0.9698630136986301,0.973147036896165,29.592578887939453,68,134,30
Page Blocks,greedy,FOLD-RM (fit),original,0.965296803652968,0.9695118095311418,30.917625904083252,54,111,30
Page Blocks,greedy,FOLD-RM (fit),original,0.9671232876712329,0.9704956754630142,30.748637437820435,65,135,30
Page Blocks,greedy,FOLD-RM (fit),original,0.9616438356164384,0.9652851799219179,30.76819348335266,66,127,30
Page Blocks,greedy,FOLD-RM (fit),original,0.958904109589041,0.9648284117251141,31.231289863586426,60,110,30
Page Blocks,greedy,FOLD-RM (fit),original,0.9753424657534246,0.9780643027597262,32.419267654418945,66,117,30
Page Blocks,greedy,FOLD-RM (fit),original,0.9744292237442922,0.9777376197081281,32.63948130607605,69,115,30
Page Blocks,greedy,FOLD-RM (fit),original,0.960730593607306,0.9661682801774426,31.78261137008667,75,151,30
Page Blocks,greedy,FOLD-RM (fit),original,0.9735159817351599,0.975915941065023,32.757768392562866,70,129,30
Page Blocks,greedy,FOLD-RM (fit),original,0.9561643835616438,0.9637401976163471,32.057523012161255,83,149,30
Page Blocks,greedy,FOLD-RM (fit),information_gain,0.9095890410958904,0.9182734601165293,21.85668182373047,12,12,30
Page Blocks,greedy,FOLD-RM (fit),information_gain,0.9187214611872146,0.925510179071964,22.66736674308777,13,13,30
Page Blocks,greedy,FOLD-RM (fit),information_gain,0.9095890410958904,0.9174122473040187,23.318928241729736,13,13,30
Page Blocks,greedy,FOLD-RM (fit),information_gain,0.9251141552511416,0.9305877865421008,24.081002712249756,13,13,30
Page Blocks,greedy,FOLD-RM (fit),information_gain,0.9159817351598174,0.922550659693609,25.095348834991455,13,13,30
Page Blocks,greedy,FOLD-RM (fit),information_gain,0.908675799086758,0.9168186219187208,25.596404790878296,12,12,30
Page Blocks,greedy,FOLD-RM (fit),information_gain,0.9342465753424658,0.9390513427515985,25.636594772338867,13,13,30
Page Blocks,greedy,FOLD-RM (fit),information_gain,0.9232876712328767,0.9289190782583577,25.710371494293213,14,14,30
Page Blocks,greedy,FOLD-RM (fit),information_gain,0.908675799086758,0.9163084661340636,25.442163705825806,13,13,30
Page Blocks,greedy,FOLD-RM (fit),information_gain,0.9159817351598174,0.9227775890094053,26.123095989227295,12,12,30
Page Blocks,greedy,FOLD-RM (fit),information_gain,0.9315068493150684,0.9360004617142463,26.38251280784607,14,14,30
Page Blocks,greedy,FOLD-RM (fit),information_gain,0.9223744292237442,0.9284226783136078,26.41745662689209,15,15,30
Page Blocks,greedy,FOLD-RM (fit),information_gain,0.915068493150685,0.9223804170932423,26.503113746643066,13,13,30
Page Blocks,greedy,FOLD-RM (fit),information_gain,0.9351598173515981,0.9387532106227391,27.052871227264404,14,14,30
Page Blocks,greedy,FOLD-RM (fit),information_gain,0.9278538812785389,0.9327791474284011,27.14627742767334,14,14,30
Page Blocks,greedy,FOLD-RM (fit),information_gain,0.915068493150685,0.922888061016073,27.474493265151978,14,14,30
Page Blocks,greedy,FOLD-RM (fit),information_gain,0.9269406392694064,0.9316290496061203,27.557731866836548,14,14,30
Page Blocks,greedy,FOLD-RM (fit),information_gain,0.9260273972602739,0.9313907728320556,27.68004846572876,14,14,30
Page Blocks,greedy,FOLD-RM (fit),information_gain,0.9223744292237442,0.9288504729204565,27.793964862823486,13,13,30
Page Blocks,greedy,FOLD-RM (fit),information_gain,0.9251141552511416,0.9304844759359817,27.83108139038086,14,14,30
Page Blocks,greedy,FOLD-RM (fit),information_gain,0.9168949771689497,0.9233696382932418,27.834609270095825,14,14,30
Page Blocks,greedy,FOLD-RM (fit),information_gain,0.9296803652968036,0.9343087285537901,27.940479278564453,14,14,30
Page Blocks,greedy,FOLD-RM (fit),information_gain,0.919634703196347,0.9257788523073964,27.961535453796387,14,14,30
Page Blocks,greedy,FOLD-RM (fit),information_gain,0.9223744292237442,0.9283676236411871,28.015671491622925,14,14,30
Page Blocks,greedy,FOLD-RM (fit),information_gain,0.9205479452054794,0.9268547230145203,28.06295895576477,13,13,30
Page Blocks,greedy,FOLD-RM (fit),information_gain,0.9260273972602739,0.9312585112450235,28.10459613800049,14,14,30
Page Blocks,greedy,FOLD-RM (fit),information_gain,0.9278538812785389,0.9324562209750692,28.398642778396606,14,14,30
Page Blocks,greedy,FOLD-RM (fit),information_gain,0.9287671232876712,0.934334782468766,28.482553482055664,14,14,30
Page Blocks,greedy,FOLD-RM (fit),information_gain,0.9123287671232877,0.9198177190064835,28.5353946685791,14,14,30
Page Blocks,greedy,FOLD-RM (fit),information_gain,0.9187214611872146,0.9258669866549777,28.559277772903442,15,15,30
Page Blocks,greedy,FOLD-RM (fit),Gini_Impurity,0.0,0.75,0.4706573486328125,0,0,30
Page Blocks,greedy,FOLD-RM (fit),Gini_Impurity,0.0,0.75,0.45661258697509766,0,0,30
Page Blocks,greedy,FOLD-RM (fit),Gini_Impurity,0.0,0.75,0.5785670280456543,0,0,30
Page Blocks,greedy,FOLD-RM (fit),Gini_Impurity,0.0,0.75,0.6209609508514404,0,0,30
Page Blocks,greedy,FOLD-RM (fit),Gini_Impurity,0.0,0.75,1.1497440338134766,2,3,30
Page Blocks,greedy,FOLD-RM (fit),Gini_Impurity,0.8968036529680365,0.9097174494798178,1.2428078651428223,2,4,30
Page Blocks,greedy,FOLD-RM (fit),Gini_Impurity,0.8904109589041096,0.9031350396005462,1.4679689407348633,5,4,30
Page Blocks,greedy,FOLD-RM (fit),Gini_Impurity,0.9031963470319635,0.9140350224116884,1.772721529006958,4,7,30
Page Blocks,greedy,FOLD-RM (fit),Gini_Impurity,0.8840182648401826,0.8992022691862079,2.3431949615478516,5,10,30
Page Blocks,greedy,FOLD-RM (fit),Gini_Impurity,0.8968036529680365,0.9088017731986293,2.5995476245880127,12,20,30
Page Blocks,greedy,FOLD-RM (fit),Gini_Impurity,0.8931506849315068,0.9060208623561653,2.685204029083252,2,3,30
Page Blocks,greedy,FOLD-RM (fit),Gini_Impurity,0.9004566210045662,0.9111956884500443,2.9013986587524414,13,25,30
Page Blocks,greedy,FOLD-RM (fit),Gini_Impurity,0.8821917808219178,0.8982576521013712,3.2274973392486572,6,13,30
Page Blocks,greedy,FOLD-RM (fit),Gini_Impurity,0.9004566210045662,0.9128897323059377,3.381030797958374,13,25,30
Page Blocks,greedy,FOLD-RM (fit),Gini_Impurity,0.9041095890410958,0.9162455289657546,3.3720145225524902,9,21,30
Page Blocks,greedy,FOLD-RM (fit),Gini_Impurity,0.8986301369863013,0.9114458665351589,3.644869565963745,7,16,30
Page Blocks,greedy,FOLD-RM (fit),Gini_Impurity,0.8885844748858448,0.9044437630947931,3.7737321853637695,7,19,30
Page Blocks,greedy,FOLD-RM (fit),Gini_Impurity,0.8940639269406393,0.9072842010257552,3.79267954826355,11,24,30
Page Blocks,greedy,FOLD-RM (fit),Gini_Impurity,0.8949771689497716,0.907007867558264,3.964857816696167,9,18,30
Page Blocks,greedy,FOLD-RM (fit),Gini_Impurity,0.9059360730593607,0.9156969246801843,4.06318211555481,15,30,30
Page Blocks,greedy,FOLD-RM (fit),Gini_Impurity,0.8931506849315068,0.9050531466454774,5.119563341140747,12,36,30
Page Blocks,greedy,FOLD-RM (fit),Gini_Impurity,0.8949771689497716,0.9073437824292252,5.332196235656738,9,21,30
Page Blocks,greedy,FOLD-RM (fit),Gini_Impurity,0.8794520547945206,0.8966970010674002,5.676290988922119,13,29,30
Page Blocks,greedy,FOLD-RM (fit),Gini_Impurity,0.8958904109589041,0.9104306934238356,5.7004334926605225,18,43,30
Page Blocks,greedy,FOLD-RM (fit),Gini_Impurity,0.0009132420091324201,0.7500037384576256,6.749652624130249,19,47,30
Page Blocks,greedy,FOLD-RM (fit),Gini_Impurity,0.8949771689497716,0.9078534315981724,7.0404722690582275,14,35,30
Page Blocks,greedy,FOLD-RM (fit),Gini_Impurity,0.8794520547945206,0.8954959912311404,7.2675840854644775,20,42,30
Page Blocks,greedy,FOLD-RM (fit),Gini_Impurity,0.8885844748858448,0.9051732462945227,7.347446918487549,27,63,30
Page Blocks,greedy,FOLD-RM (fit),Gini_Impurity,0.0036529680365296802,0.7500112153728767,7.720727920532227,17,48,30
Page Blocks,greedy,FOLD-RM (fit),Gini_Impurity,0.9123287671232877,0.9226359450710486,7.978994369506836,29,74,30
Page Blocks,greedy,FOLD-RM (fit),Precision_Information_Gain,0.0,0.75,0.2748861312866211,0,0,30
Page Blocks,greedy,FOLD-RM (fit),Precision_Information_Gain,0.0,0.75,0.3625767230987549,0,0,30
Page Blocks,greedy,FOLD-RM (fit),Precision_Information_Gain,0.0,0.75,0.3926854133605957,0,0,30
Page Blocks,greedy,FOLD-RM (fit),Precision_Information_Gain,0.0,0.75,0.452012300491333,0,0,30
Page Blocks,greedy,FOLD-RM (fit),Precision_Information_Gain,0.0,0.75,0.4659433364868164,0,0,30
Page Blocks,greedy,FOLD-RM (fit),Precision_Information_Gain,0.0,0.75,0.4544980525970459,0,0,30
Page Blocks,greedy,FOLD-RM (fit),Precision_Information_Gain,0.0,0.75,0.4870030879974365,0,0,30
Page Blocks,greedy,FOLD-RM (fit),Precision_Information_Gain,0.0,0.75,0.4428751468658447,0,0,30
Page Blocks,greedy,FOLD-RM (fit),Precision_Information_Gain,0.0,0.75,0.5055601596832275,0,0,30
Page Blocks,greedy,FOLD-RM (fit),Precision_Information_Gain,0.0,0.75,0.47449207305908203,0,0,30
Page Blocks,greedy,FOLD-RM (fit),Precision_Information_Gain,0.0,0.75,0.5221176147460938,0,0,30
Page Blocks,greedy,FOLD-RM (fit),Precision_Information_Gain,0.0,0.75,0.5021183490753174,0,0,30
Page Blocks,greedy,FOLD-RM (fit),Precision_Information_Gain,0.0,0.75,0.5447399616241455,0,0,30
Page Blocks,greedy,FOLD-RM (fit),Precision_Information_Gain,0.0,0.75,0.5211772918701172,0,0,30
Page Blocks,greedy,FOLD-RM (fit),Precision_Information_Gain,0.0,0.75,0.45191216468811035,0,0,30
Page Blocks,greedy,FOLD-RM (fit),Precision_Information_Gain,0.0,0.75,0.5362370014190674,0,0,30
Page Blocks,greedy,FOLD-RM (fit),Precision_Information_Gain,0.0,0.75,0.5738084316253662,0,0,30
Page Blocks,greedy,FOLD-RM (fit),Precision_Information_Gain,0.0,0.75,0.5160953998565674,0,0,30
Page Blocks,greedy,FOLD-RM (fit),Precision_Information_Gain,0.0,0.75,0.5136489868164062,0,0,30
Page Blocks,greedy,FOLD-RM (fit),Precision_Information_Gain,0.0,0.75,0.5553033351898193,0,0,30
Page Blocks,greedy,FOLD-RM (fit),Precision_Information_Gain,0.0,0.75,0.5707998275756836,0,0,30
Page Blocks,greedy,FOLD-RM (fit),Precision_Information_Gain,0.0,0.75,0.5487983226776123,0,0,30
Page Blocks,greedy,FOLD-RM (fit),Precision_Information_Gain,0.0,0.75,0.5251550674438477,0,0,30
Page Blocks,greedy,FOLD-RM (fit),Precision_Information_Gain,0.0,0.75,0.5412290096282959,0,0,30
Page Blocks,greedy,FOLD-RM (fit),Precision_Information_Gain,0.0,0.75,0.5442290306091309,0,0,30
Page Blocks,greedy,FOLD-RM (fit),Precision_Information_Gain,0.0,0.75,0.4991025924682617,0,0,30
Page Blocks,greedy,FOLD-RM (fit),Precision_Information_Gain,0.0,0.75,0.5412373542785645,0,0,30
Page Blocks,greedy,FOLD-RM (fit),Precision_Information_Gain,0.0,0.75,0.514162540435791,0,0,30
Page Blocks,greedy,FOLD-RM (fit),Precision_Information_Gain,0.0,0.75,0.5478103160858154,0,0,30
Page Blocks,greedy,FOLD-RM (fit),Precision_Information_Gain,0.0,0.75,0.528724193572998,0,0,30
Page Blocks,greedy,FOLD-RM (fit),Precision_Gini_Impurity,0.9050228310502283,0.9189987694705025,22.267621755599976,44,82,30
Page Blocks,greedy,FOLD-RM (fit),Precision_Gini_Impurity,0.8885844748858448,0.9136438566160743,26.590155124664307,50,82,30
Page Blocks,greedy,FOLD-RM (fit),Precision_Gini_Impurity,0.8885844748858448,0.9173880617841998,40.22223925590515,45,81,30
Page Blocks,greedy,FOLD-RM (fit),Precision_Gini_Impurity,0.9242009132420091,0.9584387941575337,45.91927480697632,117,154,30
Page Blocks,greedy,FOLD-RM (fit),Precision_Gini_Impurity,0.9305936073059361,0.9421585948066665,55.78744983673096,145,189,30
Page Blocks,greedy,FOLD-RM (fit),Precision_Gini_Impurity,0.9214611872146119,0.9591946064452972,57.14358305931091,137,169,30
Page Blocks,greedy,FOLD-RM (fit),Precision_Gini_Impurity,0.9242009132420091,0.9557484647969874,58.609604358673096,126,179,30
Page Blocks,greedy,FOLD-RM (fit),Precision_Gini_Impurity,0.9296803652968036,0.9604821715498625,61.02103114128113,151,172,30
Page Blocks,greedy,FOLD-RM (fit),Precision_Gini_Impurity,0.919634703196347,0.9529044674327845,61.70704770088196,132,167,30
Page Blocks,greedy,FOLD-RM (fit),Precision_Gini_Impurity,0.9187214611872146,0.9537102720893146,62.99939584732056,164,200,30
Page Blocks,greedy,FOLD-RM (fit),Precision_Gini_Impurity,0.9260273972602739,0.9510664220286751,64.85976243019104,172,206,30
Page Blocks,greedy,FOLD-RM (fit),Precision_Gini_Impurity,0.9187214611872146,0.954329619049133,65.83919167518616,137,175,30
Page Blocks,greedy,FOLD-RM (fit),Precision_Gini_Impurity,0.9205479452054794,0.9547501237562557,67.32682156562805,158,191,30
Page Blocks,greedy,FOLD-RM (fit),Precision_Gini_Impurity,0.9050228310502283,0.9562878694053891,67.67477083206177,138,173,30
Page Blocks,greedy,FOLD-RM (fit),Precision_Gini_Impurity,0.9123287671232877,0.954522590110593,68.81632280349731,167,189,30
Page Blocks,greedy,FOLD-RM (fit),Precision_Gini_Impurity,0.9269406392694064,0.9545189744129683,69.21627759933472,184,220,30
Page Blocks,greedy,FOLD-RM (fit),Precision_Gini_Impurity,0.9041095890410958,0.9534309578421922,69.2805655002594,147,181,30
Page Blocks,greedy,FOLD-RM (fit),Precision_Gini_Impurity,0.9159817351598174,0.9558611533915977,70.64077305793762,125,169,30
Page Blocks,greedy,FOLD-RM (fit),Precision_Gini_Impurity,0.9123287671232877,0.9461856296410053,71.35113143920898,168,232,30
Page Blocks,greedy,FOLD-RM (fit),Precision_Gini_Impurity,0.9442922374429223,0.9619356773863017,72.74344682693481,222,264,30
Page Blocks,greedy,FOLD-RM (fit),Precision_Gini_Impurity,0.9278538812785389,0.9640380831554335,73.0999162197113,184,206,30
Page Blocks,greedy,FOLD-RM (fit),Precision_Gini_Impurity,0.9324200913242009,0.9658491936538808,75.34166359901428,196,238,30
Page Blocks,greedy,FOLD-RM (fit),Precision_Gini_Impurity,0.9415525114155251,0.9620501826915073,75.43957662582397,210,241,30
Page Blocks,greedy,FOLD-RM (fit),Precision_Gini_Impurity,0.9424657534246575,0.9689634427546119,75.48715424537659,183,221,30
Page Blocks,greedy,FOLD-RM (fit),Precision_Gini_Impurity,0.9296803652968036,0.9563930027214612,75.8757905960083,223,255,30
Page Blocks,greedy,FOLD-RM (fit),Precision_Gini_Impurity,0.9506849315068493,0.9645190350006402,75.97409796714783,278,292,30
Page Blocks,greedy,FOLD-RM (fit),Precision_Gini_Impurity,0.9269406392694064,0.9672459613956167,76.55515933036804,194,233,30
Page Blocks,greedy,FOLD-RM (fit),Precision_Gini_Impurity,0.9159817351598174,0.9560325255037438,77.30135583877563,198,236,30
Page Blocks,greedy,FOLD-RM (fit),Precision_Gini_Impurity,0.9424657534246575,0.9657285187543382,77.67307448387146,233,285,30
Page Blocks,greedy,FOLD-RM (fit),Precision_Gini_Impurity,0.9397260273972603,0.966506251277168,79.11323881149292,261,320,30
Page Blocks,greedy,CON-FOLD (confidence_fit),original,0.9360730593607306,0.9389822318541555,16.965893745422363,9,10,30
Page Blocks,greedy,CON-FOLD (confidence_fit),original,0.9360730593607306,0.9411819176030127,18.949432849884033,11,13,30
Page Blocks,greedy,CON-FOLD (confidence_fit),original,0.9388127853881278,0.9437723620703196,19.917473077774048,7,9,30
Page Blocks,greedy,CON-FOLD (confidence_fit),original,0.9625570776255707,0.9672819667806395,19.88467812538147,19,29,30
Page Blocks,greedy,CON-FOLD (confidence_fit),original,0.9634703196347032,0.9665597397500455,22.912197589874268,22,31,30
Page Blocks,greedy,CON-FOLD (confidence_fit),original,0.9552511415525115,0.9594490916170773,23.02218222618103,21,27,30
Page Blocks,greedy,CON-FOLD (confidence_fit),original,0.954337899543379,0.9577461827396345,23.311378955841064,22,38,30
Page Blocks,greedy,CON-FOLD (confidence_fit),original,0.9552511415525115,0.9588900663085841,23.710206985473633,18,24,30
Page Blocks,greedy,CON-FOLD (confidence_fit),original,0.954337899543379,0.9605264437483102,24.116595029830933,24,40,30
Page Blocks,greedy,CON-FOLD (confidence_fit),original,0.9579908675799087,0.9631279761280362,24.698479175567627,20,28,30
Page Blocks,greedy,CON-FOLD (confidence_fit),original,0.947945205479452,0.9515488536197264,25.38996934890747,14,19,30
Page Blocks,greedy,CON-FOLD (confidence_fit),original,0.94337899543379,0.9474888015585381,25.475263833999634,20,27,30
Page Blocks,greedy,CON-FOLD (confidence_fit),original,0.9616438356164384,0.9653128468026486,26.39347553253174,28,39,30
Page Blocks,greedy,CON-FOLD (confidence_fit),original,0.9598173515981735,0.9627933731858455,26.81213355064392,26,34,30
Page Blocks,greedy,CON-FOLD (confidence_fit),original,0.9552511415525115,0.9592276427261188,26.889838933944702,21,27,30
Page Blocks,greedy,CON-FOLD (confidence_fit),original,0.9598173515981735,0.9641280175921461,27.503238916397095,25,31,30
Page Blocks,greedy,CON-FOLD (confidence_fit),original,0.9552511415525115,0.9574262416941558,27.98656439781189,18,26,30
Page Blocks,greedy,CON-FOLD (confidence_fit),original,0.9552511415525115,0.9588438921662104,28.089855909347534,25,35,30
Page Blocks,greedy,CON-FOLD (confidence_fit),original,0.9598173515981735,0.9649878081736978,28.374419927597046,20,28,30
Page Blocks,greedy,CON-FOLD (confidence_fit),original,0.9461187214611873,0.953023893472695,28.621548414230347,18,22,30
Page Blocks,greedy,CON-FOLD (confidence_fit),original,0.9671232876712329,0.9683262710545203,28.836978673934937,25,31,30
Page Blocks,greedy,CON-FOLD (confidence_fit),original,0.960730593607306,0.9640743398084018,28.920992374420166,18,22,30
Page Blocks,greedy,CON-FOLD (confidence_fit),original,0.9598173515981735,0.9631097029530589,29.303861141204834,20,34,30
Page Blocks,greedy,CON-FOLD (confidence_fit),original,0.9634703196347032,0.9647052549123292,29.621036767959595,22,28,30
Page Blocks,greedy,CON-FOLD (confidence_fit),original,0.954337899543379,0.9597284955291319,30.38911509513855,15,19,30
Page Blocks,greedy,CON-FOLD (confidence_fit),original,0.9561643835616438,0.9614844050494975,30.83372664451599,17,32,30
Page Blocks,greedy,CON-FOLD (confidence_fit),original,0.9525114155251142,0.9561125407443831,31.07956552505493,22,31,30
Page Blocks,greedy,CON-FOLD (confidence_fit),original,0.9643835616438357,0.9678905367856623,31.148447275161743,23,33,30
Page Blocks,greedy,CON-FOLD (confidence_fit),original,0.9515981735159817,0.9536912460988133,31.354153871536255,14,18,30
Page Blocks,greedy,CON-FOLD (confidence_fit),original,0.960730593607306,0.9638740506046577,31.69770312309265,27,38,30
Page Blocks,greedy,CON-FOLD (confidence_fit),information_gain,0.9095890410958904,0.9176619765786295,19.06598138809204,2,2,30
Page Blocks,greedy,CON-FOLD (confidence_fit),information_gain,0.9095890410958904,0.9182508110367135,21.230898141860962,2,2,30
Page Blocks,greedy,CON-FOLD (confidence_fit),information_gain,0.9077625570776255,0.9172306991120533,23.38491988182068,2,2,30
Page Blocks,greedy,CON-FOLD (confidence_fit),information_gain,0.9095890410958904,0.9177379239671231,23.498855113983154,2,2,30
Page Blocks,greedy,CON-FOLD (confidence_fit),information_gain,0.9013698630136986,0.911030702017262,23.628767490386963,2,2,30
Page Blocks,greedy,CON-FOLD (confidence_fit),information_gain,0.9068493150684932,0.915520507943743,24.742095232009888,2,2,30
Page Blocks,greedy,CON-FOLD (confidence_fit),information_gain,0.9077625570776255,0.9161779642853879,25.113270044326782,2,2,30
Page Blocks,greedy,CON-FOLD (confidence_fit),information_gain,0.9068493150684932,0.9154925738904098,25.072903633117676,2,2,30
Page Blocks,greedy,CON-FOLD (confidence_fit),information_gain,0.9123287671232877,0.9197539152335156,25.29396152496338,2,2,30
Page Blocks,greedy,CON-FOLD (confidence_fit),information_gain,0.91324200913242,0.9206019306257541,25.38733196258545,2,2,30
Page Blocks,greedy,CON-FOLD (confidence_fit),information_gain,0.9059360730593607,0.9147870007299528,25.406367301940918,2,2,30
Page Blocks,greedy,CON-FOLD (confidence_fit),information_gain,0.919634703196347,0.925689929105387,25.75101613998413,2,2,30
Page Blocks,greedy,CON-FOLD (confidence_fit),information_gain,0.9068493150684932,0.9160459459063005,25.907463312149048,2,2,30
Page Blocks,greedy,CON-FOLD (confidence_fit),information_gain,0.9187214611872146,0.9250526346767104,25.91744899749756,2,2,30
Page Blocks,greedy,CON-FOLD (confidence_fit),information_gain,0.9031963470319635,0.9124492770033783,26.125159740447998,2,2,30
Page Blocks,greedy,CON-FOLD (confidence_fit),information_gain,0.9077625570776255,0.9162404173842905,26.623409509658813,2,2,30
Page Blocks,greedy,CON-FOLD (confidence_fit),information_gain,0.9068493150684932,0.9155077248715064,26.794391632080078,2,2,30
Page Blocks,greedy,CON-FOLD (confidence_fit),information_gain,0.9141552511415525,0.9213491846320541,26.855539083480835,2,2,30
Page Blocks,greedy,CON-FOLD (confidence_fit),information_gain,0.8995433789954338,0.90955523440548,26.9734947681427,2,2,30
Page Blocks,greedy,CON-FOLD (confidence_fit),information_gain,0.9050228310502283,0.9140259138812787,27.168625593185425,2,2,30
Page Blocks,greedy,CON-FOLD (confidence_fit),information_gain,0.8940639269406393,0.9050099250339718,27.28088879585266,2,2,30
Page Blocks,greedy,CON-FOLD (confidence_fit),information_gain,0.9159817351598174,0.9227514543579912,27.334582805633545,2,2,30
Page Blocks,greedy,CON-FOLD (confidence_fit),information_gain,0.8986301369863013,0.9087983687689511,27.396278858184814,2,2,30
Page Blocks,greedy,CON-FOLD (confidence_fit),information_gain,0.9095890410958904,0.9182540602874879,27.46648931503296,2,2,30
Page Blocks,greedy,CON-FOLD (confidence_fit),information_gain,0.919634703196347,0.9257538717488577,27.43940567970276,2,2,30
Page Blocks,greedy,CON-FOLD (confidence_fit),information_gain,0.9105022831050228,0.9184741326095897,27.40476083755493,2,2,30
Page Blocks,greedy,CON-FOLD (confidence_fit),information_gain,0.91324200913242,0.9206387521031038,27.445769548416138,2,2,30
Page Blocks,greedy,CON-FOLD (confidence_fit),information_gain,0.902283105022831,0.9116570125826469,27.519063472747803,2,2,30
Page Blocks,greedy,CON-FOLD (confidence_fit),information_gain,0.9077625570776255,0.9161624573202736,27.56864881515503,2,2,30
Page Blocks,greedy,CON-FOLD (confidence_fit),information_gain,0.9232876712328767,0.9286106065281291,27.6147198677063,2,2,30
Page Blocks,greedy,CON-FOLD (confidence_fit),Gini_Impurity,0.0,0.75,0.45102691650390625,0,0,30
Page Blocks,greedy,CON-FOLD (confidence_fit),Gini_Impurity,0.9041095890410958,0.9141473638139734,1.5725233554840088,3,13,30
Page Blocks,greedy,CON-FOLD (confidence_fit),Gini_Impurity,0.8894977168949771,0.9024033150566231,1.9067275524139404,6,7,30
Page Blocks,greedy,CON-FOLD (confidence_fit),Gini_Impurity,0.9013698630136986,0.9116474530049337,2.097266435623169,4,6,30
Page Blocks,greedy,CON-FOLD (confidence_fit),Gini_Impurity,0.9077625570776255,0.9159618545520553,2.2812283039093018,4,4,30
Page Blocks,greedy,CON-FOLD (confidence_fit),Gini_Impurity,0.8949771689497716,0.9075224578513255,2.6520590782165527,1,1,30
Page Blocks,greedy,CON-FOLD (confidence_fit),Gini_Impurity,0.891324200913242,0.9040216558713248,2.9966869354248047,8,22,30
Page Blocks,greedy,CON-FOLD (confidence_fit),Gini_Impurity,0.8904109589041096,0.9028233765068489,3.3819801807403564,8,14,30
Page Blocks,greedy,CON-FOLD (confidence_fit),Gini_Impurity,0.9031963470319635,0.9133641385614595,3.8211348056793213,11,23,30
Page Blocks,greedy,CON-FOLD (confidence_fit),Gini_Impurity,0.8803652968036529,0.8955441690549782,3.9863204956054688,6,11,30
Page Blocks,greedy,CON-FOLD (confidence_fit),Gini_Impurity,0.8712328767123287,0.8875484560536978,4.041520357131958,13,26,30
Page Blocks,greedy,CON-FOLD (confidence_fit),Gini_Impurity,0.8922374429223744,0.9083924735621921,4.250229597091675,10,29,30
Page Blocks,greedy,CON-FOLD (confidence_fit),Gini_Impurity,0.8968036529680365,0.9084680041164376,4.847080707550049,5,18,30
Page Blocks,greedy,CON-FOLD (confidence_fit),Gini_Impurity,0.897716894977169,0.911682626935526,4.8816819190979,10,23,30
Page Blocks,greedy,CON-FOLD (confidence_fit),Gini_Impurity,0.8904109589041096,0.9031749929406389,5.200154542922974,10,18,30
Page Blocks,greedy,CON-FOLD (confidence_fit),Gini_Impurity,0.8949771689497716,0.9105989071677633,5.536235332489014,13,41,30
Page Blocks,greedy,CON-FOLD (confidence_fit),Gini_Impurity,0.891324200913242,0.9042459985242022,5.592361688613892,9,17,30
Page Blocks,greedy,CON-FOLD (confidence_fit),Gini_Impurity,0.8904109589041096,0.9064251663482215,5.726378440856934,11,24,30
Page Blocks,greedy,CON-FOLD (confidence_fit),Gini_Impurity,0.8894977168949771,0.9038175636829207,6.105415344238281,15,39,30
Page Blocks,greedy,CON-FOLD (confidence_fit),Gini_Impurity,0.8876712328767123,0.902853120805935,6.355508327484131,7,15,30
Page Blocks,greedy,CON-FOLD (confidence_fit),Gini_Impurity,0.9031963470319635,0.913331919216622,6.4061737060546875,19,35,30
Page Blocks,greedy,CON-FOLD (confidence_fit),Gini_Impurity,0.8995433789954338,0.9113116187140651,6.956883192062378,13,30,30
Page Blocks,greedy,CON-FOLD (confidence_fit),Gini_Impurity,0.9059360730593607,0.9145009232474895,7.267290115356445,15,28,30
Page Blocks,greedy,CON-FOLD (confidence_fit),Gini_Impurity,0.8949771689497716,0.9102754958947943,7.725807428359985,18,45,30
Page Blocks,greedy,CON-FOLD (confidence_fit),Gini_Impurity,0.8995433789954338,0.9097893098692226,7.818645477294922,14,26,30
Page Blocks,greedy,CON-FOLD (confidence_fit),Gini_Impurity,0.9041095890410958,0.9118374118600895,7.870983123779297,17,46,30
Page Blocks,greedy,CON-FOLD (confidence_fit),Gini_Impurity,0.8858447488584474,0.9022603075604586,7.921119213104248,18,52,30
Page Blocks,greedy,CON-FOLD (confidence_fit),Gini_Impurity,0.0045662100456621,0.750297950367032,8.375179767608643,21,58,30
Page Blocks,greedy,CON-FOLD (confidence_fit),Gini_Impurity,0.8821917808219178,0.8975441865236512,8.577549457550049,16,34,30
Page Blocks,greedy,CON-FOLD (confidence_fit),Gini_Impurity,0.8931506849315068,0.9087478777539739,8.739780902862549,27,69,30
Page Blocks,greedy,CON-FOLD (confidence_fit),Precision_Information_Gain,0.0,0.75,0.3210151195526123,0,0,30
Page Blocks,greedy,CON-FOLD (confidence_fit),Precision_Information_Gain,0.0,0.75,0.3615686893463135,0,0,30
Page Blocks,greedy,CON-FOLD (confidence_fit),Precision_Information_Gain,0.0,0.75,0.39571404457092285,0,0,30
Page Blocks,greedy,CON-FOLD (confidence_fit),Precision_Information_Gain,0.0,0.75,0.46846699714660645,0,0,30
Page Blocks,greedy,CON-FOLD (confidence_fit),Precision_Information_Gain,0.0,0.75,0.49854326248168945,0,0,30
Page Blocks,greedy,CON-FOLD (confidence_fit),Precision_Information_Gain,0.0,0.75,0.47594594955444336,0,0,30
Page Blocks,greedy,CON-FOLD (confidence_fit),Precision_Information_Gain,0.0,0.75,0.4533536434173584,0,0,30
Page Blocks,greedy,CON-FOLD (confidence_fit),Precision_Information_Gain,0.0,0.75,0.5262465476989746,0,0,30
Page Blocks,greedy,CON-FOLD (confidence_fit),Precision_Information_Gain,0.0,0.75,0.5332474708557129,0,0,30
Page Blocks,greedy,CON-FOLD (confidence_fit),Precision_Information_Gain,0.0,0.75,0.5352466106414795,0,0,30
Page Blocks,greedy,CON-FOLD (confidence_fit),Precision_Information_Gain,0.0,0.75,0.5035572052001953,0,0,30
Page Blocks,greedy,CON-FOLD (confidence_fit),Precision_Information_Gain,0.0,0.75,0.5347144603729248,0,0,30
Page Blocks,greedy,CON-FOLD (confidence_fit),Precision_Information_Gain,0.0,0.75,0.5236248970031738,0,0,30
Page Blocks,greedy,CON-FOLD (confidence_fit),Precision_Information_Gain,0.0,0.75,0.5387148857116699,0,0,30
Page Blocks,greedy,CON-FOLD (confidence_fit),Precision_Information_Gain,0.0,0.75,0.472977876663208,0,0,30
Page Blocks,greedy,CON-FOLD (confidence_fit),Precision_Information_Gain,0.0,0.75,0.5130527019500732,0,0,30
Page Blocks,greedy,CON-FOLD (confidence_fit),Precision_Information_Gain,0.0,0.75,0.5372076034545898,0,0,30
Page Blocks,greedy,CON-FOLD (confidence_fit),Precision_Information_Gain,0.0,0.75,0.5336911678314209,0,0,30
Page Blocks,greedy,CON-FOLD (confidence_fit),Precision_Information_Gain,0.0,0.75,0.5442769527435303,0,0,30
Page Blocks,greedy,CON-FOLD (confidence_fit),Precision_Information_Gain,0.0,0.75,0.5236244201660156,0,0,30
Page Blocks,greedy,CON-FOLD (confidence_fit),Precision_Information_Gain,0.0,0.75,0.5497808456420898,0,0,30
Page Blocks,greedy,CON-FOLD (confidence_fit),Precision_Information_Gain,0.0,0.75,0.5262472629547119,0,0,30
Page Blocks,greedy,CON-FOLD (confidence_fit),Precision_Information_Gain,0.0,0.75,0.5677914619445801,0,0,30
Page Blocks,greedy,CON-FOLD (confidence_fit),Precision_Information_Gain,0.0,0.75,0.510103702545166,0,0,30
Page Blocks,greedy,CON-FOLD (confidence_fit),Precision_Information_Gain,0.0,0.75,0.538182258605957,0,0,30
Page Blocks,greedy,CON-FOLD (confidence_fit),Precision_Information_Gain,0.0,0.75,0.5447514057159424,0,0,30
Page Blocks,greedy,CON-FOLD (confidence_fit),Precision_Information_Gain,0.0,0.75,0.5602571964263916,0,0,30
Page Blocks,greedy,CON-FOLD (confidence_fit),Precision_Information_Gain,0.0,0.75,0.5512557029724121,0,0,30
Page Blocks,greedy,CON-FOLD (confidence_fit),Precision_Information_Gain,0.0,0.75,0.535181999206543,0,0,30
Page Blocks,greedy,CON-FOLD (confidence_fit),Precision_Information_Gain,0.0,0.75,0.5110530853271484,0,0,30
Page Blocks,greedy,CON-FOLD (confidence_fit),Precision_Gini_Impurity,0.8995433789954338,0.9103785867290413,19.07475185394287,6,7,30
Page Blocks,greedy,CON-FOLD (confidence_fit),Precision_Gini_Impurity,0.9031963470319635,0.9140439869863036,19.83959197998047,4,5,30
Page Blocks,greedy,CON-FOLD (confidence_fit),Precision_Gini_Impurity,0.8986301369863013,0.9087452184390876,22.251655101776123,11,12,30
Page Blocks,greedy,CON-FOLD (confidence_fit),Precision_Gini_Impurity,0.891324200913242,0.9033029194908684,26.34908127784729,20,20,30
Page Blocks,greedy,CON-FOLD (confidence_fit),Precision_Gini_Impurity,0.8894977168949771,0.9028313912050209,27.716960191726685,6,8,30
Page Blocks,greedy,CON-FOLD (confidence_fit),Precision_Gini_Impurity,0.8931506849315068,0.9043949821018249,30.16584539413452,6,8,30
Page Blocks,greedy,CON-FOLD (confidence_fit),Precision_Gini_Impurity,0.9041095890410958,0.9153885282691313,30.647061824798584,13,15,30
Page Blocks,greedy,CON-FOLD (confidence_fit),Precision_Gini_Impurity,0.8940639269406393,0.905255841032421,33.719433546066284,6,7,30
Page Blocks,greedy,CON-FOLD (confidence_fit),Precision_Gini_Impurity,0.8885844748858448,0.902845336692057,35.174134731292725,12,14,30
Page Blocks,greedy,CON-FOLD (confidence_fit),Precision_Gini_Impurity,0.8849315068493151,0.8991350123526934,37.115092754364014,6,7,30
Page Blocks,greedy,CON-FOLD (confidence_fit),Precision_Gini_Impurity,0.8867579908675799,0.9011360872104127,38.07932233810425,6,7,30
Page Blocks,greedy,CON-FOLD (confidence_fit),Precision_Gini_Impurity,0.9187214611872146,0.9238774022797268,39.76085019111633,8,11,30
Page Blocks,greedy,CON-FOLD (confidence_fit),Precision_Gini_Impurity,0.8867579908675799,0.9009455435919648,41.035388231277466,1,1,30
Page Blocks,greedy,CON-FOLD (confidence_fit),Precision_Gini_Impurity,0.8931506849315068,0.9043949821018255,41.78734564781189,6,8,30
Page Blocks,greedy,CON-FOLD (confidence_fit),Precision_Gini_Impurity,0.8922374429223744,0.906357031492236,41.899388790130615,1,1,30
Page Blocks,greedy,CON-FOLD (confidence_fit),Precision_Gini_Impurity,0.8986301369863013,0.9108132376967137,42.182738304138184,17,17,30
Page Blocks,greedy,CON-FOLD (confidence_fit),Precision_Gini_Impurity,0.8995433789954338,0.9111454617541543,42.568381547927856,1,1,30
Page Blocks,greedy,CON-FOLD (confidence_fit),Precision_Gini_Impurity,0.9123287671232877,0.9208970959759819,44.31352615356445,15,17,30
Page Blocks,greedy,CON-FOLD (confidence_fit),Precision_Gini_Impurity,0.9059360730593607,0.9145289867630143,44.576865911483765,6,8,30
Page Blocks,greedy,CON-FOLD (confidence_fit),Precision_Gini_Impurity,0.9105022831050228,0.9193001182583582,45.09138774871826,3,4,30
Page Blocks,greedy,CON-FOLD (confidence_fit),Precision_Gini_Impurity,0.9013698630136986,0.9109071970977187,45.45883560180664,8,10,30
Page Blocks,greedy,CON-FOLD (confidence_fit),Precision_Gini_Impurity,0.9168949771689497,0.9240106840792701,46.59284210205078,15,13,30
Page Blocks,greedy,CON-FOLD (confidence_fit),Precision_Gini_Impurity,0.9123287671232877,0.9204785361421918,47.07725429534912,8,17,30
Page Blocks,greedy,CON-FOLD (confidence_fit),Precision_Gini_Impurity,0.9251141552511416,0.932357823420274,48.12529754638672,4,5,30
Page Blocks,greedy,CON-FOLD (confidence_fit),Precision_Gini_Impurity,0.9378995433789954,0.9414733302397268,48.458144187927246,6,7,30
Page Blocks,greedy,CON-FOLD (confidence_fit),Precision_Gini_Impurity,0.9296803652968036,0.9344470839671228,49.284690141677856,12,15,30
Page Blocks,greedy,CON-FOLD (confidence_fit),Precision_Gini_Impurity,0.919634703196347,0.9265681199643838,49.4589409828186,3,4,30
Page Blocks,greedy,CON-FOLD (confidence_fit),Precision_Gini_Impurity,0.8986301369863013,0.9087606754660295,51.94756841659546,6,8,30
Page Blocks,greedy,CON-FOLD (confidence_fit),Precision_Gini_Impurity,0.9251141552511416,0.9306763397178076,52.39382004737854,11,14,30
Page Blocks,greedy,CON-FOLD (confidence_fit),Precision_Gini_Impurity,0.9296803652968036,0.934749487477442,53.45334076881409,15,17,30
Page Blocks,round_robin,FOLD-RM (fit),original,0.9698630136986301,0.9729129920759814,35.437716484069824,48,88,30
Page Blocks,round_robin,FOLD-RM (fit),original,0.9662100456621004,0.9709008818708678,36.9880530834198,45,74,30
Page Blocks,round_robin,FOLD-RM (fit),original,0.971689497716895,0.9748887249797261,38.939356327056885,49,90,30
Page Blocks,round_robin,FOLD-RM (fit),original,0.965296803652968,0.9696595133568953,39.44637131690979,65,116,30
Page Blocks,round_robin,FOLD-RM (fit),original,0.9634703196347032,0.9697239466840185,40.42346239089966,56,93,30
Page Blocks,round_robin,FOLD-RM (fit),original,0.9625570776255707,0.9676248174917805,41.21678042411804,66,127,30
Page Blocks,round_robin,FOLD-RM (fit),original,0.9689497716894977,0.9735034362033789,43.18634843826294,62,127,30
Page Blocks,round_robin,FOLD-RM (fit),original,0.9789954337899544,0.9814393235435619,43.26895451545715,68,129,30
Page Blocks,round_robin,FOLD-RM (fit),original,0.9698630136986301,0.9738461985106849,45.07049870491028,50,92,30
Page Blocks,round_robin,FOLD-RM (fit),original,0.9762557077625571,0.9791846515502287,45.65478777885437,44,82,30
Page Blocks,round_robin,FOLD-RM (fit),original,0.9634703196347032,0.9702766454631053,49.914576053619385,58,112,30
Page Blocks,round_robin,FOLD-RM (fit),original,0.9707762557077626,0.9735117214194523,51.252145528793335,55,106,30
Page Blocks,round_robin,FOLD-RM (fit),original,0.9671232876712329,0.9715845516747036,51.39996790885925,49,99,30
Page Blocks,round_robin,FOLD-RM (fit),original,0.9561643835616438,0.9631333915592698,51.68886947631836,64,114,30
Page Blocks,round_robin,FOLD-RM (fit),original,0.9735159817351599,0.9768188725029228,52.00975489616394,60,107,30
Page Blocks,round_robin,FOLD-RM (fit),original,0.9671232876712329,0.9716970029997261,52.29032111167908,74,143,30
Page Blocks,round_robin,FOLD-RM (fit),original,0.9689497716894977,0.9727840206170781,52.73901677131653,47,80,30
Page Blocks,round_robin,FOLD-RM (fit),original,0.9634703196347032,0.9673544775624656,52.809006214141846,84,158,30
Page Blocks,round_robin,FOLD-RM (fit),original,0.9561643835616438,0.9650850745590868,53.03901648521423,54,106,30
Page Blocks,round_robin,FOLD-RM (fit),original,0.9671232876712329,0.9725533365456623,53.36307644844055,56,104,30
Page Blocks,round_robin,FOLD-RM (fit),original,0.9643835616438357,0.97218579203032,53.354475021362305,58,113,30
Page Blocks,round_robin,FOLD-RM (fit),original,0.9808219178082191,0.9833844238395437,53.459845781326294,58,107,30
Page Blocks,round_robin,FOLD-RM (fit),original,0.9680365296803652,0.9721820407925115,53.54647493362427,63,121,30
Page Blocks,round_robin,FOLD-RM (fit),original,0.9698630136986301,0.9737636575575345,53.575605392456055,50,104,30
Page Blocks,round_robin,FOLD-RM (fit),original,0.9625570776255707,0.9683599291153425,54.110275745391846,66,115,30
Page Blocks,round_robin,FOLD-RM (fit),original,0.971689497716895,0.975733663874886,54.23810958862305,70,139,30
Page Blocks,round_robin,FOLD-RM (fit),original,0.9689497716894977,0.9718683251874891,54.40571641921997,52,97,30
Page Blocks,round_robin,FOLD-RM (fit),original,0.960730593607306,0.9679287987607308,54.46790838241577,57,119,30
Page Blocks,round_robin,FOLD-RM (fit),original,0.9735159817351599,0.9763328070338813,54.551570415496826,60,116,30
Page Blocks,round_robin,FOLD-RM (fit),original,0.971689497716895,0.9754298804316899,54.70389008522034,57,106,30
Page Blocks,round_robin,FOLD-RM (fit),information_gain,0.9031963470319635,0.9116216429797279,30.580726385116577,15,15,30
Page Blocks,round_robin,FOLD-RM (fit),information_gain,0.9232876712328767,0.9302470751831973,31.72483468055725,16,16,30
Page Blocks,round_robin,FOLD-RM (fit),information_gain,0.9287671232876712,0.9352005804136078,32.7124388217926,17,17,30
Page Blocks,round_robin,FOLD-RM (fit),information_gain,0.9095890410958904,0.9189698613980812,32.889451026916504,16,16,30
Page Blocks,round_robin,FOLD-RM (fit),information_gain,0.9077625570776255,0.9158632688991788,33.386300802230835,17,17,30
Page Blocks,round_robin,FOLD-RM (fit),information_gain,0.919634703196347,0.9256533998855693,33.796770095825195,19,19,30
Page Blocks,round_robin,FOLD-RM (fit),information_gain,0.9269406392694064,0.9316462590047492,33.96785616874695,17,17,30
Page Blocks,round_robin,FOLD-RM (fit),information_gain,0.919634703196347,0.9258544520150689,34.11073899269104,17,17,30
Page Blocks,round_robin,FOLD-RM (fit),information_gain,0.919634703196347,0.9261359793928774,34.54443669319153,16,16,30
Page Blocks,round_robin,FOLD-RM (fit),information_gain,0.9324200913242009,0.9361395790118717,35.37681293487549,17,17,30
Page Blocks,round_robin,FOLD-RM (fit),information_gain,0.9123287671232877,0.9208929608730596,35.45664143562317,18,18,30
Page Blocks,round_robin,FOLD-RM (fit),information_gain,0.9178082191780822,0.9248187031599979,35.584985971450806,17,17,30
Page Blocks,round_robin,FOLD-RM (fit),information_gain,0.9251141552511416,0.9307631682668485,35.85522508621216,18,18,30
Page Blocks,round_robin,FOLD-RM (fit),information_gain,0.9214611872146119,0.9284677357979908,35.830601930618286,20,20,30
Page Blocks,round_robin,FOLD-RM (fit),information_gain,0.9205479452054794,0.9268205595485841,36.212732553482056,18,18,30
Page Blocks,round_robin,FOLD-RM (fit),information_gain,0.9269406392694064,0.9323975425829216,36.25815033912659,19,18,30
Page Blocks,round_robin,FOLD-RM (fit),information_gain,0.9123287671232877,0.9196872104904106,36.51105308532715,17,17,30
Page Blocks,round_robin,FOLD-RM (fit),information_gain,0.9187214611872146,0.9248691163050222,36.63741159439087,17,17,30
Page Blocks,round_robin,FOLD-RM (fit),information_gain,0.9269406392694064,0.9313170308546125,36.83905220031738,18,18,30
Page Blocks,round_robin,FOLD-RM (fit),information_gain,0.9260273972602739,0.931068373615983,36.82548666000366,17,17,30
Page Blocks,round_robin,FOLD-RM (fit),information_gain,0.9260273972602739,0.9321832859284019,36.85209846496582,18,18,30
Page Blocks,round_robin,FOLD-RM (fit),information_gain,0.919634703196347,0.9253434798893141,37.023696422576904,16,16,30
Page Blocks,round_robin,FOLD-RM (fit),information_gain,0.919634703196347,0.9257083398231976,37.08190870285034,20,20,30
Page Blocks,round_robin,FOLD-RM (fit),information_gain,0.9168949771689497,0.9233203555747035,37.107988119125366,18,18,30
Page Blocks,round_robin,FOLD-RM (fit),information_gain,0.9141552511415525,0.9214170752523294,37.1668746471405,18,18,30
Page Blocks,round_robin,FOLD-RM (fit),information_gain,0.9095890410958904,0.9177375291814618,37.20252585411072,19,19,30
Page Blocks,round_robin,FOLD-RM (fit),information_gain,0.9187214611872146,0.9249331881447471,37.28528952598572,16,16,30
Page Blocks,round_robin,FOLD-RM (fit),information_gain,0.915068493150685,0.9225235962926039,37.23410081863403,16,16,30
Page Blocks,round_robin,FOLD-RM (fit),information_gain,0.9242009132420091,0.9307150524989959,37.33241271972656,18,18,30
Page Blocks,round_robin,FOLD-RM (fit),information_gain,0.9095890410958904,0.9178104719086775,37.33088684082031,17,17,30
Page Blocks,round_robin,FOLD-RM (fit),Gini_Impurity,0.0,0.75,20.40624976158142,0,0,30
Page Blocks,round_robin,FOLD-RM (fit),Gini_Impurity,0.0,0.75,25.736747980117798,2,13,30
Page Blocks,round_robin,FOLD-RM (fit),Gini_Impurity,0.0,0.75,30.71657156944275,0,0,30
Page Blocks,round_robin,FOLD-RM (fit),Gini_Impurity,0.0009132420091324201,0.7500433789954338,31.019624710083008,1,3,30
Page Blocks,round_robin,FOLD-RM (fit),Gini_Impurity,0.0,0.75,42.92695641517639,0,0,30
Page Blocks,round_robin,FOLD-RM (fit),Gini_Impurity,0.0,0.75,42.995081186294556,1,3,30
Page Blocks,round_robin,FOLD-RM (fit),Gini_Impurity,0.0,0.75,49.41335439682007,0,0,30
Page Blocks,round_robin,FOLD-RM (fit),Gini_Impurity,0.0,0.75,54.94731140136719,0,0,30
Page Blocks,round_robin,FOLD-RM (fit),Gini_Impurity,0.0,0.75,59.783281326293945,0,0,30
Page Blocks,round_robin,FOLD-RM (fit),Gini_Impurity,0.0,0.75,60.143473625183105,0,0,30
Page Blocks,round_robin,FOLD-RM (fit),Gini_Impurity,0.0,0.75,60.58926606178284,0,0,30
Page Blocks,round_robin,FOLD-RM (fit),Gini_Impurity,0.0,0.75,62.15438461303711,0,0,30
Page Blocks,round_robin,FOLD-RM (fit),Gini_Impurity,0.0,0.75,66.05335211753845,0,0,30
Page Blocks,round_robin,FOLD-RM (fit),Gini_Impurity,0.0,0.75,66.58888125419617,0,0,30
Page Blocks,round_robin,FOLD-RM (fit),Gini_Impurity,0.0,0.75,66.79787945747375,0,0,30
Page Blocks,round_robin,FOLD-RM (fit),Gini_Impurity,0.0,0.75,67.45910120010376,0,0,30
Page Blocks,round_robin,FOLD-RM (fit),Gini_Impurity,0.0,0.75,67.61201691627502,0,0,30
Page Blocks,round_robin,FOLD-RM (fit),Gini_Impurity,0.0,0.75,68.60280203819275,0,0,30
Page Blocks,round_robin,FOLD-RM (fit),Gini_Impurity,0.0,0.75,71.52504634857178,0,0,30
Page Blocks,round_robin,FOLD-RM (fit),Gini_Impurity,0.0,0.75,72.21830892562866,0,0,30
Page Blocks,round_robin,FOLD-RM (fit),Gini_Impurity,0.0,0.75,72.8799843788147,0,0,30
Page Blocks,round_robin,FOLD-RM (fit),Gini_Impurity,0.0,0.75,73.52720904350281,0,0,30
Page Blocks,round_robin,FOLD-RM (fit),Gini_Impurity,0.0,0.75,75.04790425300598,0,0,30
Page Blocks,round_robin,FOLD-RM (fit),Gini_Impurity,0.0,0.75,76.09016728401184,0,0,30
Page Blocks,round_robin,FOLD-RM (fit),Gini_Impurity,0.0,0.75,76.39916706085205,0,0,30
Page Blocks,round_robin,FOLD-RM (fit),Gini_Impurity,0.0,0.75,77.33348417282104,0,0,30
Page Blocks,round_robin,FOLD-RM (fit),Gini_Impurity,0.0,0.75,77.51903963088989,0,0,30
Page Blocks,round_robin,FOLD-RM (fit),Gini_Impurity,0.0,0.75,79.00969386100769,0,0,30
Page Blocks,round_robin,FOLD-RM (fit),Gini_Impurity,0.0,0.75,79.13253569602966,1,6,30
Page Blocks,round_robin,FOLD-RM (fit),Gini_Impurity,0.0,0.75,79.15453910827637,0,0,30
Page Blocks,round_robin,FOLD-RM (fit),Precision_Information_Gain,0.0,0.75,0.153639554977417,0,0,30
Page Blocks,round_robin,FOLD-RM (fit),Precision_Information_Gain,0.0,0.75,0.16769742965698242,0,0,30
Page Blocks,round_robin,FOLD-RM (fit),Precision_Information_Gain,0.0,0.75,0.17120051383972168,0,0,30
Page Blocks,round_robin,FOLD-RM (fit),Precision_Information_Gain,0.0,0.75,0.16112089157104492,0,0,30
Page Blocks,round_robin,FOLD-RM (fit),Precision_Information_Gain,0.0,0.75,0.1666884422302246,0,0,30
Page Blocks,round_robin,FOLD-RM (fit),Precision_Information_Gain,0.0,0.75,0.17468833923339844,0,0,30
Page Blocks,round_robin,FOLD-RM (fit),Precision_Information_Gain,0.0,0.75,0.2002725601196289,0,0,30
Page Blocks,round_robin,FOLD-RM (fit),Precision_Information_Gain,0.0,0.75,0.1626877784729004,0,0,30
Page Blocks,round_robin,FOLD-RM (fit),Precision_Information_Gain,0.0,0.75,0.18921542167663574,0,0,30
Page Blocks,round_robin,FOLD-RM (fit),Precision_Information_Gain,0.0,0.75,0.14106011390686035,0,0,30
Page Blocks,round_robin,FOLD-RM (fit),Precision_Information_Gain,0.0,0.75,0.15712571144104004,0,0,30
Page Blocks,round_robin,FOLD-RM (fit),Precision_Information_Gain,0.0,0.75,0.20084905624389648,0,0,30
Page Blocks,round_robin,FOLD-RM (fit),Precision_Information_Gain,0.0,0.75,0.16462922096252441,0,0,30
Page Blocks,round_robin,FOLD-RM (fit),Precision_Information_Gain,0.0,0.75,0.1821911334991455,0,0,30
Page Blocks,round_robin,FOLD-RM (fit),Precision_Information_Gain,0.0,0.75,0.17820310592651367,0,0,30
Page Blocks,round_robin,FOLD-RM (fit),Precision_Information_Gain,0.0,0.75,0.18376660346984863,0,0,30
Page Blocks,round_robin,FOLD-RM (fit),Precision_Information_Gain,0.0,0.75,0.1716899871826172,0,0,30
Page Blocks,round_robin,FOLD-RM (fit),Precision_Information_Gain,0.0,0.75,0.16318941116333008,0,0,30
Page Blocks,round_robin,FOLD-RM (fit),Precision_Information_Gain,0.0,0.75,0.17970991134643555,0,0,30
Page Blocks,round_robin,FOLD-RM (fit),Precision_Information_Gain,0.0,0.75,0.16269302368164062,0,0,30
Page Blocks,round_robin,FOLD-RM (fit),Precision_Information_Gain,0.0,0.75,0.1500699520111084,0,0,30
Page Blocks,round_robin,FOLD-RM (fit),Precision_Information_Gain,0.0,0.75,0.1626298427581787,0,0,30
Page Blocks,round_robin,FOLD-RM (fit),Precision_Information_Gain,0.0,0.75,0.15812397003173828,0,0,30
Page Blocks,round_robin,FOLD-RM (fit),Precision_Information_Gain,0.0,0.75,0.152130126953125,0,0,30
Page Blocks,round_robin,FOLD-RM (fit),Precision_Information_Gain,0.0,0.75,0.1792001724243164,0,0,30
Page Blocks,round_robin,FOLD-RM (fit),Precision_Information_Gain,0.0,0.75,0.15969038009643555,0,0,30
Page Blocks,round_robin,FOLD-RM (fit),Precision_Information_Gain,0.0,0.75,0.16338324546813965,0,0,30
Page Blocks,round_robin,FOLD-RM (fit),Precision_Information_Gain,0.0,0.75,0.1646900177001953,0,0,30
Page Blocks,round_robin,FOLD-RM (fit),Precision_Information_Gain,0.0,0.75,0.1791996955871582,0,0,30
Page Blocks,round_robin,FOLD-RM (fit),Precision_Information_Gain,0.0,0.75,0.16969609260559082,0,0,30
Page Blocks,round_robin,FOLD-RM (fit),Precision_Gini_Impurity,0.0,0.7498916721647488,11.552421808242798,2,2,30
Page Blocks,round_robin,FOLD-RM (fit),Precision_Gini_Impurity,0.902283105022831,0.9192239285041098,36.24090838432312,41,74,30
Page Blocks,round_robin,FOLD-RM (fit),Precision_Gini_Impurity,0.9050228310502283,0.9185841354076721,39.06659150123596,77,103,30
Page Blocks,round_robin,FOLD-RM (fit),Precision_Gini_Impurity,0.9123287671232877,0.923286710901277,48.67287564277649,97,125,30
Page Blocks,round_robin,FOLD-RM (fit),Precision_Gini_Impurity,0.8867579908675799,0.9527971192578087,53.191670417785645,90,113,30
Page Blocks,round_robin,FOLD-RM (fit),Precision_Gini_Impurity,0.8940639269406393,0.9538630860594515,56.03177309036255,112,149,30
Page Blocks,round_robin,FOLD-RM (fit),Precision_Gini_Impurity,0.8958904109589041,0.9504697828011869,56.91829299926758,106,137,30
Page Blocks,round_robin,FOLD-RM (fit),Precision_Gini_Impurity,0.8940639269406393,0.9498638973896811,57.84893822669983,104,148,30
Page Blocks,round_robin,FOLD-RM (fit),Precision_Gini_Impurity,0.8767123287671232,0.9399906727884935,59.3612847328186,90,118,30
Page Blocks,round_robin,FOLD-RM (fit),Precision_Gini_Impurity,0.8940639269406393,0.9467197405848411,60.27661418914795,89,102,30
Page Blocks,round_robin,FOLD-RM (fit),Precision_Gini_Impurity,0.9123287671232877,0.9595029617346119,61.75147104263306,111,137,30
Page Blocks,round_robin,FOLD-RM (fit),Precision_Gini_Impurity,0.8931506849315068,0.9375791350389943,62.36276841163635,100,137,30
Page Blocks,round_robin,FOLD-RM (fit),Precision_Gini_Impurity,0.9041095890410958,0.9495451921978074,62.8857696056366,116,140,30
Page Blocks,round_robin,FOLD-RM (fit),Precision_Gini_Impurity,0.9497716894977168,0.9611259404202742,63.70025086402893,125,148,30
Page Blocks,round_robin,FOLD-RM (fit),Precision_Gini_Impurity,0.8849315068493151,0.9394342533529674,64.94313478469849,114,149,30
Page Blocks,round_robin,FOLD-RM (fit),Precision_Gini_Impurity,0.9251141552511416,0.9568364714410038,65.23414278030396,152,172,30
Page Blocks,round_robin,FOLD-RM (fit),Precision_Gini_Impurity,0.9004566210045662,0.9493914069189049,65.46345615386963,114,152,30
Page Blocks,round_robin,FOLD-RM (fit),Precision_Gini_Impurity,0.9442922374429223,0.9565420962809125,66.44683051109314,142,158,30
Page Blocks,round_robin,FOLD-RM (fit),Precision_Gini_Impurity,0.9159817351598174,0.9539385027495891,67.20581984519958,134,165,30
Page Blocks,round_robin,FOLD-RM (fit),Precision_Gini_Impurity,0.915068493150685,0.9476582931978992,67.90391159057617,139,176,30
Page Blocks,round_robin,FOLD-RM (fit),Precision_Gini_Impurity,0.8986301369863013,0.9528407276067578,68.15257811546326,130,161,30
Page Blocks,round_robin,FOLD-RM (fit),Precision_Gini_Impurity,0.8885844748858448,0.9577364097947023,70.20441770553589,128,157,30
Page Blocks,round_robin,FOLD-RM (fit),Precision_Gini_Impurity,0.8958904109589041,0.9538458046540639,70.27302837371826,115,151,30
Page Blocks,round_robin,FOLD-RM (fit),Precision_Gini_Impurity,0.936986301369863,0.9589102570181741,70.92690920829773,144,170,30
Page Blocks,round_robin,FOLD-RM (fit),Precision_Gini_Impurity,0.9013698630136986,0.9472486760318715,71.31313157081604,158,186,30
Page Blocks,round_robin,FOLD-RM (fit),Precision_Gini_Impurity,0.9031963470319635,0.9564486034343374,71.60233449935913,134,163,30
Page Blocks,round_robin,FOLD-RM (fit),Precision_Gini_Impurity,0.8821917808219178,0.9510260829059349,71.90307641029358,126,162,30
Page Blocks,round_robin,FOLD-RM (fit),Precision_Gini_Impurity,0.9296803652968036,0.9603905650972597,72.53018307685852,193,230,30
Page Blocks,round_robin,FOLD-RM (fit),Precision_Gini_Impurity,0.8940639269406393,0.9558273293797264,72.6751663684845,128,173,30
Page Blocks,round_robin,FOLD-RM (fit),Precision_Gini_Impurity,0.8876712328767123,0.9550328620031058,74.24583101272583,181,229,30
Page Blocks,round_robin,CON-FOLD (confidence_fit),original,0.9461187214611873,0.971174729995069,33.1461136341095,26,47,30
Page Blocks,round_robin,CON-FOLD (confidence_fit),original,0.960730593607306,0.9753765543878541,38.104655027389526,16,32,30
Page Blocks,round_robin,CON-FOLD (confidence_fit),original,0.9470319634703196,0.9729404327385391,39.27734875679016,25,45,30
Page Blocks,round_robin,CON-FOLD (confidence_fit),original,0.9698630136986301,0.972306296487489,41.335397720336914,30,46,30
Page Blocks,round_robin,CON-FOLD (confidence_fit),original,0.965296803652968,0.9668645350307765,41.97805428504944,28,52,30
Page Blocks,round_robin,CON-FOLD (confidence_fit),original,0.9680365296803652,0.9693289552694071,43.98275828361511,32,50,30
Page Blocks,round_robin,CON-FOLD (confidence_fit),original,0.9698630136986301,0.9740138760546119,44.372133016586304,26,54,30
Page Blocks,round_robin,CON-FOLD (confidence_fit),original,0.9735159817351599,0.9745930181409138,47.22068691253662,30,52,30
Page Blocks,round_robin,CON-FOLD (confidence_fit),original,0.9643835616438357,0.9680592115266663,47.659444093704224,25,40,30
Page Blocks,round_robin,CON-FOLD (confidence_fit),original,0.9552511415525115,0.9603154666895888,47.80238938331604,30,46,30
Page Blocks,round_robin,CON-FOLD (confidence_fit),original,0.9662100456621004,0.9702942565691327,51.61563587188721,25,40,30
Page Blocks,round_robin,CON-FOLD (confidence_fit),original,0.9662100456621004,0.9704622716587219,51.861008644104004,23,46,30
Page Blocks,round_robin,CON-FOLD (confidence_fit),original,0.960730593607306,0.9663456541620995,51.98239231109619,25,51,30
Page Blocks,round_robin,CON-FOLD (confidence_fit),original,0.9625570776255707,0.9694868097886761,52.052059173583984,28,52,30
Page Blocks,round_robin,CON-FOLD (confidence_fit),original,0.9643835616438357,0.968891688716256,52.294729709625244,21,33,30
Page Blocks,round_robin,CON-FOLD (confidence_fit),original,0.9452054794520548,0.9687640341572602,52.343905448913574,22,41,30
Page Blocks,round_robin,CON-FOLD (confidence_fit),original,0.9689497716894977,0.9718443706278537,52.92047691345215,22,48,30
Page Blocks,round_robin,CON-FOLD (confidence_fit),original,0.9625570776255707,0.966517728168311,53.04449105262756,24,36,30
Page Blocks,round_robin,CON-FOLD (confidence_fit),original,0.9671232876712329,0.9717280989136993,53.114238023757935,30,56,30
Page Blocks,round_robin,CON-FOLD (confidence_fit),original,0.9662100456621004,0.9687946600602735,53.13724732398987,27,44,30
Page Blocks,round_robin,CON-FOLD (confidence_fit),original,0.954337899543379,0.9599970603147033,53.17952823638916,21,36,30
Page Blocks,round_robin,CON-FOLD (confidence_fit),original,0.9077625570776255,0.9572992795310508,53.40273666381836,13,18,30
Page Blocks,round_robin,CON-FOLD (confidence_fit),original,0.9470319634703196,0.9674419999918719,53.45175743103027,18,31,30
Page Blocks,round_robin,CON-FOLD (confidence_fit),original,0.9643835616438357,0.9687840675800912,53.56845998764038,23,34,30
Page Blocks,round_robin,CON-FOLD (confidence_fit),original,0.9579908675799087,0.963333336541004,53.63601899147034,24,42,30
Page Blocks,round_robin,CON-FOLD (confidence_fit),original,0.9515981735159817,0.9644238185231049,53.728938817977905,15,24,30
Page Blocks,round_robin,CON-FOLD (confidence_fit),original,0.947945205479452,0.9674258786469403,54.05157661437988,16,29,30
Page Blocks,round_robin,CON-FOLD (confidence_fit),original,0.9689497716894977,0.9717476942770779,54.15748620033264,24,39,30
Page Blocks,round_robin,CON-FOLD (confidence_fit),original,0.9141552511415525,0.9675696806445667,54.44919013977051,12,20,30
Page Blocks,round_robin,CON-FOLD (confidence_fit),original,0.9689497716894977,0.9722070801903192,54.44523811340332,30,60,30
Page Blocks,round_robin,CON-FOLD (confidence_fit),information_gain,0.9168949771689497,0.923711233015525,33.366249561309814,8,8,30
Page Blocks,round_robin,CON-FOLD (confidence_fit),information_gain,0.9242009132420091,0.9295431095219193,33.61202549934387,6,6,30
Page Blocks,round_robin,CON-FOLD (confidence_fit),information_gain,0.9123287671232877,0.9200479773746104,34.08993625640869,8,8,30
Page Blocks,round_robin,CON-FOLD (confidence_fit),information_gain,0.9159817351598174,0.9225581151296819,34.32069134712219,6,6,30
Page Blocks,round_robin,CON-FOLD (confidence_fit),information_gain,0.9114155251141552,0.9199501703390855,34.5202157497406,6,6,30
Page Blocks,round_robin,CON-FOLD (confidence_fit),information_gain,0.915068493150685,0.9221970336565288,34.86536502838135,6,6,30
Page Blocks,round_robin,CON-FOLD (confidence_fit),information_gain,0.9214611872146119,0.9281409034776256,34.849488973617554,7,7,30
Page Blocks,round_robin,CON-FOLD (confidence_fit),information_gain,0.919634703196347,0.9256741027305923,35.059489488601685,6,6,30
Page Blocks,round_robin,CON-FOLD (confidence_fit),information_gain,0.9214611872146119,0.9275128436007325,35.37929105758667,7,7,30
Page Blocks,round_robin,CON-FOLD (confidence_fit),information_gain,0.9251141552511416,0.9300939977978078,35.52376985549927,8,8,30
Page Blocks,round_robin,CON-FOLD (confidence_fit),information_gain,0.9287671232876712,0.9327968478588129,35.81058669090271,6,6,30
Page Blocks,round_robin,CON-FOLD (confidence_fit),information_gain,0.9123287671232877,0.9194994326831948,36.10503792762756,6,6,30
Page Blocks,round_robin,CON-FOLD (confidence_fit),information_gain,0.915068493150685,0.9231854008553422,36.19615340232849,6,6,30
Page Blocks,round_robin,CON-FOLD (confidence_fit),information_gain,0.91324200913242,0.9204552978773516,36.28501772880554,9,9,30
Page Blocks,round_robin,CON-FOLD (confidence_fit),information_gain,0.9287671232876712,0.9330653683934236,36.447386503219604,9,9,30
Page Blocks,round_robin,CON-FOLD (confidence_fit),information_gain,0.9114155251141552,0.9193101527666656,36.52267122268677,6,6,30
Page Blocks,round_robin,CON-FOLD (confidence_fit),information_gain,0.9269406392694064,0.932179485729498,36.55229306221008,9,9,30
Page Blocks,round_robin,CON-FOLD (confidence_fit),information_gain,0.9187214611872146,0.9248791922176275,36.577240228652954,8,8,30
Page Blocks,round_robin,CON-FOLD (confidence_fit),information_gain,0.9041095890410958,0.9131276946187221,36.723151445388794,6,6,30
Page Blocks,round_robin,CON-FOLD (confidence_fit),information_gain,0.9114155251141552,0.9190158404392692,36.804460763931274,6,6,30
Page Blocks,round_robin,CON-FOLD (confidence_fit),information_gain,0.915068493150685,0.9220077121311423,36.96587300300598,6,6,30
Page Blocks,round_robin,CON-FOLD (confidence_fit),information_gain,0.9187214611872146,0.925207562144749,37.10130071640015,7,7,30
Page Blocks,round_robin,CON-FOLD (confidence_fit),information_gain,0.9114155251141552,0.919563948393699,37.12096047401428,6,6,30
Page Blocks,round_robin,CON-FOLD (confidence_fit),information_gain,0.9242009132420091,0.9292563679729686,37.80390644073486,6,6,30
Page Blocks,round_robin,CON-FOLD (confidence_fit),information_gain,0.9159817351598174,0.9226440787960719,37.84347343444824,6,6,30
Page Blocks,round_robin,CON-FOLD (confidence_fit),information_gain,0.9141552511415525,0.9217547854775344,37.90612816810608,6,6,30
Page Blocks,round_robin,CON-FOLD (confidence_fit),information_gain,0.9269406392694064,0.9320059570470319,37.969913721084595,6,6,30
Page Blocks,round_robin,CON-FOLD (confidence_fit),information_gain,0.9223744292237442,0.9279257483484024,38.01500678062439,6,6,30
Page Blocks,round_robin,CON-FOLD (confidence_fit),information_gain,0.9159817351598174,0.9226983089136089,38.13143849372864,6,6,30
Page Blocks,round_robin,CON-FOLD (confidence_fit),information_gain,0.9050228310502283,0.9140559520891335,38.16648983955383,7,7,30
Page Blocks,round_robin,CON-FOLD (confidence_fit),Gini_Impurity,0.0,0.75,33.32495617866516,0,0,30
Page Blocks,round_robin,CON-FOLD (confidence_fit),Gini_Impurity,0.0,0.75,33.71799921989441,2,13,30
Page Blocks,round_robin,CON-FOLD (confidence_fit),Gini_Impurity,0.0,0.75,46.915825605392456,0,0,30
Page Blocks,round_robin,CON-FOLD (confidence_fit),Gini_Impurity,0.0,0.75,53.62092685699463,0,0,30
Page Blocks,round_robin,CON-FOLD (confidence_fit),Gini_Impurity,0.0,0.75,61.967183351516724,0,0,30
Page Blocks,round_robin,CON-FOLD (confidence_fit),Gini_Impurity,0.0,0.75,67.09277987480164,0,0,30
Page Blocks,round_robin,CON-FOLD (confidence_fit),Gini_Impurity,0.0,0.75,68.28127694129944,0,0,30
Page Blocks,round_robin,CON-FOLD (confidence_fit),Gini_Impurity,0.0,0.75,73.91441202163696,0,0,30
Page Blocks,round_robin,CON-FOLD (confidence_fit),Gini_Impurity,0.0,0.75,74.27784180641174,0,0,30
Page Blocks,round_robin,CON-FOLD (confidence_fit),Gini_Impurity,0.0,0.75,79.72899532318115,0,0,30
Page Blocks,round_robin,CON-FOLD (confidence_fit),Gini_Impurity,0.0,0.75,80.89329862594604,0,0,30
Page Blocks,round_robin,CON-FOLD (confidence_fit),Gini_Impurity,0.0,0.75,82.8092679977417,0,0,30
Page Blocks,round_robin,CON-FOLD (confidence_fit),Gini_Impurity,0.0,0.75,85.04863905906677,0,0,30
Page Blocks,round_robin,CON-FOLD (confidence_fit),Gini_Impurity,0.0,0.75,85.07911038398743,0,0,30
Page Blocks,round_robin,CON-FOLD (confidence_fit),Gini_Impurity,0.0,0.75,85.8525607585907,0,0,30
Page Blocks,round_robin,CON-FOLD (confidence_fit),Gini_Impurity,0.0,0.75,86.7443323135376,1,5,30
Page Blocks,round_robin,CON-FOLD (confidence_fit),Gini_Impurity,0.0,0.75,87.62453198432922,0,0,30
Page Blocks,round_robin,CON-FOLD (confidence_fit),Gini_Impurity,0.0,0.75,88.10655379295349,0,0,30
Page Blocks,round_robin,CON-FOLD (confidence_fit),Gini_Impurity,0.0,0.75,88.48422145843506,0,0,30
Page Blocks,round_robin,CON-FOLD (confidence_fit),Gini_Impurity,0.0,0.75,89.1225414276123,0,0,30
Page Blocks,round_robin,CON-FOLD (confidence_fit),Gini_Impurity,0.0,0.75,89.28142237663269,0,0,30
Page Blocks,round_robin,CON-FOLD (confidence_fit),Gini_Impurity,0.0,0.7499041095890411,89.3596363067627,2,11,30
Page Blocks,round_robin,CON-FOLD (confidence_fit),Gini_Impurity,0.0,0.75,89.39067578315735,0,0,30
Page Blocks,round_robin,CON-FOLD (confidence_fit),Gini_Impurity,0.0,0.75,89.83115434646606,1,6,30
Page Blocks,round_robin,CON-FOLD (confidence_fit),Gini_Impurity,0.0,0.75,90.1993556022644,1,6,30
Page Blocks,round_robin,CON-FOLD (confidence_fit),Gini_Impurity,0.0,0.75,90.5542414188385,0,0,30
Page Blocks,round_robin,CON-FOLD (confidence_fit),Gini_Impurity,0.0,0.75,90.53457593917847,0,0,30
Page Blocks,round_robin,CON-FOLD (confidence_fit),Gini_Impurity,0.0,0.75,90.88985347747803,0,0,30
Page Blocks,round_robin,CON-FOLD (confidence_fit),Gini_Impurity,0.0,0.75,91.48668718338013,0,0,30
Page Blocks,round_robin,CON-FOLD (confidence_fit),Gini_Impurity,0.0,0.75,92.07005214691162,1,5,30
Page Blocks,round_robin,CON-FOLD (confidence_fit),Precision_Information_Gain,0.0,0.75,0.16794157028198242,0,0,30
Page Blocks,round_robin,CON-FOLD (confidence_fit),Precision_Information_Gain,0.0,0.75,0.1723465919494629,0,0,30
Page Blocks,round_robin,CON-FOLD (confidence_fit),Precision_Information_Gain,0.0,0.75,0.19786977767944336,0,0,30
Page Blocks,round_robin,CON-FOLD (confidence_fit),Precision_Information_Gain,0.0,0.75,0.18887090682983398,0,0,30
Page Blocks,round_robin,CON-FOLD (confidence_fit),Precision_Information_Gain,0.0,0.75,0.18694829940795898,0,0,30
Page Blocks,round_robin,CON-FOLD (confidence_fit),Precision_Information_Gain,0.0,0.75,0.1703634262084961,0,0,30
Page Blocks,round_robin,CON-FOLD (confidence_fit),Precision_Information_Gain,0.0,0.75,0.1838681697845459,0,0,30
Page Blocks,round_robin,CON-FOLD (confidence_fit),Precision_Information_Gain,0.0,0.75,0.1621248722076416,0,0,30
Page Blocks,round_robin,CON-FOLD (confidence_fit),Precision_Information_Gain,0.0,0.75,0.17886734008789062,0,0,30
Page Blocks,round_robin,CON-FOLD (confidence_fit),Precision_Information_Gain,0.0,0.75,0.21503639221191406,0,0,30
Page Blocks,round_robin,CON-FOLD (confidence_fit),Precision_Information_Gain,0.0,0.75,0.18243622779846191,0,0,30
Page Blocks,round_robin,CON-FOLD (confidence_fit),Precision_Information_Gain,0.0,0.75,0.16869235038757324,0,0,30
Page Blocks,round_robin,CON-FOLD (confidence_fit),Precision_Information_Gain,0.0,0.75,0.1591041088104248,0,0,30
Page Blocks,round_robin,CON-FOLD (confidence_fit),Precision_Information_Gain,0.0,0.75,0.1646103858947754,0,0,30
Page Blocks,round_robin,CON-FOLD (confidence_fit),Precision_Information_Gain,0.0,0.75,0.16414928436279297,0,0,30
Page Blocks,round_robin,CON-FOLD (confidence_fit),Precision_Information_Gain,0.0,0.75,0.18494820594787598,0,0,30
Page Blocks,round_robin,CON-FOLD (confidence_fit),Precision_Information_Gain,0.0,0.75,0.17519640922546387,0,0,30
Page Blocks,round_robin,CON-FOLD (confidence_fit),Precision_Information_Gain,0.0,0.75,0.17894601821899414,0,0,30
Page Blocks,round_robin,CON-FOLD (confidence_fit),Precision_Information_Gain,0.0,0.75,0.1500394344329834,0,0,30
Page Blocks,round_robin,CON-FOLD (confidence_fit),Precision_Information_Gain,0.0,0.75,0.16913127899169922,0,0,30
Page Blocks,round_robin,CON-FOLD (confidence_fit),Precision_Information_Gain,0.0,0.75,0.16212677955627441,0,0,30
Page Blocks,round_robin,CON-FOLD (confidence_fit),Precision_Information_Gain,0.0,0.75,0.18385791778564453,0,0,30
Page Blocks,round_robin,CON-FOLD (confidence_fit),Precision_Information_Gain,0.0,0.75,0.1676926612854004,0,0,30
Page Blocks,round_robin,CON-FOLD (confidence_fit),Precision_Information_Gain,0.0,0.75,0.15362024307250977,0,0,30
Page Blocks,round_robin,CON-FOLD (confidence_fit),Precision_Information_Gain,0.0,0.75,0.17919683456420898,0,0,30
Page Blocks,round_robin,CON-FOLD (confidence_fit),Precision_Information_Gain,0.0,0.75,0.18794918060302734,0,0,30
Page Blocks,round_robin,CON-FOLD (confidence_fit),Precision_Information_Gain,0.0,0.75,0.1773664951324463,0,0,30
Page Blocks,round_robin,CON-FOLD (confidence_fit),Precision_Information_Gain,0.0,0.75,0.18492603302001953,0,0,30
Page Blocks,round_robin,CON-FOLD (confidence_fit),Precision_Information_Gain,0.0,0.75,0.17136406898498535,0,0,30
Page Blocks,round_robin,CON-FOLD (confidence_fit),Precision_Information_Gain,0.0,0.75,0.16685986518859863,0,0,30
Page Blocks,round_robin,CON-FOLD (confidence_fit),Precision_Gini_Impurity,0.9123287671232877,0.921238613900457,37.279404640197754,8,9,30
Page Blocks,round_robin,CON-FOLD (confidence_fit),Precision_Gini_Impurity,0.8894977168949771,0.9026615823280382,45.414639949798584,10,11,30
Page Blocks,round_robin,CON-FOLD (confidence_fit),Precision_Gini_Impurity,0.9214611872146119,0.9278733629660276,50.27841925621033,10,10,30
Page Blocks,round_robin,CON-FOLD (confidence_fit),Precision_Gini_Impurity,0.9059360730593607,0.9153421548118715,52.16162157058716,11,11,30
Page Blocks,round_robin,CON-FOLD (confidence_fit),Precision_Gini_Impurity,0.9095890410958904,0.9201613084714166,55.46367430686951,8,9,30
Page Blocks,round_robin,CON-FOLD (confidence_fit),Precision_Gini_Impurity,0.8949771689497716,0.9058575611264829,57.366370677948,8,9,30
Page Blocks,round_robin,CON-FOLD (confidence_fit),Precision_Gini_Impurity,0.9013698630136986,0.9108022294433797,57.696263551712036,9,9,30
Page Blocks,round_robin,CON-FOLD (confidence_fit),Precision_Gini_Impurity,0.9004566210045662,0.9271228121235622,57.92456293106079,9,12,30
Page Blocks,round_robin,CON-FOLD (confidence_fit),Precision_Gini_Impurity,0.8931506849315068,0.9064490958293164,58.566415548324585,15,15,30
Page Blocks,round_robin,CON-FOLD (confidence_fit),Precision_Gini_Impurity,0.897716894977169,0.9082375705507773,58.96461224555969,14,14,30
Page Blocks,round_robin,CON-FOLD (confidence_fit),Precision_Gini_Impurity,0.9095890410958904,0.9183787791285832,59.76249861717224,11,10,30
Page Blocks,round_robin,CON-FOLD (confidence_fit),Precision_Gini_Impurity,0.902283105022831,0.9119351079274903,60.01944708824158,11,11,30
Page Blocks,round_robin,CON-FOLD (confidence_fit),Precision_Gini_Impurity,0.908675799086758,0.9341775359231963,60.28282189369202,10,11,30
Page Blocks,round_robin,CON-FOLD (confidence_fit),Precision_Gini_Impurity,0.9077625570776255,0.9152163923471253,60.6822304725647,9,9,30
Page Blocks,round_robin,CON-FOLD (confidence_fit),Precision_Gini_Impurity,0.8849315068493151,0.8993854224618244,60.74885869026184,11,12,30
Page Blocks,round_robin,CON-FOLD (confidence_fit),Precision_Gini_Impurity,0.9223744292237442,0.9292312316342459,60.881834506988525,12,25,30
Page Blocks,round_robin,CON-FOLD (confidence_fit),Precision_Gini_Impurity,0.9077625570776255,0.9168966577104127,61.03731727600098,9,10,30
Page Blocks,round_robin,CON-FOLD (confidence_fit),Precision_Gini_Impurity,0.9013698630136986,0.9118094975680378,61.15316891670227,11,11,30
Page Blocks,round_robin,CON-FOLD (confidence_fit),Precision_Gini_Impurity,0.9168949771689497,0.9234419204143374,61.49658918380737,11,12,30
Page Blocks,round_robin,CON-FOLD (confidence_fit),Precision_Gini_Impurity,0.9168949771689497,0.92502863421114,61.78325366973877,9,10,30
Page Blocks,round_robin,CON-FOLD (confidence_fit),Precision_Gini_Impurity,0.8904109589041096,0.9218783792438345,63.53412699699402,14,15,30
Page Blocks,round_robin,CON-FOLD (confidence_fit),Precision_Gini_Impurity,0.9031963470319635,0.925125562382557,64.40179753303528,13,14,30
Page Blocks,round_robin,CON-FOLD (confidence_fit),Precision_Gini_Impurity,0.91324200913242,0.9386299568739731,66.0936222076416,11,15,30
Page Blocks,round_robin,CON-FOLD (confidence_fit),Precision_Gini_Impurity,0.9041095890410958,0.9294210000161648,66.55852150917053,11,12,30
Page Blocks,round_robin,CON-FOLD (confidence_fit),Precision_Gini_Impurity,0.9105022831050228,0.9191138951088579,67.01478338241577,10,10,30
Page Blocks,round_robin,CON-FOLD (confidence_fit),Precision_Gini_Impurity,0.8894977168949771,0.9027975117515084,67.0708839893341,12,12,30
Page Blocks,round_robin,CON-FOLD (confidence_fit),Precision_Gini_Impurity,0.8986301369863013,0.9103467817934234,67.34274864196777,8,9,30
Page Blocks,round_robin,CON-FOLD (confidence_fit),Precision_Gini_Impurity,0.9013698630136986,0.9108791778492241,69.18846297264099,7,8,30
Page Blocks,round_robin,CON-FOLD (confidence_fit),Precision_Gini_Impurity,0.891324200913242,0.9029855818793586,69.27883386611938,9,10,30
Page Blocks,round_robin,CON-FOLD (confidence_fit),Precision_Gini_Impurity,0.9187214611872146,0.9253554240710483,69.75122690200806,11,11,30
Page Blocks,best_rule,FOLD-RM (fit),original,0.019178082191780823,0.7535885910856621,83.10713076591492,9,18,30
Page Blocks,best_rule,FOLD-RM (fit),original,0.02009132420091324,0.7538706095467581,87.76125741004944,12,30,30
Page Blocks,best_rule,FOLD-RM (fit),original,0.021004566210045664,0.7522309785077625,90.61109399795532,6,11,30
Page Blocks,best_rule,FOLD-RM (fit),original,0.023744292237442923,0.7532181837073971,103.41657614707947,8,17,30
Page Blocks,best_rule,FOLD-RM (fit),original,0.01643835616438356,0.7523722331781734,108.81877136230469,10,27,30
Page Blocks,best_rule,FOLD-RM (fit),original,0.01643835616438356,0.7530653903964384,113.99637842178345,9,33,30
Page Blocks,best_rule,FOLD-RM (fit),original,0.02009132420091324,0.7537008492558903,119.21684408187866,11,32,30
Page Blocks,best_rule,FOLD-RM (fit),original,0.0182648401826484,0.7536188921348859,122.04075717926025,8,24,30
Page Blocks,best_rule,FOLD-RM (fit),original,0.02009132420091324,0.752345715989041,122.14207696914673,9,31,30
Page Blocks,best_rule,FOLD-RM (fit),original,0.0182648401826484,0.7536787243150684,125.31963396072388,8,19,30
Page Blocks,best_rule,FOLD-RM (fit),original,0.021004566210045664,0.7543397485354338,125.33617806434631,11,28,30
Page Blocks,best_rule,FOLD-RM (fit),original,0.017351598173515982,0.7524532640790867,126.46492528915405,12,29,30
Page Blocks,best_rule,FOLD-RM (fit),original,0.015525114155251141,0.7509498657655707,126.66978096961975,11,32,30
Page Blocks,best_rule,FOLD-RM (fit),original,0.021917808219178082,0.7530232633211872,128.0257830619812,9,23,30
Page Blocks,best_rule,FOLD-RM (fit),original,0.017351598173515982,0.7532720955858446,130.51308703422546,11,31,30
Page Blocks,best_rule,FOLD-RM (fit),original,0.017351598173515982,0.7532199334609133,133.52434039115906,14,45,30
Page Blocks,best_rule,FOLD-RM (fit),original,0.0136986301369863,0.7519094983030137,137.0359673500061,12,36,30
Page Blocks,best_rule,FOLD-RM (fit),original,0.017351598173515982,0.7535037545686758,137.42952013015747,9,28,30
Page Blocks,best_rule,FOLD-RM (fit),original,0.019178082191780823,0.7536676935809132,140.33281207084656,10,31,30
Page Blocks,best_rule,FOLD-RM (fit),original,0.02009132420091324,0.7539344759285844,141.73978853225708,9,22,30
Page Blocks,best_rule,FOLD-RM (fit),original,0.033789954337899546,0.753704157038356,148.8544144630432,24,58,30
Page Blocks,best_rule,FOLD-RM (fit),original,0.026484018264840183,0.7506622097373516,149.93366956710815,30,74,30
Page Blocks,best_rule,FOLD-RM (fit),original,0.0182648401826484,0.7533476418399085,153.63785123825073,11,30,30
Page Blocks,best_rule,FOLD-RM (fit),original,0.028310502283105023,0.755379503293242,154.06667351722717,25,62,30
Page Blocks,best_rule,FOLD-RM (fit),original,0.029223744292237442,0.7535057100827398,155.12832188606262,22,58,30
Page Blocks,best_rule,FOLD-RM (fit),original,0.0319634703196347,0.7549005868731508,156.43929648399353,28,80,30
Page Blocks,best_rule,FOLD-RM (fit),original,0.038356164383561646,0.7567869807126941,158.72766709327698,28,76,30
Page Blocks,best_rule,FOLD-RM (fit),original,0.03287671232876712,0.7527596271210046,162.17374205589294,28,72,30
Page Blocks,best_rule,FOLD-RM (fit),original,0.031050228310502283,0.7543722768421918,162.42449474334717,29,77,30
Page Blocks,best_rule,FOLD-RM (fit),original,0.9223744292237442,0.9672260020185383,163.7815260887146,62,151,30
Page Blocks,best_rule,FOLD-RM (fit),information_gain,0.0009132420091324201,0.7501770838487671,26.371126174926758,1,1,30
Page Blocks,best_rule,FOLD-RM (fit),information_gain,0.0027397260273972603,0.7502283105022831,26.69509720802307,1,1,30
Page Blocks,best_rule,FOLD-RM (fit),information_gain,0.0009132420091324201,0.7498618721461188,27.278839349746704,1,1,30
Page Blocks,best_rule,FOLD-RM (fit),information_gain,0.0027397260273972603,0.7504929551120547,29.37253999710083,1,1,30
Page Blocks,best_rule,FOLD-RM (fit),information_gain,0.0036529680365296802,0.7506242865296804,29.86540651321411,1,1,30
Page Blocks,best_rule,FOLD-RM (fit),information_gain,0.0027397260273972603,0.7504929551120547,30.13572335243225,1,1,30
Page Blocks,best_rule,FOLD-RM (fit),information_gain,0.0027397260273972603,0.7502283105022831,30.248947381973267,1,1,30
Page Blocks,best_rule,FOLD-RM (fit),information_gain,0.0018264840182648401,0.7500505940120548,30.300123691558838,1,1,30
Page Blocks,best_rule,FOLD-RM (fit),information_gain,0.0027397260273972603,0.7502283105022831,30.898820161819458,1,1,30
Page Blocks,best_rule,FOLD-RM (fit),information_gain,0.0027397260273972603,0.7504929551120547,31.187129259109497,1,1,30
Page Blocks,best_rule,FOLD-RM (fit),information_gain,0.0018264840182648401,0.7500505940120548,31.238863229751587,1,1,30
Page Blocks,best_rule,FOLD-RM (fit),information_gain,0.0009132420091324201,0.7501770838487671,31.27393937110901,1,1,30
Page Blocks,best_rule,FOLD-RM (fit),information_gain,0.0036529680365296802,0.7506242865296804,31.275880575180054,1,1,30
Page Blocks,best_rule,FOLD-RM (fit),information_gain,0.0018264840182648401,0.7503424657534247,31.917747974395752,1,1,30
Page Blocks,best_rule,FOLD-RM (fit),information_gain,0.0009132420091324201,0.7501770838487671,32.24611306190491,1,1,30
Page Blocks,best_rule,FOLD-RM (fit),information_gain,0.0027397260273972603,0.7504929551120547,32.6600341796875,1,1,30
Page Blocks,best_rule,FOLD-RM (fit),information_gain,0.0027397260273972603,0.7502283105022831,33.305255651474,1,1,30
Page Blocks,best_rule,FOLD-RM (fit),information_gain,0.0036529680365296802,0.7505358274158904,33.49723172187805,1,1,30
Page Blocks,best_rule,FOLD-RM (fit),information_gain,0.0045662100456621,0.7507305936073059,33.46909499168396,1,1,30
Page Blocks,best_rule,FOLD-RM (fit),information_gain,0.0018264840182648401,0.7503424657534247,33.5833375453949,1,1,30
Page Blocks,best_rule,FOLD-RM (fit),information_gain,0.0018264840182648401,0.7503424657534247,36.22778058052063,2,2,30
Page Blocks,best_rule,FOLD-RM (fit),information_gain,0.0009132420091324201,0.7501770838487671,36.21010208129883,2,2,30
Page Blocks,best_rule,FOLD-RM (fit),information_gain,0.0027397260273972603,0.7504929551120547,36.2387752532959,2,2,30
Page Blocks,best_rule,FOLD-RM (fit),information_gain,0.0009132420091324201,0.7501770838487671,36.26785492897034,2,2,30
Page Blocks,best_rule,FOLD-RM (fit),information_gain,0.0036529680365296802,0.7506242865296804,36.26585531234741,2,2,30
Page Blocks,best_rule,FOLD-RM (fit),information_gain,0.0018264840182648401,0.7503424657534247,36.351696252822876,2,2,30
Page Blocks,best_rule,FOLD-RM (fit),information_gain,0.0036529680365296802,0.7506242865296804,36.46191716194153,2,2,30
Page Blocks,best_rule,FOLD-RM (fit),information_gain,0.0009132420091324201,0.7501770838487671,36.51869177818298,2,2,30
Page Blocks,best_rule,FOLD-RM (fit),information_gain,0.0009132420091324201,0.7501770838487671,36.54166030883789,2,2,30
Page Blocks,best_rule,FOLD-RM (fit),information_gain,0.0018264840182648401,0.7503424657534247,36.61890935897827,2,2,30
Page Blocks,best_rule,FOLD-RM (fit),Gini_Impurity,0.8840182648401826,0.8977077910306829,21.216824054718018,3,4,30
Page Blocks,best_rule,FOLD-RM (fit),Gini_Impurity,0.897716894977169,0.9102045014560717,22.221206426620483,1,1,30
Page Blocks,best_rule,FOLD-RM (fit),Gini_Impurity,0.8904109589041096,0.9033498381504086,28.58310079574585,5,10,30
Page Blocks,best_rule,FOLD-RM (fit),Gini_Impurity,0.9077625570776255,0.9176557844394501,30.193275451660156,5,9,30
Page Blocks,best_rule,FOLD-RM (fit),Gini_Impurity,0.0,0.75,47.52472138404846,1,3,30
Page Blocks,best_rule,FOLD-RM (fit),Gini_Impurity,0.897716894977169,0.9076512533563472,53.10601615905762,12,22,30
Page Blocks,best_rule,FOLD-RM (fit),Gini_Impurity,0.0,0.7499520547945205,60.727312088012695,2,6,30
Page Blocks,best_rule,FOLD-RM (fit),Gini_Impurity,0.8904109589041096,0.9042026195287688,63.27890706062317,5,10,30
Page Blocks,best_rule,FOLD-RM (fit),Gini_Impurity,0.9059360730593607,0.9170444924069393,64.0411148071289,8,17,30
Page Blocks,best_rule,FOLD-RM (fit),Gini_Impurity,0.8904109589041096,0.9033370179984488,65.47167468070984,8,15,30
Page Blocks,best_rule,FOLD-RM (fit),Gini_Impurity,0.8894977168949771,0.9031251548756154,66.71773290634155,6,13,30
Page Blocks,best_rule,FOLD-RM (fit),Gini_Impurity,0.8876712328767123,0.9011452784376267,66.90296649932861,13,24,30
Page Blocks,best_rule,FOLD-RM (fit),Gini_Impurity,0.8840182648401826,0.8993800623225573,84.35636520385742,8,19,30
Page Blocks,best_rule,FOLD-RM (fit),Gini_Impurity,0.8986301369863013,0.9109408724402736,84.85685729980469,10,21,30
Page Blocks,best_rule,FOLD-RM (fit),Gini_Impurity,0.897716894977169,0.9147886732089512,84.98411083221436,6,17,30
Page Blocks,best_rule,FOLD-RM (fit),Gini_Impurity,0.91324200913242,0.921447381608037,87.71482467651367,13,31,30
Page Blocks,best_rule,FOLD-RM (fit),Gini_Impurity,0.9059360730593607,0.9168497281461179,88.00725507736206,7,20,30
Page Blocks,best_rule,FOLD-RM (fit),Gini_Impurity,0.9031963470319635,0.9138691431105923,95.92294311523438,10,21,30
Page Blocks,best_rule,FOLD-RM (fit),Gini_Impurity,0.8995433789954338,0.911263300856166,97.4225709438324,7,27,30
Page Blocks,best_rule,FOLD-RM (fit),Gini_Impurity,0.8867579908675799,0.8991782771461179,101.63202381134033,14,27,30
Page Blocks,best_rule,FOLD-RM (fit),Gini_Impurity,0.9059360730593607,0.9155356055890409,104.87057518959045,18,33,30
Page Blocks,best_rule,FOLD-RM (fit),Gini_Impurity,0.891324200913242,0.9049152695044744,113.32099437713623,11,26,30
Page Blocks,best_rule,FOLD-RM (fit),Gini_Impurity,0.8958904109589041,0.9082487264657547,116.03858923912048,13,33,30
Page Blocks,best_rule,FOLD-RM (fit),Gini_Impurity,0.8922374429223744,0.9085364097834701,116.36861515045166,15,40,30
Page Blocks,best_rule,FOLD-RM (fit),Gini_Impurity,0.8894977168949771,0.9058132633526017,116.9172956943512,11,25,30
Page Blocks,best_rule,FOLD-RM (fit),Gini_Impurity,0.8995433789954338,0.9123620536954326,117.90683507919312,13,37,30
Page Blocks,best_rule,FOLD-RM (fit),Gini_Impurity,0.8867579908675799,0.9051045966144282,120.95601439476013,14,41,30
Page Blocks,best_rule,FOLD-RM (fit),Gini_Impurity,0.891324200913242,0.9061989230820097,121.72458481788635,15,36,30
Page Blocks,best_rule,FOLD-RM (fit),Gini_Impurity,0.8958904109589041,0.9085825926246573,126.92159700393677,13,27,30
Page Blocks,best_rule,FOLD-RM (fit),Gini_Impurity,0.005479452054794521,0.7501985088787214,141.1329779624939,29,63,30
Page Blocks,best_rule,FOLD-RM (fit),Precision_Information_Gain,0.0,0.75,3.7561447620391846,0,0,30
Page Blocks,best_rule,FOLD-RM (fit),Precision_Information_Gain,0.0,0.75,4.175337314605713,0,0,30
Page Blocks,best_rule,FOLD-RM (fit),Precision_Information_Gain,0.0,0.75,4.2761616706848145,0,0,30
Page Blocks,best_rule,FOLD-RM (fit),Precision_Information_Gain,0.0,0.75,4.541120767593384,0,0,30
Page Blocks,best_rule,FOLD-RM (fit),Precision_Information_Gain,0.0,0.75,4.668706893920898,0,0,30
Page Blocks,best_rule,FOLD-RM (fit),Precision_Information_Gain,0.0,0.75,4.73887038230896,0,0,30
Page Blocks,best_rule,FOLD-RM (fit),Precision_Information_Gain,0.0,0.75,4.756512641906738,0,0,30
Page Blocks,best_rule,FOLD-RM (fit),Precision_Information_Gain,0.0,0.75,4.763017416000366,0,0,30
Page Blocks,best_rule,FOLD-RM (fit),Precision_Information_Gain,0.0,0.75,4.828208923339844,0,0,30
Page Blocks,best_rule,FOLD-RM (fit),Precision_Information_Gain,0.0,0.75,4.9797375202178955,0,0,30
Page Blocks,best_rule,FOLD-RM (fit),Precision_Information_Gain,0.0,0.75,5.02892804145813,0,0,30
Page Blocks,best_rule,FOLD-RM (fit),Precision_Information_Gain,0.0,0.75,5.062035083770752,0,0,30
Page Blocks,best_rule,FOLD-RM (fit),Precision_Information_Gain,0.0,0.75,5.086238622665405,0,0,30
Page Blocks,best_rule,FOLD-RM (fit),Precision_Information_Gain,0.0,0.75,5.174326658248901,0,0,30
Page Blocks,best_rule,FOLD-RM (fit),Precision_Information_Gain,0.0,0.75,5.1451592445373535,0,0,30
Page Blocks,best_rule,FOLD-RM (fit),Precision_Information_Gain,0.0,0.75,5.162196159362793,0,0,30
Page Blocks,best_rule,FOLD-RM (fit),Precision_Information_Gain,0.0,0.75,5.241575002670288,0,0,30
Page Blocks,best_rule,FOLD-RM (fit),Precision_Information_Gain,0.0,0.75,5.230825662612915,0,0,30
Page Blocks,best_rule,FOLD-RM (fit),Precision_Information_Gain,0.0,0.75,5.282515048980713,0,0,30
Page Blocks,best_rule,FOLD-RM (fit),Precision_Information_Gain,0.0,0.75,5.396423101425171,0,0,30
Page Blocks,best_rule,FOLD-RM (fit),Precision_Information_Gain,0.0,0.75,5.4972922801971436,0,0,30
Page Blocks,best_rule,FOLD-RM (fit),Precision_Information_Gain,0.0,0.75,5.522948265075684,0,0,30
Page Blocks,best_rule,FOLD-RM (fit),Precision_Information_Gain,0.0,0.75,5.516611576080322,0,0,30
Page Blocks,best_rule,FOLD-RM (fit),Precision_Information_Gain,0.0,0.75,5.545162200927734,0,0,30
Page Blocks,best_rule,FOLD-RM (fit),Precision_Information_Gain,0.0,0.75,5.547658681869507,0,0,30
Page Blocks,best_rule,FOLD-RM (fit),Precision_Information_Gain,0.0,0.75,5.548091173171997,0,0,30
Page Blocks,best_rule,FOLD-RM (fit),Precision_Information_Gain,0.0,0.75,5.714583396911621,0,0,30
Page Blocks,best_rule,FOLD-RM (fit),Precision_Information_Gain,0.0,0.75,5.806348085403442,0,0,30
Page Blocks,best_rule,FOLD-RM (fit),Precision_Information_Gain,0.0,0.75,5.867267608642578,0,0,30
Page Blocks,best_rule,FOLD-RM (fit),Precision_Information_Gain,0.0,0.75,5.88625693321228,0,0,30
Page Blocks,best_rule,FOLD-RM (fit),Precision_Gini_Impurity,0.8949771689497716,0.9087587949324212,45.890493869781494,42,65,30
Page Blocks,best_rule,FOLD-RM (fit),Precision_Gini_Impurity,0.8757990867579909,0.9043267747569861,50.576032876968384,50,89,30
Page Blocks,best_rule,FOLD-RM (fit),Precision_Gini_Impurity,0.8885844748858448,0.923454329086028,53.13575744628906,50,82,30
Page Blocks,best_rule,FOLD-RM (fit),Precision_Gini_Impurity,0.8849315068493151,0.9087977409529674,56.823193073272705,36,63,30
Page Blocks,best_rule,FOLD-RM (fit),Precision_Gini_Impurity,0.8876712328767123,0.9152970340845653,66.0756824016571,49,76,30
Page Blocks,best_rule,FOLD-RM (fit),Precision_Gini_Impurity,0.8894977168949771,0.9124856580504103,68.09432601928711,44,68,30
Page Blocks,best_rule,FOLD-RM (fit),Precision_Gini_Impurity,0.8922374429223744,0.9091482062930607,69.30346608161926,57,85,30
Page Blocks,best_rule,FOLD-RM (fit),Precision_Gini_Impurity,0.9114155251141552,0.9225648253632877,82.9438898563385,70,101,30
Page Blocks,best_rule,FOLD-RM (fit),Precision_Gini_Impurity,0.8968036529680365,0.9125997267079458,99.11880493164062,83,126,30
Page Blocks,best_rule,FOLD-RM (fit),Precision_Gini_Impurity,0.9187214611872146,0.9594372628637448,110.15250945091248,130,150,30
Page Blocks,best_rule,FOLD-RM (fit),Precision_Gini_Impurity,0.908675799086758,0.9209223270070312,112.55304956436157,131,163,30
Page Blocks,best_rule,FOLD-RM (fit),Precision_Gini_Impurity,0.9269406392694064,0.9562444341918724,139.75552892684937,178,205,30
Page Blocks,best_rule,FOLD-RM (fit),Precision_Gini_Impurity,0.9251141552511416,0.9346166820969869,159.76025795936584,152,178,30
Page Blocks,best_rule,FOLD-RM (fit),Precision_Gini_Impurity,0.9342465753424658,0.9593375761017361,163.34406685829163,177,207,30
Page Blocks,best_rule,FOLD-RM (fit),Precision_Gini_Impurity,0.9342465753424658,0.955520727311233,166.61321139335632,183,229,30
Page Blocks,best_rule,FOLD-RM (fit),Precision_Gini_Impurity,0.9187214611872146,0.9587990196760735,175.30331301689148,182,225,30
Page Blocks,best_rule,FOLD-RM (fit),Precision_Gini_Impurity,0.9305936073059361,0.9531647856418272,175.70180225372314,189,216,30
Page Blocks,best_rule,FOLD-RM (fit),Precision_Gini_Impurity,0.9378995433789954,0.9514812225634707,178.46884083747864,180,229,30
Page Blocks,best_rule,FOLD-RM (fit),Precision_Gini_Impurity,0.9360730593607306,0.9594862146027395,179.45955443382263,159,202,30
Page Blocks,best_rule,FOLD-RM (fit),Precision_Gini_Impurity,0.9296803652968036,0.9543595907862105,189.83723282814026,220,256,30
Page Blocks,best_rule,FOLD-RM (fit),Precision_Gini_Impurity,0.936986301369863,0.9636422207365298,190.33120369911194,200,248,30
Page Blocks,best_rule,FOLD-RM (fit),Precision_Gini_Impurity,0.9388127853881278,0.9598507350886769,190.70187830924988,200,233,30
Page Blocks,best_rule,FOLD-RM (fit),Precision_Gini_Impurity,0.9442922374429223,0.9632323594846571,192.59624409675598,224,260,30
Page Blocks,best_rule,FOLD-RM (fit),Precision_Gini_Impurity,0.9360730593607306,0.9539893042784463,193.47628045082092,172,199,30
Page Blocks,best_rule,FOLD-RM (fit),Precision_Gini_Impurity,0.9287671232876712,0.9497240267650223,193.9952094554901,224,261,30
Page Blocks,best_rule,FOLD-RM (fit),Precision_Gini_Impurity,0.9534246575342465,0.9669854975952513,195.2622458934784,237,264,30
Page Blocks,best_rule,FOLD-RM (fit),Precision_Gini_Impurity,0.9178082191780822,0.9562762523584474,195.37461400032043,202,229,30
Page Blocks,best_rule,FOLD-RM (fit),Precision_Gini_Impurity,0.9424657534246575,0.9636543811156161,198.44671893119812,255,304,30
Page Blocks,best_rule,FOLD-RM (fit),Precision_Gini_Impurity,0.9415525114155251,0.9616504211752512,199.0053849220276,228,275,30
Page Blocks,best_rule,FOLD-RM (fit),Precision_Gini_Impurity,0.9561643835616438,0.9715710864189036,200.7163507938385,273,325,30
Page Blocks,best_rule,CON-FOLD (confidence_fit),original,0.01643835616438356,0.7532188072863013,107.5140962600708,7,13,30
Page Blocks,best_rule,CON-FOLD (confidence_fit),original,0.014611872146118721,0.7508407394920548,109.48956656455994,8,26,30
Page Blocks,best_rule,CON-FOLD (confidence_fit),original,0.0136986301369863,0.7515468079107763,126.83670473098755,6,21,30
Page Blocks,best_rule,CON-FOLD (confidence_fit),original,0.024657534246575342,0.7540025616011872,133.21306943893433,10,30,30
Page Blocks,best_rule,CON-FOLD (confidence_fit),original,0.017351598173515982,0.7520500515471233,133.2167844772339,7,14,30
Page Blocks,best_rule,CON-FOLD (confidence_fit),original,0.014611872146118721,0.7519921513582648,139.1789321899414,11,40,30
Page Blocks,best_rule,CON-FOLD (confidence_fit),original,0.011872146118721462,0.7517648715045662,139.548175573349,9,18,30
Page Blocks,best_rule,CON-FOLD (confidence_fit),original,0.015525114155251141,0.7516992572989953,153.51853895187378,10,29,30
Page Blocks,best_rule,CON-FOLD (confidence_fit),original,0.019178082191780823,0.7527283003736074,156.3514266014099,10,34,30
Page Blocks,best_rule,CON-FOLD (confidence_fit),original,0.02009132420091324,0.7534931463922375,157.43407893180847,11,36,30
Page Blocks,best_rule,CON-FOLD (confidence_fit),original,0.017351598173515982,0.7532193343113243,159.98976182937622,10,34,30
Page Blocks,best_rule,CON-FOLD (confidence_fit),original,0.017351598173515982,0.753356997313516,159.98269748687744,11,41,30
Page Blocks,best_rule,CON-FOLD (confidence_fit),original,0.01643835616438356,0.7526577588711415,160.41834235191345,12,40,30
Page Blocks,best_rule,CON-FOLD (confidence_fit),original,0.021917808219178082,0.7548062907158903,170.48072481155396,12,49,30
Page Blocks,best_rule,CON-FOLD (confidence_fit),original,0.028310502283105023,0.7549470432698631,171.66832661628723,19,61,30
Page Blocks,best_rule,CON-FOLD (confidence_fit),original,0.021917808219178082,0.7530404302690412,171.6698887348175,13,40,30
Page Blocks,best_rule,CON-FOLD (confidence_fit),original,0.0365296803652968,0.7561629854103196,172.323228597641,20,58,30
Page Blocks,best_rule,CON-FOLD (confidence_fit),original,0.017351598173515982,0.7524019236781735,173.1370484828949,9,19,30
Page Blocks,best_rule,CON-FOLD (confidence_fit),original,0.031050228310502283,0.7544623459042923,176.08980655670166,20,46,30
Page Blocks,best_rule,CON-FOLD (confidence_fit),original,0.0319634703196347,0.7548517573273059,177.91558599472046,19,51,30
Page Blocks,best_rule,CON-FOLD (confidence_fit),original,0.030136986301369864,0.7534401066649313,177.93015933036804,21,58,30
Page Blocks,best_rule,CON-FOLD (confidence_fit),original,0.017351598173515982,0.7529874266884019,179.30990600585938,11,33,30
Page Blocks,best_rule,CON-FOLD (confidence_fit),original,0.033789954337899546,0.7542387964390869,180.12841248512268,18,54,30
Page Blocks,best_rule,CON-FOLD (confidence_fit),original,0.0319634703196347,0.7552368609488584,180.29192876815796,20,52,30
Page Blocks,best_rule,CON-FOLD (confidence_fit),original,0.026484018264840183,0.754354608163653,180.45945572853088,20,58,30
Page Blocks,best_rule,CON-FOLD (confidence_fit),original,0.026484018264840183,0.7538041625695892,180.49755573272705,18,58,30
Page Blocks,best_rule,CON-FOLD (confidence_fit),original,0.033789954337899546,0.7566447916263925,181.65750122070312,23,75,30
Page Blocks,best_rule,CON-FOLD (confidence_fit),original,0.029223744292237442,0.7515390215010045,183.01339173316956,24,62,30
Page Blocks,best_rule,CON-FOLD (confidence_fit),original,0.019178082191780823,0.7533757426981735,183.5553605556488,17,62,30
Page Blocks,best_rule,CON-FOLD (confidence_fit),original,0.9662100456621004,0.971280695970776,191.26222848892212,39,108,30
Page Blocks,best_rule,CON-FOLD (confidence_fit),information_gain,0.0009132420091324201,0.7498618721461188,27.584258794784546,1,1,30
Page Blocks,best_rule,CON-FOLD (confidence_fit),information_gain,0.0018264840182648401,0.7500505940120548,27.900134325027466,1,1,30
Page Blocks,best_rule,CON-FOLD (confidence_fit),information_gain,0.0018264840182648401,0.7500505940120548,28.984660625457764,1,1,30
Page Blocks,best_rule,CON-FOLD (confidence_fit),information_gain,0.005479452054794521,0.7506575342465753,29.97446346282959,1,1,30
Page Blocks,best_rule,CON-FOLD (confidence_fit),information_gain,0.0036529680365296802,0.7503918384287671,30.295703411102295,1,1,30
Page Blocks,best_rule,CON-FOLD (confidence_fit),information_gain,0.0027397260273972603,0.7502283105022831,30.45846152305603,1,1,30
Page Blocks,best_rule,CON-FOLD (confidence_fit),information_gain,0.0018264840182648401,0.7503424657534247,31.215862274169922,1,1,30
Page Blocks,best_rule,CON-FOLD (confidence_fit),information_gain,0.006392694063926941,0.7507454995806392,31.36249804496765,1,1,30
Page Blocks,best_rule,CON-FOLD (confidence_fit),information_gain,0.0036529680365296802,0.7503918384287671,31.59092116355896,1,1,30
Page Blocks,best_rule,CON-FOLD (confidence_fit),information_gain,0.0009132420091324201,0.7495416666666666,31.798527002334595,1,1,30
Page Blocks,best_rule,CON-FOLD (confidence_fit),information_gain,0.0009132420091324201,0.7501770838487671,33.05459547042847,1,1,30
Page Blocks,best_rule,CON-FOLD (confidence_fit),information_gain,0.0018264840182648401,0.7503424657534247,33.35791254043579,1,1,30
Page Blocks,best_rule,CON-FOLD (confidence_fit),information_gain,0.0045662100456621,0.7507305936073059,33.69098520278931,1,1,30
Page Blocks,best_rule,CON-FOLD (confidence_fit),information_gain,0.0027397260273972603,0.7504929551120547,39.1659140586853,2,2,30
Page Blocks,best_rule,CON-FOLD (confidence_fit),information_gain,0.0,0.75,39.57858657836914,2,2,30
Page Blocks,best_rule,CON-FOLD (confidence_fit),information_gain,0.0009132420091324201,0.7501770838487671,39.65853452682495,2,2,30
Page Blocks,best_rule,CON-FOLD (confidence_fit),information_gain,0.0027397260273972603,0.7504929551120547,39.700056314468384,2,2,30
Page Blocks,best_rule,CON-FOLD (confidence_fit),information_gain,0.0018264840182648401,0.7503424657534247,39.72262001037598,2,2,30
Page Blocks,best_rule,CON-FOLD (confidence_fit),information_gain,0.0018264840182648401,0.7503424657534247,39.83223056793213,2,2,30
Page Blocks,best_rule,CON-FOLD (confidence_fit),information_gain,0.0027397260273972603,0.7504929551120547,39.9713249206543,2,2,30
Page Blocks,best_rule,CON-FOLD (confidence_fit),information_gain,0.0036529680365296802,0.7506242865296804,40.14559626579285,2,2,30
Page Blocks,best_rule,CON-FOLD (confidence_fit),information_gain,0.0009132420091324201,0.7501770838487671,40.769296169281006,2,2,30
Page Blocks,best_rule,CON-FOLD (confidence_fit),information_gain,0.0027397260273972603,0.7504929551120547,40.79473948478699,2,2,30
Page Blocks,best_rule,CON-FOLD (confidence_fit),information_gain,0.0009132420091324201,0.7501770838487671,40.94118666648865,2,2,30
Page Blocks,best_rule,CON-FOLD (confidence_fit),information_gain,0.0018264840182648401,0.7503424657534247,41.009573221206665,2,2,30
Page Blocks,best_rule,CON-FOLD (confidence_fit),information_gain,0.0027397260273972603,0.7504929551120547,41.067415952682495,2,2,30
Page Blocks,best_rule,CON-FOLD (confidence_fit),information_gain,0.0027397260273972603,0.7504929551120547,41.06733751296997,2,2,30
Page Blocks,best_rule,CON-FOLD (confidence_fit),information_gain,0.0,0.75,41.259527921676636,2,2,30
Page Blocks,best_rule,CON-FOLD (confidence_fit),information_gain,0.0027397260273972603,0.7504929551120547,41.33475923538208,2,2,30
Page Blocks,best_rule,CON-FOLD (confidence_fit),information_gain,0.0027397260273972603,0.7504929551120547,41.477877616882324,2,2,30
Page Blocks,best_rule,CON-FOLD (confidence_fit),Gini_Impurity,0.0,0.75,21.80118489265442,0,0,30
Page Blocks,best_rule,CON-FOLD (confidence_fit),Gini_Impurity,0.0,0.75,24.149048328399658,0,0,30
Page Blocks,best_rule,CON-FOLD (confidence_fit),Gini_Impurity,0.0,0.75,24.802690982818604,0,0,30
Page Blocks,best_rule,CON-FOLD (confidence_fit),Gini_Impurity,0.0,0.75,25.664350509643555,0,0,30
Page Blocks,best_rule,CON-FOLD (confidence_fit),Gini_Impurity,0.9031963470319635,0.9130150930219175,28.892432928085327,9,18,30
Page Blocks,best_rule,CON-FOLD (confidence_fit),Gini_Impurity,0.8949771689497716,0.9075210195079471,49.89389753341675,7,11,30
Page Blocks,best_rule,CON-FOLD (confidence_fit),Gini_Impurity,0.902283105022831,0.9125253641176253,63.64280867576599,11,22,30
Page Blocks,best_rule,CON-FOLD (confidence_fit),Gini_Impurity,0.8812785388127854,0.8970062479360715,66.28598284721375,7,12,30
Page Blocks,best_rule,CON-FOLD (confidence_fit),Gini_Impurity,0.8986301369863013,0.9097460219495896,71.65432000160217,13,25,30
Page Blocks,best_rule,CON-FOLD (confidence_fit),Gini_Impurity,0.8867579908675799,0.9017812841201845,82.88011384010315,6,12,30
Page Blocks,best_rule,CON-FOLD (confidence_fit),Gini_Impurity,0.8831050228310502,0.89767064586201,83.14885067939758,9,17,30
Page Blocks,best_rule,CON-FOLD (confidence_fit),Gini_Impurity,0.8812785388127854,0.8975119817592685,83.74166083335876,12,23,30
Page Blocks,best_rule,CON-FOLD (confidence_fit),Gini_Impurity,0.8931506849315068,0.9049293638237433,102.81809878349304,16,33,30
Page Blocks,best_rule,CON-FOLD (confidence_fit),Gini_Impurity,0.8904109589041096,0.901968988371415,107.70269227027893,14,27,30
Page Blocks,best_rule,CON-FOLD (confidence_fit),Gini_Impurity,0.8968036529680365,0.9111587550944307,108.74750995635986,13,33,30
Page Blocks,best_rule,CON-FOLD (confidence_fit),Gini_Impurity,0.8940639269406393,0.9074426407510519,109.16198992729187,11,23,30
Page Blocks,best_rule,CON-FOLD (confidence_fit),Gini_Impurity,0.8949771689497716,0.9109908117300445,120.58552885055542,14,39,30
Page Blocks,best_rule,CON-FOLD (confidence_fit),Gini_Impurity,0.9031963470319635,0.9129951599336978,128.26742720603943,14,36,30
Page Blocks,best_rule,CON-FOLD (confidence_fit),Gini_Impurity,0.9013698630136986,0.9125818174246594,128.77171802520752,16,34,30
Page Blocks,best_rule,CON-FOLD (confidence_fit),Gini_Impurity,0.8995433789954338,0.9113796320321469,136.6143283843994,11,32,30
Page Blocks,best_rule,CON-FOLD (confidence_fit),Gini_Impurity,0.8858447488584474,0.9004286309089503,138.03315258026123,19,45,30
Page Blocks,best_rule,CON-FOLD (confidence_fit),Gini_Impurity,0.9004566210045662,0.9145839048799992,138.79171586036682,18,45,30
Page Blocks,best_rule,CON-FOLD (confidence_fit),Gini_Impurity,0.9041095890410958,0.9149057078095885,140.61572790145874,18,36,30
Page Blocks,best_rule,CON-FOLD (confidence_fit),Gini_Impurity,0.9004566210045662,0.9115319517908661,144.5320177078247,20,35,30
Page Blocks,best_rule,CON-FOLD (confidence_fit),Gini_Impurity,0.891324200913242,0.9071366559610049,144.80666494369507,11,21,30
Page Blocks,best_rule,CON-FOLD (confidence_fit),Gini_Impurity,0.8958904109589041,0.908898792897168,146.99655055999756,16,35,30
Page Blocks,best_rule,CON-FOLD (confidence_fit),Gini_Impurity,0.8849315068493151,0.90115078473662,147.481698513031,19,34,30
Page Blocks,best_rule,CON-FOLD (confidence_fit),Gini_Impurity,0.8812785388127854,0.9004450620504999,155.62688660621643,22,55,30
Page Blocks,best_rule,CON-FOLD (confidence_fit),Gini_Impurity,0.8958904109589041,0.9090601464398155,164.19480299949646,30,66,30
Page Blocks,best_rule,CON-FOLD (confidence_fit),Gini_Impurity,0.0045662100456621,0.750216894977169,168.636155128479,25,56,30
Page Blocks,best_rule,CON-FOLD (confidence_fit),Precision_Information_Gain,0.0,0.75,4.4902024269104,0,0,30
Page Blocks,best_rule,CON-FOLD (confidence_fit),Precision_Information_Gain,0.0,0.75,4.655987024307251,0,0,30
Page Blocks,best_rule,CON-FOLD (confidence_fit),Precision_Information_Gain,0.0,0.75,4.968135833740234,0,0,30
Page Blocks,best_rule,CON-FOLD (confidence_fit),Precision_Information_Gain,0.0,0.75,4.976555824279785,0,0,30
Page Blocks,best_rule,CON-FOLD (confidence_fit),Precision_Information_Gain,0.0,0.75,5.007683992385864,0,0,30
Page Blocks,best_rule,CON-FOLD (confidence_fit),Precision_Information_Gain,0.0,0.75,5.096091985702515,0,0,30
Page Blocks,best_rule,CON-FOLD (confidence_fit),Precision_Information_Gain,0.0,0.75,5.135711193084717,0,0,30
Page Blocks,best_rule,CON-FOLD (confidence_fit),Precision_Information_Gain,0.0,0.75,5.175286054611206,0,0,30
Page Blocks,best_rule,CON-FOLD (confidence_fit),Precision_Information_Gain,0.0,0.75,5.24666428565979,0,0,30
Page Blocks,best_rule,CON-FOLD (confidence_fit),Precision_Information_Gain,0.0,0.75,5.337351560592651,0,0,30
Page Blocks,best_rule,CON-FOLD (confidence_fit),Precision_Information_Gain,0.0,0.75,5.415209770202637,0,0,30
Page Blocks,best_rule,CON-FOLD (confidence_fit),Precision_Information_Gain,0.0,0.75,5.423066139221191,0,0,30
Page Blocks,best_rule,CON-FOLD (confidence_fit),Precision_Information_Gain,0.0,0.75,5.626957893371582,0,0,30
Page Blocks,best_rule,CON-FOLD (confidence_fit),Precision_Information_Gain,0.0,0.75,5.7091498374938965,0,0,30
Page Blocks,best_rule,CON-FOLD (confidence_fit),Precision_Information_Gain,0.0,0.75,5.725205421447754,0,0,30
Page Blocks,best_rule,CON-FOLD (confidence_fit),Precision_Information_Gain,0.0,0.75,5.818957328796387,0,0,30
Page Blocks,best_rule,CON-FOLD (confidence_fit),Precision_Information_Gain,0.0,0.75,5.875198602676392,0,0,30
Page Blocks,best_rule,CON-FOLD (confidence_fit),Precision_Information_Gain,0.0,0.75,5.893703937530518,0,0,30
Page Blocks,best_rule,CON-FOLD (confidence_fit),Precision_Information_Gain,0.0,0.75,5.916384696960449,0,0,30
Page Blocks,best_rule,CON-FOLD (confidence_fit),Precision_Information_Gain,0.0,0.75,5.9570090770721436,0,0,30
Page Blocks,best_rule,CON-FOLD (confidence_fit),Precision_Information_Gain,0.0,0.75,5.960968255996704,0,0,30
Page Blocks,best_rule,CON-FOLD (confidence_fit),Precision_Information_Gain,0.0,0.75,5.964022636413574,0,0,30
Page Blocks,best_rule,CON-FOLD (confidence_fit),Precision_Information_Gain,0.0,0.75,5.9595184326171875,0,0,30
Page Blocks,best_rule,CON-FOLD (confidence_fit),Precision_Information_Gain,0.0,0.75,6.052647113800049,0,0,30
Page Blocks,best_rule,CON-FOLD (confidence_fit),Precision_Information_Gain,0.0,0.75,6.1248838901519775,0,0,30
Page Blocks,best_rule,CON-FOLD (confidence_fit),Precision_Information_Gain,0.0,0.75,6.181474447250366,0,0,30
Page Blocks,best_rule,CON-FOLD (confidence_fit),Precision_Information_Gain,0.0,0.75,6.1788811683654785,0,0,30
Page Blocks,best_rule,CON-FOLD (confidence_fit),Precision_Information_Gain,0.0,0.75,6.332920074462891,0,0,30
Page Blocks,best_rule,CON-FOLD (confidence_fit),Precision_Information_Gain,0.0,0.75,6.364418268203735,0,0,30
Page Blocks,best_rule,CON-FOLD (confidence_fit),Precision_Information_Gain,0.0,0.75,6.4041078090667725,0,0,30
Page Blocks,best_rule,CON-FOLD (confidence_fit),Precision_Gini_Impurity,0.8867579908675799,0.899885470196893,41.98765206336975,7,9,30
Page Blocks,best_rule,CON-FOLD (confidence_fit),Precision_Gini_Impurity,0.8894977168949771,0.9017501277701385,47.50365471839905,10,14,30
Page Blocks,best_rule,CON-FOLD (confidence_fit),Precision_Gini_Impurity,0.9050228310502283,0.9141604060002724,60.674548387527466,6,8,30
Page Blocks,best_rule,CON-FOLD (confidence_fit),Precision_Gini_Impurity,0.8922374429223744,0.9036250543365308,61.84539556503296,5,6,30
Page Blocks,best_rule,CON-FOLD (confidence_fit),Precision_Gini_Impurity,0.8968036529680365,0.907869360668401,63.26989507675171,6,6,30
Page Blocks,best_rule,CON-FOLD (confidence_fit),Precision_Gini_Impurity,0.8958904109589041,0.9068703457495904,63.74517822265625,10,13,30
Page Blocks,best_rule,CON-FOLD (confidence_fit),Precision_Gini_Impurity,0.897716894977169,0.9080354063305011,64.82446813583374,6,8,30
Page Blocks,best_rule,CON-FOLD (confidence_fit),Precision_Gini_Impurity,0.897716894977169,0.9105583466803668,65.39545941352844,15,15,30
Page Blocks,best_rule,CON-FOLD (confidence_fit),Precision_Gini_Impurity,0.9077625570776255,0.9163735596847481,65.55297899246216,7,16,30
Page Blocks,best_rule,CON-FOLD (confidence_fit),Precision_Gini_Impurity,0.9041095890410958,0.9133832188151592,65.84138774871826,7,9,30
Page Blocks,best_rule,CON-FOLD (confidence_fit),Precision_Gini_Impurity,0.915068493150685,0.9232317469562568,66.08325743675232,8,18,30
Page Blocks,best_rule,CON-FOLD (confidence_fit),Precision_Gini_Impurity,0.9287671232876712,0.9345971869963461,67.1759626865387,16,22,30
Page Blocks,best_rule,CON-FOLD (confidence_fit),Precision_Gini_Impurity,0.9031963470319635,0.9137378315766205,67.92551827430725,15,15,30
Page Blocks,best_rule,CON-FOLD (confidence_fit),Precision_Gini_Impurity,0.9013698630136986,0.9124922105205471,67.97252869606018,3,3,30
Page Blocks,best_rule,CON-FOLD (confidence_fit),Precision_Gini_Impurity,0.9232876712328767,0.9282097362356165,68.59967684745789,7,9,30
Page Blocks,best_rule,CON-FOLD (confidence_fit),Precision_Gini_Impurity,0.8949771689497716,0.9067436343755242,69.66365909576416,5,5,30
Page Blocks,best_rule,CON-FOLD (confidence_fit),Precision_Gini_Impurity,0.8876712328767123,0.9009273429415519,70.14900231361389,14,15,30
Page Blocks,best_rule,CON-FOLD (confidence_fit),Precision_Gini_Impurity,0.936986301369863,0.940863257810046,70.30712270736694,18,29,30
Page Blocks,best_rule,CON-FOLD (confidence_fit),Precision_Gini_Impurity,0.8904109589041096,0.9031455686016421,70.50310707092285,3,3,30
Page Blocks,best_rule,CON-FOLD (confidence_fit),Precision_Gini_Impurity,0.91324200913242,0.9219818248554343,70.72426676750183,25,29,30
Page Blocks,best_rule,CON-FOLD (confidence_fit),Precision_Gini_Impurity,0.8894977168949771,0.9020761373610973,72.96522784233093,7,8,30
Page Blocks,best_rule,CON-FOLD (confidence_fit),Precision_Gini_Impurity,0.9260273972602739,0.9318860859188118,73.97037172317505,5,6,30
Page Blocks,best_rule,CON-FOLD (confidence_fit),Precision_Gini_Impurity,0.9077625570776255,0.918185663894428,77.24179983139038,3,3,30
Page Blocks,best_rule,CON-FOLD (confidence_fit),Precision_Gini_Impurity,0.9232876712328767,0.9292573006368023,78.23521089553833,11,13,30
Page Blocks,best_rule,CON-FOLD (confidence_fit),Precision_Gini_Impurity,0.919634703196347,0.9259275117484005,79.14077138900757,11,13,30
Page Blocks,best_rule,CON-FOLD (confidence_fit),Precision_Gini_Impurity,0.8986301369863013,0.9087606754660297,79.5132429599762,6,8,30
Page Blocks,best_rule,CON-FOLD (confidence_fit),Precision_Gini_Impurity,0.9178082191780822,0.9249953544721463,80.63737893104553,20,26,30
Page Blocks,best_rule,CON-FOLD (confidence_fit),Precision_Gini_Impurity,0.8812785388127854,0.896422828161462,81.72105002403259,3,3,30
Page Blocks,best_rule,CON-FOLD (confidence_fit),Precision_Gini_Impurity,0.9223744292237442,0.9281994459052062,83.11429023742676,10,12,30
Page Blocks,best_rule,CON-FOLD (confidence_fit),Precision_Gini_Impurity,0.8958904109589041,0.906582071558813,89.25134658813477,6,8,30
Page Blocks,info_gain,FOLD-RM (fit),original,0.9598173515981735,0.9642176315245657,20.598658323287964,38,57,30
Page Blocks,info_gain,FOLD-RM (fit),original,0.9662100456621004,0.9681560133640187,21.91807985305786,42,69,30
Page Blocks,info_gain,FOLD-RM (fit),original,0.9698630136986301,0.972072899574977,22.091545343399048,49,82,30
Page Blocks,info_gain,FOLD-RM (fit),original,0.9680365296803652,0.9702349188474882,23.004626274108887,48,86,30
Page Blocks,info_gain,FOLD-RM (fit),original,0.9744292237442922,0.9769357290458451,23.51067066192627,54,101,30
Page Blocks,info_gain,FOLD-RM (fit),original,0.9698630136986301,0.9727516498202738,25.801560163497925,49,77,30
Page Blocks,info_gain,FOLD-RM (fit),original,0.9625570776255707,0.9663652302814604,26.096290111541748,54,99,30
Page Blocks,info_gain,FOLD-RM (fit),original,0.9552511415525115,0.961580132243288,26.17729139328003,47,78,30
Page Blocks,info_gain,FOLD-RM (fit),original,0.965296803652968,0.9696241794400912,26.67393159866333,53,103,30
Page Blocks,info_gain,FOLD-RM (fit),original,0.9689497716894977,0.9719850885932416,28.23392415046692,63,122,30
Page Blocks,info_gain,FOLD-RM (fit),original,0.9689497716894977,0.9715656022170779,28.629032611846924,56,99,30
Page Blocks,info_gain,FOLD-RM (fit),original,0.9625570776255707,0.9675126331731503,28.721831560134888,59,111,30
Page Blocks,info_gain,FOLD-RM (fit),original,0.9634703196347032,0.9675026075050229,28.874717473983765,59,108,30
Page Blocks,info_gain,FOLD-RM (fit),original,0.9771689497716894,0.9801590607072148,29.02310061454773,62,111,30
Page Blocks,info_gain,FOLD-RM (fit),original,0.9616438356164384,0.966542063217169,29.937615871429443,57,100,30
Page Blocks,info_gain,FOLD-RM (fit),original,0.954337899543379,0.9565062428754332,30.451562643051147,69,129,30
Page Blocks,info_gain,FOLD-RM (fit),original,0.9598173515981735,0.9649950654129682,30.716506242752075,63,136,30
Page Blocks,info_gain,FOLD-RM (fit),original,0.9689497716894977,0.9712092404901363,30.906923294067383,61,118,30
Page Blocks,info_gain,FOLD-RM (fit),original,0.9643835616438357,0.9702721281589962,32.10301399230957,59,106,30
Page Blocks,info_gain,FOLD-RM (fit),original,0.9707762557077626,0.9732319109068497,32.227360010147095,67,121,30
Page Blocks,info_gain,FOLD-RM (fit),original,0.9643835616438357,0.9700872186974432,32.50672101974487,59,109,30
Page Blocks,info_gain,FOLD-RM (fit),original,0.9598173515981735,0.9640394844907763,32.72272086143494,73,122,30
Page Blocks,info_gain,FOLD-RM (fit),original,0.9634703196347032,0.9681014001178084,32.9099235534668,67,113,30
Page Blocks,info_gain,FOLD-RM (fit),original,0.9643835616438357,0.9680031880293153,33.03227257728577,61,116,30
Page Blocks,info_gain,FOLD-RM (fit),original,0.9707762557077626,0.9733096760893154,33.38609528541565,70,121,30
Page Blocks,info_gain,FOLD-RM (fit),original,0.9598173515981735,0.9640944458710502,33.68486022949219,72,136,30
Page Blocks,info_gain,FOLD-RM (fit),original,0.9616438356164384,0.9651222584164385,34.41554307937622,76,137,30
Page Blocks,info_gain,FOLD-RM (fit),original,0.9698630136986301,0.9734491176957081,34.53001260757446,69,121,30
Page Blocks,info_gain,FOLD-RM (fit),original,0.9634703196347032,0.9692458167337904,34.52442955970764,82,155,30
Page Blocks,info_gain,FOLD-RM (fit),original,0.9689497716894977,0.97293464187516,34.63483238220215,82,150,30
Page Blocks,info_gain,FOLD-RM (fit),information_gain,0.9068493150684932,0.9157500939318703,21.862063884735107,11,11,30
Page Blocks,info_gain,FOLD-RM (fit),information_gain,0.9388127853881278,0.9417200575316904,21.908308506011963,12,12,30
Page Blocks,info_gain,FOLD-RM (fit),information_gain,0.9260273972602739,0.9311904524164388,22.739777326583862,14,14,30
Page Blocks,info_gain,FOLD-RM (fit),information_gain,0.9251141552511416,0.9305925982871238,23.940666437149048,13,13,30
Page Blocks,info_gain,FOLD-RM (fit),information_gain,0.9223744292237442,0.9281590866303185,23.92655849456787,13,13,30
Page Blocks,info_gain,FOLD-RM (fit),information_gain,0.9178082191780822,0.9243349997764396,24.329323291778564,13,13,30
Page Blocks,info_gain,FOLD-RM (fit),information_gain,0.9214611872146119,0.9277906558652961,24.706751585006714,13,13,30
Page Blocks,info_gain,FOLD-RM (fit),information_gain,0.9360730593607306,0.9397898393474879,24.81654119491577,14,14,30
Page Blocks,info_gain,FOLD-RM (fit),information_gain,0.9315068493150684,0.9357988120645654,24.88978099822998,13,13,30
Page Blocks,info_gain,FOLD-RM (fit),information_gain,0.9223744292237442,0.9280320871776256,25.08151125907898,13,13,30
Page Blocks,info_gain,FOLD-RM (fit),information_gain,0.9232876712328767,0.9288772804701376,25.861412048339844,13,13,30
Page Blocks,info_gain,FOLD-RM (fit),information_gain,0.9178082191780822,0.924728020758905,25.964232444763184,13,13,30
Page Blocks,info_gain,FOLD-RM (fit),information_gain,0.9214611872146119,0.9273256397758891,26.469852924346924,14,14,30
Page Blocks,info_gain,FOLD-RM (fit),information_gain,0.9178082191780822,0.9245167340997261,26.56283950805664,14,14,30
Page Blocks,info_gain,FOLD-RM (fit),information_gain,0.9287671232876712,0.9337444087099536,26.74071955680847,14,14,30
Page Blocks,info_gain,FOLD-RM (fit),information_gain,0.9242009132420091,0.9296415718546123,26.77837109565735,13,13,30
Page Blocks,info_gain,FOLD-RM (fit),information_gain,0.9159817351598174,0.9227897786137887,26.77335000038147,13,13,30
Page Blocks,info_gain,FOLD-RM (fit),information_gain,0.9123287671232877,0.9197460492523284,26.949339151382446,14,14,30
Page Blocks,info_gain,FOLD-RM (fit),information_gain,0.9178082191780822,0.92409049625927,27.041259288787842,13,13,30
Page Blocks,info_gain,FOLD-RM (fit),information_gain,0.9315068493150684,0.9362724295243832,27.036185026168823,14,14,30
Page Blocks,info_gain,FOLD-RM (fit),information_gain,0.9251141552511416,0.9305269027458453,27.136655569076538,13,13,30
Page Blocks,info_gain,FOLD-RM (fit),information_gain,0.9187214611872146,0.9250617829524186,27.18320608139038,14,14,30
Page Blocks,info_gain,FOLD-RM (fit),information_gain,0.919634703196347,0.9268903138184461,27.184176921844482,13,13,30
Page Blocks,info_gain,FOLD-RM (fit),information_gain,0.9077625570776255,0.9155901671947932,27.196726322174072,14,14,30
Page Blocks,info_gain,FOLD-RM (fit),information_gain,0.9214611872146119,0.9285441714421917,27.22541379928589,14,14,30
Page Blocks,info_gain,FOLD-RM (fit),information_gain,0.9278538812785389,0.9327133600119644,27.33043384552002,14,14,30
Page Blocks,info_gain,FOLD-RM (fit),information_gain,0.9260273972602739,0.9313393203807311,27.32792592048645,14,14,30
Page Blocks,info_gain,FOLD-RM (fit),information_gain,0.9031963470319635,0.9123459288691317,27.440791845321655,14,14,30
Page Blocks,info_gain,FOLD-RM (fit),information_gain,0.9095890410958904,0.9172910781052048,27.504361629486084,14,14,30
Page Blocks,info_gain,FOLD-RM (fit),information_gain,0.9287671232876712,0.9336686380839255,27.49081778526306,14,14,30
Page Blocks,info_gain,FOLD-RM (fit),Gini_Impurity,0.0,0.75,0.3893446922302246,0,0,30
Page Blocks,info_gain,FOLD-RM (fit),Gini_Impurity,0.0,0.75,0.4498317241668701,0,0,30
Page Blocks,info_gain,FOLD-RM (fit),Gini_Impurity,0.0,0.75,0.9298484325408936,0,0,30
Page Blocks,info_gain,FOLD-RM (fit),Gini_Impurity,0.0,0.75,1.7513251304626465,2,6,30
Page Blocks,info_gain,FOLD-RM (fit),Gini_Impurity,0.8931506849315068,0.9060688075616448,2.0933854579925537,1,1,30
Page Blocks,info_gain,FOLD-RM (fit),Gini_Impurity,0.8949771689497716,0.9074745126458458,2.1218771934509277,3,3,30
Page Blocks,info_gain,FOLD-RM (fit),Gini_Impurity,0.8831050228310502,0.8977924815726948,2.2803773880004883,7,14,30
Page Blocks,info_gain,FOLD-RM (fit),Gini_Impurity,0.8894977168949771,0.9026069631810053,3.0525619983673096,6,14,30
Page Blocks,info_gain,FOLD-RM (fit),Gini_Impurity,0.891324200913242,0.90438603561644,3.2296974658966064,3,11,30
Page Blocks,info_gain,FOLD-RM (fit),Gini_Impurity,0.9050228310502283,0.9164831944328784,3.513068675994873,8,16,30
Page Blocks,info_gain,FOLD-RM (fit),Gini_Impurity,0.8940639269406393,0.9070300990639256,3.683614730834961,17,31,30
Page Blocks,info_gain,FOLD-RM (fit),Gini_Impurity,0.8949771689497716,0.9090488326779895,3.9530794620513916,6,12,30
Page Blocks,info_gain,FOLD-RM (fit),Gini_Impurity,0.8821917808219178,0.9001658263408244,4.00461483001709,13,35,30
Page Blocks,info_gain,FOLD-RM (fit),Gini_Impurity,0.8867579908675799,0.9015981438714166,4.0432000160217285,6,14,30
Page Blocks,info_gain,FOLD-RM (fit),Gini_Impurity,0.8995433789954338,0.9101428858222844,4.6049981117248535,9,20,30
Page Blocks,info_gain,FOLD-RM (fit),Gini_Impurity,0.8949771689497716,0.9075224578513253,4.797436952590942,3,3,30
Page Blocks,info_gain,FOLD-RM (fit),Gini_Impurity,0.891324200913242,0.9079679104385389,4.744184970855713,10,25,30
Page Blocks,info_gain,FOLD-RM (fit),Gini_Impurity,0.8876712328767123,0.9029740146673962,5.323308706283569,9,29,30
Page Blocks,info_gain,FOLD-RM (fit),Gini_Impurity,0.902283105022831,0.9143371819863005,5.574106454849243,6,13,30
Page Blocks,info_gain,FOLD-RM (fit),Gini_Impurity,0.891324200913242,0.907169110190686,5.547406911849976,10,30,30
Page Blocks,info_gain,FOLD-RM (fit),Gini_Impurity,0.8940639269406393,0.9091652609373528,5.5981550216674805,12,25,30
Page Blocks,info_gain,FOLD-RM (fit),Gini_Impurity,0.8894977168949771,0.9034507589954339,5.685786008834839,11,24,30
Page Blocks,info_gain,FOLD-RM (fit),Gini_Impurity,0.8931506849315068,0.9079813311707761,6.1260316371917725,14,41,30
Page Blocks,info_gain,FOLD-RM (fit),Gini_Impurity,0.8821917808219178,0.8966737263622815,6.257463455200195,13,31,30
Page Blocks,info_gain,FOLD-RM (fit),Gini_Impurity,0.8940639269406393,0.907078732357077,6.36319637298584,14,42,30
Page Blocks,info_gain,FOLD-RM (fit),Gini_Impurity,0.8894977168949771,0.9045572580366211,6.693677663803101,17,37,30
Page Blocks,info_gain,FOLD-RM (fit),Gini_Impurity,0.8940639269406393,0.9064316662502303,6.762504577636719,16,35,30
Page Blocks,info_gain,FOLD-RM (fit),Gini_Impurity,0.8986301369863013,0.9120826505794505,7.080894470214844,21,42,30
Page Blocks,info_gain,FOLD-RM (fit),Gini_Impurity,0.8940639269406393,0.908270979011142,7.60425329208374,24,54,30
Page Blocks,info_gain,FOLD-RM (fit),Gini_Impurity,0.8922374429223744,0.9082007537037454,7.913579702377319,31,65,30
Page Blocks,info_gain,FOLD-RM (fit),Precision_Information_Gain,0.0,0.75,0.3426656723022461,0,0,30
Page Blocks,info_gain,FOLD-RM (fit),Precision_Information_Gain,0.0,0.75,0.3486952781677246,0,0,30
Page Blocks,info_gain,FOLD-RM (fit),Precision_Information_Gain,0.0,0.75,0.38773131370544434,0,0,30
Page Blocks,info_gain,FOLD-RM (fit),Precision_Information_Gain,0.0,0.75,0.3932197093963623,0,0,30
Page Blocks,info_gain,FOLD-RM (fit),Precision_Information_Gain,0.0,0.75,0.43195629119873047,0,0,30
Page Blocks,info_gain,FOLD-RM (fit),Precision_Information_Gain,0.0,0.75,0.41788601875305176,0,0,30
Page Blocks,info_gain,FOLD-RM (fit),Precision_Information_Gain,0.0,0.75,0.43289756774902344,0,0,30
Page Blocks,info_gain,FOLD-RM (fit),Precision_Information_Gain,0.0,0.75,0.415785551071167,0,0,30
Page Blocks,info_gain,FOLD-RM (fit),Precision_Information_Gain,0.0,0.75,0.39972424507141113,0,0,30
Page Blocks,info_gain,FOLD-RM (fit),Precision_Information_Gain,0.0,0.75,0.45496630668640137,0,0,30
Page Blocks,info_gain,FOLD-RM (fit),Precision_Information_Gain,0.0,0.75,0.47764134407043457,0,0,30
Page Blocks,info_gain,FOLD-RM (fit),Precision_Information_Gain,0.0,0.75,0.4610121250152588,0,0,30
Page Blocks,info_gain,FOLD-RM (fit),Precision_Information_Gain,0.0,0.75,0.48061037063598633,0,0,30
Page Blocks,info_gain,FOLD-RM (fit),Precision_Information_Gain,0.0,0.75,0.5016992092132568,0,0,30
Page Blocks,info_gain,FOLD-RM (fit),Precision_Information_Gain,0.0,0.75,0.5132026672363281,0,0,30
Page Blocks,info_gain,FOLD-RM (fit),Precision_Information_Gain,0.0,0.75,0.4946160316467285,0,0,30
Page Blocks,info_gain,FOLD-RM (fit),Precision_Information_Gain,0.0,0.75,0.49845337867736816,0,0,30
Page Blocks,info_gain,FOLD-RM (fit),Precision_Information_Gain,0.0,0.75,0.4679715633392334,0,0,30
Page Blocks,info_gain,FOLD-RM (fit),Precision_Information_Gain,0.0,0.75,0.516181468963623,0,0,30
Page Blocks,info_gain,FOLD-RM (fit),Precision_Information_Gain,0.0,0.75,0.4941380023956299,0,0,30
Page Blocks,info_gain,FOLD-RM (fit),Precision_Information_Gain,0.0,0.75,0.5036449432373047,0,0,30
Page Blocks,info_gain,FOLD-RM (fit),Precision_Information_Gain,0.0,0.75,0.5262463092803955,0,0,30
Page Blocks,info_gain,FOLD-RM (fit),Precision_Information_Gain,0.0,0.75,0.4930384159088135,0,0,30
Page Blocks,info_gain,FOLD-RM (fit),Precision_Information_Gain,0.0,0.75,0.5247414112091064,0,0,30
Page Blocks,info_gain,FOLD-RM (fit),Precision_Information_Gain,0.0,0.75,0.4816410541534424,0,0,30
Page Blocks,info_gain,FOLD-RM (fit),Precision_Information_Gain,0.0,0.75,0.4744734764099121,0,0,30
Page Blocks,info_gain,FOLD-RM (fit),Precision_Information_Gain,0.0,0.75,0.48102259635925293,0,0,30
Page Blocks,info_gain,FOLD-RM (fit),Precision_Information_Gain,0.0,0.75,0.4920380115509033,0,0,30
Page Blocks,info_gain,FOLD-RM (fit),Precision_Information_Gain,0.0,0.75,0.47845935821533203,0,0,30
Page Blocks,info_gain,FOLD-RM (fit),Precision_Information_Gain,0.0,0.75,0.4704744815826416,0,0,30
Page Blocks,info_gain,FOLD-RM (fit),Precision_Gini_Impurity,0.891324200913242,0.9046286446943395,21.039780855178833,64,106,30
Page Blocks,info_gain,FOLD-RM (fit),Precision_Gini_Impurity,0.8995433789954338,0.9167486808527854,24.554598331451416,64,87,30
Page Blocks,info_gain,FOLD-RM (fit),Precision_Gini_Impurity,0.9004566210045662,0.9228394045839271,27.079818725585938,59,100,30
Page Blocks,info_gain,FOLD-RM (fit),Precision_Gini_Impurity,0.9050228310502283,0.9304003127156171,32.180935859680176,54,83,30
Page Blocks,info_gain,FOLD-RM (fit),Precision_Gini_Impurity,0.902283105022831,0.9212317412640185,34.67513394355774,63,70,30
Page Blocks,info_gain,FOLD-RM (fit),Precision_Gini_Impurity,0.9159817351598174,0.9459198739484026,49.68699097633362,127,162,30
Page Blocks,info_gain,FOLD-RM (fit),Precision_Gini_Impurity,0.9068493150684932,0.9434587834174426,51.70839500427246,122,155,30
Page Blocks,info_gain,FOLD-RM (fit),Precision_Gini_Impurity,0.9223744292237442,0.9498309749793605,52.7353675365448,124,154,30
Page Blocks,info_gain,FOLD-RM (fit),Precision_Gini_Impurity,0.91324200913242,0.9486835137084022,53.290635108947754,158,187,30
Page Blocks,info_gain,FOLD-RM (fit),Precision_Gini_Impurity,0.919634703196347,0.9465608973540641,53.74286460876465,139,164,30
Page Blocks,info_gain,FOLD-RM (fit),Precision_Gini_Impurity,0.9378995433789954,0.9584086937701368,53.84111738204956,174,201,30
Page Blocks,info_gain,FOLD-RM (fit),Precision_Gini_Impurity,0.9050228310502283,0.9413158880681273,56.106353521347046,134,163,30
Page Blocks,info_gain,FOLD-RM (fit),Precision_Gini_Impurity,0.9442922374429223,0.9598417780549775,56.1765718460083,174,215,30
Page Blocks,info_gain,FOLD-RM (fit),Precision_Gini_Impurity,0.9287671232876712,0.9564294587053878,57.73918151855469,158,208,30
Page Blocks,info_gain,FOLD-RM (fit),Precision_Gini_Impurity,0.919634703196347,0.942588277445663,58.09079098701477,168,198,30
Page Blocks,info_gain,FOLD-RM (fit),Precision_Gini_Impurity,0.9324200913242009,0.9600488592452961,59.332305669784546,157,203,30
Page Blocks,info_gain,FOLD-RM (fit),Precision_Gini_Impurity,0.9178082191780822,0.9574961358299534,60.37821054458618,125,157,30
Page Blocks,info_gain,FOLD-RM (fit),Precision_Gini_Impurity,0.9205479452054794,0.9544762711859355,61.77876615524292,153,187,30
Page Blocks,info_gain,FOLD-RM (fit),Precision_Gini_Impurity,0.9287671232876712,0.956076781295707,62.204267740249634,176,194,30
Page Blocks,info_gain,FOLD-RM (fit),Precision_Gini_Impurity,0.9324200913242009,0.9520540070532417,62.579649448394775,184,218,30
Page Blocks,info_gain,FOLD-RM (fit),Precision_Gini_Impurity,0.9251141552511416,0.9635551373094065,63.31628131866455,194,240,30
Page Blocks,info_gain,FOLD-RM (fit),Precision_Gini_Impurity,0.9114155251141552,0.9584840810306847,64.46769976615906,161,193,30
Page Blocks,info_gain,FOLD-RM (fit),Precision_Gini_Impurity,0.9406392694063926,0.9511843068758912,65.34339237213135,206,255,30
Page Blocks,info_gain,FOLD-RM (fit),Precision_Gini_Impurity,0.9269406392694064,0.9603734774735155,65.69007396697998,191,232,30
Page Blocks,info_gain,FOLD-RM (fit),Precision_Gini_Impurity,0.9305936073059361,0.9553194996774433,65.90401554107666,194,238,30
Page Blocks,info_gain,FOLD-RM (fit),Precision_Gini_Impurity,0.9342465753424658,0.9616912500020096,65.95063090324402,221,250,30
Page Blocks,info_gain,FOLD-RM (fit),Precision_Gini_Impurity,0.9342465753424658,0.9615929290689489,66.76429915428162,190,229,30
Page Blocks,info_gain,FOLD-RM (fit),Precision_Gini_Impurity,0.919634703196347,0.9618633023136074,68.35970425605774,204,259,30
Page Blocks,info_gain,FOLD-RM (fit),Precision_Gini_Impurity,0.9388127853881278,0.9667368186345205,69.11738681793213,202,261,30
Page Blocks,info_gain,FOLD-RM (fit),Precision_Gini_Impurity,0.9105022831050228,0.9596577941075791,69.41046333312988,179,220,30
Page Blocks,info_gain,CON-FOLD (confidence_fit),original,0.9333333333333333,0.9385530277581746,19.4544415473938,6,8,30
Page Blocks,info_gain,CON-FOLD (confidence_fit),original,0.9452054794520548,0.9505067644153422,20.209571361541748,21,26,30
Page Blocks,info_gain,CON-FOLD (confidence_fit),original,0.9424657534246575,0.9463229353509597,23.07802152633667,19,29,30
Page Blocks,info_gain,CON-FOLD (confidence_fit),original,0.9625570776255707,0.9653689195987207,23.83350419998169,19,25,30
Page Blocks,info_gain,CON-FOLD (confidence_fit),original,0.954337899543379,0.9587067059846577,25.128468990325928,21,27,30
Page Blocks,info_gain,CON-FOLD (confidence_fit),original,0.960730593607306,0.9643442354272147,26.046648263931274,22,31,30
Page Blocks,info_gain,CON-FOLD (confidence_fit),original,0.958904109589041,0.9630898102383556,26.23058533668518,15,19,30
Page Blocks,info_gain,CON-FOLD (confidence_fit),original,0.9561643835616438,0.9604201982094063,26.671359300613403,27,40,30
Page Blocks,info_gain,CON-FOLD (confidence_fit),original,0.9452054794520548,0.9498478130433781,29.616268157958984,20,31,30
Page Blocks,info_gain,CON-FOLD (confidence_fit),original,0.9579908675799087,0.9620557327202739,30.48921227455139,23,30,30
Page Blocks,info_gain,CON-FOLD (confidence_fit),original,0.9561643835616438,0.9587328502140648,30.604498624801636,19,27,30
Page Blocks,info_gain,CON-FOLD (confidence_fit),original,0.9461187214611873,0.9511698364518725,31.373917818069458,15,20,30
Page Blocks,info_gain,CON-FOLD (confidence_fit),original,0.960730593607306,0.9642539720643841,32.17592430114746,23,31,30
Page Blocks,info_gain,CON-FOLD (confidence_fit),original,0.9625570776255707,0.9668613534522379,32.47478771209717,20,25,30
Page Blocks,info_gain,CON-FOLD (confidence_fit),original,0.9643835616438357,0.9663161618041096,32.767542600631714,18,25,30
Page Blocks,info_gain,CON-FOLD (confidence_fit),original,0.958904109589041,0.9631779006665753,33.19003486633301,18,25,30
Page Blocks,info_gain,CON-FOLD (confidence_fit),original,0.958904109589041,0.9632247936549773,33.5423858165741,24,31,30
Page Blocks,info_gain,CON-FOLD (confidence_fit),original,0.9561643835616438,0.9592533603383556,33.702828884124756,21,29,30
Page Blocks,info_gain,CON-FOLD (confidence_fit),original,0.9552511415525115,0.9588398379392685,34.44475531578064,18,35,30
Page Blocks,info_gain,CON-FOLD (confidence_fit),original,0.9643835616438357,0.9672570825264843,34.62249994277954,24,33,30
Page Blocks,info_gain,CON-FOLD (confidence_fit),original,0.9534246575342465,0.9576068059295882,34.862743616104126,20,27,30
Page Blocks,info_gain,CON-FOLD (confidence_fit),original,0.9461187214611873,0.9504156517296811,34.932854413986206,19,26,30
Page Blocks,info_gain,CON-FOLD (confidence_fit),original,0.9561643835616438,0.9617605711723282,35.09437417984009,22,28,30
Page Blocks,info_gain,CON-FOLD (confidence_fit),original,0.9506849315068493,0.9569979780675792,35.30679488182068,27,35,30
Page Blocks,info_gain,CON-FOLD (confidence_fit),original,0.9488584474885845,0.9512303830307752,35.31133270263672,18,24,30
Page Blocks,info_gain,CON-FOLD (confidence_fit),original,0.960730593607306,0.9637870825143375,35.48040580749512,19,21,30
Page Blocks,info_gain,CON-FOLD (confidence_fit),original,0.960730593607306,0.9651824943870317,35.587620973587036,28,38,30
Page Blocks,info_gain,CON-FOLD (confidence_fit),original,0.9671232876712329,0.9696478306626478,35.90139174461365,21,39,30
Page Blocks,info_gain,CON-FOLD (confidence_fit),original,0.9634703196347032,0.9673567820965298,36.02188038825989,27,37,30
Page Blocks,info_gain,CON-FOLD (confidence_fit),original,0.9552511415525115,0.9594938078467578,36.05883598327637,15,20,30
Page Blocks,info_gain,CON-FOLD (confidence_fit),information_gain,0.9031963470319635,0.9198502443393595,20.8997642993927,1,1,30
Page Blocks,info_gain,CON-FOLD (confidence_fit),information_gain,0.8785388127853881,0.9001576942465754,22.22562074661255,1,1,30
Page Blocks,info_gain,CON-FOLD (confidence_fit),information_gain,0.9077625570776255,0.9193647010592674,22.475110054016113,1,1,30
Page Blocks,info_gain,CON-FOLD (confidence_fit),information_gain,0.9031963470319635,0.9125251294922367,23.901281118392944,2,2,30
Page Blocks,info_gain,CON-FOLD (confidence_fit),information_gain,0.9123287671232877,0.9199026388750706,23.954028367996216,2,2,30
Page Blocks,info_gain,CON-FOLD (confidence_fit),information_gain,0.9077625570776255,0.9167477220854799,24.758522748947144,3,3,30
Page Blocks,info_gain,CON-FOLD (confidence_fit),information_gain,0.897716894977169,0.9133231655739732,24.73562502861023,1,1,30
Page Blocks,info_gain,CON-FOLD (confidence_fit),information_gain,0.8986301369863013,0.9088439422381726,24.80189538002014,3,3,30
Page Blocks,info_gain,CON-FOLD (confidence_fit),information_gain,0.8958904109589041,0.9118393945493171,24.860607862472534,1,1,30
Page Blocks,info_gain,CON-FOLD (confidence_fit),information_gain,0.9077625570776255,0.9162651896361632,25.515806913375854,2,2,30
Page Blocks,info_gain,CON-FOLD (confidence_fit),information_gain,0.9232876712328767,0.9285760197325116,25.549436807632446,2,2,30
Page Blocks,info_gain,CON-FOLD (confidence_fit),information_gain,0.915068493150685,0.9221039395506859,26.417375326156616,2,2,30
Page Blocks,info_gain,CON-FOLD (confidence_fit),information_gain,0.9004566210045662,0.9165960941951614,26.48857307434082,1,1,30
Page Blocks,info_gain,CON-FOLD (confidence_fit),information_gain,0.9123287671232877,0.9199026388750702,26.536223649978638,2,2,30
Page Blocks,info_gain,CON-FOLD (confidence_fit),information_gain,0.9095890410958904,0.9176564525367108,26.79650068283081,2,2,30
Page Blocks,info_gain,CON-FOLD (confidence_fit),information_gain,0.8949771689497716,0.9056374049899546,26.811116456985474,2,2,30
Page Blocks,info_gain,CON-FOLD (confidence_fit),information_gain,0.8840182648401826,0.9031743750604553,26.88692831993103,1,1,30
Page Blocks,info_gain,CON-FOLD (confidence_fit),information_gain,0.908675799086758,0.9231657422762563,26.995741844177246,1,1,30
Page Blocks,info_gain,CON-FOLD (confidence_fit),information_gain,0.9105022831050228,0.9220737616189949,27.217472553253174,1,1,30
Page Blocks,info_gain,CON-FOLD (confidence_fit),information_gain,0.8949771689497716,0.9089964834918727,27.58138346672058,1,1,30
Page Blocks,info_gain,CON-FOLD (confidence_fit),information_gain,0.9077625570776255,0.9199147022787233,27.62422490119934,1,1,30
Page Blocks,info_gain,CON-FOLD (confidence_fit),information_gain,0.902283105022831,0.918595210855892,27.682802200317383,1,1,30
Page Blocks,info_gain,CON-FOLD (confidence_fit),information_gain,0.9068493150684932,0.9155421674864855,27.738535165786743,2,2,30
Page Blocks,info_gain,CON-FOLD (confidence_fit),information_gain,0.9041095890410958,0.9133023262634696,27.754095315933228,2,2,30
Page Blocks,info_gain,CON-FOLD (confidence_fit),information_gain,0.908675799086758,0.9169637971712343,27.860371351242065,2,2,30
Page Blocks,info_gain,CON-FOLD (confidence_fit),information_gain,0.8922374429223744,0.9104346685404553,27.855817079544067,1,1,30
Page Blocks,info_gain,CON-FOLD (confidence_fit),information_gain,0.9105022831050228,0.9184848039913237,27.90590786933899,2,2,30
Page Blocks,info_gain,CON-FOLD (confidence_fit),information_gain,0.902283105022831,0.9170160553479447,27.91892957687378,1,1,30
Page Blocks,info_gain,CON-FOLD (confidence_fit),information_gain,0.9041095890410958,0.9190009458443826,27.965080976486206,1,1,30
Page Blocks,info_gain,CON-FOLD (confidence_fit),information_gain,0.9050228310502283,0.9197295193282203,27.98812961578369,1,1,30
Page Blocks,info_gain,CON-FOLD (confidence_fit),Gini_Impurity,0.0,0.75,0.6087110042572021,0,0,30
Page Blocks,info_gain,CON-FOLD (confidence_fit),Gini_Impurity,0.9105022831050228,0.9186800023855712,0.8417296409606934,3,3,30
Page Blocks,info_gain,CON-FOLD (confidence_fit),Gini_Impurity,0.8931506849315068,0.9046937329852036,0.960606575012207,5,6,30
Page Blocks,info_gain,CON-FOLD (confidence_fit),Gini_Impurity,0.0,0.75,0.9906260967254639,1,3,30
Page Blocks,info_gain,CON-FOLD (confidence_fit),Gini_Impurity,0.8922374429223744,0.904076323531508,1.3182330131530762,3,12,30
Page Blocks,info_gain,CON-FOLD (confidence_fit),Gini_Impurity,0.9141552511415525,0.9221284553234694,1.8077428340911865,5,11,30
Page Blocks,info_gain,CON-FOLD (confidence_fit),Gini_Impurity,0.9105022831050228,0.9177598189691321,2.786839246749878,13,22,30
Page Blocks,info_gain,CON-FOLD (confidence_fit),Gini_Impurity,0.9004566210045662,0.9117006386415543,2.936610698699951,5,20,30
Page Blocks,info_gain,CON-FOLD (confidence_fit),Gini_Impurity,0.8940639269406393,0.9055160407700469,3.161766290664673,7,15,30
Page Blocks,info_gain,CON-FOLD (confidence_fit),Gini_Impurity,0.8922374429223744,0.9052516393000917,3.4496355056762695,8,15,30
Page Blocks,info_gain,CON-FOLD (confidence_fit),Gini_Impurity,0.8931506849315068,0.9058858828789932,3.748840808868408,5,9,30
Page Blocks,info_gain,CON-FOLD (confidence_fit),Gini_Impurity,0.8876712328767123,0.9018246631156182,3.84969425201416,4,11,30
Page Blocks,info_gain,CON-FOLD (confidence_fit),Gini_Impurity,0.8922374429223744,0.9039523037618273,4.081935405731201,11,21,30
Page Blocks,info_gain,CON-FOLD (confidence_fit),Gini_Impurity,0.8958904109589041,0.9092660727844754,4.320181131362915,8,15,30
Page Blocks,info_gain,CON-FOLD (confidence_fit),Gini_Impurity,0.8840182648401826,0.8985127463744278,4.3638176918029785,13,26,30
Page Blocks,info_gain,CON-FOLD (confidence_fit),Gini_Impurity,0.897716894977169,0.909763017199635,4.4673075675964355,15,30,30
Page Blocks,info_gain,CON-FOLD (confidence_fit),Gini_Impurity,0.8922374429223744,0.905666636606394,4.610651016235352,8,17,30
Page Blocks,info_gain,CON-FOLD (confidence_fit),Gini_Impurity,0.9105022831050228,0.9205767141219187,4.716077089309692,12,24,30
Page Blocks,info_gain,CON-FOLD (confidence_fit),Gini_Impurity,0.9077625570776255,0.9186268758904126,4.683921575546265,10,19,30
Page Blocks,info_gain,CON-FOLD (confidence_fit),Gini_Impurity,0.8958904109589041,0.9082316534531485,5.120905160903931,12,25,30
Page Blocks,info_gain,CON-FOLD (confidence_fit),Gini_Impurity,0.8904109589041096,0.9041889891859345,5.40370774269104,10,20,30
Page Blocks,info_gain,CON-FOLD (confidence_fit),Gini_Impurity,0.897716894977169,0.910034542831049,5.645467758178711,8,15,30
Page Blocks,info_gain,CON-FOLD (confidence_fit),Gini_Impurity,0.8885844748858448,0.905409331492604,5.699631214141846,16,31,30
Page Blocks,info_gain,CON-FOLD (confidence_fit),Gini_Impurity,0.8940639269406393,0.9096186443539716,6.334783554077148,15,42,30
Page Blocks,info_gain,CON-FOLD (confidence_fit),Gini_Impurity,0.9013698630136986,0.9109962919801817,6.459080696105957,26,49,30
Page Blocks,info_gain,CON-FOLD (confidence_fit),Gini_Impurity,0.9041095890410958,0.9147499663371679,6.839320659637451,19,36,30
Page Blocks,info_gain,CON-FOLD (confidence_fit),Gini_Impurity,0.891324200913242,0.904755934604476,7.06456184387207,14,30,30
Page Blocks,info_gain,CON-FOLD (confidence_fit),Gini_Impurity,0.8931506849315068,0.9079657311137889,7.112510442733765,19,57,30
Page Blocks,info_gain,CON-FOLD (confidence_fit),Gini_Impurity,0.8858447488584474,0.9025618134343364,7.235371112823486,24,57,30
Page Blocks,info_gain,CON-FOLD (confidence_fit),Gini_Impurity,0.8940639269406393,0.9075921673679463,7.894408941268921,12,34,30
Page Blocks,info_gain,CON-FOLD (confidence_fit),Precision_Information_Gain,0.0,0.75,0.3082723617553711,0,0,30
Page Blocks,info_gain,CON-FOLD (confidence_fit),Precision_Information_Gain,0.0,0.75,0.3494601249694824,0,0,30
Page Blocks,info_gain,CON-FOLD (confidence_fit),Precision_Information_Gain,0.0,0.75,0.36101293563842773,0,0,30
Page Blocks,info_gain,CON-FOLD (confidence_fit),Precision_Information_Gain,0.0,0.75,0.36598777770996094,0,0,30
Page Blocks,info_gain,CON-FOLD (confidence_fit),Precision_Information_Gain,0.0,0.75,0.40142011642456055,0,0,30
Page Blocks,info_gain,CON-FOLD (confidence_fit),Precision_Information_Gain,0.0,0.75,0.39881229400634766,0,0,30
Page Blocks,info_gain,CON-FOLD (confidence_fit),Precision_Information_Gain,0.0,0.75,0.45700669288635254,0,0,30
Page Blocks,info_gain,CON-FOLD (confidence_fit),Precision_Information_Gain,0.0,0.75,0.4420182704925537,0,0,30
Page Blocks,info_gain,CON-FOLD (confidence_fit),Precision_Information_Gain,0.0,0.75,0.4477856159210205,0,0,30
Page Blocks,info_gain,CON-FOLD (confidence_fit),Precision_Information_Gain,0.0,0.75,0.47287416458129883,0,0,30
Page Blocks,info_gain,CON-FOLD (confidence_fit),Precision_Information_Gain,0.0,0.75,0.4889514446258545,0,0,30
Page Blocks,info_gain,CON-FOLD (confidence_fit),Precision_Information_Gain,0.0,0.75,0.48143482208251953,0,0,30
Page Blocks,info_gain,CON-FOLD (confidence_fit),Precision_Information_Gain,0.0,0.75,0.43821048736572266,0,0,30
Page Blocks,info_gain,CON-FOLD (confidence_fit),Precision_Information_Gain,0.0,0.75,0.48393726348876953,0,0,30
Page Blocks,info_gain,CON-FOLD (confidence_fit),Precision_Information_Gain,0.0,0.75,0.5150959491729736,0,0,30
Page Blocks,info_gain,CON-FOLD (confidence_fit),Precision_Information_Gain,0.0,0.75,0.5075221061706543,0,0,30
Page Blocks,info_gain,CON-FOLD (confidence_fit),Precision_Information_Gain,0.0,0.75,0.5357875823974609,0,0,30
Page Blocks,info_gain,CON-FOLD (confidence_fit),Precision_Information_Gain,0.0,0.75,0.5090117454528809,0,0,30
Page Blocks,info_gain,CON-FOLD (confidence_fit),Precision_Information_Gain,0.0,0.75,0.48753786087036133,0,0,30
Page Blocks,info_gain,CON-FOLD (confidence_fit),Precision_Information_Gain,0.0,0.75,0.4819297790527344,0,0,30
Page Blocks,info_gain,CON-FOLD (confidence_fit),Precision_Information_Gain,0.0,0.75,0.5004360675811768,0,0,30
Page Blocks,info_gain,CON-FOLD (confidence_fit),Precision_Information_Gain,0.0,0.75,0.49932193756103516,0,0,30
Page Blocks,info_gain,CON-FOLD (confidence_fit),Precision_Information_Gain,0.0,0.75,0.5030450820922852,0,0,30
Page Blocks,info_gain,CON-FOLD (confidence_fit),Precision_Information_Gain,0.0,0.75,0.5427076816558838,0,0,30
Page Blocks,info_gain,CON-FOLD (confidence_fit),Precision_Information_Gain,0.0,0.75,0.54170823097229,0,0,30
Page Blocks,info_gain,CON-FOLD (confidence_fit),Precision_Information_Gain,0.0,0.75,0.4975392818450928,0,0,30
Page Blocks,info_gain,CON-FOLD (confidence_fit),Precision_Information_Gain,0.0,0.75,0.5080451965332031,0,0,30
Page Blocks,info_gain,CON-FOLD (confidence_fit),Precision_Information_Gain,0.0,0.75,0.4944727420806885,0,0,30
Page Blocks,info_gain,CON-FOLD (confidence_fit),Precision_Information_Gain,0.0,0.75,0.4773573875427246,0,0,30
Page Blocks,info_gain,CON-FOLD (confidence_fit),Precision_Information_Gain,0.0,0.75,0.509796142578125,0,0,30
Page Blocks,info_gain,CON-FOLD (confidence_fit),Precision_Gini_Impurity,0.8894977168949771,0.9012154796721452,17.748859882354736,6,7,30
Page Blocks,info_gain,CON-FOLD (confidence_fit),Precision_Gini_Impurity,0.8968036529680365,0.9073425068622832,19.44454050064087,10,10,30
Page Blocks,info_gain,CON-FOLD (confidence_fit),Precision_Gini_Impurity,0.897716894977169,0.9097270005164393,24.076489210128784,6,7,30
Page Blocks,info_gain,CON-FOLD (confidence_fit),Precision_Gini_Impurity,0.8840182648401826,0.8975793663731485,24.887295961380005,5,6,30
Page Blocks,info_gain,CON-FOLD (confidence_fit),Precision_Gini_Impurity,0.8767123287671232,0.8909057888091301,31.38527011871338,5,14,30
Page Blocks,info_gain,CON-FOLD (confidence_fit),Precision_Gini_Impurity,0.8922374429223744,0.9058473854246563,33.17959523200989,3,3,30
Page Blocks,info_gain,CON-FOLD (confidence_fit),Precision_Gini_Impurity,0.902283105022831,0.913305026009132,34.344961643218994,1,1,30
Page Blocks,info_gain,CON-FOLD (confidence_fit),Precision_Gini_Impurity,0.8940639269406393,0.9067514915286775,37.8387451171875,3,3,30
Page Blocks,info_gain,CON-FOLD (confidence_fit),Precision_Gini_Impurity,0.9205479452054794,0.9279579447495898,37.88397169113159,7,6,30
Page Blocks,info_gain,CON-FOLD (confidence_fit),Precision_Gini_Impurity,0.9041095890410958,0.9141081163437449,38.848374366760254,6,6,30
Page Blocks,info_gain,CON-FOLD (confidence_fit),Precision_Gini_Impurity,0.8940639269406393,0.9060578546569875,41.44415235519409,6,6,30
Page Blocks,info_gain,CON-FOLD (confidence_fit),Precision_Gini_Impurity,0.9168949771689497,0.9246044409435619,41.5294930934906,5,6,30
Page Blocks,info_gain,CON-FOLD (confidence_fit),Precision_Gini_Impurity,0.9296803652968036,0.9364133665172593,41.594680309295654,24,27,30
Page Blocks,info_gain,CON-FOLD (confidence_fit),Precision_Gini_Impurity,0.9050228310502283,0.9144633702024647,42.000293254852295,6,7,30
Page Blocks,info_gain,CON-FOLD (confidence_fit),Precision_Gini_Impurity,0.9105022831050228,0.9190525915134258,42.25450134277344,9,10,30
Page Blocks,info_gain,CON-FOLD (confidence_fit),Precision_Gini_Impurity,0.9050228310502283,0.9144055663320547,43.45592498779297,3,3,30
Page Blocks,info_gain,CON-FOLD (confidence_fit),Precision_Gini_Impurity,0.8885844748858448,0.9003199149518729,43.84308671951294,6,7,30
Page Blocks,info_gain,CON-FOLD (confidence_fit),Precision_Gini_Impurity,0.8876712328767123,0.9005272392460285,44.95823907852173,5,6,30
Page Blocks,info_gain,CON-FOLD (confidence_fit),Precision_Gini_Impurity,0.8958904109589041,0.9070073901275812,46.08315086364746,7,9,30
Page Blocks,info_gain,CON-FOLD (confidence_fit),Precision_Gini_Impurity,0.9013698630136986,0.9107273273891313,46.81484127044678,10,13,30
Page Blocks,info_gain,CON-FOLD (confidence_fit),Precision_Gini_Impurity,0.8858447488584474,0.8998642159052981,46.838895320892334,6,8,30
Page Blocks,info_gain,CON-FOLD (confidence_fit),Precision_Gini_Impurity,0.9214611872146119,0.9294436203145195,47.001935958862305,6,5,30
Page Blocks,info_gain,CON-FOLD (confidence_fit),Precision_Gini_Impurity,0.9187214611872146,0.9252178509755243,48.83817219734192,5,6,30
Page Blocks,info_gain,CON-FOLD (confidence_fit),Precision_Gini_Impurity,0.891324200913242,0.9027337196539739,49.117159366607666,9,11,30
Page Blocks,info_gain,CON-FOLD (confidence_fit),Precision_Gini_Impurity,0.9068493150684932,0.9168804733545217,49.50398850440979,2,3,30
Page Blocks,info_gain,CON-FOLD (confidence_fit),Precision_Gini_Impurity,0.8876712328767123,0.8996300779852957,50.533814907073975,10,11,30
Page Blocks,info_gain,CON-FOLD (confidence_fit),Precision_Gini_Impurity,0.9269406392694064,0.9348241229126028,51.03453588485718,14,17,30
Page Blocks,info_gain,CON-FOLD (confidence_fit),Precision_Gini_Impurity,0.9095890410958904,0.9179803267945198,52.6323447227478,3,3,30
Page Blocks,info_gain,CON-FOLD (confidence_fit),Precision_Gini_Impurity,0.897716894977169,0.9087515803098623,53.25573110580444,6,7,30
Page Blocks,info_gain,CON-FOLD (confidence_fit),Precision_Gini_Impurity,0.9214611872146119,0.9275485307697721,55.27718186378479,7,9,30
Nursery,greedy,FOLD-RM (fit),original,0.9417438271604939,0.9506730990863445,1.4625012874603271,50,27,30
Nursery,greedy,FOLD-RM (fit),original,0.9417438271604939,0.9494984488172085,1.6836154460906982,58,25,30
Nursery,greedy,FOLD-RM (fit),original,0.9340277777777778,0.9442120856213726,1.7694225311279297,58,25,30
Nursery,greedy,FOLD-RM (fit),original,0.9537037037037037,0.9591514528491885,1.9080426692962646,65,25,30
Nursery,greedy,FOLD-RM (fit),original,0.9463734567901234,0.9514396693812881,1.886056900024414,55,22,30
Nursery,greedy,FOLD-RM (fit),original,0.9490740740740741,0.956687955566666,1.7367684841156006,54,24,30
Nursery,greedy,FOLD-RM (fit),original,0.9645061728395061,0.9688185938146998,2.0871996879577637,65,27,30
Nursery,greedy,FOLD-RM (fit),original,0.9502314814814815,0.9557937983749626,2.2198362350463867,73,27,30
Nursery,greedy,FOLD-RM (fit),original,0.941358024691358,0.9484166774579458,2.003016948699951,63,28,30
Nursery,greedy,FOLD-RM (fit),original,0.9479166666666666,0.9558450490190603,2.058795213699341,62,24,30
Nursery,greedy,FOLD-RM (fit),original,0.941358024691358,0.9501536126950996,2.0295958518981934,67,22,30
Nursery,greedy,FOLD-RM (fit),original,0.9456018518518519,0.9540803987601078,2.2435688972473145,68,24,30
Nursery,greedy,FOLD-RM (fit),original,0.9683641975308642,0.9710068375649693,2.432039737701416,65,30,30
Nursery,greedy,FOLD-RM (fit),original,0.9548611111111112,0.9595126845140436,2.386934995651245,65,31,30
Nursery,greedy,FOLD-RM (fit),original,0.9729938271604939,0.974946805418133,2.5616254806518555,68,32,30
Nursery,greedy,FOLD-RM (fit),original,0.9683641975308642,0.9709594706606867,2.345543384552002,65,22,30
Nursery,greedy,FOLD-RM (fit),original,0.964891975308642,0.9676612715280092,2.2644128799438477,64,24,30
Nursery,greedy,FOLD-RM (fit),original,0.9652777777777778,0.9692083582939811,2.553598165512085,71,28,30
Nursery,greedy,FOLD-RM (fit),original,0.9517746913580247,0.9580164603487658,2.5078771114349365,68,25,30
Nursery,greedy,FOLD-RM (fit),original,0.9702932098765432,0.9726192292332952,2.3218393325805664,67,28,30
Nursery,greedy,FOLD-RM (fit),original,0.9710648148148148,0.9731597282422066,2.4051101207733154,67,27,30
Nursery,greedy,FOLD-RM (fit),original,0.966820987654321,0.9701086736656243,2.425751209259033,72,30,30
Nursery,greedy,FOLD-RM (fit),original,0.9645061728395061,0.9674986112537034,2.3225290775299072,69,28,30
Nursery,greedy,FOLD-RM (fit),original,0.9849537037037037,0.9855887092005013,2.618856191635132,80,33,30
Nursery,greedy,FOLD-RM (fit),original,0.9741512345679012,0.9760008975552079,2.6550211906433105,86,31,30
Nursery,greedy,FOLD-RM (fit),original,0.9645061728395061,0.968117520477779,2.5369713306427,76,30,30
Nursery,greedy,FOLD-RM (fit),original,0.9818672839506173,0.9827053251225307,2.525007486343384,80,28,30
Nursery,greedy,FOLD-RM (fit),original,0.96875,0.9719344610704855,2.4456629753112793,78,30,30
Nursery,greedy,FOLD-RM (fit),original,0.9787808641975309,0.9798403401305558,2.4461636543273926,80,27,30
Nursery,greedy,FOLD-RM (fit),original,0.9610339506172839,0.9651153626699849,2.4335882663726807,73,25,30
Nursery,greedy,FOLD-RM (fit),information_gain,0.8815586419753086,0.9044246774005806,0.5544178485870361,10,10,30
Nursery,greedy,FOLD-RM (fit),information_gain,0.8792438271604939,0.9029680422744604,0.548344612121582,10,10,30
Nursery,greedy,FOLD-RM (fit),information_gain,0.8680555555555556,0.8969464301744977,0.5816724300384521,8,8,30
Nursery,greedy,FOLD-RM (fit),information_gain,0.8595679012345679,0.8909004760415117,0.5331792831420898,5,5,30
Nursery,greedy,FOLD-RM (fit),information_gain,0.8823302469135802,0.9054828708180153,0.6349337100982666,10,10,30
Nursery,greedy,FOLD-RM (fit),information_gain,0.878858024691358,0.9025451776704454,0.6193416118621826,10,10,30
Nursery,greedy,FOLD-RM (fit),information_gain,0.8861882716049383,0.9075829779260016,0.6914923191070557,10,11,30
Nursery,greedy,FOLD-RM (fit),information_gain,0.8668981481481481,0.8960557084031612,0.6279661655426025,8,8,30
Nursery,greedy,FOLD-RM (fit),information_gain,0.8939043209876543,0.9120968930717195,0.7615342140197754,11,11,30
Nursery,greedy,FOLD-RM (fit),information_gain,0.8773148148148148,0.902192378500657,0.7043416500091553,10,10,30
Nursery,greedy,FOLD-RM (fit),information_gain,0.8881172839506173,0.9089238896474537,0.7731466293334961,10,10,30
Nursery,greedy,FOLD-RM (fit),information_gain,0.8858024691358025,0.9071895426064821,0.7646574974060059,11,11,30
Nursery,greedy,FOLD-RM (fit),information_gain,0.8757716049382716,0.9023936316259242,0.6018385887145996,8,9,30
Nursery,greedy,FOLD-RM (fit),information_gain,0.8726851851851852,0.900985154735147,0.6780622005462646,8,8,30
Nursery,greedy,FOLD-RM (fit),information_gain,0.8854166666666666,0.9072995922773516,0.7247929573059082,11,11,30
Nursery,greedy,FOLD-RM (fit),information_gain,0.8792438271604939,0.90181291118634,0.7343244552612305,12,12,30
Nursery,greedy,FOLD-RM (fit),information_gain,0.8560956790123457,0.8897720716922807,0.48019862174987793,5,5,30
Nursery,greedy,FOLD-RM (fit),information_gain,0.8815586419753086,0.9041348907646206,0.6423768997192383,10,10,30
Nursery,greedy,FOLD-RM (fit),information_gain,0.8861882716049383,0.9067601927673987,0.6272923946380615,10,11,30
Nursery,greedy,FOLD-RM (fit),information_gain,0.8838734567901234,0.9061192796851437,0.6107556819915771,10,10,30
Nursery,greedy,FOLD-RM (fit),information_gain,0.8877314814814815,0.9087432007951758,0.6861310005187988,10,10,30
Nursery,greedy,FOLD-RM (fit),information_gain,0.8838734567901234,0.9078570920975313,0.5805990695953369,8,7,30
Nursery,greedy,FOLD-RM (fit),information_gain,0.8896604938271605,0.9090326465399289,0.5946524143218994,10,11,30
Nursery,greedy,FOLD-RM (fit),information_gain,0.8888888888888888,0.9100232422959483,0.7197322845458984,12,12,30
Nursery,greedy,FOLD-RM (fit),information_gain,0.8915895061728395,0.9104243471888508,0.5890779495239258,11,11,30
Nursery,greedy,FOLD-RM (fit),information_gain,0.876929012345679,0.9026988766641558,0.6600396633148193,9,9,30
Nursery,greedy,FOLD-RM (fit),information_gain,0.876929012345679,0.9015011696847208,0.5775272846221924,11,11,30
Nursery,greedy,FOLD-RM (fit),information_gain,0.871141975308642,0.8977447022592577,0.5263757705688477,10,10,30
Nursery,greedy,FOLD-RM (fit),information_gain,0.8939043209876543,0.9124988243537783,0.7851710319519043,15,12,30
Nursery,greedy,FOLD-RM (fit),information_gain,0.8819444444444444,0.9062425515538173,0.6880838871002197,9,9,30
Nursery,greedy,FOLD-RM (fit),Gini_Impurity,0.0,0.75,0.11562848091125488,0,0,30
Nursery,greedy,FOLD-RM (fit),Gini_Impurity,0.0,0.75,0.254025936126709,1,7,30
Nursery,greedy,FOLD-RM (fit),Gini_Impurity,0.0,0.75,0.20024871826171875,0,0,30
Nursery,greedy,FOLD-RM (fit),Gini_Impurity,0.0,0.75,0.12361311912536621,0,0,30
Nursery,greedy,FOLD-RM (fit),Gini_Impurity,0.0,0.75,0.1260693073272705,0,0,30
Nursery,greedy,FOLD-RM (fit),Gini_Impurity,0.0,0.75,0.31372904777526855,1,8,30
Nursery,greedy,FOLD-RM (fit),Gini_Impurity,0.0,0.75,0.15744876861572266,0,0,30
Nursery,greedy,FOLD-RM (fit),Gini_Impurity,0.0,0.75,0.13118982315063477,0,0,30
Nursery,greedy,FOLD-RM (fit),Gini_Impurity,0.0,0.75,0.13319659233093262,0,0,30
Nursery,greedy,FOLD-RM (fit),Gini_Impurity,0.0,0.75,0.18037724494934082,0,0,30
Nursery,greedy,FOLD-RM (fit),Gini_Impurity,0.0,0.75,0.2796778678894043,1,8,30
Nursery,greedy,FOLD-RM (fit),Gini_Impurity,0.0,0.75,0.15305113792419434,0,0,30
Nursery,greedy,FOLD-RM (fit),Gini_Impurity,0.0,0.75,0.3722565174102783,1,8,30
Nursery,greedy,FOLD-RM (fit),Gini_Impurity,0.0,0.75,0.1487112045288086,0,0,30
Nursery,greedy,FOLD-RM (fit),Gini_Impurity,0.0,0.75,0.21432137489318848,0,0,30
Nursery,greedy,FOLD-RM (fit),Gini_Impurity,0.0,0.75,0.14417672157287598,0,0,30
Nursery,greedy,FOLD-RM (fit),Gini_Impurity,0.0,0.75,0.4484522342681885,1,8,30
Nursery,greedy,FOLD-RM (fit),Gini_Impurity,0.0,0.75,0.34797239303588867,1,8,30
Nursery,greedy,FOLD-RM (fit),Gini_Impurity,0.0,0.75,0.12858080863952637,0,0,30
Nursery,greedy,FOLD-RM (fit),Gini_Impurity,0.0,0.75,0.19040179252624512,0,0,30
Nursery,greedy,FOLD-RM (fit),Gini_Impurity,0.0,0.7499497611239583,0.6259801387786865,2,8,30
Nursery,greedy,FOLD-RM (fit),Gini_Impurity,0.0,0.75,0.4051651954650879,2,10,30
Nursery,greedy,FOLD-RM (fit),Gini_Impurity,0.0,0.75,0.5910887718200684,3,15,30
Nursery,greedy,FOLD-RM (fit),Gini_Impurity,0.0,0.75,0.4787735939025879,2,10,30
Nursery,greedy,FOLD-RM (fit),Gini_Impurity,0.0,0.7499594907407408,0.738243579864502,4,15,30
Nursery,greedy,FOLD-RM (fit),Gini_Impurity,0.0,0.75,0.753746747970581,4,16,30
Nursery,greedy,FOLD-RM (fit),Gini_Impurity,0.0,0.749909251864699,1.3146679401397705,8,22,30
Nursery,greedy,FOLD-RM (fit),Gini_Impurity,0.0,0.7499594907407408,1.1101047992706299,6,17,30
Nursery,greedy,FOLD-RM (fit),Gini_Impurity,0.0,0.7499594907407408,0.9148340225219727,6,18,30
Nursery,greedy,FOLD-RM (fit),Gini_Impurity,0.0,0.7499594907407408,1.1285841464996338,7,19,30
Nursery,greedy,FOLD-RM (fit),Precision_Information_Gain,0.33487654320987653,0.8337185698611135,0.16220831871032715,1,1,30
Nursery,greedy,FOLD-RM (fit),Precision_Information_Gain,0.32677469135802467,0.8316931290537397,0.17930269241333008,1,1,30
Nursery,greedy,FOLD-RM (fit),Precision_Information_Gain,0.34953703703703703,0.8373836594187531,0.1562061309814453,1,1,30
Nursery,greedy,FOLD-RM (fit),Precision_Information_Gain,0.3368055555555556,0.8342008196875026,0.15819978713989258,1,1,30
Nursery,greedy,FOLD-RM (fit),Precision_Information_Gain,0.33912037037037035,0.8347795194791692,0.16020846366882324,1,1,30
Nursery,greedy,FOLD-RM (fit),Precision_Information_Gain,0.3298611111111111,0.8324647203125026,0.1657092571258545,1,1,30
Nursery,greedy,FOLD-RM (fit),Precision_Information_Gain,0.3244598765432099,0.8311144292021193,0.16570353507995605,1,1,30
Nursery,greedy,FOLD-RM (fit),Precision_Information_Gain,0.32330246913580246,0.8308250792763092,0.158660888671875,1,1,30
Nursery,greedy,FOLD-RM (fit),Precision_Information_Gain,0.3402777777777778,0.8350688604937533,0.16316771507263184,1,1,30
Nursery,greedy,FOLD-RM (fit),Precision_Information_Gain,0.33371913580246915,0.8334292199652801,0.16472887992858887,1,1,30
Nursery,greedy,FOLD-RM (fit),Precision_Information_Gain,0.3325617283950617,0.833139870069447,0.16703200340270996,1,1,30
Nursery,greedy,FOLD-RM (fit),Precision_Information_Gain,0.31635802469135804,0.8290889878518498,0.17209792137145996,1,1,30
Nursery,greedy,FOLD-RM (fit),Precision_Information_Gain,0.31905864197530864,0.8297641377481462,0.17110085487365723,1,1,30
Nursery,greedy,FOLD-RM (fit),Precision_Information_Gain,0.3244598765432099,0.8311144292021195,0.17260980606079102,1,1,30
Nursery,greedy,FOLD-RM (fit),Precision_Information_Gain,0.3314043209876543,0.8328505201736135,0.17313480377197266,1,1,30
Nursery,greedy,FOLD-RM (fit),Precision_Information_Gain,0.3422067901234568,0.8355511102697951,0.17213988304138184,1,1,30
Nursery,greedy,FOLD-RM (fit),Precision_Information_Gain,0.3283179012345679,0.8320789289548202,0.17413926124572754,1,1,30
Nursery,greedy,FOLD-RM (fit),Precision_Information_Gain,0.3306327160493827,0.8326576202430581,0.15714430809020996,1,1,30
Nursery,greedy,FOLD-RM (fit),Precision_Information_Gain,0.33526234567901236,0.8338150198263913,0.16501641273498535,1,1,30
Nursery,greedy,FOLD-RM (fit),Precision_Information_Gain,0.3306327160493827,0.832657620243058,0.1683027744293213,1,1,30
Nursery,greedy,FOLD-RM (fit),Precision_Information_Gain,0.341820987654321,0.8354546603145868,0.16172218322753906,1,1,30
Nursery,greedy,FOLD-RM (fit),Precision_Information_Gain,0.0,0.75,0.12250304222106934,0,0,30
Nursery,greedy,FOLD-RM (fit),Precision_Information_Gain,0.3283179012345679,0.8320789289548202,0.16066217422485352,1,1,30
Nursery,greedy,FOLD-RM (fit),Precision_Information_Gain,0.33603395061728397,0.834007919756947,0.16622018814086914,1,1,30
Nursery,greedy,FOLD-RM (fit),Precision_Information_Gain,0.33912037037037035,0.8347795194791691,0.15612292289733887,1,1,30
Nursery,greedy,FOLD-RM (fit),Precision_Information_Gain,0.3244598765432099,0.8311144292021195,0.15558767318725586,1,1,30
Nursery,greedy,FOLD-RM (fit),Precision_Information_Gain,0.0,0.75,0.1073453426361084,0,0,30
Nursery,greedy,FOLD-RM (fit),Precision_Information_Gain,0.33294753086419754,0.8332363200347246,0.15765905380249023,1,1,30
Nursery,greedy,FOLD-RM (fit),Precision_Information_Gain,0.3368055555555556,0.8342008196875028,0.15558719635009766,1,1,30
Nursery,greedy,FOLD-RM (fit),Precision_Information_Gain,0.33371913580246915,0.8334292199652802,0.14356446266174316,1,1,30
Nursery,greedy,FOLD-RM (fit),Precision_Gini_Impurity,0.0,0.7492567997303241,4.585444450378418,18,28,30
Nursery,greedy,FOLD-RM (fit),Precision_Gini_Impurity,0.0,0.7490088327759645,5.696101665496826,24,26,30
Nursery,greedy,FOLD-RM (fit),Precision_Gini_Impurity,0.0,0.7494360519546295,5.984300374984741,21,27,30
Nursery,greedy,FOLD-RM (fit),Precision_Gini_Impurity,0.0,0.748728780332523,13.218613386154175,51,34,30
Nursery,greedy,FOLD-RM (fit),Precision_Gini_Impurity,0.047839506172839504,0.7530419425211027,15.709517240524292,88,37,30
Nursery,greedy,FOLD-RM (fit),Precision_Gini_Impurity,0.047453703703703706,0.7528645323993438,16.439498901367188,102,39,30
Nursery,greedy,FOLD-RM (fit),Precision_Gini_Impurity,0.044753086419753084,0.7533005920595675,21.93120527267456,144,44,30
Nursery,greedy,FOLD-RM (fit),Precision_Gini_Impurity,0.045910493827160496,0.753473809342091,23.41433072090149,132,41,30
Nursery,greedy,FOLD-RM (fit),Precision_Gini_Impurity,0.04861111111111111,0.753271178132176,27.746335983276367,166,44,30
Nursery,greedy,FOLD-RM (fit),Precision_Gini_Impurity,0.040123456790123455,0.75368483146628,28.2786545753479,172,44,30
Nursery,greedy,FOLD-RM (fit),Precision_Gini_Impurity,0.09297839506172839,0.7594426219427083,34.71076798439026,241,41,30
Nursery,greedy,FOLD-RM (fit),Precision_Gini_Impurity,0.08989197530864197,0.7550715216661643,38.913166522979736,284,44,30
Nursery,greedy,FOLD-RM (fit),Precision_Gini_Impurity,0.09683641975308642,0.7533549634109948,41.71614599227905,293,43,30
Nursery,greedy,FOLD-RM (fit),Precision_Gini_Impurity,0.10069444444444445,0.7562293016172059,47.58734488487244,328,44,30
Nursery,greedy,FOLD-RM (fit),Precision_Gini_Impurity,0.09297839506172839,0.7601630142496139,51.49848747253418,327,43,30
Nursery,greedy,FOLD-RM (fit),Precision_Gini_Impurity,0.09027777777777778,0.7527652902463331,52.66674184799194,374,44,30
Nursery,greedy,FOLD-RM (fit),Precision_Gini_Impurity,0.09182098765432099,0.7575636552380016,54.78595471382141,381,40,30
Nursery,greedy,FOLD-RM (fit),Precision_Gini_Impurity,0.08873456790123457,0.7529792997352616,56.42526292800903,443,44,30
Nursery,greedy,FOLD-RM (fit),Precision_Gini_Impurity,0.10300925925925926,0.758458286882753,61.86035752296448,436,45,30
Nursery,greedy,FOLD-RM (fit),Precision_Gini_Impurity,0.09837962962962964,0.7541186697265037,63.676435232162476,472,43,30
Nursery,greedy,FOLD-RM (fit),Precision_Gini_Impurity,0.16782407407407407,0.7642809848464884,69.77483344078064,610,45,30
Nursery,greedy,FOLD-RM (fit),Precision_Gini_Impurity,0.13387345679012347,0.759986886148417,70.83723831176758,599,45,30
Nursery,greedy,FOLD-RM (fit),Precision_Gini_Impurity,0.20987654320987653,0.7516714920701761,81.39651894569397,897,44,30
Nursery,greedy,FOLD-RM (fit),Precision_Gini_Impurity,0.27237654320987653,0.7513651525456397,81.33170056343079,988,47,30
Nursery,greedy,FOLD-RM (fit),Precision_Gini_Impurity,0.13464506172839505,0.7468359677932861,84.36726474761963,931,48,30
Nursery,greedy,FOLD-RM (fit),Precision_Gini_Impurity,0.20679012345679013,0.7614385274375758,97.57190680503845,1021,48,30
Nursery,greedy,FOLD-RM (fit),Precision_Gini_Impurity,0.2638888888888889,0.7243927160874197,103.11132431030273,1437,47,30
Nursery,greedy,FOLD-RM (fit),Precision_Gini_Impurity,0.22608024691358025,0.7519336308683253,106.63861918449402,1096,49,30
Nursery,greedy,FOLD-RM (fit),Precision_Gini_Impurity,0.31790123456790126,0.7515685405951762,107.47300457954407,1312,50,30
Nursery,greedy,FOLD-RM (fit),Precision_Gini_Impurity,0.5814043209876543,0.7737800793993029,118.59377431869507,1655,51,30
Nursery,greedy,CON-FOLD (confidence_fit),original,0.9255401234567902,0.9376900448312877,2.873948335647583,31,19,30
Nursery,greedy,CON-FOLD (confidence_fit),original,0.9243827160493827,0.9362173969739199,2.9491803646087646,27,15,30
Nursery,greedy,CON-FOLD (confidence_fit),original,0.9390432098765432,0.945463611493904,3.307039499282837,26,18,30
Nursery,greedy,CON-FOLD (confidence_fit),original,0.935570987654321,0.946343078340508,3.1984500885009766,37,18,30
Nursery,greedy,CON-FOLD (confidence_fit),original,0.9263117283950617,0.9378174080337175,3.1301798820495605,35,20,30
Nursery,greedy,CON-FOLD (confidence_fit),original,0.9243827160493827,0.9363653007504612,3.3999059200286865,32,19,30
Nursery,greedy,CON-FOLD (confidence_fit),original,0.9347993827160493,0.9433401795928621,3.413036584854126,31,16,30
Nursery,greedy,CON-FOLD (confidence_fit),original,0.939429012345679,0.9469827873280092,3.4586856365203857,32,22,30
Nursery,greedy,CON-FOLD (confidence_fit),original,0.9151234567901234,0.9291285351650075,3.177849769592285,28,16,30
Nursery,greedy,CON-FOLD (confidence_fit),original,0.9463734567901234,0.9515913108377692,3.5725228786468506,38,23,30
Nursery,greedy,CON-FOLD (confidence_fit),original,0.9367283950617284,0.944271711196218,3.6323647499084473,36,25,30
Nursery,greedy,CON-FOLD (confidence_fit),original,0.9409722222222222,0.9471730335558641,3.29693603515625,34,17,30
Nursery,greedy,CON-FOLD (confidence_fit),original,0.9529320987654321,0.9569770966951382,3.553560256958008,40,26,30
Nursery,greedy,CON-FOLD (confidence_fit),original,0.9409722222222222,0.9477644252746136,3.2998101711273193,35,20,30
Nursery,greedy,CON-FOLD (confidence_fit),original,0.9429012345679012,0.9488323482698682,3.2115957736968994,33,16,30
Nursery,greedy,CON-FOLD (confidence_fit),original,0.9305555555555556,0.9404550713997671,3.5578720569610596,35,22,30
Nursery,greedy,CON-FOLD (confidence_fit),original,0.9390432098765432,0.9457810212918983,3.6233572959899902,39,22,30
Nursery,greedy,CON-FOLD (confidence_fit),original,0.9537037037037037,0.9580684319141589,3.694596767425537,34,23,30
Nursery,greedy,CON-FOLD (confidence_fit),original,0.9390432098765432,0.9478455304239193,3.795952081680298,39,21,30
Nursery,greedy,CON-FOLD (confidence_fit),original,0.9239969135802469,0.936367373166013,3.4981226921081543,32,17,30
Nursery,greedy,CON-FOLD (confidence_fit),original,0.9409722222222222,0.9486676775370741,3.561948776245117,32,18,30
Nursery,greedy,CON-FOLD (confidence_fit),original,0.9398148148148148,0.9463715466631942,3.4233462810516357,34,19,30
Nursery,greedy,CON-FOLD (confidence_fit),original,0.9606481481481481,0.9631512660414732,3.6226601600646973,48,22,30
Nursery,greedy,CON-FOLD (confidence_fit),original,0.9583333333333334,0.961199381792709,3.6442408561706543,40,22,30
Nursery,greedy,CON-FOLD (confidence_fit),original,0.9363425925925926,0.9454144798035878,3.7797317504882812,29,16,30
Nursery,greedy,CON-FOLD (confidence_fit),original,0.941358024691358,0.9495427663091426,3.7333121299743652,43,18,30
Nursery,greedy,CON-FOLD (confidence_fit),original,0.9567901234567902,0.9603852053070208,4.3297553062438965,58,28,30
Nursery,greedy,CON-FOLD (confidence_fit),original,0.9417438271604939,0.9492674595563654,3.8821542263031006,34,18,30
Nursery,greedy,CON-FOLD (confidence_fit),original,0.9371141975308642,0.9450188656876155,3.929136037826538,33,18,30
Nursery,greedy,CON-FOLD (confidence_fit),original,0.933641975308642,0.9419383467950613,4.217145204544067,39,21,30
Nursery,greedy,CON-FOLD (confidence_fit),information_gain,0.8865740740740741,0.9074599510788194,0.6011555194854736,10,10,30
Nursery,greedy,CON-FOLD (confidence_fit),information_gain,0.8800154320987654,0.9026614253277783,0.6372373104095459,10,11,30
Nursery,greedy,CON-FOLD (confidence_fit),information_gain,0.8861882716049383,0.9069836405941372,0.6538169384002686,11,11,30
Nursery,greedy,CON-FOLD (confidence_fit),information_gain,0.8807870370370371,0.9050546230653543,0.6482744216918945,9,9,30
Nursery,greedy,CON-FOLD (confidence_fit),information_gain,0.8939043209876543,0.9109603102832168,0.7261643409729004,12,13,30
Nursery,greedy,CON-FOLD (confidence_fit),information_gain,0.8784722222222222,0.9014507508586421,0.745316743850708,13,14,30
Nursery,greedy,CON-FOLD (confidence_fit),information_gain,0.8846450617283951,0.9051369848824433,0.7749722003936768,12,13,30
Nursery,greedy,CON-FOLD (confidence_fit),information_gain,0.8900462962962963,0.9092597053203683,0.8186197280883789,13,14,30
Nursery,greedy,CON-FOLD (confidence_fit),information_gain,0.8792438271604939,0.9036387402758088,0.7729403972625732,11,11,30
Nursery,greedy,CON-FOLD (confidence_fit),information_gain,0.8923611111111112,0.9117809963311334,0.7759444713592529,11,11,30
Nursery,greedy,CON-FOLD (confidence_fit),information_gain,0.876929012345679,0.9018047174276602,0.7809581756591797,10,11,30
Nursery,greedy,CON-FOLD (confidence_fit),information_gain,0.8780864197530864,0.9017117878681298,0.7769467830657959,11,11,30
Nursery,greedy,CON-FOLD (confidence_fit),information_gain,0.8607253086419753,0.8918327310988828,0.5559706687927246,5,5,30
Nursery,greedy,CON-FOLD (confidence_fit),information_gain,0.8827160493827161,0.903869782838849,0.781421422958374,11,11,30
Nursery,greedy,CON-FOLD (confidence_fit),information_gain,0.875,0.9004102552929402,0.7005348205566406,10,11,30
Nursery,greedy,CON-FOLD (confidence_fit),information_gain,0.8850308641975309,0.9064448117629624,0.8245561122894287,11,11,30
Nursery,greedy,CON-FOLD (confidence_fit),information_gain,0.8885030864197531,0.9084438483782791,0.79441237449646,11,11,30
Nursery,greedy,CON-FOLD (confidence_fit),information_gain,0.8827160493827161,0.9046529987571739,0.7913987636566162,13,14,30
Nursery,greedy,CON-FOLD (confidence_fit),information_gain,0.8738425925925926,0.9000356363655091,0.5759553909301758,8,8,30
Nursery,greedy,CON-FOLD (confidence_fit),information_gain,0.8807870370370371,0.9037844624258858,0.7235610485076904,11,11,30
Nursery,greedy,CON-FOLD (confidence_fit),information_gain,0.8780864197530864,0.9017623977323681,0.7477309703826904,11,11,30
Nursery,greedy,CON-FOLD (confidence_fit),information_gain,0.8858024691358025,0.9071331766664738,0.7934396266937256,10,10,30
Nursery,greedy,CON-FOLD (confidence_fit),information_gain,0.8873456790123457,0.9074317955994583,0.7211246490478516,11,11,30
Nursery,greedy,CON-FOLD (confidence_fit),information_gain,0.8784722222222222,0.9022497334425532,0.6658220291137695,10,11,30
Nursery,greedy,CON-FOLD (confidence_fit),information_gain,0.8777006172839507,0.9017978935043194,0.5976126194000244,10,10,30
Nursery,greedy,CON-FOLD (confidence_fit),information_gain,0.8831018518518519,0.9054657188804018,0.642742395401001,10,10,30
Nursery,greedy,CON-FOLD (confidence_fit),information_gain,0.8823302469135802,0.9053930009117667,0.596747636795044,11,11,30
Nursery,greedy,CON-FOLD (confidence_fit),information_gain,0.8919753086419753,0.9117003805774678,0.7779989242553711,11,10,30
Nursery,greedy,CON-FOLD (confidence_fit),information_gain,0.8981481481481481,0.9151570224299371,0.6700286865234375,11,10,30
Nursery,greedy,CON-FOLD (confidence_fit),information_gain,0.8692129629629629,0.8955243993888868,0.6408789157867432,11,11,30
Nursery,greedy,CON-FOLD (confidence_fit),Gini_Impurity,0.0,0.75,0.11434125900268555,0,0,30
Nursery,greedy,CON-FOLD (confidence_fit),Gini_Impurity,0.0,0.75,0.13428950309753418,0,0,30
Nursery,greedy,CON-FOLD (confidence_fit),Gini_Impurity,0.0,0.75,0.13436269760131836,0,0,30
Nursery,greedy,CON-FOLD (confidence_fit),Gini_Impurity,0.0,0.75,0.13137316703796387,0,0,30
Nursery,greedy,CON-FOLD (confidence_fit),Gini_Impurity,0.0,0.75,0.11908864974975586,0,0,30
Nursery,greedy,CON-FOLD (confidence_fit),Gini_Impurity,0.0,0.75,0.12152767181396484,0,0,30
Nursery,greedy,CON-FOLD (confidence_fit),Gini_Impurity,0.0,0.75,0.15830373764038086,0,0,30
Nursery,greedy,CON-FOLD (confidence_fit),Gini_Impurity,0.0,0.75,0.13406682014465332,0,0,30
Nursery,greedy,CON-FOLD (confidence_fit),Gini_Impurity,0.0,0.75,0.2663450241088867,1,8,30
Nursery,greedy,CON-FOLD (confidence_fit),Gini_Impurity,0.0,0.75,0.17734146118164062,0,0,30
Nursery,greedy,CON-FOLD (confidence_fit),Gini_Impurity,0.0,0.7499594907407408,0.3255476951599121,1,5,30
Nursery,greedy,CON-FOLD (confidence_fit),Gini_Impurity,0.0,0.75,0.1823430061340332,0,0,30
Nursery,greedy,CON-FOLD (confidence_fit),Gini_Impurity,0.0,0.75,0.47702741622924805,1,8,30
Nursery,greedy,CON-FOLD (confidence_fit),Gini_Impurity,0.0,0.75,0.3753361701965332,1,9,30
Nursery,greedy,CON-FOLD (confidence_fit),Gini_Impurity,0.0,0.75,0.2117147445678711,0,0,30
Nursery,greedy,CON-FOLD (confidence_fit),Gini_Impurity,0.0,0.75,0.17297792434692383,0,0,30
Nursery,greedy,CON-FOLD (confidence_fit),Gini_Impurity,0.0,0.75,0.14240074157714844,0,0,30
Nursery,greedy,CON-FOLD (confidence_fit),Gini_Impurity,0.0,0.75,0.34326171875,1,7,30
Nursery,greedy,CON-FOLD (confidence_fit),Gini_Impurity,0.0,0.75,0.3126695156097412,1,8,30
Nursery,greedy,CON-FOLD (confidence_fit),Gini_Impurity,0.0,0.7499594907407408,0.4884684085845947,2,12,30
Nursery,greedy,CON-FOLD (confidence_fit),Gini_Impurity,0.0,0.75,0.41414356231689453,1,7,30
Nursery,greedy,CON-FOLD (confidence_fit),Gini_Impurity,0.0,0.7499497611239583,0.5974798202514648,3,14,30
Nursery,greedy,CON-FOLD (confidence_fit),Gini_Impurity,0.0,0.75,0.3392636775970459,1,8,30
Nursery,greedy,CON-FOLD (confidence_fit),Gini_Impurity,0.0,0.75,0.28754687309265137,1,8,30
Nursery,greedy,CON-FOLD (confidence_fit),Gini_Impurity,0.0,0.75,0.3020493984222412,1,9,30
Nursery,greedy,CON-FOLD (confidence_fit),Gini_Impurity,0.0,0.75,0.8131701946258545,4,15,30
Nursery,greedy,CON-FOLD (confidence_fit),Gini_Impurity,0.0,0.75,0.5903410911560059,3,10,30
Nursery,greedy,CON-FOLD (confidence_fit),Gini_Impurity,0.0,0.75,0.5904896259307861,2,12,30
Nursery,greedy,CON-FOLD (confidence_fit),Gini_Impurity,0.0,0.75,0.5753440856933594,3,12,30
Nursery,greedy,CON-FOLD (confidence_fit),Gini_Impurity,0.0,0.75,0.7450330257415771,4,15,30
Nursery,greedy,CON-FOLD (confidence_fit),Precision_Information_Gain,0.33449074074074076,0.8336221198958362,0.15012693405151367,1,1,30
Nursery,greedy,CON-FOLD (confidence_fit),Precision_Information_Gain,0.32253086419753085,0.8306321793257692,0.17696857452392578,1,1,30
Nursery,greedy,CON-FOLD (confidence_fit),Precision_Information_Gain,0.3317901234567901,0.8329469701388913,0.15842676162719727,1,1,30
Nursery,greedy,CON-FOLD (confidence_fit),Precision_Information_Gain,0.32253086419753085,0.830632179325769,0.16143083572387695,1,1,30
Nursery,greedy,CON-FOLD (confidence_fit),Precision_Information_Gain,0.33294753086419754,0.833236320034725,0.15942811965942383,1,1,30
Nursery,greedy,CON-FOLD (confidence_fit),Precision_Information_Gain,0.33024691358024694,0.8325611702777803,0.16343283653259277,1,1,30
Nursery,greedy,CON-FOLD (confidence_fit),Precision_Information_Gain,0.32677469135802467,0.8316931290537398,0.16343259811401367,1,1,30
Nursery,greedy,CON-FOLD (confidence_fit),Precision_Information_Gain,0.3341049382716049,0.8335256699305581,0.16588878631591797,1,1,30
Nursery,greedy,CON-FOLD (confidence_fit),Precision_Information_Gain,0.3287037037037037,0.8321753789300901,0.1674356460571289,1,1,30
Nursery,greedy,CON-FOLD (confidence_fit),Precision_Information_Gain,0.3325617283950617,0.8331398700694468,0.16895627975463867,1,1,30
Nursery,greedy,CON-FOLD (confidence_fit),Precision_Information_Gain,0.31983024691358025,0.8299570294988787,0.17038249969482422,1,1,30
Nursery,greedy,CON-FOLD (confidence_fit),Precision_Information_Gain,0.3317901234567901,0.8329469701388916,0.17630696296691895,1,1,30
Nursery,greedy,CON-FOLD (confidence_fit),Precision_Information_Gain,0.3425925925925926,0.8356475602250034,0.16875004768371582,1,1,30
Nursery,greedy,CON-FOLD (confidence_fit),Precision_Information_Gain,0.33526234567901236,0.8338150198263915,0.17979812622070312,1,1,30
Nursery,greedy,CON-FOLD (confidence_fit),Precision_Information_Gain,0.33101851851851855,0.8327540702083358,0.17679238319396973,1,1,30
Nursery,greedy,CON-FOLD (confidence_fit),Precision_Information_Gain,0.0,0.75,0.12657999992370605,0,0,30
Nursery,greedy,CON-FOLD (confidence_fit),Precision_Information_Gain,0.0,0.75,0.12763690948486328,0,0,30
Nursery,greedy,CON-FOLD (confidence_fit),Precision_Information_Gain,0.3314043209876543,0.8328505201736134,0.17229247093200684,1,1,30
Nursery,greedy,CON-FOLD (confidence_fit),Precision_Information_Gain,0.0,0.75,0.12660765647888184,0,0,30
Nursery,greedy,CON-FOLD (confidence_fit),Precision_Information_Gain,0.32600308641975306,0.8315002291031998,0.1677863597869873,1,1,30
Nursery,greedy,CON-FOLD (confidence_fit),Precision_Information_Gain,0.33526234567901236,0.8338150198263913,0.17176365852355957,1,1,30
Nursery,greedy,CON-FOLD (confidence_fit),Precision_Information_Gain,0.0,0.75,0.12595391273498535,0,0,30
Nursery,greedy,CON-FOLD (confidence_fit),Precision_Information_Gain,0.33641975308641975,0.8341043697222247,0.1751542091369629,1,1,30
Nursery,greedy,CON-FOLD (confidence_fit),Precision_Information_Gain,0.33371913580246915,0.8334292199652803,0.17615413665771484,1,1,30
Nursery,greedy,CON-FOLD (confidence_fit),Precision_Information_Gain,0.33834876543209874,0.8345866195486139,0.16972804069519043,1,1,30
Nursery,greedy,CON-FOLD (confidence_fit),Precision_Information_Gain,0.33449074074074076,0.833622119895836,0.16173720359802246,1,1,30
Nursery,greedy,CON-FOLD (confidence_fit),Precision_Information_Gain,0.3325617283950617,0.833139870069447,0.15363597869873047,1,1,30
Nursery,greedy,CON-FOLD (confidence_fit),Precision_Information_Gain,0.33757716049382713,0.8343937196180582,0.18526482582092285,1,1,30
Nursery,greedy,CON-FOLD (confidence_fit),Precision_Information_Gain,0.3325617283950617,0.8331398700694468,0.14809775352478027,1,1,30
Nursery,greedy,CON-FOLD (confidence_fit),Precision_Information_Gain,0.32677469135802467,0.8316931290537397,0.1430971622467041,1,1,30
Nursery,greedy,CON-FOLD (confidence_fit),Precision_Gini_Impurity,0.0,0.7499189814814815,1.1864283084869385,4,11,30
Nursery,greedy,CON-FOLD (confidence_fit),Precision_Gini_Impurity,0.0,0.7497990444958333,2.4807145595550537,9,22,30
Nursery,greedy,CON-FOLD (confidence_fit),Precision_Gini_Impurity,0.00038580246913580245,0.749589732510185,4.068440198898315,15,22,30
Nursery,greedy,CON-FOLD (confidence_fit),Precision_Gini_Impurity,0.0466820987654321,0.7532622081793211,10.114647388458252,40,31,30
Nursery,greedy,CON-FOLD (confidence_fit),Precision_Gini_Impurity,0.0007716049382716049,0.7486127259396218,10.24784517288208,40,34,30
Nursery,greedy,CON-FOLD (confidence_fit),Precision_Gini_Impurity,0.055169753086419755,0.7506818821272756,26.918076753616333,120,40,30
Nursery,greedy,CON-FOLD (confidence_fit),Precision_Gini_Impurity,0.08873456790123457,0.7610996596721052,30.000119924545288,133,43,30
Nursery,greedy,CON-FOLD (confidence_fit),Precision_Gini_Impurity,0.1087962962962963,0.754745323685224,40.69215679168701,189,39,30
Nursery,greedy,CON-FOLD (confidence_fit),Precision_Gini_Impurity,0.09760802469135803,0.7600268911718737,44.98390293121338,206,43,30
Nursery,greedy,CON-FOLD (confidence_fit),Precision_Gini_Impurity,0.09799382716049383,0.750655864695523,55.299476623535156,267,44,30
Nursery,greedy,CON-FOLD (confidence_fit),Precision_Gini_Impurity,0.11381172839506173,0.7583033417602242,60.90549325942993,315,41,30
Nursery,greedy,CON-FOLD (confidence_fit),Precision_Gini_Impurity,0.09837962962962964,0.7570318691913962,64.79849314689636,358,40,30
Nursery,greedy,CON-FOLD (confidence_fit),Precision_Gini_Impurity,0.1087962962962963,0.7576215749233022,66.01374173164368,363,44,30
Nursery,greedy,CON-FOLD (confidence_fit),Precision_Gini_Impurity,0.10185185185185185,0.7516219652807097,68.57551145553589,367,43,30
Nursery,greedy,CON-FOLD (confidence_fit),Precision_Gini_Impurity,0.10532407407407407,0.7564077228329091,72.28938245773315,413,43,30
Nursery,greedy,CON-FOLD (confidence_fit),Precision_Gini_Impurity,0.10339506172839506,0.7607944704246916,74.92121767997742,418,43,30
Nursery,greedy,CON-FOLD (confidence_fit),Precision_Gini_Impurity,0.10841049382716049,0.7553172775291661,76.78326511383057,420,42,30
Nursery,greedy,CON-FOLD (confidence_fit),Precision_Gini_Impurity,0.10686728395061729,0.7528982201298219,77.33224129676819,447,44,30
Nursery,greedy,CON-FOLD (confidence_fit),Precision_Gini_Impurity,0.09683641975308642,0.7569221031803998,81.61500453948975,470,42,30
Nursery,greedy,CON-FOLD (confidence_fit),Precision_Gini_Impurity,0.1701388888888889,0.7581872440559019,93.37871789932251,642,48,30
Nursery,greedy,CON-FOLD (confidence_fit),Precision_Gini_Impurity,0.25308641975308643,0.7655709296676696,111.97620439529419,665,50,30
Nursery,greedy,CON-FOLD (confidence_fit),Precision_Gini_Impurity,0.24305555555555555,0.7439718516778543,117.08411026000977,1002,45,30
Nursery,greedy,CON-FOLD (confidence_fit),Precision_Gini_Impurity,0.24421296296296297,0.7421829291457561,123.23625707626343,1022,48,30
Nursery,greedy,CON-FOLD (confidence_fit),Precision_Gini_Impurity,0.25385802469135804,0.7286825381748432,145.72373008728027,1199,47,30
Nursery,greedy,CON-FOLD (confidence_fit),Precision_Gini_Impurity,0.26967592592592593,0.7235048294156229,155.6633584499359,1338,49,30
Nursery,greedy,CON-FOLD (confidence_fit),Precision_Gini_Impurity,0.18981481481481483,0.7585296286458704,177.24350690841675,630,47,30
Nursery,greedy,CON-FOLD (confidence_fit),Precision_Gini_Impurity,0.25848765432098764,0.7279892143974513,195.7613022327423,1337,49,30
Nursery,greedy,CON-FOLD (confidence_fit),Precision_Gini_Impurity,0.23919753086419754,0.7521306879147752,209.4201135635376,1035,48,30
Nursery,greedy,CON-FOLD (confidence_fit),Precision_Gini_Impurity,0.2357253086419753,0.742248463308177,214.109365940094,939,46,30
Nursery,greedy,CON-FOLD (confidence_fit),Precision_Gini_Impurity,0.2935956790123457,0.7325937175140791,238.30683779716492,1311,48,30
Nursery,round_robin,FOLD-RM (fit),original,0.0,0.75,0.22990655899047852,2,7,30
Nursery,round_robin,FOLD-RM (fit),original,0.0,0.75,0.2334740161895752,2,7,30
Nursery,round_robin,FOLD-RM (fit),original,0.0,0.75,0.23044371604919434,2,7,30
Nursery,round_robin,FOLD-RM (fit),original,0.0,0.75,0.2345116138458252,2,7,30
Nursery,round_robin,FOLD-RM (fit),original,0.0,0.75,0.23352861404418945,2,7,30
Nursery,round_robin,FOLD-RM (fit),original,0.0,0.75,0.24352765083312988,2,7,30
Nursery,round_robin,FOLD-RM (fit),original,0.0,0.7499617381836035,0.2390613555908203,2,6,30
Nursery,round_robin,FOLD-RM (fit),original,0.0,0.75,0.25067782402038574,2,7,30
Nursery,round_robin,FOLD-RM (fit),original,0.0,0.7499617381836035,0.2577509880065918,1,7,30
Nursery,round_robin,FOLD-RM (fit),original,0.0,0.75,0.25099658966064453,2,7,30
Nursery,round_robin,FOLD-RM (fit),original,0.0,0.7499797453703704,0.26044344902038574,1,6,30
Nursery,round_robin,FOLD-RM (fit),original,0.0,0.75,0.2655320167541504,2,7,30
Nursery,round_robin,FOLD-RM (fit),original,0.0,0.75,0.2670402526855469,2,7,30
Nursery,round_robin,FOLD-RM (fit),original,0.0,0.75,0.2604701519012451,2,7,30
Nursery,round_robin,FOLD-RM (fit),original,0.0,0.75,0.27730226516723633,1,8,30
Nursery,round_robin,FOLD-RM (fit),original,0.0,0.75,0.2723884582519531,2,7,30
Nursery,round_robin,FOLD-RM (fit),original,0.0,0.7499797453703704,0.2668638229370117,1,7,30
Nursery,round_robin,FOLD-RM (fit),original,0.0,0.7499617381836035,0.2789475917816162,1,7,30
Nursery,round_robin,FOLD-RM (fit),original,0.0,0.75,0.2728753089904785,2,7,30
Nursery,round_robin,FOLD-RM (fit),original,0.0,0.7499234763672069,0.2608470916748047,1,5,30
Nursery,round_robin,FOLD-RM (fit),original,0.0,0.75,0.2613241672515869,2,7,30
Nursery,round_robin,FOLD-RM (fit),original,0.0,0.75,0.26476597785949707,2,7,30
Nursery,round_robin,FOLD-RM (fit),original,0.0,0.75,0.24958443641662598,2,7,30
Nursery,round_robin,FOLD-RM (fit),original,0.0,0.7499617381836035,0.2721676826477051,1,7,30
Nursery,round_robin,FOLD-RM (fit),original,0.0,0.75,0.2621023654937744,2,7,30
Nursery,round_robin,FOLD-RM (fit),original,0.0,0.75,0.24953293800354004,2,7,30
Nursery,round_robin,FOLD-RM (fit),original,0.00038580246913580245,0.7499980709876544,0.24020719528198242,1,7,30
Nursery,round_robin,FOLD-RM (fit),original,0.0,0.75,0.24953365325927734,1,8,30
Nursery,round_robin,FOLD-RM (fit),original,0.0,0.75,0.2338857650756836,2,7,30
Nursery,round_robin,FOLD-RM (fit),original,0.0,0.7499617381836035,0.22375082969665527,1,7,30
Nursery,round_robin,FOLD-RM (fit),information_gain,0.0,0.75,0.0943608283996582,0,0,30
Nursery,round_robin,FOLD-RM (fit),information_gain,0.0,0.75,0.09265637397766113,0,0,30
Nursery,round_robin,FOLD-RM (fit),information_gain,0.0,0.75,0.09007430076599121,0,0,30
Nursery,round_robin,FOLD-RM (fit),information_gain,0.0,0.75,0.0959632396697998,0,0,30
Nursery,round_robin,FOLD-RM (fit),information_gain,0.0,0.75,0.09470248222351074,0,0,30
Nursery,round_robin,FOLD-RM (fit),information_gain,0.0,0.75,0.09671998023986816,0,0,30
Nursery,round_robin,FOLD-RM (fit),information_gain,0.0,0.75,0.10392212867736816,0,0,30
Nursery,round_robin,FOLD-RM (fit),information_gain,0.0,0.75,0.10091996192932129,0,0,30
Nursery,round_robin,FOLD-RM (fit),information_gain,0.0,0.75,0.09382295608520508,0,0,30
Nursery,round_robin,FOLD-RM (fit),information_gain,0.0,0.75,0.09549474716186523,0,0,30
Nursery,round_robin,FOLD-RM (fit),information_gain,0.0,0.75,0.09268951416015625,0,0,30
Nursery,round_robin,FOLD-RM (fit),information_gain,0.0,0.75,0.09515714645385742,0,0,30
Nursery,round_robin,FOLD-RM (fit),information_gain,0.0,0.75,0.09569978713989258,0,0,30
Nursery,round_robin,FOLD-RM (fit),information_gain,0.0,0.75,0.09418177604675293,0,0,30
Nursery,round_robin,FOLD-RM (fit),information_gain,0.0,0.75,0.10202956199645996,0,0,30
Nursery,round_robin,FOLD-RM (fit),information_gain,0.0,0.75,0.10100460052490234,0,0,30
Nursery,round_robin,FOLD-RM (fit),information_gain,0.0,0.75,0.12865662574768066,0,0,30
Nursery,round_robin,FOLD-RM (fit),information_gain,0.0,0.75,0.0983893871307373,0,0,30
Nursery,round_robin,FOLD-RM (fit),information_gain,0.0,0.75,0.0978555679321289,0,0,30
Nursery,round_robin,FOLD-RM (fit),information_gain,0.0,0.75,0.0964350700378418,0,0,30
Nursery,round_robin,FOLD-RM (fit),information_gain,0.0,0.75,0.09837841987609863,0,0,30
Nursery,round_robin,FOLD-RM (fit),information_gain,0.0,0.75,0.09944033622741699,0,0,30
Nursery,round_robin,FOLD-RM (fit),information_gain,0.0,0.75,0.09937405586242676,0,0,30
Nursery,round_robin,FOLD-RM (fit),information_gain,0.0,0.75,0.10236287117004395,0,0,30
Nursery,round_robin,FOLD-RM (fit),information_gain,0.0,0.75,0.10551714897155762,0,0,30
Nursery,round_robin,FOLD-RM (fit),information_gain,0.0,0.75,0.13360595703125,0,0,30
Nursery,round_robin,FOLD-RM (fit),information_gain,0.0,0.75,0.09488916397094727,0,0,30
Nursery,round_robin,FOLD-RM (fit),information_gain,0.0,0.75,0.09939432144165039,0,0,30
Nursery,round_robin,FOLD-RM (fit),information_gain,0.0,0.75,0.09037923812866211,0,0,30
Nursery,round_robin,FOLD-RM (fit),information_gain,0.0,0.75,0.08579540252685547,0,0,30
Nursery,round_robin,FOLD-RM (fit),Gini_Impurity,0.0,0.75,0.12017989158630371,0,0,30
Nursery,round_robin,FOLD-RM (fit),Gini_Impurity,0.0,0.75,0.0973975658416748,0,0,30
Nursery,round_robin,FOLD-RM (fit),Gini_Impurity,0.0,0.75,0.11196446418762207,0,0,30
Nursery,round_robin,FOLD-RM (fit),Gini_Impurity,0.0,0.75,0.10344195365905762,0,0,30
Nursery,round_robin,FOLD-RM (fit),Gini_Impurity,0.0,0.75,0.1003732681274414,0,0,30
Nursery,round_robin,FOLD-RM (fit),Gini_Impurity,0.0,0.75,0.09766292572021484,0,0,30
Nursery,round_robin,FOLD-RM (fit),Gini_Impurity,0.0,0.75,0.10814905166625977,0,0,30
Nursery,round_robin,FOLD-RM (fit),Gini_Impurity,0.0,0.75,0.24825477600097656,1,8,30
Nursery,round_robin,FOLD-RM (fit),Gini_Impurity,0.0,0.75,0.27734899520874023,1,8,30
Nursery,round_robin,FOLD-RM (fit),Gini_Impurity,0.0,0.75,0.11036872863769531,0,0,30
Nursery,round_robin,FOLD-RM (fit),Gini_Impurity,0.0,0.75,0.11087632179260254,0,0,30
Nursery,round_robin,FOLD-RM (fit),Gini_Impurity,0.0,0.75,0.11215472221374512,0,0,30
Nursery,round_robin,FOLD-RM (fit),Gini_Impurity,0.0,0.75,0.10906863212585449,0,0,30
Nursery,round_robin,FOLD-RM (fit),Gini_Impurity,0.0,0.75,0.42087435722351074,2,11,30
Nursery,round_robin,FOLD-RM (fit),Gini_Impurity,0.0,0.75,0.2524092197418213,1,8,30
Nursery,round_robin,FOLD-RM (fit),Gini_Impurity,0.0,0.75,0.2966344356536865,1,8,30
Nursery,round_robin,FOLD-RM (fit),Gini_Impurity,0.0,0.75,0.10807466506958008,0,0,30
Nursery,round_robin,FOLD-RM (fit),Gini_Impurity,0.0,0.75,0.25922179222106934,1,8,30
Nursery,round_robin,FOLD-RM (fit),Gini_Impurity,0.0,0.75,0.11301231384277344,0,0,30
Nursery,round_robin,FOLD-RM (fit),Gini_Impurity,0.0,0.75,0.39603257179260254,2,12,30
Nursery,round_robin,FOLD-RM (fit),Gini_Impurity,0.0,0.75,0.11345839500427246,0,0,30
Nursery,round_robin,FOLD-RM (fit),Gini_Impurity,0.0,0.75,0.10795044898986816,0,0,30
Nursery,round_robin,FOLD-RM (fit),Gini_Impurity,0.0,0.75,0.10494256019592285,0,0,30
Nursery,round_robin,FOLD-RM (fit),Gini_Impurity,0.0,0.75,0.26434779167175293,1,6,30
Nursery,round_robin,FOLD-RM (fit),Gini_Impurity,0.0,0.75,0.09234261512756348,0,0,30
Nursery,round_robin,FOLD-RM (fit),Gini_Impurity,0.0,0.75,0.23407864570617676,1,8,30
Nursery,round_robin,FOLD-RM (fit),Gini_Impurity,0.00038580246913580245,0.750018325617284,0.4237325191497803,2,10,30
Nursery,round_robin,FOLD-RM (fit),Gini_Impurity,0.0,0.75,0.3698158264160156,2,10,30
Nursery,round_robin,FOLD-RM (fit),Gini_Impurity,0.0,0.75,0.21088695526123047,1,8,30
Nursery,round_robin,FOLD-RM (fit),Gini_Impurity,0.0,0.75,0.9848308563232422,7,21,30
Nursery,round_robin,FOLD-RM (fit),Precision_Information_Gain,0.0,0.75,0.09588623046875,0,0,30
Nursery,round_robin,FOLD-RM (fit),Precision_Information_Gain,0.0,0.75,0.09546518325805664,0,0,30
Nursery,round_robin,FOLD-RM (fit),Precision_Information_Gain,0.0,0.75,0.09598636627197266,0,0,30
Nursery,round_robin,FOLD-RM (fit),Precision_Information_Gain,0.0,0.75,0.10697746276855469,0,0,30
Nursery,round_robin,FOLD-RM (fit),Precision_Information_Gain,0.0,0.75,0.10597467422485352,0,0,30
Nursery,round_robin,FOLD-RM (fit),Precision_Information_Gain,0.0,0.75,0.10547709465026855,0,0,30
Nursery,round_robin,FOLD-RM (fit),Precision_Information_Gain,0.0,0.75,0.10446286201477051,0,0,30
Nursery,round_robin,FOLD-RM (fit),Precision_Information_Gain,0.0,0.75,0.10243511199951172,0,0,30
Nursery,round_robin,FOLD-RM (fit),Precision_Information_Gain,0.0,0.75,0.12961816787719727,0,0,30
Nursery,round_robin,FOLD-RM (fit),Precision_Information_Gain,0.0,0.75,0.10393476486206055,0,0,30
Nursery,round_robin,FOLD-RM (fit),Precision_Information_Gain,0.0,0.75,0.10895895957946777,0,0,30
Nursery,round_robin,FOLD-RM (fit),Precision_Information_Gain,0.0,0.75,0.1119687557220459,0,0,30
Nursery,round_robin,FOLD-RM (fit),Precision_Information_Gain,0.0,0.75,0.10989809036254883,0,0,30
Nursery,round_robin,FOLD-RM (fit),Precision_Information_Gain,0.0,0.75,0.10584020614624023,0,0,30
Nursery,round_robin,FOLD-RM (fit),Precision_Information_Gain,0.0,0.75,0.10691118240356445,0,0,30
Nursery,round_robin,FOLD-RM (fit),Precision_Information_Gain,0.0,0.75,0.10698866844177246,0,0,30
Nursery,round_robin,FOLD-RM (fit),Precision_Information_Gain,0.0,0.75,0.10745620727539062,0,0,30
Nursery,round_robin,FOLD-RM (fit),Precision_Information_Gain,0.0,0.75,0.10895872116088867,0,0,30
Nursery,round_robin,FOLD-RM (fit),Precision_Information_Gain,0.0,0.75,0.10037684440612793,0,0,30
Nursery,round_robin,FOLD-RM (fit),Precision_Information_Gain,0.0,0.75,0.10344910621643066,0,0,30
Nursery,round_robin,FOLD-RM (fit),Precision_Information_Gain,0.0,0.75,0.10694766044616699,0,0,30
Nursery,round_robin,FOLD-RM (fit),Precision_Information_Gain,0.0,0.75,0.10495209693908691,0,0,30
Nursery,round_robin,FOLD-RM (fit),Precision_Information_Gain,0.0,0.75,0.1024789810180664,0,0,30
Nursery,round_robin,FOLD-RM (fit),Precision_Information_Gain,0.0,0.75,0.10048937797546387,0,0,30
Nursery,round_robin,FOLD-RM (fit),Precision_Information_Gain,0.0,0.75,0.10349488258361816,0,0,30
Nursery,round_robin,FOLD-RM (fit),Precision_Information_Gain,0.0,0.75,0.10199880599975586,0,0,30
Nursery,round_robin,FOLD-RM (fit),Precision_Information_Gain,0.0,0.75,0.10098075866699219,0,0,30
Nursery,round_robin,FOLD-RM (fit),Precision_Information_Gain,0.0,0.75,0.11559724807739258,0,0,30
Nursery,round_robin,FOLD-RM (fit),Precision_Information_Gain,0.0,0.75,0.0955197811126709,0,0,30
Nursery,round_robin,FOLD-RM (fit),Precision_Information_Gain,0.0,0.75,0.11563897132873535,0,0,30
Nursery,round_robin,FOLD-RM (fit),Precision_Gini_Impurity,0.0,0.75,0.1317605972290039,0,0,30
Nursery,round_robin,FOLD-RM (fit),Precision_Gini_Impurity,0.0,0.75,0.14878320693969727,0,0,30
Nursery,round_robin,FOLD-RM (fit),Precision_Gini_Impurity,0.0,0.75,0.14563727378845215,0,0,30
Nursery,round_robin,FOLD-RM (fit),Precision_Gini_Impurity,0.0,0.75,0.21192622184753418,0,0,30
Nursery,round_robin,FOLD-RM (fit),Precision_Gini_Impurity,0.1408179012345679,0.7676660093328332,15.284982204437256,179,42,30
Nursery,round_robin,FOLD-RM (fit),Precision_Gini_Impurity,0.24729938271604937,0.7701774471078706,15.38479471206665,159,43,30
Nursery,round_robin,FOLD-RM (fit),Precision_Gini_Impurity,0.24035493827160495,0.7714141819135429,17.85875916481018,230,49,30
Nursery,round_robin,FOLD-RM (fit),Precision_Gini_Impurity,0.2337962962962963,0.7672699815235727,18.323644876480103,217,46,30
Nursery,round_robin,FOLD-RM (fit),Precision_Gini_Impurity,0.24112654320987653,0.7725545654819824,19.27942967414856,247,48,30
Nursery,round_robin,FOLD-RM (fit),Precision_Gini_Impurity,0.2361111111111111,0.7692892893564433,19.179307460784912,259,43,30
Nursery,round_robin,FOLD-RM (fit),Precision_Gini_Impurity,0.2650462962962963,0.7695663576040124,20.383688926696777,266,47,30
Nursery,round_robin,FOLD-RM (fit),Precision_Gini_Impurity,0.2550154320987654,0.7727665298397768,20.954542875289917,272,48,30
Nursery,round_robin,FOLD-RM (fit),Precision_Gini_Impurity,0.2650462962962963,0.7766745857333327,21.01254105567932,264,50,30
Nursery,round_robin,FOLD-RM (fit),Precision_Gini_Impurity,0.2611882716049383,0.770363882199345,21.047181606292725,300,46,30
Nursery,round_robin,FOLD-RM (fit),Precision_Gini_Impurity,0.26080246913580246,0.770865406865048,21.06266450881958,294,45,30
Nursery,round_robin,FOLD-RM (fit),Precision_Gini_Impurity,0.2357253086419753,0.7696694999898532,21.207648754119873,331,48,30
Nursery,round_robin,FOLD-RM (fit),Precision_Gini_Impurity,0.2658179012345679,0.7744157453949464,21.208633422851562,311,44,30
Nursery,round_robin,FOLD-RM (fit),Precision_Gini_Impurity,0.251929012345679,0.7675118234601835,21.5615873336792,275,48,30
Nursery,round_robin,FOLD-RM (fit),Precision_Gini_Impurity,0.2658179012345679,0.7721281417398926,21.51887845993042,283,48,30
Nursery,round_robin,FOLD-RM (fit),Precision_Gini_Impurity,0.2465277777777778,0.7602345989246139,21.910364389419556,338,46,30
Nursery,round_robin,FOLD-RM (fit),Precision_Gini_Impurity,0.2673611111111111,0.7588413343150087,26.32473635673523,404,48,30
Nursery,round_robin,FOLD-RM (fit),Precision_Gini_Impurity,0.2827932098765432,0.7538973430623074,28.32421088218689,519,49,30
Nursery,round_robin,FOLD-RM (fit),Precision_Gini_Impurity,0.27391975308641975,0.7564397390680928,28.432619333267212,510,50,30
Nursery,round_robin,FOLD-RM (fit),Precision_Gini_Impurity,0.2681327160493827,0.7537241306293597,28.859602212905884,523,49,30
Nursery,round_robin,FOLD-RM (fit),Precision_Gini_Impurity,0.27314814814814814,0.7482742496015837,29.622724771499634,563,49,30
Nursery,round_robin,FOLD-RM (fit),Precision_Gini_Impurity,0.27314814814814814,0.7526115146992682,29.961934804916382,530,46,30
Nursery,round_robin,FOLD-RM (fit),Precision_Gini_Impurity,0.2611882716049383,0.7430820901879611,32.47284412384033,615,50,30
Nursery,round_robin,FOLD-RM (fit),Precision_Gini_Impurity,0.2527006172839506,0.7421160229028941,32.78575563430786,689,49,30
Nursery,round_robin,FOLD-RM (fit),Precision_Gini_Impurity,0.27507716049382713,0.7469630108439034,33.105714559555054,620,50,30
Nursery,round_robin,FOLD-RM (fit),Precision_Gini_Impurity,0.25617283950617287,0.7501093706361102,33.51513648033142,678,50,30
Nursery,round_robin,CON-FOLD (confidence_fit),original,0.0,0.75,0.29247188568115234,2,7,30
Nursery,round_robin,CON-FOLD (confidence_fit),original,0.0,0.75,0.3055400848388672,2,7,30
Nursery,round_robin,CON-FOLD (confidence_fit),original,0.0,0.75,0.25793004035949707,1,8,30
Nursery,round_robin,CON-FOLD (confidence_fit),original,0.0,0.7499797453703704,0.2527132034301758,1,6,30
Nursery,round_robin,CON-FOLD (confidence_fit),original,0.0,0.75,0.32149815559387207,2,7,30
Nursery,round_robin,CON-FOLD (confidence_fit),original,0.0,0.75,0.3395235538482666,2,7,30
Nursery,round_robin,CON-FOLD (confidence_fit),original,0.00038580246913580245,0.7499980709876544,0.27591443061828613,1,7,30
Nursery,round_robin,CON-FOLD (confidence_fit),original,0.0,0.75,0.34914708137512207,2,7,30
Nursery,round_robin,CON-FOLD (confidence_fit),original,0.0,0.75,0.29949474334716797,1,8,30
Nursery,round_robin,CON-FOLD (confidence_fit),original,0.0,0.75,0.276944637298584,1,8,30
Nursery,round_robin,CON-FOLD (confidence_fit),original,0.00038580246913580245,0.750018325617284,0.28952503204345703,1,6,30
Nursery,round_robin,CON-FOLD (confidence_fit),original,0.0,0.75,0.3417832851409912,2,7,30
Nursery,round_robin,CON-FOLD (confidence_fit),original,0.0,0.7499617381836035,0.3223710060119629,1,7,30
Nursery,round_robin,CON-FOLD (confidence_fit),original,0.0,0.75,0.38756227493286133,2,7,30
Nursery,round_robin,CON-FOLD (confidence_fit),original,0.0,0.75,0.3976001739501953,2,7,30
Nursery,round_robin,CON-FOLD (confidence_fit),original,0.0,0.7499797453703704,0.32114386558532715,1,7,30
Nursery,round_robin,CON-FOLD (confidence_fit),original,0.0,0.75,0.15659022331237793,0,0,30
Nursery,round_robin,CON-FOLD (confidence_fit),original,0.0,0.7499617381836035,0.312636137008667,1,7,30
Nursery,round_robin,CON-FOLD (confidence_fit),original,0.0,0.75,0.37749624252319336,2,7,30
Nursery,round_robin,CON-FOLD (confidence_fit),original,0.0,0.75,0.3743877410888672,2,7,30
Nursery,round_robin,CON-FOLD (confidence_fit),original,0.0,0.7499797453703704,0.30175304412841797,1,7,30
Nursery,round_robin,CON-FOLD (confidence_fit),original,0.0,0.75,0.13299107551574707,0,0,30
Nursery,round_robin,CON-FOLD (confidence_fit),original,0.0,0.7499617381836035,0.25798726081848145,1,7,30
Nursery,round_robin,CON-FOLD (confidence_fit),original,0.0,0.75,0.3037831783294678,1,8,30
Nursery,round_robin,CON-FOLD (confidence_fit),original,0.0,0.75,0.32335948944091797,2,7,30
Nursery,round_robin,CON-FOLD (confidence_fit),original,0.0,0.75,0.2907114028930664,1,8,30
Nursery,round_robin,CON-FOLD (confidence_fit),original,0.0,0.75,0.3323671817779541,2,7,30
Nursery,round_robin,CON-FOLD (confidence_fit),original,0.0,0.75,0.2776918411254883,1,8,30
Nursery,round_robin,CON-FOLD (confidence_fit),original,0.0,0.7499797453703704,0.2475285530090332,1,7,30
Nursery,round_robin,CON-FOLD (confidence_fit),original,0.0,0.75,0.2810554504394531,2,7,30
Nursery,round_robin,CON-FOLD (confidence_fit),information_gain,0.0,0.75,0.08933162689208984,0,0,30
Nursery,round_robin,CON-FOLD (confidence_fit),information_gain,0.0,0.75,0.09177947044372559,0,0,30
Nursery,round_robin,CON-FOLD (confidence_fit),information_gain,0.0,0.75,0.09182906150817871,0,0,30
Nursery,round_robin,CON-FOLD (confidence_fit),information_gain,0.0,0.75,0.0973665714263916,0,0,30
Nursery,round_robin,CON-FOLD (confidence_fit),information_gain,0.0,0.75,0.0998830795288086,0,0,30
Nursery,round_robin,CON-FOLD (confidence_fit),information_gain,0.0,0.75,0.09788727760314941,0,0,30
Nursery,round_robin,CON-FOLD (confidence_fit),information_gain,0.0,0.75,0.09757518768310547,0,0,30
Nursery,round_robin,CON-FOLD (confidence_fit),information_gain,0.0,0.75,0.10104203224182129,0,0,30
Nursery,round_robin,CON-FOLD (confidence_fit),information_gain,0.0,0.75,0.10109972953796387,0,0,30
Nursery,round_robin,CON-FOLD (confidence_fit),information_gain,0.0,0.75,0.10177159309387207,0,0,30
Nursery,round_robin,CON-FOLD (confidence_fit),information_gain,0.0,0.75,0.09509682655334473,0,0,30
Nursery,round_robin,CON-FOLD (confidence_fit),information_gain,0.0,0.75,0.09968209266662598,0,0,30
Nursery,round_robin,CON-FOLD (confidence_fit),information_gain,0.0,0.75,0.09560394287109375,0,0,30
Nursery,round_robin,CON-FOLD (confidence_fit),information_gain,0.0,0.75,0.10118389129638672,0,0,30
Nursery,round_robin,CON-FOLD (confidence_fit),information_gain,0.0,0.75,0.09742593765258789,0,0,30
Nursery,round_robin,CON-FOLD (confidence_fit),information_gain,0.0,0.75,0.09999799728393555,0,0,30
Nursery,round_robin,CON-FOLD (confidence_fit),information_gain,0.0,0.75,0.0974111557006836,0,0,30
Nursery,round_robin,CON-FOLD (confidence_fit),information_gain,0.0,0.75,0.09749722480773926,0,0,30
Nursery,round_robin,CON-FOLD (confidence_fit),information_gain,0.0,0.75,0.09829831123352051,0,0,30
Nursery,round_robin,CON-FOLD (confidence_fit),information_gain,0.0,0.75,0.09829902648925781,0,0,30
Nursery,round_robin,CON-FOLD (confidence_fit),information_gain,0.0,0.75,0.10494089126586914,0,0,30
Nursery,round_robin,CON-FOLD (confidence_fit),information_gain,0.0,0.75,0.09995865821838379,0,0,30
Nursery,round_robin,CON-FOLD (confidence_fit),information_gain,0.0,0.75,0.10096001625061035,0,0,30
Nursery,round_robin,CON-FOLD (confidence_fit),information_gain,0.0,0.75,0.10393190383911133,0,0,30
Nursery,round_robin,CON-FOLD (confidence_fit),information_gain,0.0,0.75,0.09909939765930176,0,0,30
Nursery,round_robin,CON-FOLD (confidence_fit),information_gain,0.0,0.75,0.10710287094116211,0,0,30
Nursery,round_robin,CON-FOLD (confidence_fit),information_gain,0.0,0.75,0.09190177917480469,0,0,30
Nursery,round_robin,CON-FOLD (confidence_fit),information_gain,0.0,0.75,0.09133481979370117,0,0,30
Nursery,round_robin,CON-FOLD (confidence_fit),information_gain,0.0,0.75,0.08682847023010254,0,0,30
Nursery,round_robin,CON-FOLD (confidence_fit),information_gain,0.0,0.75,0.08845353126525879,0,0,30
Nursery,round_robin,CON-FOLD (confidence_fit),Gini_Impurity,0.0,0.75,0.09842395782470703,0,0,30
Nursery,round_robin,CON-FOLD (confidence_fit),Gini_Impurity,0.0,0.75,0.09735703468322754,0,0,30
Nursery,round_robin,CON-FOLD (confidence_fit),Gini_Impurity,0.0,0.75,0.09635329246520996,0,0,30
Nursery,round_robin,CON-FOLD (confidence_fit),Gini_Impurity,0.0,0.75,0.10343599319458008,0,0,30
Nursery,round_robin,CON-FOLD (confidence_fit),Gini_Impurity,0.0,0.75,0.10144925117492676,0,0,30
Nursery,round_robin,CON-FOLD (confidence_fit),Gini_Impurity,0.0,0.75,0.10248565673828125,0,0,30
Nursery,round_robin,CON-FOLD (confidence_fit),Gini_Impurity,0.0,0.75,0.2501027584075928,1,8,30
Nursery,round_robin,CON-FOLD (confidence_fit),Gini_Impurity,0.0,0.75,0.10450625419616699,0,0,30
Nursery,round_robin,CON-FOLD (confidence_fit),Gini_Impurity,0.0,0.75,0.1064913272857666,0,0,30
Nursery,round_robin,CON-FOLD (confidence_fit),Gini_Impurity,0.0,0.75,0.10638737678527832,0,0,30
Nursery,round_robin,CON-FOLD (confidence_fit),Gini_Impurity,0.0,0.75,0.2485790252685547,1,8,30
Nursery,round_robin,CON-FOLD (confidence_fit),Gini_Impurity,0.0,0.75,0.2556471824645996,1,8,30
Nursery,round_robin,CON-FOLD (confidence_fit),Gini_Impurity,0.0,0.75,0.27574801445007324,1,8,30
Nursery,round_robin,CON-FOLD (confidence_fit),Gini_Impurity,0.0,0.75,0.2726752758026123,1,8,30
Nursery,round_robin,CON-FOLD (confidence_fit),Gini_Impurity,0.00038580246913580245,0.750018325617284,0.4288957118988037,2,11,30
Nursery,round_robin,CON-FOLD (confidence_fit),Gini_Impurity,0.0,0.75,0.11661648750305176,0,0,30
Nursery,round_robin,CON-FOLD (confidence_fit),Gini_Impurity,0.0,0.7499797453703704,0.528827428817749,2,12,30
Nursery,round_robin,CON-FOLD (confidence_fit),Gini_Impurity,0.0,0.75,0.11761212348937988,0,0,30
Nursery,round_robin,CON-FOLD (confidence_fit),Gini_Impurity,0.0,0.75,0.26624035835266113,1,8,30
Nursery,round_robin,CON-FOLD (confidence_fit),Gini_Impurity,0.00038580246913580245,0.7499980709876544,0.29181838035583496,1,7,30
Nursery,round_robin,CON-FOLD (confidence_fit),Gini_Impurity,0.0,0.75,0.11058831214904785,0,0,30
Nursery,round_robin,CON-FOLD (confidence_fit),Gini_Impurity,0.0,0.75,0.1039724349975586,0,0,30
Nursery,round_robin,CON-FOLD (confidence_fit),Gini_Impurity,0.0,0.75,0.2642402648925781,1,8,30
Nursery,round_robin,CON-FOLD (confidence_fit),Gini_Impurity,0.0,0.75,0.3791484832763672,2,11,30
Nursery,round_robin,CON-FOLD (confidence_fit),Gini_Impurity,0.0,0.75,0.5221343040466309,3,17,30
Nursery,round_robin,CON-FOLD (confidence_fit),Gini_Impurity,0.0,0.75,0.5497102737426758,3,16,30
Nursery,round_robin,CON-FOLD (confidence_fit),Gini_Impurity,0.00038580246913580245,0.7500318847885417,0.7585418224334717,6,18,30
Nursery,round_robin,CON-FOLD (confidence_fit),Gini_Impurity,0.0,0.75,1.022684097290039,7,20,30
Nursery,round_robin,CON-FOLD (confidence_fit),Gini_Impurity,0.0,0.75,0.916276216506958,6,20,30
Nursery,round_robin,CON-FOLD (confidence_fit),Gini_Impurity,0.0007716049382716049,0.7500480132030093,1.2399959564208984,9,24,30
Nursery,round_robin,CON-FOLD (confidence_fit),Precision_Information_Gain,0.0,0.75,0.09486126899719238,0,0,30
Nursery,round_robin,CON-FOLD (confidence_fit),Precision_Information_Gain,0.0,0.75,0.10434103012084961,0,0,30
Nursery,round_robin,CON-FOLD (confidence_fit),Precision_Information_Gain,0.0,0.75,0.10283589363098145,0,0,30
Nursery,round_robin,CON-FOLD (confidence_fit),Precision_Information_Gain,0.0,0.75,0.1033480167388916,0,0,30
Nursery,round_robin,CON-FOLD (confidence_fit),Precision_Information_Gain,0.0,0.75,0.10385727882385254,0,0,30
Nursery,round_robin,CON-FOLD (confidence_fit),Precision_Information_Gain,0.0,0.75,0.10785961151123047,0,0,30
Nursery,round_robin,CON-FOLD (confidence_fit),Precision_Information_Gain,0.0,0.75,0.10600519180297852,0,0,30
Nursery,round_robin,CON-FOLD (confidence_fit),Precision_Information_Gain,0.0,0.75,0.13401317596435547,0,0,30
Nursery,round_robin,CON-FOLD (confidence_fit),Precision_Information_Gain,0.0,0.75,0.10596871376037598,0,0,30
Nursery,round_robin,CON-FOLD (confidence_fit),Precision_Information_Gain,0.0,0.75,0.10139226913452148,0,0,30
Nursery,round_robin,CON-FOLD (confidence_fit),Precision_Information_Gain,0.0,0.75,0.10138368606567383,0,0,30
Nursery,round_robin,CON-FOLD (confidence_fit),Precision_Information_Gain,0.0,0.75,0.10446000099182129,0,0,30
Nursery,round_robin,CON-FOLD (confidence_fit),Precision_Information_Gain,0.0,0.75,0.10755181312561035,0,0,30
Nursery,round_robin,CON-FOLD (confidence_fit),Precision_Information_Gain,0.0,0.75,0.1126565933227539,0,0,30
Nursery,round_robin,CON-FOLD (confidence_fit),Precision_Information_Gain,0.0,0.75,0.10543656349182129,0,0,30
Nursery,round_robin,CON-FOLD (confidence_fit),Precision_Information_Gain,0.0,0.75,0.14758825302124023,0,0,30
Nursery,round_robin,CON-FOLD (confidence_fit),Precision_Information_Gain,0.0,0.75,0.13400793075561523,0,0,30
Nursery,round_robin,CON-FOLD (confidence_fit),Precision_Information_Gain,0.0,0.75,0.10310149192810059,0,0,30
Nursery,round_robin,CON-FOLD (confidence_fit),Precision_Information_Gain,0.0,0.75,0.10460281372070312,0,0,30
Nursery,round_robin,CON-FOLD (confidence_fit),Precision_Information_Gain,0.0,0.75,0.10646700859069824,0,0,30
Nursery,round_robin,CON-FOLD (confidence_fit),Precision_Information_Gain,0.0,0.75,0.1028904914855957,0,0,30
Nursery,round_robin,CON-FOLD (confidence_fit),Precision_Information_Gain,0.0,0.75,0.10845422744750977,0,0,30
Nursery,round_robin,CON-FOLD (confidence_fit),Precision_Information_Gain,0.0,0.75,0.10885834693908691,0,0,30
Nursery,round_robin,CON-FOLD (confidence_fit),Precision_Information_Gain,0.0,0.75,0.11185455322265625,0,0,30
Nursery,round_robin,CON-FOLD (confidence_fit),Precision_Information_Gain,0.0,0.75,0.09889745712280273,0,0,30
Nursery,round_robin,CON-FOLD (confidence_fit),Precision_Information_Gain,0.0,0.75,0.10295987129211426,0,0,30
Nursery,round_robin,CON-FOLD (confidence_fit),Precision_Information_Gain,0.0,0.75,0.10094594955444336,0,0,30
Nursery,round_robin,CON-FOLD (confidence_fit),Precision_Information_Gain,0.0,0.75,0.09995102882385254,0,0,30
Nursery,round_robin,CON-FOLD (confidence_fit),Precision_Information_Gain,0.0,0.75,0.09687614440917969,0,0,30
Nursery,round_robin,CON-FOLD (confidence_fit),Precision_Information_Gain,0.0,0.75,0.09487652778625488,0,0,30
Nursery,round_robin,CON-FOLD (confidence_fit),Precision_Gini_Impurity,0.0,0.75,0.09647297859191895,0,0,30
Nursery,round_robin,CON-FOLD (confidence_fit),Precision_Gini_Impurity,0.0,0.75,0.10140752792358398,0,0,30
Nursery,round_robin,CON-FOLD (confidence_fit),Precision_Gini_Impurity,0.0,0.75,0.10596632957458496,0,0,30
Nursery,round_robin,CON-FOLD (confidence_fit),Precision_Gini_Impurity,0.0,0.75,0.10801029205322266,0,0,30
Nursery,round_robin,CON-FOLD (confidence_fit),Precision_Gini_Impurity,0.0,0.75,0.11411690711975098,0,0,30
Nursery,round_robin,CON-FOLD (confidence_fit),Precision_Gini_Impurity,0.0,0.75,0.15969467163085938,0,0,30
Nursery,round_robin,CON-FOLD (confidence_fit),Precision_Gini_Impurity,0.0,0.75,0.16722965240478516,0,0,30
Nursery,round_robin,CON-FOLD (confidence_fit),Precision_Gini_Impurity,0.0,0.75,0.18529295921325684,0,0,30
Nursery,round_robin,CON-FOLD (confidence_fit),Precision_Gini_Impurity,0.0,0.75,0.18729305267333984,0,0,30
Nursery,round_robin,CON-FOLD (confidence_fit),Precision_Gini_Impurity,0.0,0.75,0.1712172031402588,0,0,30
Nursery,round_robin,CON-FOLD (confidence_fit),Precision_Gini_Impurity,0.25848765432098764,0.7738760988089886,17.70648169517517,67,39,30
Nursery,round_robin,CON-FOLD (confidence_fit),Precision_Gini_Impurity,0.25810185185185186,0.750360273908564,25.821879625320435,265,44,30
Nursery,round_robin,CON-FOLD (confidence_fit),Precision_Gini_Impurity,0.26967592592592593,0.7554461680202531,27.184505939483643,273,45,30
Nursery,round_robin,CON-FOLD (confidence_fit),Precision_Gini_Impurity,0.29205246913580246,0.7682771254423237,27.94918942451477,248,41,30
Nursery,round_robin,CON-FOLD (confidence_fit),Precision_Gini_Impurity,0.27044753086419754,0.7558656426953319,30.28367853164673,257,44,30
Nursery,round_robin,CON-FOLD (confidence_fit),Precision_Gini_Impurity,0.2743055555555556,0.7571713249046301,30.23286271095276,282,42,30
Nursery,round_robin,CON-FOLD (confidence_fit),Precision_Gini_Impurity,0.2681327160493827,0.751977448381132,30.76520085334778,316,45,30
Nursery,round_robin,CON-FOLD (confidence_fit),Precision_Gini_Impurity,0.27199074074074076,0.7549816204877297,30.628782033920288,313,45,30
Nursery,round_robin,CON-FOLD (confidence_fit),Precision_Gini_Impurity,0.2820216049382716,0.7617243850077171,30.77227807044983,241,42,30
Nursery,round_robin,CON-FOLD (confidence_fit),Precision_Gini_Impurity,0.2959104938271605,0.7672834536296689,31.83275818824768,259,46,30
Nursery,round_robin,CON-FOLD (confidence_fit),Precision_Gini_Impurity,0.2824074074074074,0.7578910205913196,31.648887395858765,328,41,30
Nursery,round_robin,CON-FOLD (confidence_fit),Precision_Gini_Impurity,0.2700617283950617,0.748701864781828,33.715617179870605,370,43,30
Nursery,round_robin,CON-FOLD (confidence_fit),Precision_Gini_Impurity,0.279320987654321,0.7594938145492671,34.23619270324707,342,45,30
Nursery,round_robin,CON-FOLD (confidence_fit),Precision_Gini_Impurity,0.27584876543209874,0.7566431521028938,34.697298765182495,333,43,30
Nursery,round_robin,CON-FOLD (confidence_fit),Precision_Gini_Impurity,0.2619598765432099,0.7491238221633868,35.062063217163086,385,45,30
Nursery,round_robin,CON-FOLD (confidence_fit),Precision_Gini_Impurity,0.2785493827160494,0.7567852144889653,34.872458696365356,291,43,30
Nursery,round_robin,CON-FOLD (confidence_fit),Precision_Gini_Impurity,0.2631172839506173,0.7745297991536643,36.27585697174072,102,43,30
Nursery,round_robin,CON-FOLD (confidence_fit),Precision_Gini_Impurity,0.27739197530864196,0.7620084138950235,36.723750829696655,320,47,30
Nursery,round_robin,CON-FOLD (confidence_fit),Precision_Gini_Impurity,0.2700617283950617,0.753159383579321,38.003549098968506,395,47,30
Nursery,round_robin,CON-FOLD (confidence_fit),Precision_Gini_Impurity,0.2835648148148148,0.7569370729972205,38.03589653968811,347,44,30
Nursery,best_rule,FOLD-RM (fit),original,0.3317901234567901,0.8329469701388913,0.7014598846435547,1,1,30
Nursery,best_rule,FOLD-RM (fit),original,0.3479938271604938,0.8369978595979202,1.0296587944030762,2,7,30
Nursery,best_rule,FOLD-RM (fit),original,0.3298611111111111,0.8324264584961062,1.119680404663086,3,6,30
Nursery,best_rule,FOLD-RM (fit),original,0.3287037037037037,0.8321551243004605,1.128950595855713,2,8,30
Nursery,best_rule,FOLD-RM (fit),original,0.35300925925925924,0.8382314451018512,1.1469504833221436,2,6,30
Nursery,best_rule,FOLD-RM (fit),original,0.33294753086419754,0.8332363200347248,1.1446564197540283,3,7,30
Nursery,best_rule,FOLD-RM (fit),original,0.3422067901234568,0.835551110269795,1.2031230926513672,3,7,30
Nursery,best_rule,FOLD-RM (fit),original,0.3279320987654321,0.8319824789795502,1.2132856845855713,3,7,30
Nursery,best_rule,FOLD-RM (fit),original,0.3287037037037037,0.8321753789300901,1.20009183883667,3,7,30
Nursery,best_rule,FOLD-RM (fit),original,0.3136574074074074,0.8284138379555535,1.215134620666504,3,6,30
Nursery,best_rule,FOLD-RM (fit),original,0.33603395061728397,0.834007919756947,1.21589994430542,3,7,30
Nursery,best_rule,FOLD-RM (fit),original,0.341820987654321,0.8354344056849574,1.171177625656128,2,6,30
Nursery,best_rule,FOLD-RM (fit),original,0.3533950617283951,0.8383278950469129,1.2043333053588867,2,8,30
Nursery,best_rule,FOLD-RM (fit),original,0.3263888888888889,0.8315966790784698,1.1867501735687256,3,7,30
Nursery,best_rule,FOLD-RM (fit),original,0.3244598765432099,0.8311144292021194,1.1873042583465576,2,7,30
Nursery,best_rule,FOLD-RM (fit),original,0.3341049382716049,0.8335256699305579,1.2379920482635498,3,7,30
Nursery,best_rule,FOLD-RM (fit),original,0.3275462962962963,0.8318095053714868,1.1641650199890137,3,6,30
Nursery,best_rule,FOLD-RM (fit),original,0.3449074074074074,0.8362262599562531,1.1169421672821045,2,7,30
Nursery,best_rule,FOLD-RM (fit),original,0.3325617283950617,0.8331398700694469,0.9705502986907959,3,7,30
Nursery,best_rule,FOLD-RM (fit),original,0.33603395061728397,0.8340079197569469,1.1240196228027344,2,7,30
Nursery,best_rule,FOLD-RM (fit),original,0.33641975308641975,0.8341043697222249,1.1485967636108398,3,7,30
Nursery,best_rule,FOLD-RM (fit),original,0.32330246913580246,0.8308250792763092,0.9770503044128418,2,7,30
Nursery,best_rule,FOLD-RM (fit),original,0.3425925925925926,0.8356475602250035,1.088993787765503,3,7,30
Nursery,best_rule,FOLD-RM (fit),original,0.3429783950617284,0.8357440101802117,1.0571391582489014,3,7,30
Nursery,best_rule,FOLD-RM (fit),original,0.3387345679012346,0.8346830695138915,1.0123131275177002,2,7,30
Nursery,best_rule,FOLD-RM (fit),original,0.3425925925925926,0.8356475602250035,1.1922392845153809,3,7,30
Nursery,best_rule,FOLD-RM (fit),original,0.33371913580246915,0.8334292199652802,0.9721570014953613,3,7,30
Nursery,best_rule,FOLD-RM (fit),original,0.33487654320987653,0.8337185698611137,1.0172920227050781,3,6,30
Nursery,best_rule,FOLD-RM (fit),original,0.32407407407407407,0.8310179792268495,1.0670464038848877,3,7,30
Nursery,best_rule,FOLD-RM (fit),original,0.33796296296296297,0.834469914953706,1.0631072521209717,2,8,30
Nursery,best_rule,FOLD-RM (fit),information_gain,0.3263888888888889,0.8315966790784698,0.6251571178436279,1,1,30
Nursery,best_rule,FOLD-RM (fit),information_gain,0.3341049382716049,0.8335256699305582,0.7091336250305176,1,1,30
Nursery,best_rule,FOLD-RM (fit),information_gain,0.32330246913580246,0.8308250792763092,0.7759368419647217,1,1,30
Nursery,best_rule,FOLD-RM (fit),information_gain,0.3287037037037037,0.83217537893009,0.7687509059906006,1,1,30
Nursery,best_rule,FOLD-RM (fit),information_gain,0.33217592592592593,0.8330434201041691,0.7719078063964844,1,1,30
Nursery,best_rule,FOLD-RM (fit),information_gain,0.34992283950617287,0.8374801001709871,0.7633757591247559,1,1,30
Nursery,best_rule,FOLD-RM (fit),information_gain,0.3395061728395062,0.834875969444447,0.8173015117645264,1,1,30
Nursery,best_rule,FOLD-RM (fit),information_gain,0.3317901234567901,0.8329469701388914,0.8339629173278809,1,1,30
Nursery,best_rule,FOLD-RM (fit),information_gain,0.33603395061728397,0.834007919756947,0.7596232891082764,1,1,30
Nursery,best_rule,FOLD-RM (fit),information_gain,0.32600308641975306,0.8315002291031999,0.8525416851043701,1,1,30
Nursery,best_rule,FOLD-RM (fit),information_gain,0.3452932098765432,0.8363227099114613,0.8319101333618164,1,1,30
Nursery,best_rule,FOLD-RM (fit),information_gain,0.33719135802469136,0.8342972696527801,0.8293702602386475,1,1,30
Nursery,best_rule,FOLD-RM (fit),information_gain,0.3290895061728395,0.8322718289053601,0.8543784618377686,1,1,30
Nursery,best_rule,FOLD-RM (fit),information_gain,0.3256172839506173,0.8314037791279295,0.7706947326660156,1,1,30
Nursery,best_rule,FOLD-RM (fit),information_gain,0.34066358024691357,0.8351653104489619,0.8399343490600586,1,1,30
Nursery,best_rule,FOLD-RM (fit),information_gain,0.3472222222222222,0.8368049596875032,0.8329529762268066,1,1,30
Nursery,best_rule,FOLD-RM (fit),information_gain,0.33449074074074076,0.8336221198958363,0.8023767471313477,1,1,30
Nursery,best_rule,FOLD-RM (fit),information_gain,0.3533950617283951,0.8383481496765426,0.7691972255706787,1,1,30
Nursery,best_rule,FOLD-RM (fit),information_gain,0.32523148148148145,0.8313073291526595,0.8003473281860352,1,1,30
Nursery,best_rule,FOLD-RM (fit),information_gain,0.3314043209876543,0.8328505201736138,0.7681863307952881,1,1,30
Nursery,best_rule,FOLD-RM (fit),information_gain,0.3325617283950617,0.8331398700694466,0.6959443092346191,1,1,30
Nursery,best_rule,FOLD-RM (fit),information_gain,0.33796296296296297,0.8344901695833356,0.7601962089538574,1,1,30
Nursery,best_rule,FOLD-RM (fit),information_gain,0.3317901234567901,0.8329469701388913,0.7862772941589355,1,1,30
Nursery,best_rule,FOLD-RM (fit),information_gain,0.3290895061728395,0.8322718289053602,0.656792402267456,1,1,30
Nursery,best_rule,FOLD-RM (fit),information_gain,0.32523148148148145,0.8313073291526595,0.6944267749786377,1,1,30
Nursery,best_rule,FOLD-RM (fit),information_gain,0.33796296296296297,0.8344901695833358,0.7039532661437988,1,1,30
Nursery,best_rule,FOLD-RM (fit),information_gain,0.3314043209876543,0.8328505201736134,0.6712720394134521,1,1,30
Nursery,best_rule,FOLD-RM (fit),information_gain,0.33487654320987653,0.8337185698611138,0.6356112957000732,1,1,30
Nursery,best_rule,FOLD-RM (fit),information_gain,0.34375,0.8359369100906281,0.7064599990844727,1,1,30
Nursery,best_rule,FOLD-RM (fit),information_gain,0.32021604938271603,0.8300534794741488,0.6461920738220215,1,1,30
Nursery,best_rule,FOLD-RM (fit),Gini_Impurity,0.0,0.75,0.367434024810791,0,0,30
Nursery,best_rule,FOLD-RM (fit),Gini_Impurity,0.0,0.75,0.43225669860839844,0,0,30
Nursery,best_rule,FOLD-RM (fit),Gini_Impurity,0.0,0.75,0.5543134212493896,0,0,30
Nursery,best_rule,FOLD-RM (fit),Gini_Impurity,0.0,0.75,0.5513570308685303,0,0,30
Nursery,best_rule,FOLD-RM (fit),Gini_Impurity,0.0,0.75,0.613135814666748,0,0,30
Nursery,best_rule,FOLD-RM (fit),Gini_Impurity,0.0,0.75,0.5921010971069336,0,0,30
Nursery,best_rule,FOLD-RM (fit),Gini_Impurity,0.0,0.75,0.6077980995178223,0,0,30
Nursery,best_rule,FOLD-RM (fit),Gini_Impurity,0.0,0.75,0.518423318862915,0,0,30
Nursery,best_rule,FOLD-RM (fit),Gini_Impurity,0.0,0.75,0.598426103591919,0,0,30
Nursery,best_rule,FOLD-RM (fit),Gini_Impurity,0.0,0.75,0.58138108253479,0,0,30
Nursery,best_rule,FOLD-RM (fit),Gini_Impurity,0.0,0.75,0.5882658958435059,0,0,30
Nursery,best_rule,FOLD-RM (fit),Gini_Impurity,0.0,0.75,0.719566822052002,0,0,30
Nursery,best_rule,FOLD-RM (fit),Gini_Impurity,0.0,0.75,0.6047372817993164,0,0,30
Nursery,best_rule,FOLD-RM (fit),Gini_Impurity,0.0,0.75,0.5047569274902344,0,0,30
Nursery,best_rule,FOLD-RM (fit),Gini_Impurity,0.0,0.75,0.9395797252655029,1,7,30
Nursery,best_rule,FOLD-RM (fit),Gini_Impurity,0.0,0.75,0.63494873046875,0,0,30
Nursery,best_rule,FOLD-RM (fit),Gini_Impurity,0.0,0.75,0.5811662673950195,0,0,30
Nursery,best_rule,FOLD-RM (fit),Gini_Impurity,0.0,0.75,0.6123270988464355,0,0,30
Nursery,best_rule,FOLD-RM (fit),Gini_Impurity,0.0,0.75,0.5169601440429688,0,0,30
Nursery,best_rule,FOLD-RM (fit),Gini_Impurity,0.0,0.75,1.026536464691162,1,7,30
Nursery,best_rule,FOLD-RM (fit),Gini_Impurity,0.0,0.75,0.48478150367736816,0,0,30
Nursery,best_rule,FOLD-RM (fit),Gini_Impurity,0.0,0.75,1.0225839614868164,1,8,30
Nursery,best_rule,FOLD-RM (fit),Gini_Impurity,0.00038580246913580245,0.750018325617284,0.8609523773193359,1,6,30
Nursery,best_rule,FOLD-RM (fit),Gini_Impurity,0.0,0.75,0.8137247562408447,1,8,30
Nursery,best_rule,FOLD-RM (fit),Gini_Impurity,0.0,0.7499594907407408,0.7488925457000732,1,8,30
Nursery,best_rule,FOLD-RM (fit),Gini_Impurity,0.0,0.7499832537079861,0.802116870880127,1,5,30
Nursery,best_rule,FOLD-RM (fit),Gini_Impurity,0.00038580246913580245,0.7500154064857638,1.0675270557403564,2,6,30
Nursery,best_rule,FOLD-RM (fit),Gini_Impurity,0.00038580246913580245,0.7500154064857638,1.657167673110962,4,17,30
Nursery,best_rule,FOLD-RM (fit),Gini_Impurity,0.0,0.75,1.8775169849395752,4,20,30
Nursery,best_rule,FOLD-RM (fit),Gini_Impurity,0.0,0.75,2.0704779624938965,5,19,30
Nursery,best_rule,FOLD-RM (fit),Precision_Information_Gain,0.0,0.75,0.29770684242248535,0,0,30
Nursery,best_rule,FOLD-RM (fit),Precision_Information_Gain,0.0,0.75,0.31298065185546875,0,0,30
Nursery,best_rule,FOLD-RM (fit),Precision_Information_Gain,0.0,0.75,0.34813380241394043,0,0,30
Nursery,best_rule,FOLD-RM (fit),Precision_Information_Gain,0.0,0.75,0.3628268241882324,0,0,30
Nursery,best_rule,FOLD-RM (fit),Precision_Information_Gain,0.0,0.75,0.40299272537231445,0,0,30
Nursery,best_rule,FOLD-RM (fit),Precision_Information_Gain,0.0,0.75,0.40847349166870117,0,0,30
Nursery,best_rule,FOLD-RM (fit),Precision_Information_Gain,0.0,0.75,0.442108154296875,0,0,30
Nursery,best_rule,FOLD-RM (fit),Precision_Information_Gain,0.0,0.75,0.45568418502807617,0,0,30
Nursery,best_rule,FOLD-RM (fit),Precision_Information_Gain,0.0,0.75,0.431926965713501,0,0,30
Nursery,best_rule,FOLD-RM (fit),Precision_Information_Gain,0.0,0.75,0.42652082443237305,0,0,30
Nursery,best_rule,FOLD-RM (fit),Precision_Information_Gain,0.0,0.75,0.4861884117126465,0,0,30
Nursery,best_rule,FOLD-RM (fit),Precision_Information_Gain,0.0,0.75,0.4832029342651367,0,0,30
Nursery,best_rule,FOLD-RM (fit),Precision_Information_Gain,0.0,0.75,0.4869680404663086,0,0,30
Nursery,best_rule,FOLD-RM (fit),Precision_Information_Gain,0.0,0.75,0.4703948497772217,0,0,30
Nursery,best_rule,FOLD-RM (fit),Precision_Information_Gain,0.0,0.75,0.49899721145629883,0,0,30
Nursery,best_rule,FOLD-RM (fit),Precision_Information_Gain,0.0,0.75,0.454801082611084,0,0,30
Nursery,best_rule,FOLD-RM (fit),Precision_Information_Gain,0.0,0.75,0.5044784545898438,0,0,30
Nursery,best_rule,FOLD-RM (fit),Precision_Information_Gain,0.0,0.75,0.4337186813354492,0,0,30
Nursery,best_rule,FOLD-RM (fit),Precision_Information_Gain,0.0,0.75,0.485440731048584,0,0,30
Nursery,best_rule,FOLD-RM (fit),Precision_Information_Gain,0.0,0.75,0.4874382019042969,0,0,30
Nursery,best_rule,FOLD-RM (fit),Precision_Information_Gain,0.0,0.75,0.3910410404205322,0,0,30
Nursery,best_rule,FOLD-RM (fit),Precision_Information_Gain,0.0,0.75,0.42713117599487305,0,0,30
Nursery,best_rule,FOLD-RM (fit),Precision_Information_Gain,0.0,0.75,0.42612528800964355,0,0,30
Nursery,best_rule,FOLD-RM (fit),Precision_Information_Gain,0.0,0.75,0.3935513496398926,0,0,30
Nursery,best_rule,FOLD-RM (fit),Precision_Information_Gain,0.0,0.75,0.3885335922241211,0,0,30
Nursery,best_rule,FOLD-RM (fit),Precision_Information_Gain,0.3429783950617284,0.835744010180212,0.617565393447876,1,1,30
Nursery,best_rule,FOLD-RM (fit),Precision_Information_Gain,0.0,0.75,0.34578871726989746,0,0,30
Nursery,best_rule,FOLD-RM (fit),Precision_Information_Gain,0.0,0.75,0.3467984199523926,0,0,30
Nursery,best_rule,FOLD-RM (fit),Precision_Information_Gain,0.3306327160493827,0.8326576202430584,0.5360958576202393,1,1,30
Nursery,best_rule,FOLD-RM (fit),Precision_Information_Gain,0.33757716049382713,0.8343937196180582,0.4726986885070801,1,1,30
Nursery,best_rule,FOLD-RM (fit),Precision_Gini_Impurity,0.21720679012345678,0.7561853327880783,135.42348456382751,456,47,30
Nursery,best_rule,FOLD-RM (fit),Precision_Gini_Impurity,0.2222222222222222,0.7540364429525456,150.87327075004578,602,45,30
Nursery,best_rule,FOLD-RM (fit),Precision_Gini_Impurity,0.2195216049382716,0.7557788312761169,166.5790045261383,628,46,30
Nursery,best_rule,FOLD-RM (fit),Precision_Gini_Impurity,0.14699074074074073,0.7529401533002691,183.00528383255005,630,46,30
Nursery,best_rule,FOLD-RM (fit),Precision_Gini_Impurity,0.23765432098765432,0.7633204089155464,182.95989513397217,697,49,30
Nursery,best_rule,FOLD-RM (fit),Precision_Gini_Impurity,0.22067901234567902,0.7532778434492654,189.2473545074463,672,47,30
Nursery,best_rule,FOLD-RM (fit),Precision_Gini_Impurity,0.22685185185185186,0.746883808591819,191.84110927581787,678,50,30
Nursery,best_rule,FOLD-RM (fit),Precision_Gini_Impurity,0.21296296296296297,0.7528394527950988,198.85733103752136,729,49,30
Nursery,best_rule,FOLD-RM (fit),Precision_Gini_Impurity,0.2322530864197531,0.7532327373094517,200.51450848579407,718,48,30
Nursery,best_rule,FOLD-RM (fit),Precision_Gini_Impurity,0.21682098765432098,0.7510643159642731,220.528422832489,767,51,30
Nursery,best_rule,FOLD-RM (fit),Precision_Gini_Impurity,0.22260802469135801,0.7485467534776986,237.75077629089355,919,49,30
Nursery,best_rule,FOLD-RM (fit),Precision_Gini_Impurity,0.21643518518518517,0.7389480477981476,244.02854442596436,928,49,30
Nursery,best_rule,FOLD-RM (fit),Precision_Gini_Impurity,0.22839506172839505,0.7453659481400832,246.68112969398499,941,49,30
Nursery,best_rule,FOLD-RM (fit),Precision_Gini_Impurity,0.2326388888888889,0.7493220151413942,248.89524149894714,960,52,30
Nursery,best_rule,FOLD-RM (fit),Precision_Gini_Impurity,0.26427469135802467,0.7430920862711405,250.50593209266663,1043,50,30
Nursery,best_rule,FOLD-RM (fit),Precision_Gini_Impurity,0.25462962962962965,0.745468693358371,251.00662350654602,973,48,30
Nursery,best_rule,FOLD-RM (fit),Precision_Gini_Impurity,0.24498456790123457,0.7394252257593741,258.3866639137268,1116,49,30
Nursery,best_rule,FOLD-RM (fit),Precision_Gini_Impurity,0.2179783950617284,0.7435659994908944,261.63921570777893,1084,51,30
Nursery,best_rule,FOLD-RM (fit),Precision_Gini_Impurity,0.23109567901234568,0.7366358627832557,262.82476329803467,1076,49,30
Nursery,best_rule,FOLD-RM (fit),Precision_Gini_Impurity,0.2916666666666667,0.7488859652298214,271.6003987789154,1267,52,30
Nursery,best_rule,FOLD-RM (fit),Precision_Gini_Impurity,0.24382716049382716,0.7428385680561331,272.61723017692566,1164,49,30
Nursery,best_rule,FOLD-RM (fit),Precision_Gini_Impurity,0.23958333333333334,0.7423019247605294,273.7362127304077,1165,49,30
Nursery,best_rule,FOLD-RM (fit),Precision_Gini_Impurity,0.3028549382716049,0.7500106697013105,274.3977644443512,1301,51,30
Nursery,best_rule,FOLD-RM (fit),Precision_Gini_Impurity,0.26427469135802467,0.7405731483640441,276.52235531806946,1243,49,30
Nursery,best_rule,FOLD-RM (fit),Precision_Gini_Impurity,0.2966820987654321,0.7463564856161244,276.9774830341339,1329,50,30
Nursery,best_rule,FOLD-RM (fit),Precision_Gini_Impurity,0.31828703703703703,0.7556738853017746,294.23898792266846,1415,51,30
Nursery,best_rule,FOLD-RM (fit),Precision_Gini_Impurity,0.33564814814814814,0.7449291940491497,296.9789688587189,1482,51,30
Nursery,best_rule,FOLD-RM (fit),Precision_Gini_Impurity,0.2789351851851852,0.7280930837241126,314.07622504234314,1622,52,30
Nursery,best_rule,FOLD-RM (fit),Precision_Gini_Impurity,0.28896604938271603,0.7337636185171662,320.75027799606323,1712,49,30
Nursery,best_rule,FOLD-RM (fit),Precision_Gini_Impurity,0.28858024691358025,0.7235320758265815,332.69088792800903,1965,51,30
Nursery,best_rule,CON-FOLD (confidence_fit),original,0.3325617283950617,0.8331398700694467,1.172257900238037,3,7,30
Nursery,best_rule,CON-FOLD (confidence_fit),original,0.3414351851851852,0.8353199485429817,1.1066968441009521,2,6,30
Nursery,best_rule,CON-FOLD (confidence_fit),original,0.33719135802469136,0.8342770150231509,1.1905567646026611,2,6,30
Nursery,best_rule,CON-FOLD (confidence_fit),original,0.3248456790123457,0.83119062454776,1.2549407482147217,2,6,30
Nursery,best_rule,CON-FOLD (confidence_fit),original,0.3221450617283951,0.8305357293504991,1.29146146774292,2,7,30
Nursery,best_rule,CON-FOLD (confidence_fit),original,0.3333333333333333,0.8333327700000024,1.2493350505828857,2,7,30
Nursery,best_rule,CON-FOLD (confidence_fit),original,0.3333333333333333,0.8333327700000026,1.2463347911834717,3,6,30
Nursery,best_rule,CON-FOLD (confidence_fit),original,0.3395061728395062,0.8347775904668239,1.2335994243621826,2,6,30
Nursery,best_rule,CON-FOLD (confidence_fit),original,0.33294753086419754,0.8332363200347245,1.2623615264892578,3,6,30
Nursery,best_rule,CON-FOLD (confidence_fit),original,0.33641975308641975,0.8341043697222246,1.2391443252563477,2,7,30
Nursery,best_rule,CON-FOLD (confidence_fit),original,0.3298611111111111,0.8324264584961059,1.2622385025024414,2,6,30
Nursery,best_rule,CON-FOLD (confidence_fit),original,0.32947530864197533,0.8323682788806301,1.3167402744293213,3,7,30
Nursery,best_rule,CON-FOLD (confidence_fit),original,0.34915123456790126,0.8372872094635448,1.167755126953125,3,7,30
Nursery,best_rule,CON-FOLD (confidence_fit),original,0.341820987654321,0.8354546603145866,1.316586971282959,2,7,30
Nursery,best_rule,CON-FOLD (confidence_fit),original,0.32947530864197533,0.8323682788806301,1.233623743057251,3,7,30
Nursery,best_rule,CON-FOLD (confidence_fit),original,0.33294753086419754,0.8331597964019314,1.2184553146362305,3,6,30
Nursery,best_rule,CON-FOLD (confidence_fit),original,0.33603395061728397,0.8340079197569472,1.2773234844207764,3,7,30
Nursery,best_rule,CON-FOLD (confidence_fit),original,0.3429783950617284,0.8357440101802119,1.206446886062622,2,7,30
Nursery,best_rule,CON-FOLD (confidence_fit),original,0.3441358024691358,0.8360333600458368,1.2049295902252197,3,6,30
Nursery,best_rule,CON-FOLD (confidence_fit),original,0.33796296296296297,0.8344519077669393,1.1301524639129639,2,6,30
Nursery,best_rule,CON-FOLD (confidence_fit),original,0.3287037037037037,0.8321753789300901,1.1326560974121094,3,6,30
Nursery,best_rule,CON-FOLD (confidence_fit),original,0.3445216049382716,0.8361298100010448,1.2692341804504395,3,7,30
Nursery,best_rule,CON-FOLD (confidence_fit),original,0.32060185185185186,0.8301499294494188,1.1958935260772705,3,7,30
Nursery,best_rule,CON-FOLD (confidence_fit),original,0.33217592592592593,0.8330434201041693,1.1105687618255615,3,7,30
Nursery,best_rule,CON-FOLD (confidence_fit),original,0.33757716049382713,0.8343937196180583,1.1361501216888428,3,7,30
Nursery,best_rule,CON-FOLD (confidence_fit),original,0.33641975308641975,0.8341043697222246,1.0963268280029297,3,6,30
Nursery,best_rule,CON-FOLD (confidence_fit),original,0.3333333333333333,0.8333327700000024,1.0652029514312744,3,7,30
Nursery,best_rule,CON-FOLD (confidence_fit),original,0.32175925925925924,0.8304392793752289,1.2079648971557617,3,7,30
Nursery,best_rule,CON-FOLD (confidence_fit),original,0.3306327160493827,0.8326576202430583,1.0660834312438965,2,7,30
Nursery,best_rule,CON-FOLD (confidence_fit),original,0.3460648148148148,0.8365156098218784,1.0605816841125488,3,7,30
Nursery,best_rule,CON-FOLD (confidence_fit),information_gain,0.3263888888888889,0.8315966790784696,0.7912039756774902,1,1,30
Nursery,best_rule,CON-FOLD (confidence_fit),information_gain,0.32137345679012347,0.830342829399959,0.7976245880126953,1,1,30
Nursery,best_rule,CON-FOLD (confidence_fit),information_gain,0.3429783950617284,0.8357440101802114,0.7688455581665039,1,1,30
Nursery,best_rule,CON-FOLD (confidence_fit),information_gain,0.3256172839506173,0.8314037791279296,0.8172764778137207,1,1,30
Nursery,best_rule,CON-FOLD (confidence_fit),information_gain,0.33796296296296297,0.8344901695833357,0.7651481628417969,1,1,30
Nursery,best_rule,CON-FOLD (confidence_fit),information_gain,0.3387345679012346,0.8346830695138914,0.8460173606872559,1,1,30
Nursery,best_rule,CON-FOLD (confidence_fit),information_gain,0.3506944444444444,0.8376730000611105,0.8346943855285645,1,1,30
Nursery,best_rule,CON-FOLD (confidence_fit),information_gain,0.3263888888888889,0.8315966790784697,0.8457741737365723,1,1,30
Nursery,best_rule,CON-FOLD (confidence_fit),information_gain,0.3194444444444444,0.8298605795236087,0.8465697765350342,1,1,30
Nursery,best_rule,CON-FOLD (confidence_fit),information_gain,0.3410493827160494,0.8352617604041701,0.8511550426483154,1,1,30
Nursery,best_rule,CON-FOLD (confidence_fit),information_gain,0.32098765432098764,0.8302463794246888,0.8874351978302002,1,1,30
Nursery,best_rule,CON-FOLD (confidence_fit),information_gain,0.3441358024691358,0.8360333600458368,0.8063697814941406,1,1,30
Nursery,best_rule,CON-FOLD (confidence_fit),information_gain,0.32523148148148145,0.8313073291526596,0.8772029876708984,1,1,30
Nursery,best_rule,CON-FOLD (confidence_fit),information_gain,0.3236882716049383,0.8309215292515795,0.9027860164642334,1,1,30
Nursery,best_rule,CON-FOLD (confidence_fit),information_gain,0.3433641975308642,0.83584046013542,0.7824680805206299,1,1,30
Nursery,best_rule,CON-FOLD (confidence_fit),information_gain,0.3298611111111111,0.8324647203125025,0.9401130676269531,1,1,30
Nursery,best_rule,CON-FOLD (confidence_fit),information_gain,0.3317901234567901,0.8329469701388915,0.8768231868743896,1,1,30
Nursery,best_rule,CON-FOLD (confidence_fit),information_gain,0.3263888888888889,0.8315966790784698,0.7999289035797119,1,1,30
Nursery,best_rule,CON-FOLD (confidence_fit),information_gain,0.32677469135802467,0.8316931290537397,0.7359147071838379,1,1,30
Nursery,best_rule,CON-FOLD (confidence_fit),information_gain,0.33217592592592593,0.8330434201041693,0.7792396545410156,1,1,30
Nursery,best_rule,CON-FOLD (confidence_fit),information_gain,0.33641975308641975,0.8341043697222246,0.626737117767334,1,1,30
Nursery,best_rule,CON-FOLD (confidence_fit),information_gain,0.32137345679012347,0.8303428293999588,0.810319185256958,1,1,30
Nursery,best_rule,CON-FOLD (confidence_fit),information_gain,0.35030864197530864,0.8375765501160487,0.7202451229095459,1,1,30
Nursery,best_rule,CON-FOLD (confidence_fit),information_gain,0.341820987654321,0.8354546603145868,0.8718044757843018,1,1,30
Nursery,best_rule,CON-FOLD (confidence_fit),information_gain,0.33834876543209874,0.8345866195486137,0.6484391689300537,1,1,30
Nursery,best_rule,CON-FOLD (confidence_fit),information_gain,0.3275462962962963,0.8318860290042798,0.7746737003326416,1,1,30
Nursery,best_rule,CON-FOLD (confidence_fit),information_gain,0.33989197530864196,0.8349724105385445,0.6976587772369385,1,1,30
Nursery,best_rule,CON-FOLD (confidence_fit),information_gain,0.3325617283950617,0.8331398700694468,0.7087035179138184,1,1,30
Nursery,best_rule,CON-FOLD (confidence_fit),information_gain,0.33796296296296297,0.834490169583336,0.819389820098877,1,1,30
Nursery,best_rule,CON-FOLD (confidence_fit),information_gain,0.33757716049382713,0.8343937196180582,0.7068395614624023,1,1,30
Nursery,best_rule,CON-FOLD (confidence_fit),Gini_Impurity,0.0,0.75,0.3293602466583252,0,0,30
Nursery,best_rule,CON-FOLD (confidence_fit),Gini_Impurity,0.0,0.75,0.3576040267944336,0,0,30
Nursery,best_rule,CON-FOLD (confidence_fit),Gini_Impurity,0.0,0.75,0.4283866882324219,0,0,30
Nursery,best_rule,CON-FOLD (confidence_fit),Gini_Impurity,0.0,0.75,0.4113748073577881,0,0,30
Nursery,best_rule,CON-FOLD (confidence_fit),Gini_Impurity,0.0,0.75,0.4360520839691162,0,0,30
Nursery,best_rule,CON-FOLD (confidence_fit),Gini_Impurity,0.0,0.75,0.4260082244873047,0,0,30
Nursery,best_rule,CON-FOLD (confidence_fit),Gini_Impurity,0.0,0.75,0.4315793514251709,0,0,30
Nursery,best_rule,CON-FOLD (confidence_fit),Gini_Impurity,0.0,0.75,0.5299873352050781,0,0,30
Nursery,best_rule,CON-FOLD (confidence_fit),Gini_Impurity,0.0,0.75,0.5235083103179932,0,0,30
Nursery,best_rule,CON-FOLD (confidence_fit),Gini_Impurity,0.0,0.75,0.5562572479248047,0,0,30
Nursery,best_rule,CON-FOLD (confidence_fit),Gini_Impurity,0.0,0.75,0.5567946434020996,0,0,30
Nursery,best_rule,CON-FOLD (confidence_fit),Gini_Impurity,0.0,0.75,0.5422189235687256,0,0,30
Nursery,best_rule,CON-FOLD (confidence_fit),Gini_Impurity,0.0,0.75,0.5070784091949463,0,0,30
Nursery,best_rule,CON-FOLD (confidence_fit),Gini_Impurity,0.0,0.75,0.5663731098175049,0,0,30
Nursery,best_rule,CON-FOLD (confidence_fit),Gini_Impurity,0.0,0.75,0.635089635848999,0,0,30
Nursery,best_rule,CON-FOLD (confidence_fit),Gini_Impurity,0.0,0.75,0.4743354320526123,0,0,30
Nursery,best_rule,CON-FOLD (confidence_fit),Gini_Impurity,0.0,0.75,0.4656789302825928,0,0,30
Nursery,best_rule,CON-FOLD (confidence_fit),Gini_Impurity,0.0,0.75,0.541126012802124,0,0,30
Nursery,best_rule,CON-FOLD (confidence_fit),Gini_Impurity,0.0,0.75,0.5406363010406494,0,0,30
Nursery,best_rule,CON-FOLD (confidence_fit),Gini_Impurity,0.0,0.75,0.40242457389831543,0,0,30
Nursery,best_rule,CON-FOLD (confidence_fit),Gini_Impurity,0.0,0.75,0.4989609718322754,0,0,30
Nursery,best_rule,CON-FOLD (confidence_fit),Gini_Impurity,0.0,0.75,0.4600968360900879,0,0,30
Nursery,best_rule,CON-FOLD (confidence_fit),Gini_Impurity,0.0,0.75,0.49023938179016113,0,0,30
Nursery,best_rule,CON-FOLD (confidence_fit),Gini_Impurity,0.0,0.75,0.9554650783538818,1,9,30
Nursery,best_rule,CON-FOLD (confidence_fit),Gini_Impurity,0.0,0.75,0.8449554443359375,1,6,30
Nursery,best_rule,CON-FOLD (confidence_fit),Gini_Impurity,0.0,0.75,0.755850076675415,1,8,30
Nursery,best_rule,CON-FOLD (confidence_fit),Gini_Impurity,0.0,0.75,1.1586947441101074,2,10,30
Nursery,best_rule,CON-FOLD (confidence_fit),Gini_Impurity,0.0,0.75,1.174689769744873,2,8,30
Nursery,best_rule,CON-FOLD (confidence_fit),Gini_Impurity,0.00038580246913580245,0.7499819139017361,0.9865250587463379,2,12,30
Nursery,best_rule,CON-FOLD (confidence_fit),Gini_Impurity,0.0,0.75,1.4407093524932861,3,13,30
Nursery,best_rule,CON-FOLD (confidence_fit),Precision_Information_Gain,0.0,0.75,0.3204076290130615,0,0,30
Nursery,best_rule,CON-FOLD (confidence_fit),Precision_Information_Gain,0.0,0.75,0.3323841094970703,0,0,30
Nursery,best_rule,CON-FOLD (confidence_fit),Precision_Information_Gain,0.0,0.75,0.3269681930541992,0,0,30
Nursery,best_rule,CON-FOLD (confidence_fit),Precision_Information_Gain,0.0,0.75,0.3490304946899414,0,0,30
Nursery,best_rule,CON-FOLD (confidence_fit),Precision_Information_Gain,0.0,0.75,0.40876078605651855,0,0,30
Nursery,best_rule,CON-FOLD (confidence_fit),Precision_Information_Gain,0.0,0.75,0.45243287086486816,0,0,30
Nursery,best_rule,CON-FOLD (confidence_fit),Precision_Information_Gain,0.0,0.75,0.5127522945404053,0,0,30
Nursery,best_rule,CON-FOLD (confidence_fit),Precision_Information_Gain,0.0,0.75,0.48299360275268555,0,0,30
Nursery,best_rule,CON-FOLD (confidence_fit),Precision_Information_Gain,0.0,0.75,0.4569211006164551,0,0,30
Nursery,best_rule,CON-FOLD (confidence_fit),Precision_Information_Gain,0.0,0.75,0.4745311737060547,0,0,30
Nursery,best_rule,CON-FOLD (confidence_fit),Precision_Information_Gain,0.0,0.75,0.4689929485321045,0,0,30
Nursery,best_rule,CON-FOLD (confidence_fit),Precision_Information_Gain,0.0,0.75,0.47454261779785156,0,0,30
Nursery,best_rule,CON-FOLD (confidence_fit),Precision_Information_Gain,0.0,0.75,0.45897746086120605,0,0,30
Nursery,best_rule,CON-FOLD (confidence_fit),Precision_Information_Gain,0.0,0.75,0.464557409286499,0,0,30
Nursery,best_rule,CON-FOLD (confidence_fit),Precision_Information_Gain,0.0,0.75,0.4950876235961914,0,0,30
Nursery,best_rule,CON-FOLD (confidence_fit),Precision_Information_Gain,0.0,0.75,0.46407437324523926,0,0,30
Nursery,best_rule,CON-FOLD (confidence_fit),Precision_Information_Gain,0.0,0.75,0.46852898597717285,0,0,30
Nursery,best_rule,CON-FOLD (confidence_fit),Precision_Information_Gain,0.0,0.75,0.4971606731414795,0,0,30
Nursery,best_rule,CON-FOLD (confidence_fit),Precision_Information_Gain,0.0,0.75,0.47659850120544434,0,0,30
Nursery,best_rule,CON-FOLD (confidence_fit),Precision_Information_Gain,0.0,0.75,0.43149852752685547,0,0,30
Nursery,best_rule,CON-FOLD (confidence_fit),Precision_Information_Gain,0.0,0.75,0.45507240295410156,0,0,30
Nursery,best_rule,CON-FOLD (confidence_fit),Precision_Information_Gain,0.0,0.75,0.47773265838623047,0,0,30
Nursery,best_rule,CON-FOLD (confidence_fit),Precision_Information_Gain,0.0,0.75,0.4019286632537842,0,0,30
Nursery,best_rule,CON-FOLD (confidence_fit),Precision_Information_Gain,0.0,0.75,0.4380643367767334,0,0,30
Nursery,best_rule,CON-FOLD (confidence_fit),Precision_Information_Gain,0.32523148148148145,0.8313073291526596,0.6238143444061279,1,1,30
Nursery,best_rule,CON-FOLD (confidence_fit),Precision_Information_Gain,0.0,0.75,0.4164881706237793,0,0,30
Nursery,best_rule,CON-FOLD (confidence_fit),Precision_Information_Gain,0.0,0.75,0.38784050941467285,0,0,30
Nursery,best_rule,CON-FOLD (confidence_fit),Precision_Information_Gain,0.0,0.75,0.3938889503479004,0,0,30
Nursery,best_rule,CON-FOLD (confidence_fit),Precision_Information_Gain,0.0,0.75,0.3641700744628906,0,0,30
Nursery,best_rule,CON-FOLD (confidence_fit),Precision_Information_Gain,0.0,0.75,0.3617208003997803,0,0,30
Nursery,best_rule,CON-FOLD (confidence_fit),Precision_Gini_Impurity,0.22530864197530864,0.7638771342248447,70.46710515022278,152,45,30
Nursery,best_rule,CON-FOLD (confidence_fit),Precision_Gini_Impurity,0.22916666666666666,0.7618698893283944,94.22299385070801,241,45,30
Nursery,best_rule,CON-FOLD (confidence_fit),Precision_Gini_Impurity,0.24768518518518517,0.7619839828120362,103.49851965904236,294,45,30
Nursery,best_rule,CON-FOLD (confidence_fit),Precision_Gini_Impurity,0.22415123456790123,0.7594620422912018,127.38027811050415,368,48,30
Nursery,best_rule,CON-FOLD (confidence_fit),Precision_Gini_Impurity,0.2465277777777778,0.7591886122051323,128.74342274665833,371,48,30
Nursery,best_rule,CON-FOLD (confidence_fit),Precision_Gini_Impurity,0.2353395061728395,0.7467210331009642,134.46280908584595,443,47,30
Nursery,best_rule,CON-FOLD (confidence_fit),Precision_Gini_Impurity,0.2361111111111111,0.7539439485345285,189.19702529907227,647,48,30
Nursery,best_rule,CON-FOLD (confidence_fit),Precision_Gini_Impurity,0.2789351851851852,0.7452780813324447,191.10598230361938,843,49,30
Nursery,best_rule,CON-FOLD (confidence_fit),Precision_Gini_Impurity,0.27546296296296297,0.7392623704758865,207.18089509010315,919,50,30
Nursery,best_rule,CON-FOLD (confidence_fit),Precision_Gini_Impurity,0.27469135802469136,0.74841823481107,213.23246479034424,776,48,30
Nursery,best_rule,CON-FOLD (confidence_fit),Precision_Gini_Impurity,0.23919753086419754,0.7518362859012342,215.17681074142456,749,48,30
Nursery,best_rule,CON-FOLD (confidence_fit),Precision_Gini_Impurity,0.2762345679012346,0.7440565026221069,225.0886402130127,900,49,30
Nursery,best_rule,CON-FOLD (confidence_fit),Precision_Gini_Impurity,0.27391975308641975,0.7504862483114972,233.9725260734558,926,49,30
Nursery,best_rule,CON-FOLD (confidence_fit),Precision_Gini_Impurity,0.2993827160493827,0.745375017380902,244.00028586387634,1073,49,30
Nursery,best_rule,CON-FOLD (confidence_fit),Precision_Gini_Impurity,0.25540123456790126,0.746351573389505,247.59868335723877,998,47,30
Nursery,best_rule,CON-FOLD (confidence_fit),Precision_Gini_Impurity,0.27507716049382713,0.7364224096659336,248.79031038284302,1056,49,30
Nursery,best_rule,CON-FOLD (confidence_fit),Precision_Gini_Impurity,0.2970679012345679,0.7398525853656229,251.5385184288025,1240,50,30
Nursery,best_rule,CON-FOLD (confidence_fit),Precision_Gini_Impurity,0.27507716049382713,0.7440872146960252,251.72880172729492,947,49,30
Nursery,best_rule,CON-FOLD (confidence_fit),Precision_Gini_Impurity,0.2638888888888889,0.7336008289427062,256.3560678958893,1160,50,30
Nursery,best_rule,CON-FOLD (confidence_fit),Precision_Gini_Impurity,0.2824074074074074,0.7456307199451759,261.3170499801636,1132,50,30
Nursery,best_rule,CON-FOLD (confidence_fit),Precision_Gini_Impurity,0.27739197530864196,0.7419000351888103,263.0970039367676,1200,51,30
Nursery,best_rule,CON-FOLD (confidence_fit),Precision_Gini_Impurity,0.2847222222222222,0.7363667622169352,268.06196904182434,1258,47,30
Nursery,best_rule,CON-FOLD (confidence_fit),Precision_Gini_Impurity,0.27546296296296297,0.7386562842160108,269.9495232105255,1295,48,30
Nursery,best_rule,CON-FOLD (confidence_fit),Precision_Gini_Impurity,0.3005401234567901,0.7374630311444033,270.12713527679443,1295,49,30
Nursery,best_rule,CON-FOLD (confidence_fit),Precision_Gini_Impurity,0.2785493827160494,0.7292507952954093,270.17620301246643,1319,48,30
Nursery,best_rule,CON-FOLD (confidence_fit),Precision_Gini_Impurity,0.30478395061728397,0.7447371943290512,275.7695872783661,1319,50,30
Nursery,best_rule,CON-FOLD (confidence_fit),Precision_Gini_Impurity,0.3132716049382716,0.7270147661606854,276.84805822372437,1693,50,30
Nursery,best_rule,CON-FOLD (confidence_fit),Precision_Gini_Impurity,0.28510802469135804,0.7344968636988428,289.1807014942169,1550,49,30
Nursery,best_rule,CON-FOLD (confidence_fit),Precision_Gini_Impurity,0.3167438271604938,0.7281271605335261,299.9513876438141,1798,51,30
Nursery,best_rule,CON-FOLD (confidence_fit),Precision_Gini_Impurity,0.3167438271604938,0.7147104271624208,314.89717388153076,2241,49,30
Nursery,info_gain,FOLD-RM (fit),original,0.6419753086419753,0.8820559626326774,1.4623565673828125,33,20,30
Nursery,info_gain,FOLD-RM (fit),original,0.6489197530864198,0.885584068864236,1.6239535808563232,38,23,30
Nursery,info_gain,FOLD-RM (fit),original,0.9633487654320988,0.9669637166771226,2.3251917362213135,71,32,30
Nursery,info_gain,FOLD-RM (fit),original,0.9614197530864198,0.9651951588483795,2.3854012489318848,62,23,30
Nursery,info_gain,FOLD-RM (fit),original,0.9440586419753086,0.9531776824946757,2.2530856132507324,65,24,30
Nursery,info_gain,FOLD-RM (fit),original,0.9729938271604939,0.9743910479434417,2.3886306285858154,61,29,30
Nursery,info_gain,FOLD-RM (fit),original,0.9598765432098766,0.9637136940512737,2.516542911529541,65,23,30
Nursery,info_gain,FOLD-RM (fit),original,0.9594907407407407,0.963972080701081,2.350933074951172,68,23,30
Nursery,info_gain,FOLD-RM (fit),original,0.9764660493827161,0.9780334879792822,2.4939863681793213,76,32,30
Nursery,info_gain,FOLD-RM (fit),original,0.9409722222222222,0.9492452817519671,2.2560219764709473,64,23,30
Nursery,info_gain,FOLD-RM (fit),original,0.9564043209876543,0.9607515667435962,2.5537102222442627,65,28,30
Nursery,info_gain,FOLD-RM (fit),original,0.9598765432098766,0.9642682371863811,2.237715721130371,64,32,30
Nursery,info_gain,FOLD-RM (fit),original,0.9564043209876543,0.962118080634492,2.3864986896514893,66,27,30
Nursery,info_gain,FOLD-RM (fit),original,0.9652777777777778,0.9686773803593751,2.4423251152038574,62,22,30
Nursery,info_gain,FOLD-RM (fit),original,0.9309413580246914,0.9420649477600297,2.2298879623413086,59,26,30
Nursery,info_gain,FOLD-RM (fit),original,0.9421296296296297,0.9509283199864573,2.5141565799713135,68,28,30
Nursery,info_gain,FOLD-RM (fit),original,0.970679012345679,0.9723972297841049,2.581685781478882,75,32,30
Nursery,info_gain,FOLD-RM (fit),original,0.9621913580246914,0.9662880599260806,2.2775161266326904,64,28,30
Nursery,info_gain,FOLD-RM (fit),original,0.9729938271604939,0.9749803849397373,2.640770196914673,74,31,30
Nursery,info_gain,FOLD-RM (fit),original,0.9583333333333334,0.9622031362754254,2.4728362560272217,67,26,30
Nursery,info_gain,FOLD-RM (fit),original,0.9664351851851852,0.9689303268852629,2.260911703109741,72,27,30
Nursery,info_gain,FOLD-RM (fit),original,0.9463734567901234,0.9543513633754647,2.4042797088623047,68,27,30
Nursery,info_gain,FOLD-RM (fit),original,0.9606481481481481,0.9642605984938273,2.4859063625335693,67,26,30
Nursery,info_gain,FOLD-RM (fit),original,0.9675925925925926,0.9701899500498853,2.4259393215179443,70,24,30
Nursery,info_gain,FOLD-RM (fit),original,0.9513888888888888,0.9582218855049396,2.2870140075683594,69,27,30
Nursery,info_gain,FOLD-RM (fit),original,0.966820987654321,0.9700503716463735,2.6178817749023438,76,31,30
Nursery,info_gain,FOLD-RM (fit),original,0.9656635802469136,0.9688084652780876,2.3743886947631836,79,27,30
Nursery,info_gain,FOLD-RM (fit),original,0.9702932098765432,0.9725832294989585,2.414011001586914,81,26,30
Nursery,info_gain,FOLD-RM (fit),original,0.9799382716049383,0.9806073368119212,2.626378297805786,91,33,30
Nursery,info_gain,FOLD-RM (fit),original,0.9795524691358025,0.9802680649459877,2.568405866622925,75,30,30
Nursery,info_gain,FOLD-RM (fit),information_gain,0.6041666666666666,0.8563451009752281,0.6925480365753174,3,4,30
Nursery,info_gain,FOLD-RM (fit),information_gain,0.7889660493827161,0.89824295951358,0.8990225791931152,5,7,30
Nursery,info_gain,FOLD-RM (fit),information_gain,0.8043981481481481,0.8918099143468748,0.8682496547698975,6,8,30
Nursery,info_gain,FOLD-RM (fit),information_gain,0.816358024691358,0.8978244761615747,0.8696324825286865,6,8,30
Nursery,info_gain,FOLD-RM (fit),information_gain,0.7642746913580247,0.8900458731095668,0.8731076717376709,5,7,30
Nursery,info_gain,FOLD-RM (fit),information_gain,0.808641975308642,0.8936163775037032,0.8645217418670654,6,8,30
Nursery,info_gain,FOLD-RM (fit),information_gain,0.8117283950617284,0.8967557448180152,0.8941650390625,6,8,30
Nursery,info_gain,FOLD-RM (fit),information_gain,0.8101851851851852,0.8957456500997303,0.8805532455444336,6,8,30
Nursery,info_gain,FOLD-RM (fit),information_gain,0.7789351851851852,0.8925883408849912,0.6964840888977051,5,6,30
Nursery,info_gain,FOLD-RM (fit),information_gain,0.7677469135802469,0.8879440087166297,0.7436702251434326,5,6,30
Nursery,info_gain,FOLD-RM (fit),information_gain,0.8171296296296297,0.9002480153291263,0.9091899394989014,7,9,30
Nursery,info_gain,FOLD-RM (fit),information_gain,0.7743055555555556,0.8890995560543592,1.0713343620300293,7,11,30
Nursery,info_gain,FOLD-RM (fit),information_gain,0.8503086419753086,0.8867855744869974,0.6181681156158447,5,5,30
Nursery,info_gain,FOLD-RM (fit),information_gain,0.7770061728395061,0.8905497239765034,0.6814227104187012,5,6,30
Nursery,info_gain,FOLD-RM (fit),information_gain,0.8109567901234568,0.8998236096868831,0.8272221088409424,6,9,30
Nursery,info_gain,FOLD-RM (fit),information_gain,0.8194444444444444,0.8995645367331393,0.8734281063079834,7,9,30
Nursery,info_gain,FOLD-RM (fit),information_gain,0.8155864197530864,0.8991861053216421,0.9090969562530518,7,9,30
Nursery,info_gain,FOLD-RM (fit),information_gain,0.8059413580246914,0.8919304271523896,0.8383297920227051,7,9,30
Nursery,info_gain,FOLD-RM (fit),information_gain,0.7800925925925926,0.8935771760016205,0.6649134159088135,5,7,30
Nursery,info_gain,FOLD-RM (fit),information_gain,0.7820216049382716,0.8957557499958327,0.752422571182251,5,6,30
Nursery,info_gain,FOLD-RM (fit),information_gain,0.8078703703703703,0.8929734656847987,0.6784713268280029,6,9,30
Nursery,info_gain,FOLD-RM (fit),information_gain,0.8128858024691358,0.9004036253137315,0.8507668972015381,6,9,30
Nursery,info_gain,FOLD-RM (fit),information_gain,0.7847222222222222,0.8956357543287397,0.6156744956970215,6,7,30
Nursery,info_gain,FOLD-RM (fit),information_gain,0.7665895061728395,0.8873062632839496,0.8271005153656006,7,11,30
Nursery,info_gain,FOLD-RM (fit),information_gain,0.7874228395061729,0.8957534073075997,0.6447994709014893,6,7,30
Nursery,info_gain,FOLD-RM (fit),information_gain,0.7692901234567902,0.8868656523922074,0.7921404838562012,7,11,30
Nursery,info_gain,FOLD-RM (fit),information_gain,0.7750771604938271,0.8900094439129643,0.9010615348815918,6,6,30
Nursery,info_gain,FOLD-RM (fit),information_gain,0.8217592592592593,0.9027047055955637,0.6728870868682861,7,9,30
Nursery,info_gain,FOLD-RM (fit),information_gain,0.8125,0.8973970795879996,0.6187193393707275,7,9,30
Nursery,info_gain,FOLD-RM (fit),information_gain,0.6022376543209876,0.8585017693990753,0.5267903804779053,3,4,30
Nursery,info_gain,FOLD-RM (fit),Gini_Impurity,0.0,0.75,0.14959025382995605,0,0,30
Nursery,info_gain,FOLD-RM (fit),Gini_Impurity,0.0,0.75,0.4437720775604248,1,7,30
Nursery,info_gain,FOLD-RM (fit),Gini_Impurity,0.0,0.75,0.27692198753356934,0,0,30
Nursery,info_gain,FOLD-RM (fit),Gini_Impurity,0.0,0.75,0.5024256706237793,1,8,30
Nursery,info_gain,FOLD-RM (fit),Gini_Impurity,0.0,0.75,0.33473992347717285,0,0,30
Nursery,info_gain,FOLD-RM (fit),Gini_Impurity,0.0,0.75,0.5189714431762695,1,8,30
Nursery,info_gain,FOLD-RM (fit),Gini_Impurity,0.0,0.75,0.4622914791107178,0,0,30
Nursery,info_gain,FOLD-RM (fit),Gini_Impurity,0.0,0.75,0.5546445846557617,1,7,30
Nursery,info_gain,FOLD-RM (fit),Gini_Impurity,0.0,0.75,0.6586651802062988,2,11,30
Nursery,info_gain,FOLD-RM (fit),Gini_Impurity,0.0,0.75,0.5270850658416748,1,7,30
Nursery,info_gain,FOLD-RM (fit),Gini_Impurity,0.0,0.75,0.5391972064971924,1,7,30
Nursery,info_gain,FOLD-RM (fit),Gini_Impurity,0.0,0.75,0.2270491123199463,0,0,30
Nursery,info_gain,FOLD-RM (fit),Gini_Impurity,0.0,0.75,0.41671323776245117,0,0,30
Nursery,info_gain,FOLD-RM (fit),Gini_Impurity,0.0,0.75,0.3300008773803711,0,0,30
Nursery,info_gain,FOLD-RM (fit),Gini_Impurity,0.0,0.75,0.25658249855041504,0,0,30
Nursery,info_gain,FOLD-RM (fit),Gini_Impurity,0.0,0.75,0.2923758029937744,0,0,30
Nursery,info_gain,FOLD-RM (fit),Gini_Impurity,0.0,0.75,0.4838533401489258,1,8,30
Nursery,info_gain,FOLD-RM (fit),Gini_Impurity,0.0,0.75,0.7495231628417969,2,12,30
Nursery,info_gain,FOLD-RM (fit),Gini_Impurity,0.0,0.75,0.2726259231567383,0,0,30
Nursery,info_gain,FOLD-RM (fit),Gini_Impurity,0.0,0.7499594907407408,0.42104101181030273,1,7,30
Nursery,info_gain,FOLD-RM (fit),Gini_Impurity,0.0,0.75,0.5304813385009766,1,8,30
Nursery,info_gain,FOLD-RM (fit),Gini_Impurity,0.0,0.75,0.4789259433746338,1,6,30
Nursery,info_gain,FOLD-RM (fit),Gini_Impurity,0.0,0.75,0.5033631324768066,1,6,30
Nursery,info_gain,FOLD-RM (fit),Gini_Impurity,0.0,0.75,0.5926513671875,1,6,30
Nursery,info_gain,FOLD-RM (fit),Gini_Impurity,0.0,0.75,1.1107890605926514,4,15,30
Nursery,info_gain,FOLD-RM (fit),Gini_Impurity,0.0,0.7499594907407408,0.8777642250061035,3,12,30
Nursery,info_gain,FOLD-RM (fit),Gini_Impurity,0.0,0.7499497611239583,0.9153232574462891,3,10,30
Nursery,info_gain,FOLD-RM (fit),Gini_Impurity,0.0,0.7499189814814815,1.0770409107208252,4,16,30
Nursery,info_gain,FOLD-RM (fit),Gini_Impurity,0.0,0.75,0.9650299549102783,3,15,30
Nursery,info_gain,FOLD-RM (fit),Gini_Impurity,0.0,0.7499189814814815,1.1986970901489258,6,19,30
Nursery,info_gain,FOLD-RM (fit),Precision_Information_Gain,0.3445216049382716,0.8361298100010452,0.18331551551818848,1,1,30
Nursery,info_gain,FOLD-RM (fit),Precision_Information_Gain,0.3368055555555556,0.8342008196875026,0.21033978462219238,1,1,30
Nursery,info_gain,FOLD-RM (fit),Precision_Information_Gain,0.3433641975308642,0.8358404601354199,0.21347928047180176,1,1,30
Nursery,info_gain,FOLD-RM (fit),Precision_Information_Gain,0.3306327160493827,0.8326576202430583,0.21516036987304688,1,1,30
Nursery,info_gain,FOLD-RM (fit),Precision_Information_Gain,0.3290895061728395,0.8322718289053601,0.223191499710083,1,1,30
Nursery,info_gain,FOLD-RM (fit),Precision_Information_Gain,0.33101851851851855,0.8327540702083359,0.2302107810974121,1,1,30
Nursery,info_gain,FOLD-RM (fit),Precision_Information_Gain,0.32060185185185186,0.8301499294494188,0.22770404815673828,1,1,30
Nursery,info_gain,FOLD-RM (fit),Precision_Information_Gain,0.33796296296296297,0.8344901695833353,0.2342519760131836,1,1,30
Nursery,info_gain,FOLD-RM (fit),Precision_Information_Gain,0.33641975308641975,0.8341043697222246,0.2196807861328125,1,1,30
Nursery,info_gain,FOLD-RM (fit),Precision_Information_Gain,0.3279320987654321,0.83198247897955,0.2351841926574707,1,1,30
Nursery,info_gain,FOLD-RM (fit),Precision_Information_Gain,0.32677469135802467,0.8316931290537397,0.23727035522460938,1,1,30
Nursery,info_gain,FOLD-RM (fit),Precision_Information_Gain,0.0,0.75,0.17980170249938965,0,0,30
Nursery,info_gain,FOLD-RM (fit),Precision_Information_Gain,0.33487654320987653,0.8337185698611136,0.24219822883605957,1,1,30
Nursery,info_gain,FOLD-RM (fit),Precision_Information_Gain,0.33834876543209874,0.8345866195486136,0.23826980590820312,1,1,30
Nursery,info_gain,FOLD-RM (fit),Precision_Information_Gain,0.33796296296296297,0.8344901695833357,0.2357478141784668,1,1,30
Nursery,info_gain,FOLD-RM (fit),Precision_Information_Gain,0.33719135802469136,0.8342972696527803,0.2365553379058838,1,1,30
Nursery,info_gain,FOLD-RM (fit),Precision_Information_Gain,0.31983024691358025,0.8299570294988786,0.23461484909057617,1,1,30
Nursery,info_gain,FOLD-RM (fit),Precision_Information_Gain,0.33989197530864196,0.834972410538545,0.2401292324066162,1,1,30
Nursery,info_gain,FOLD-RM (fit),Precision_Information_Gain,0.33487654320987653,0.8337185698611136,0.23742127418518066,1,1,30
Nursery,info_gain,FOLD-RM (fit),Precision_Information_Gain,0.0,0.75,0.21112298965454102,0,0,30
Nursery,info_gain,FOLD-RM (fit),Precision_Information_Gain,0.3314043209876543,0.8328505201736132,0.24420404434204102,1,1,30
Nursery,info_gain,FOLD-RM (fit),Precision_Information_Gain,0.3387345679012346,0.834683069513891,0.23617959022521973,1,1,30
Nursery,info_gain,FOLD-RM (fit),Precision_Information_Gain,0.3341049382716049,0.8335256699305583,0.235687255859375,1,1,30
Nursery,info_gain,FOLD-RM (fit),Precision_Information_Gain,0.33526234567901236,0.8338150198263914,0.23216795921325684,1,1,30
Nursery,info_gain,FOLD-RM (fit),Precision_Information_Gain,0.3317901234567901,0.8329469701388915,0.23364996910095215,1,1,30
Nursery,info_gain,FOLD-RM (fit),Precision_Information_Gain,0.0,0.75,0.15030694007873535,0,0,30
Nursery,info_gain,FOLD-RM (fit),Precision_Information_Gain,0.33024691358024694,0.8325611702777804,0.2183856964111328,1,1,30
Nursery,info_gain,FOLD-RM (fit),Precision_Information_Gain,0.33371913580246915,0.8334292199652804,0.2515442371368408,1,1,30
Nursery,info_gain,FOLD-RM (fit),Precision_Information_Gain,0.3275462962962963,0.83188602900428,0.20524287223815918,1,1,30
Nursery,info_gain,FOLD-RM (fit),Precision_Information_Gain,0.3271604938271605,0.8317895790290099,0.19620347023010254,1,1,30
Nursery,info_gain,FOLD-RM (fit),Precision_Gini_Impurity,0.0,0.748960924537384,8.643125057220459,24,30,30
Nursery,info_gain,FOLD-RM (fit),Precision_Gini_Impurity,0.0,0.7488780444812498,13.734163999557495,40,31,30
Nursery,info_gain,FOLD-RM (fit),Precision_Gini_Impurity,0.00038580246913580245,0.7485742878346062,14.371458530426025,42,35,30
Nursery,info_gain,FOLD-RM (fit),Precision_Gini_Impurity,0.04552469135802469,0.7547317098781637,18.02121067047119,85,37,30
Nursery,info_gain,FOLD-RM (fit),Precision_Gini_Impurity,0.04938271604938271,0.7526872921249222,23.297532558441162,89,37,30
Nursery,info_gain,FOLD-RM (fit),Precision_Gini_Impurity,0.04436728395061729,0.7516193871339504,28.779507875442505,137,41,30
Nursery,info_gain,FOLD-RM (fit),Precision_Gini_Impurity,0.05015432098765432,0.7526262115161259,34.09147024154663,158,43,30
Nursery,info_gain,FOLD-RM (fit),Precision_Gini_Impurity,0.04513888888888889,0.7550116632007328,39.32134437561035,173,42,30
Nursery,info_gain,FOLD-RM (fit),Precision_Gini_Impurity,0.10108024691358025,0.7620734868768504,42.86507248878479,237,43,30
Nursery,info_gain,FOLD-RM (fit),Precision_Gini_Impurity,0.05401234567901234,0.7561302326793593,45.34162759780884,178,44,30
Nursery,info_gain,FOLD-RM (fit),Precision_Gini_Impurity,0.08449074074074074,0.7542790730083329,46.534247398376465,234,40,30
Nursery,info_gain,FOLD-RM (fit),Precision_Gini_Impurity,0.09722222222222222,0.7567237952095283,53.732970237731934,276,43,30
Nursery,info_gain,FOLD-RM (fit),Precision_Gini_Impurity,0.10108024691358025,0.763322623094328,62.59280014038086,335,43,30
Nursery,info_gain,FOLD-RM (fit),Precision_Gini_Impurity,0.08757716049382716,0.7568455353756167,66.18927717208862,365,44,30
Nursery,info_gain,FOLD-RM (fit),Precision_Gini_Impurity,0.09104938271604938,0.7548367808377302,70.6151762008667,367,43,30
Nursery,info_gain,FOLD-RM (fit),Precision_Gini_Impurity,0.09760802469135803,0.7595864874616897,71.0985815525055,365,44,30
Nursery,info_gain,FOLD-RM (fit),Precision_Gini_Impurity,0.10223765432098765,0.7623196558596057,75.72170686721802,428,45,30
Nursery,info_gain,FOLD-RM (fit),Precision_Gini_Impurity,0.10262345679012345,0.7626729493442126,75.91929006576538,419,43,30
Nursery,info_gain,FOLD-RM (fit),Precision_Gini_Impurity,0.08719135802469136,0.7533018875326003,77.84258198738098,441,42,30
Nursery,info_gain,FOLD-RM (fit),Precision_Gini_Impurity,0.10223765432098765,0.761004213521874,78.60202860832214,465,43,30
Nursery,info_gain,FOLD-RM (fit),Precision_Gini_Impurity,0.09104938271604938,0.7566819886437496,80.55138373374939,465,43,30
Nursery,info_gain,FOLD-RM (fit),Precision_Gini_Impurity,0.0941358024691358,0.7581265999786264,84.66350555419922,490,45,30
Nursery,info_gain,FOLD-RM (fit),Precision_Gini_Impurity,0.16782407407407407,0.7618317917997296,86.39435863494873,641,48,30
Nursery,info_gain,FOLD-RM (fit),Precision_Gini_Impurity,0.22415123456790123,0.763410336546489,86.58181929588318,686,46,30
Nursery,info_gain,FOLD-RM (fit),Precision_Gini_Impurity,0.09722222222222222,0.7544281507056707,86.76440238952637,492,44,30
Nursery,info_gain,FOLD-RM (fit),Precision_Gini_Impurity,0.10108024691358025,0.7588671696260791,89.26236629486084,531,44,30
Nursery,info_gain,FOLD-RM (fit),Precision_Gini_Impurity,0.09182098765432099,0.7616408365880016,93.98437571525574,557,44,30
Nursery,info_gain,FOLD-RM (fit),Precision_Gini_Impurity,0.13657407407407407,0.7489542929225294,102.2923755645752,755,43,30
Nursery,info_gain,FOLD-RM (fit),Precision_Gini_Impurity,0.14390432098765432,0.7532167061891197,110.62726593017578,816,44,30
Nursery,info_gain,FOLD-RM (fit),Precision_Gini_Impurity,0.15393518518518517,0.7456981888139642,114.60350775718689,908,45,30
Nursery,info_gain,CON-FOLD (confidence_fit),original,0.9220679012345679,0.9363383763949076,3.4038593769073486,36,20,30
Nursery,info_gain,CON-FOLD (confidence_fit),original,0.6273148148148148,0.8781335830494188,3.36991810798645,25,16,30
Nursery,info_gain,CON-FOLD (confidence_fit),original,0.6435185185185185,0.8805979457061733,3.745119333267212,25,17,30
Nursery,info_gain,CON-FOLD (confidence_fit),original,0.6442901234567902,0.8820005714258499,3.882718563079834,28,16,30
Nursery,info_gain,CON-FOLD (confidence_fit),original,0.9324845679012346,0.9413784037480315,3.83506178855896,34,24,30
Nursery,info_gain,CON-FOLD (confidence_fit),original,0.6400462962962963,0.8783167491363427,3.49672269821167,15,11,30
Nursery,info_gain,CON-FOLD (confidence_fit),original,0.9363425925925926,0.9438386650205617,3.7842767238616943,32,25,30
Nursery,info_gain,CON-FOLD (confidence_fit),original,0.9459876543209876,0.9524027096002315,3.87374210357666,41,17,30
Nursery,info_gain,CON-FOLD (confidence_fit),original,0.6585648148148148,0.8839991327446771,3.4588265419006348,30,17,30
Nursery,info_gain,CON-FOLD (confidence_fit),original,0.9309413580246914,0.9405677849711422,3.9350571632385254,40,18,30
Nursery,info_gain,CON-FOLD (confidence_fit),original,0.9317129629629629,0.9417103929400066,3.5442914962768555,39,22,30
Nursery,info_gain,CON-FOLD (confidence_fit),original,0.6450617283950617,0.8786653563940586,3.6566479206085205,27,15,30
Nursery,info_gain,CON-FOLD (confidence_fit),original,0.9548611111111112,0.9580909839956024,3.7611167430877686,49,24,30
Nursery,info_gain,CON-FOLD (confidence_fit),original,0.9359567901234568,0.9449913975592982,3.8746860027313232,34,17,30
Nursery,info_gain,CON-FOLD (confidence_fit),original,0.9417438271604939,0.9481463497411649,3.955519199371338,32,21,30
Nursery,info_gain,CON-FOLD (confidence_fit),original,0.9452160493827161,0.9520109321840665,4.0651445388793945,36,23,30
Nursery,info_gain,CON-FOLD (confidence_fit),original,0.9417438271604939,0.9495215899993052,4.178652763366699,38,24,30
Nursery,info_gain,CON-FOLD (confidence_fit),original,0.9320987654320988,0.9410488167015808,4.100356817245483,40,16,30
Nursery,info_gain,CON-FOLD (confidence_fit),original,0.9266975308641975,0.9385646541529312,3.81833553314209,31,17,30
Nursery,info_gain,CON-FOLD (confidence_fit),original,0.9529320987654321,0.9576173481197933,3.91733455657959,53,21,30
Nursery,info_gain,CON-FOLD (confidence_fit),original,0.9371141975308642,0.9448479449368825,3.8255839347839355,31,20,30
Nursery,info_gain,CON-FOLD (confidence_fit),original,0.6373456790123457,0.879843688934874,3.8353047370910645,30,14,30
Nursery,info_gain,CON-FOLD (confidence_fit),original,0.9436728395061729,0.9494996662038195,4.133667469024658,44,22,30
Nursery,info_gain,CON-FOLD (confidence_fit),original,0.9386574074074074,0.947686671584105,3.851747512817383,37,22,30
Nursery,info_gain,CON-FOLD (confidence_fit),original,0.9390432098765432,0.9477042786732255,4.078428745269775,32,16,30
Nursery,info_gain,CON-FOLD (confidence_fit),original,0.9398148148148148,0.9469074989259637,4.34322190284729,44,22,30
Nursery,info_gain,CON-FOLD (confidence_fit),original,0.9498456790123457,0.9547428620874227,3.9653074741363525,38,23,30
Nursery,info_gain,CON-FOLD (confidence_fit),original,0.6439043209876543,0.878707989670561,4.120772361755371,26,15,30
Nursery,info_gain,CON-FOLD (confidence_fit),original,0.9494598765432098,0.9536120838960644,4.177013874053955,38,21,30
Nursery,info_gain,CON-FOLD (confidence_fit),original,0.9606481481481481,0.9628759538275462,4.4270546436309814,53,24,30
Nursery,info_gain,CON-FOLD (confidence_fit),information_gain,0.7797067901234568,0.8935244490967207,0.5717689990997314,5,6,30
Nursery,info_gain,CON-FOLD (confidence_fit),information_gain,0.6157407407407407,0.8635310330944477,0.6170017719268799,3,4,30
Nursery,info_gain,CON-FOLD (confidence_fit),information_gain,0.8171296296296297,0.89785287138638,0.7652885913848877,7,8,30
Nursery,info_gain,CON-FOLD (confidence_fit),information_gain,0.6099537037037037,0.8597741457870366,0.6427855491638184,3,4,30
Nursery,info_gain,CON-FOLD (confidence_fit),information_gain,0.7881944444444444,0.897865017227583,0.7085256576538086,5,7,30
Nursery,info_gain,CON-FOLD (confidence_fit),information_gain,0.8101851851851852,0.8960786619856086,0.7864820957183838,7,9,30
Nursery,info_gain,CON-FOLD (confidence_fit),information_gain,0.8148148148148148,0.8983692375354178,0.8127741813659668,6,8,30
Nursery,info_gain,CON-FOLD (confidence_fit),information_gain,0.7800925925925926,0.8952731680050912,0.7128818035125732,5,6,30
Nursery,info_gain,CON-FOLD (confidence_fit),information_gain,0.8113425925925926,0.8979120880710634,0.8388955593109131,7,9,30
Nursery,info_gain,CON-FOLD (confidence_fit),information_gain,0.8236882716049383,0.9006758950655088,0.8112137317657471,6,9,30
Nursery,info_gain,CON-FOLD (confidence_fit),information_gain,0.8148148148148148,0.8984985217996533,0.8413832187652588,7,9,30
Nursery,info_gain,CON-FOLD (confidence_fit),information_gain,0.7770061728395061,0.8920560234854564,0.7454893589019775,5,7,30
Nursery,info_gain,CON-FOLD (confidence_fit),information_gain,0.8032407407407407,0.8931263080142753,0.7640926837921143,6,8,30
Nursery,info_gain,CON-FOLD (confidence_fit),information_gain,0.7642746913580247,0.8872147969342584,0.6224150657653809,5,6,30
Nursery,info_gain,CON-FOLD (confidence_fit),information_gain,0.8294753086419753,0.9049354542342196,0.6239743232727051,6,8,30
Nursery,info_gain,CON-FOLD (confidence_fit),information_gain,0.8244598765432098,0.9034200782085242,0.7169182300567627,6,8,30
Nursery,info_gain,CON-FOLD (confidence_fit),information_gain,0.8182870370370371,0.8995912880014654,0.7229366302490234,6,9,30
Nursery,info_gain,CON-FOLD (confidence_fit),information_gain,0.7785493827160493,0.8938651417742673,0.5862312316894531,5,6,30
Nursery,info_gain,CON-FOLD (confidence_fit),information_gain,0.7878086419753086,0.8937958491427467,0.5902805328369141,5,6,30
Nursery,info_gain,CON-FOLD (confidence_fit),information_gain,0.8190586419753086,0.895098349768285,0.6394696235656738,6,9,30
Nursery,info_gain,CON-FOLD (confidence_fit),information_gain,0.8067129629629629,0.8933761849965637,0.731853723526001,7,8,30
Nursery,info_gain,CON-FOLD (confidence_fit),information_gain,0.7650462962962963,0.8894741768078682,0.5229055881500244,5,6,30
Nursery,info_gain,CON-FOLD (confidence_fit),information_gain,0.8078703703703703,0.8961769385135407,0.5615663528442383,6,9,30
Nursery,info_gain,CON-FOLD (confidence_fit),information_gain,0.7870370370370371,0.8970039987553999,0.8258965015411377,7,12,30
Nursery,info_gain,CON-FOLD (confidence_fit),information_gain,0.7735339506172839,0.8897205079410478,0.5116791725158691,5,6,30
Nursery,info_gain,CON-FOLD (confidence_fit),information_gain,0.816358024691358,0.900144831385841,0.7937142848968506,7,9,30
Nursery,info_gain,CON-FOLD (confidence_fit),information_gain,0.8190586419753086,0.8990361043972589,0.6982541084289551,7,8,30
Nursery,info_gain,CON-FOLD (confidence_fit),information_gain,0.8136574074074074,0.8976241229481854,0.5816259384155273,7,9,30
Nursery,info_gain,CON-FOLD (confidence_fit),information_gain,0.7766203703703703,0.8924264927909324,0.5921282768249512,5,6,30
Nursery,info_gain,CON-FOLD (confidence_fit),information_gain,0.7797067901234568,0.8897663181311704,0.8831098079681396,7,12,30
Nursery,info_gain,CON-FOLD (confidence_fit),Gini_Impurity,0.0,0.75,0.17533540725708008,0,0,30
Nursery,info_gain,CON-FOLD (confidence_fit),Gini_Impurity,0.0,0.75,0.16687273979187012,0,0,30
Nursery,info_gain,CON-FOLD (confidence_fit),Gini_Impurity,0.0,0.75,0.1708965301513672,0,0,30
Nursery,info_gain,CON-FOLD (confidence_fit),Gini_Impurity,0.0,0.75,0.3902583122253418,1,4,30
Nursery,info_gain,CON-FOLD (confidence_fit),Gini_Impurity,0.0,0.75,0.2445826530456543,0,0,30
Nursery,info_gain,CON-FOLD (confidence_fit),Gini_Impurity,0.0,0.75,0.48720693588256836,1,7,30
Nursery,info_gain,CON-FOLD (confidence_fit),Gini_Impurity,0.0,0.75,0.26610875129699707,0,0,30
Nursery,info_gain,CON-FOLD (confidence_fit),Gini_Impurity,0.0,0.75,0.30690670013427734,0,0,30
Nursery,info_gain,CON-FOLD (confidence_fit),Gini_Impurity,0.0,0.75,0.46271324157714844,1,7,30
Nursery,info_gain,CON-FOLD (confidence_fit),Gini_Impurity,0.0,0.75,0.5531413555145264,1,7,30
Nursery,info_gain,CON-FOLD (confidence_fit),Gini_Impurity,0.0,0.75,0.2732889652252197,0,0,30
Nursery,info_gain,CON-FOLD (confidence_fit),Gini_Impurity,0.0,0.75,0.3435091972351074,0,0,30
Nursery,info_gain,CON-FOLD (confidence_fit),Gini_Impurity,0.0,0.75,0.2707641124725342,0,0,30
Nursery,info_gain,CON-FOLD (confidence_fit),Gini_Impurity,0.0,0.75,0.20045232772827148,0,0,30
Nursery,info_gain,CON-FOLD (confidence_fit),Gini_Impurity,0.0,0.75,0.23353338241577148,0,0,30
Nursery,info_gain,CON-FOLD (confidence_fit),Gini_Impurity,0.0,0.7499594907407408,0.5289196968078613,1,6,30
Nursery,info_gain,CON-FOLD (confidence_fit),Gini_Impurity,0.0,0.75,0.1999495029449463,0,0,30
Nursery,info_gain,CON-FOLD (confidence_fit),Gini_Impurity,0.0,0.7499594907407408,0.519852876663208,1,6,30
Nursery,info_gain,CON-FOLD (confidence_fit),Gini_Impurity,0.0,0.75,0.6032164096832275,1,6,30
Nursery,info_gain,CON-FOLD (confidence_fit),Gini_Impurity,0.0,0.75,0.5128390789031982,1,8,30
Nursery,info_gain,CON-FOLD (confidence_fit),Gini_Impurity,0.0,0.75,0.846351146697998,3,13,30
Nursery,info_gain,CON-FOLD (confidence_fit),Gini_Impurity,0.0,0.7499594907407408,0.43349432945251465,1,7,30
Nursery,info_gain,CON-FOLD (confidence_fit),Gini_Impurity,0.0,0.75,0.4033539295196533,1,7,30
Nursery,info_gain,CON-FOLD (confidence_fit),Gini_Impurity,0.0,0.75,0.3952922821044922,1,8,30
Nursery,info_gain,CON-FOLD (confidence_fit),Gini_Impurity,0.0,0.75,0.468127965927124,1,8,30
Nursery,info_gain,CON-FOLD (confidence_fit),Gini_Impurity,0.0,0.75,0.4038825035095215,1,7,30
Nursery,info_gain,CON-FOLD (confidence_fit),Gini_Impurity,0.0,0.75,0.8128600120544434,2,13,30
Nursery,info_gain,CON-FOLD (confidence_fit),Gini_Impurity,0.0,0.7499594907407408,1.0434436798095703,4,17,30
Nursery,info_gain,CON-FOLD (confidence_fit),Gini_Impurity,0.0,0.75,1.22462797164917,5,17,30
Nursery,info_gain,CON-FOLD (confidence_fit),Gini_Impurity,0.0,0.7499594907407408,1.3319735527038574,5,20,30
Nursery,info_gain,CON-FOLD (confidence_fit),Precision_Information_Gain,0.0,0.75,0.15327072143554688,0,0,30
Nursery,info_gain,CON-FOLD (confidence_fit),Precision_Information_Gain,0.32677469135802467,0.8316931290537397,0.20012521743774414,1,1,30
Nursery,info_gain,CON-FOLD (confidence_fit),Precision_Information_Gain,0.32677469135802467,0.8316931290537399,0.21726393699645996,1,1,30
Nursery,info_gain,CON-FOLD (confidence_fit),Precision_Information_Gain,0.33449074074074076,0.8336221198958356,0.23233985900878906,1,1,30
Nursery,info_gain,CON-FOLD (confidence_fit),Precision_Information_Gain,0.3298611111111111,0.8324647203125025,0.22378063201904297,1,1,30
Nursery,info_gain,CON-FOLD (confidence_fit),Precision_Information_Gain,0.30941358024691357,0.8273528881185165,0.21420907974243164,1,1,30
Nursery,info_gain,CON-FOLD (confidence_fit),Precision_Information_Gain,0.0,0.75,0.17147016525268555,0,0,30
Nursery,info_gain,CON-FOLD (confidence_fit),Precision_Information_Gain,0.32600308641975306,0.8315002291031997,0.23935413360595703,1,1,30
Nursery,info_gain,CON-FOLD (confidence_fit),Precision_Information_Gain,0.3229166666666667,0.8307286293010391,0.24740886688232422,1,1,30
Nursery,info_gain,CON-FOLD (confidence_fit),Precision_Information_Gain,0.0,0.75,0.17641901969909668,0,0,30
Nursery,info_gain,CON-FOLD (confidence_fit),Precision_Information_Gain,0.3287037037037037,0.8321753789300901,0.25100040435791016,1,1,30
Nursery,info_gain,CON-FOLD (confidence_fit),Precision_Information_Gain,0.3341049382716049,0.8335256699305581,0.2451646327972412,1,1,30
Nursery,info_gain,CON-FOLD (confidence_fit),Precision_Information_Gain,0.33912037037037035,0.834779519479169,0.24117493629455566,1,1,30
Nursery,info_gain,CON-FOLD (confidence_fit),Precision_Information_Gain,0.30941358024691357,0.8273528881185165,0.24729466438293457,1,1,30
Nursery,info_gain,CON-FOLD (confidence_fit),Precision_Information_Gain,0.3236882716049383,0.8309215292515792,0.24683499336242676,1,1,30
Nursery,info_gain,CON-FOLD (confidence_fit),Precision_Information_Gain,0.31790123456790126,0.8294747877925908,0.24038481712341309,1,1,30
Nursery,info_gain,CON-FOLD (confidence_fit),Precision_Information_Gain,0.3325617283950617,0.8331398700694468,0.24566960334777832,1,1,30
Nursery,info_gain,CON-FOLD (confidence_fit),Precision_Information_Gain,0.31983024691358025,0.8299570294988787,0.2406938076019287,1,1,30
Nursery,info_gain,CON-FOLD (confidence_fit),Precision_Information_Gain,0.32253086419753085,0.8306321793257694,0.24720358848571777,1,1,30
Nursery,info_gain,CON-FOLD (confidence_fit),Precision_Information_Gain,0.33757716049382713,0.8343937196180583,0.24072003364562988,1,1,30
Nursery,info_gain,CON-FOLD (confidence_fit),Precision_Information_Gain,0.33217592592592593,0.8330434201041692,0.23525309562683105,1,1,30
Nursery,info_gain,CON-FOLD (confidence_fit),Precision_Information_Gain,0.3402777777777778,0.8350688604937535,0.2311251163482666,1,1,30
Nursery,info_gain,CON-FOLD (confidence_fit),Precision_Information_Gain,0.33294753086419754,0.8332363200347246,0.2310483455657959,1,1,30
Nursery,info_gain,CON-FOLD (confidence_fit),Precision_Information_Gain,0.32600308641975306,0.8315002291031997,0.22965073585510254,1,1,30
Nursery,info_gain,CON-FOLD (confidence_fit),Precision_Information_Gain,0.32175925925925924,0.8304392793752291,0.22497797012329102,1,1,30
Nursery,info_gain,CON-FOLD (confidence_fit),Precision_Information_Gain,0.3422067901234568,0.835551110269795,0.21345114707946777,1,1,30
Nursery,info_gain,CON-FOLD (confidence_fit),Precision_Information_Gain,0.3279320987654321,0.8319824789795499,0.21262001991271973,1,1,30
Nursery,info_gain,CON-FOLD (confidence_fit),Precision_Information_Gain,0.3271604938271605,0.8317895790290097,0.20003652572631836,1,1,30
Nursery,info_gain,CON-FOLD (confidence_fit),Precision_Information_Gain,0.33294753086419754,0.8332363200347248,0.22971510887145996,1,1,30
Nursery,info_gain,CON-FOLD (confidence_fit),Precision_Information_Gain,0.3248456790123457,0.8312108791773896,0.20183682441711426,1,1,30
Nursery,info_gain,CON-FOLD (confidence_fit),Precision_Gini_Impurity,0.0,0.7498185037293981,2.308842182159424,7,19,30
Nursery,info_gain,CON-FOLD (confidence_fit),Precision_Gini_Impurity,0.00038580246913580245,0.7492300054045138,7.252080678939819,20,29,30
Nursery,info_gain,CON-FOLD (confidence_fit),Precision_Gini_Impurity,0.00038580246913580245,0.7488055886028162,9.228028535842896,29,33,30
Nursery,info_gain,CON-FOLD (confidence_fit),Precision_Gini_Impurity,0.00038580246913580245,0.7486624552085646,10.53939962387085,31,34,30
Nursery,info_gain,CON-FOLD (confidence_fit),Precision_Gini_Impurity,0.0007716049382716049,0.7488469992578703,11.554083824157715,34,32,30
Nursery,info_gain,CON-FOLD (confidence_fit),Precision_Gini_Impurity,0.0,0.7488792527646989,16.419535160064697,50,32,30
Nursery,info_gain,CON-FOLD (confidence_fit),Precision_Gini_Impurity,0.05439814814814815,0.7579881264506166,22.694335460662842,78,39,30
Nursery,info_gain,CON-FOLD (confidence_fit),Precision_Gini_Impurity,0.0466820987654321,0.7505840292768513,28.481791257858276,103,43,30
Nursery,info_gain,CON-FOLD (confidence_fit),Precision_Gini_Impurity,0.05131172839506173,0.7563909794959107,29.281638860702515,108,43,30
Nursery,info_gain,CON-FOLD (confidence_fit),Precision_Gini_Impurity,0.04861111111111111,0.7513690847550543,30.284590244293213,110,39,30
Nursery,info_gain,CON-FOLD (confidence_fit),Precision_Gini_Impurity,0.05439814814814815,0.7580935897319061,37.71794104576111,145,39,30
Nursery,info_gain,CON-FOLD (confidence_fit),Precision_Gini_Impurity,0.10262345679012345,0.7565805609993048,47.74563241004944,216,42,30
Nursery,info_gain,CON-FOLD (confidence_fit),Precision_Gini_Impurity,0.09490740740740741,0.7526057828086414,53.831604957580566,242,41,30
Nursery,info_gain,CON-FOLD (confidence_fit),Precision_Gini_Impurity,0.10339506172839506,0.7576474247561336,60.720609188079834,298,39,30
Nursery,info_gain,CON-FOLD (confidence_fit),Precision_Gini_Impurity,0.10802469135802469,0.7556487441896603,65.39531683921814,333,40,30
Nursery,info_gain,CON-FOLD (confidence_fit),Precision_Gini_Impurity,0.10686728395061729,0.7558700174581012,71.95266437530518,342,42,30
Nursery,info_gain,CON-FOLD (confidence_fit),Precision_Gini_Impurity,0.10609567901234568,0.7534240908868426,73.8239996433258,395,39,30
Nursery,info_gain,CON-FOLD (confidence_fit),Precision_Gini_Impurity,0.09799382716049383,0.7536728957479557,74.24869108200073,383,43,30
Nursery,info_gain,CON-FOLD (confidence_fit),Precision_Gini_Impurity,0.10532407407407407,0.7617107191616898,74.70970034599304,362,44,30
Nursery,info_gain,CON-FOLD (confidence_fit),Precision_Gini_Impurity,0.15354938271604937,0.7508449148477622,89.69484090805054,532,44,30
Nursery,info_gain,CON-FOLD (confidence_fit),Precision_Gini_Impurity,0.15817901234567902,0.7526066673604546,101.54200410842896,547,43,30
Nursery,info_gain,CON-FOLD (confidence_fit),Precision_Gini_Impurity,0.15432098765432098,0.7535507813095275,102.96526646614075,663,46,30
Nursery,info_gain,CON-FOLD (confidence_fit),Precision_Gini_Impurity,0.16049382716049382,0.7465760052572131,110.8149197101593,693,46,30
Nursery,info_gain,CON-FOLD (confidence_fit),Precision_Gini_Impurity,0.1705246913580247,0.7450807754317514,111.80051136016846,829,45,30
Nursery,info_gain,CON-FOLD (confidence_fit),Precision_Gini_Impurity,0.2503858024691358,0.7627021214048599,114.76222038269043,616,49,30
Nursery,info_gain,CON-FOLD (confidence_fit),Precision_Gini_Impurity,0.14930555555555555,0.7435502283539728,116.32277774810791,738,46,30
Nursery,info_gain,CON-FOLD (confidence_fit),Precision_Gini_Impurity,0.33989197530864196,0.7550416584389651,144.5465908050537,1340,51,30
Nursery,info_gain,CON-FOLD (confidence_fit),Precision_Gini_Impurity,0.2816358024691358,0.762015471438928,167.7107093334198,805,49,30
Nursery,info_gain,CON-FOLD (confidence_fit),Precision_Gini_Impurity,0.23958333333333334,0.745483789272491,169.566561460495,1141,47,30
Nursery,info_gain,CON-FOLD (confidence_fit),Precision_Gini_Impurity,0.19135802469135801,0.7604916386069819,170.62949967384338,553,48,30
Dry Bean,greedy,FOLD-RM (fit),original,0.9111274329783328,0.9209206985926919,835.5519816875458,133,242,30
Dry Bean,greedy,FOLD-RM (fit),original,0.914799853103195,0.9226904521498727,854.1801202297211,167,303,30
Dry Bean,greedy,FOLD-RM (fit),original,0.9059860448035255,0.9167565047750648,861.0304629802704,138,257,30
Dry Bean,greedy,FOLD-RM (fit),original,0.9188395152405435,0.9291964652470792,866.2070424556732,142,254,30
Dry Bean,greedy,FOLD-RM (fit),original,0.9177377892030848,0.9283094417366495,868.8960654735565,154,269,30
Dry Bean,greedy,FOLD-RM (fit),original,0.9059860448035255,0.9182518669460539,875.396214723587,132,252,30
Dry Bean,greedy,FOLD-RM (fit),original,0.9129636430407638,0.9254605533377165,879.353378534317,150,270,30
Dry Bean,greedy,FOLD-RM (fit),original,0.906720528828498,0.9180799083715372,889.1804535388947,142,269,30
Dry Bean,greedy,FOLD-RM (fit),original,0.9129636430407638,0.9225746644816404,890.8367300033569,122,218,30
Dry Bean,greedy,FOLD-RM (fit),original,0.9136981270657363,0.9249379417285701,897.4651641845703,163,277,30
Dry Bean,greedy,FOLD-RM (fit),original,0.9162688211531399,0.9280499229186916,899.2442948818207,158,288,30
Dry Bean,greedy,FOLD-RM (fit),original,0.9118619170033052,0.9201332667051407,900.7454309463501,146,275,30
Dry Bean,greedy,FOLD-RM (fit),original,0.9107601909658465,0.919505052479251,906.1118910312653,134,255,30
Dry Bean,greedy,FOLD-RM (fit),original,0.906720528828498,0.9281185206556357,906.4624252319336,132,258,30
Dry Bean,greedy,FOLD-RM (fit),original,0.9184722732280572,0.9283512901903787,910.8862125873566,171,311,30
Dry Bean,greedy,FOLD-RM (fit),original,0.9045170767535806,0.9147443723073797,912.1551811695099,143,266,30
Dry Bean,greedy,FOLD-RM (fit),original,0.9144326110907087,0.9223385321802042,912.5924046039581,147,286,30
Dry Bean,greedy,FOLD-RM (fit),original,0.9008446566287184,0.9115807620604128,912.629022359848,133,264,30
Dry Bean,greedy,FOLD-RM (fit),original,0.9081894968784429,0.9197156871363221,915.5123944282532,165,298,30
Dry Bean,greedy,FOLD-RM (fit),original,0.9129636430407638,0.9222494832550501,919.9026863574982,185,330,30
Dry Bean,greedy,FOLD-RM (fit),original,0.9129636430407638,0.923128422665147,923.3197197914124,170,319,30
Dry Bean,greedy,FOLD-RM (fit),original,0.9122291590157914,0.9211457495029013,928.0096337795258,158,288,30
Dry Bean,greedy,FOLD-RM (fit),original,0.9041498347410943,0.9154052302113117,930.8830060958862,168,323,30
Dry Bean,greedy,FOLD-RM (fit),original,0.9114946749908189,0.922824661491811,930.9957866668701,181,335,30
Dry Bean,greedy,FOLD-RM (fit),original,0.910025706940874,0.9185223251691893,931.8309552669525,159,293,30
Dry Bean,greedy,FOLD-RM (fit),original,0.9092912229159016,0.9221087930484748,932.4823896884918,170,310,30
Dry Bean,greedy,FOLD-RM (fit),original,0.9111274329783328,0.923163830443595,935.5928153991699,166,301,30
Dry Bean,greedy,FOLD-RM (fit),original,0.9111274329783328,0.9211286810182533,941.445746421814,153,295,30
Dry Bean,greedy,FOLD-RM (fit),original,0.9151670951156813,0.9237761532558204,941.7015669345856,158,299,30
Dry Bean,greedy,FOLD-RM (fit),original,0.9136981270657363,0.9228263892559672,942.2370636463165,196,371,30
Dry Bean,greedy,FOLD-RM (fit),information_gain,0.11421226588321703,0.7785499781711344,6.663557767868042,2,2,30
Dry Bean,greedy,FOLD-RM (fit),information_gain,0.0892398090341535,0.7720360197053243,6.849375009536743,2,2,30
Dry Bean,greedy,FOLD-RM (fit),information_gain,0.08556738890929122,0.7713902503344842,7.091359376907349,2,2,30
Dry Bean,greedy,FOLD-RM (fit),information_gain,0.11127432978332721,0.7778156197000371,6.939516305923462,2,2,30
Dry Bean,greedy,FOLD-RM (fit),information_gain,0.10062431142122659,0.7748819571621379,7.3912434577941895,2,2,30
Dry Bean,greedy,FOLD-RM (fit),information_gain,0.12192434814542784,0.7802064951745508,7.347668170928955,2,2,30
Dry Bean,greedy,FOLD-RM (fit),information_gain,0.11274329783327212,0.7781828109539829,7.338050842285156,2,2,30
Dry Bean,greedy,FOLD-RM (fit),information_gain,0.11641571795813441,0.7788291449789925,7.615404844284058,2,2,30
Dry Bean,greedy,FOLD-RM (fit),information_gain,0.09658464928387808,0.7741442497034527,7.481103897094727,2,2,30
Dry Bean,greedy,FOLD-RM (fit),information_gain,0.10503121557106133,0.7762542584485495,7.658964157104492,2,2,30
Dry Bean,greedy,FOLD-RM (fit),information_gain,0.10135879544619905,0.7750655474855679,7.713277578353882,2,2,30
Dry Bean,greedy,FOLD-RM (fit),information_gain,0.10392948953360265,0.7754357232045538,7.794180870056152,2,2,30
Dry Bean,greedy,FOLD-RM (fit),information_gain,0.09988982739625413,0.7749708665930218,7.849492788314819,2,2,30
Dry Bean,greedy,FOLD-RM (fit),information_gain,0.11200881380829968,0.7780007598712826,7.705851078033447,2,2,30
Dry Bean,greedy,FOLD-RM (fit),information_gain,0.11347778185824459,0.7783664005833272,8.020042657852173,2,2,30
Dry Bean,greedy,FOLD-RM (fit),information_gain,0.08997429305912596,0.7724912513521849,8.0889892578125,2,2,30
Dry Bean,greedy,FOLD-RM (fit),information_gain,0.12302607418288652,0.78048151940595,7.961797475814819,2,2,30
Dry Bean,greedy,FOLD-RM (fit),information_gain,0.10943811972089607,0.7773573432580982,8.151660680770874,2,2,30
Dry Bean,greedy,FOLD-RM (fit),information_gain,0.09915534337128168,0.7747855802853468,7.9884161949157715,2,2,30
Dry Bean,greedy,FOLD-RM (fit),information_gain,0.09144326110907088,0.7725868387715755,8.05921483039856,2,2,30
Dry Bean,greedy,FOLD-RM (fit),information_gain,0.12192434814542784,0.7802064915742931,8.329989671707153,2,2,30
Dry Bean,greedy,FOLD-RM (fit),information_gain,0.10650018362100624,0.7763506776937217,8.223184823989868,2,2,30
Dry Bean,greedy,FOLD-RM (fit),information_gain,0.10613294160852002,0.7762589893147265,8.209864854812622,2,2,30
Dry Bean,greedy,FOLD-RM (fit),information_gain,0.09401395519647447,0.7726861287115666,8.313417196273804,1,1,30
Dry Bean,greedy,FOLD-RM (fit),information_gain,0.1123760558207859,0.7780909986359162,8.26943302154541,2,2,30
Dry Bean,greedy,FOLD-RM (fit),information_gain,0.09621740727139184,0.7740526220597863,8.411360263824463,2,2,30
Dry Bean,greedy,FOLD-RM (fit),information_gain,0.10356224752111641,0.7756161827077849,8.502526760101318,2,2,30
Dry Bean,greedy,FOLD-RM (fit),information_gain,0.11017260374586853,0.7772688204591987,8.59945821762085,2,2,30
Dry Bean,greedy,FOLD-RM (fit),information_gain,0.09474843922144693,0.7734130664973929,8.774901390075684,2,2,30
Dry Bean,greedy,FOLD-RM (fit),information_gain,0.1098053617333823,0.7774484394196122,8.88268780708313,2,2,30
Dry Bean,greedy,FOLD-RM (fit),Gini_Impurity,0.0,0.75,310.4376792907715,1,2,30
Dry Bean,greedy,FOLD-RM (fit),Gini_Impurity,0.0,0.75,495.606969833374,1,3,30
Dry Bean,greedy,FOLD-RM (fit),Gini_Impurity,0.0,0.75,601.2477073669434,2,5,30
Dry Bean,greedy,FOLD-RM (fit),Gini_Impurity,0.0,0.75,685.7301445007324,2,7,30
Dry Bean,greedy,FOLD-RM (fit),Gini_Impurity,0.0,0.75,2027.7130570411682,3,10,30
Dry Bean,greedy,FOLD-RM (fit),Gini_Impurity,0.0003672420124862284,0.7500174439955931,2115.2538883686066,7,23,30
Dry Bean,greedy,FOLD-RM (fit),Gini_Impurity,0.0,0.75,2192.8747136592865,8,27,30
Dry Bean,greedy,FOLD-RM (fit),Gini_Impurity,0.0,0.75,2202.032039165497,7,18,30
Dry Bean,greedy,FOLD-RM (fit),Gini_Impurity,0.0003672420124862284,0.7500174439955931,2296.1729443073273,7,24,30
Dry Bean,greedy,FOLD-RM (fit),Gini_Impurity,0.0,0.75,4555.696170330048,6,20,30
Dry Bean,greedy,FOLD-RM (fit),Gini_Impurity,0.0003672420124862284,0.7500174439955931,7160.35046005249,10,30,30
Dry Bean,greedy,FOLD-RM (fit),Gini_Impurity,0.0007344840249724568,0.7500156077855307,16768.133713960648,46,123,30
Dry Bean,greedy,FOLD-RM (fit),Gini_Impurity,0.0044069041498347415,0.7502065492512303,20323.4647128582,51,126,30
Dry Bean,greedy,FOLD-RM (fit),Gini_Impurity,0.0014689680499449136,0.7500697759823725,20646.0913939476,54,156,30
Dry Bean,greedy,FOLD-RM (fit),Gini_Impurity,0.0029379360998898272,0.7501236113151304,21465.365255117416,52,151,30
Dry Bean,greedy,FOLD-RM (fit),Gini_Impurity,0.004774146162320969,0.7502267719427103,23630.20035147667,56,170,30
Dry Bean,greedy,FOLD-RM (fit),Gini_Impurity,0.007344840249724568,0.7503215460072348,24383.586520910263,68,194,30
Dry Bean,greedy,FOLD-RM (fit),Gini_Impurity,0.0058758721997796545,0.7502542663320603,25636.085997581482,66,187,30
Dry Bean,greedy,FOLD-RM (fit),Gini_Impurity,0.003672420124862284,0.750174439955931,28398.479934215546,82,236,30
Dry Bean,greedy,FOLD-RM (fit),Gini_Impurity,0.005141388174807198,0.7502414372424165,28437.83558869362,81,221,30
Dry Bean,greedy,FOLD-RM (fit),Gini_Impurity,0.0044069041498347415,0.7501872690455748,30191.605595111847,79,218,30
Dry Bean,greedy,FOLD-RM (fit),Gini_Impurity,0.005141388174807198,0.7502414372424165,30253.18461728096,78,221,30
Dry Bean,greedy,FOLD-RM (fit),Gini_Impurity,0.0029379360998898272,0.7501009915534338,30586.035153388977,82,231,30
Dry Bean,greedy,FOLD-RM (fit),Gini_Impurity,0.004774146162320969,0.7502354033468969,31248.356228351593,96,261,30
Dry Bean,greedy,FOLD-RM (fit),Gini_Impurity,0.008446566287183254,0.7503819316929857,32421.67909002304,100,296,30
Dry Bean,greedy,FOLD-RM (fit),Gini_Impurity,0.010282776349614395,0.7504663729750644,34252.915363788605,112,328,30
Dry Bean,greedy,FOLD-RM (fit),Gini_Impurity,0.008813808299669483,0.7503993756885788,34581.02674245834,121,322,30
Dry Bean,greedy,FOLD-RM (fit),Gini_Impurity,0.009915534337128168,0.7504689704837313,36266.91585302353,133,362,30
Dry Bean,greedy,FOLD-RM (fit),Gini_Impurity,0.007712082262210797,0.7503283243562983,37192.86985683441,166,474,30
Dry Bean,greedy,FOLD-RM (fit),Gini_Impurity,0.022034520749173704,0.751005595944914,40699.77995181084,288,742,30
Dry Bean,greedy,FOLD-RM (fit),Precision_Information_Gain,0.0,0.75,2.381927490234375,0,0,30
Dry Bean,greedy,FOLD-RM (fit),Precision_Information_Gain,0.0,0.75,2.5965986251831055,0,0,30
Dry Bean,greedy,FOLD-RM (fit),Precision_Information_Gain,0.0,0.75,2.6932578086853027,0,0,30
Dry Bean,greedy,FOLD-RM (fit),Precision_Information_Gain,0.0,0.75,2.658968448638916,0,0,30
Dry Bean,greedy,FOLD-RM (fit),Precision_Information_Gain,0.0,0.75,2.637618064880371,0,0,30
Dry Bean,greedy,FOLD-RM (fit),Precision_Information_Gain,0.0,0.75,2.6187992095947266,0,0,30
Dry Bean,greedy,FOLD-RM (fit),Precision_Information_Gain,0.0,0.75,2.431602716445923,0,0,30
Dry Bean,greedy,FOLD-RM (fit),Precision_Information_Gain,0.0,0.75,19.475621223449707,0,0,30
Dry Bean,greedy,FOLD-RM (fit),Precision_Information_Gain,0.0,0.75,20.147855520248413,0,0,30
Dry Bean,greedy,FOLD-RM (fit),Precision_Information_Gain,0.0,0.75,20.15624451637268,0,0,30
Dry Bean,greedy,FOLD-RM (fit),Precision_Information_Gain,0.0,0.75,20.21457862854004,0,0,30
Dry Bean,greedy,FOLD-RM (fit),Precision_Information_Gain,0.0,0.75,20.970627546310425,0,0,30
Dry Bean,greedy,FOLD-RM (fit),Precision_Information_Gain,0.0,0.75,21.019821882247925,0,0,30
Dry Bean,greedy,FOLD-RM (fit),Precision_Information_Gain,0.0,0.75,21.14010000228882,0,0,30
Dry Bean,greedy,FOLD-RM (fit),Precision_Information_Gain,0.0,0.75,21.165282011032104,0,0,30
Dry Bean,greedy,FOLD-RM (fit),Precision_Information_Gain,0.0,0.75,21.163487195968628,0,0,30
Dry Bean,greedy,FOLD-RM (fit),Precision_Information_Gain,0.0,0.75,21.244711875915527,0,0,30
Dry Bean,greedy,FOLD-RM (fit),Precision_Information_Gain,0.0,0.75,21.721046447753906,0,0,30
Dry Bean,greedy,FOLD-RM (fit),Precision_Information_Gain,0.0,0.75,21.732856512069702,0,0,30
Dry Bean,greedy,FOLD-RM (fit),Precision_Information_Gain,0.0,0.75,21.778895616531372,0,0,30
Dry Bean,greedy,FOLD-RM (fit),Precision_Information_Gain,0.0,0.75,21.84603977203369,0,0,30
Dry Bean,greedy,FOLD-RM (fit),Precision_Information_Gain,0.0,0.75,21.91314125061035,0,0,30
Dry Bean,greedy,FOLD-RM (fit),Precision_Information_Gain,0.0,0.75,21.940566778182983,0,0,30
Dry Bean,greedy,FOLD-RM (fit),Precision_Information_Gain,0.0,0.75,21.938149213790894,0,0,30
Dry Bean,greedy,FOLD-RM (fit),Precision_Information_Gain,0.0,0.75,21.91588020324707,0,0,30
Dry Bean,greedy,FOLD-RM (fit),Precision_Information_Gain,0.0,0.75,21.946609020233154,0,0,30
Dry Bean,greedy,FOLD-RM (fit),Precision_Information_Gain,0.0,0.75,22.05255699157715,0,0,30
Dry Bean,greedy,FOLD-RM (fit),Precision_Information_Gain,0.0,0.75,22.03959083557129,0,0,30
Dry Bean,greedy,FOLD-RM (fit),Precision_Information_Gain,0.0,0.75,22.069895267486572,0,0,30
Dry Bean,greedy,FOLD-RM (fit),Precision_Information_Gain,0.0,0.75,22.11542510986328,0,0,30
Dry Bean,greedy,FOLD-RM (fit),Precision_Gini_Impurity,0.2027175908923981,0.7927825728444741,8085.355624437332,356,407,30
Dry Bean,greedy,FOLD-RM (fit),Precision_Gini_Impurity,0.23430040396621374,0.8003124760095844,8213.512518644333,489,511,30
Dry Bean,greedy,FOLD-RM (fit),Precision_Gini_Impurity,0.3180315828130738,0.817254705054315,9796.625403404236,711,713,30
Dry Bean,greedy,FOLD-RM (fit),Precision_Gini_Impurity,0.3143591626882115,0.8175004631202709,12228.545655965805,610,681,30
Dry Bean,greedy,FOLD-RM (fit),Precision_Gini_Impurity,0.2853470437017995,0.8099045302517442,13078.00318312645,660,725,30
Dry Bean,greedy,FOLD-RM (fit),Precision_Gini_Impurity,0.27616599338964376,0.8065050154888356,13082.75495481491,615,707,30
Dry Bean,greedy,FOLD-RM (fit),Precision_Gini_Impurity,0.271759089239809,0.8073835310325015,13183.090121984482,596,642,30
Dry Bean,greedy,FOLD-RM (fit),Precision_Gini_Impurity,0.22254865956665443,0.795149127661696,13283.74425458908,471,538,30
Dry Bean,greedy,FOLD-RM (fit),Precision_Gini_Impurity,0.3176643408005876,0.8149977562733011,13501.517237901688,704,768,30
Dry Bean,greedy,FOLD-RM (fit),Precision_Gini_Impurity,0.30150569225119356,0.8153386566373109,13746.974214792252,675,753,30
Dry Bean,greedy,FOLD-RM (fit),Precision_Gini_Impurity,0.3128901946382666,0.8179020662227326,13760.861421108246,674,757,30
Dry Bean,greedy,FOLD-RM (fit),Precision_Gini_Impurity,0.2857142857142857,0.8100065385414984,13881.167809009552,662,729,30
Dry Bean,greedy,FOLD-RM (fit),Precision_Gini_Impurity,0.27800220345207494,0.8048249987970261,14261.531331062317,615,722,30
Dry Bean,greedy,FOLD-RM (fit),Precision_Gini_Impurity,0.3037091443261109,0.8131402308174444,14860.267089128494,750,811,30
Dry Bean,greedy,FOLD-RM (fit),Precision_Gini_Impurity,0.37275064267352187,0.8235591135552338,15231.518876075745,872,940,30
Dry Bean,greedy,FOLD-RM (fit),Precision_Gini_Impurity,0.36136614028644876,0.8260836009270647,15399.682652711868,818,866,30
Dry Bean,greedy,FOLD-RM (fit),Precision_Gini_Impurity,0.38046272493573263,0.8250013914428216,15661.306265592575,922,987,30
Dry Bean,greedy,FOLD-RM (fit),Precision_Gini_Impurity,0.3690782225486596,0.8235209175849773,15793.927761554718,831,924,30
Dry Bean,greedy,FOLD-RM (fit),Precision_Gini_Impurity,0.3587954461990452,0.8180064357476311,16263.624191999435,874,954,30
Dry Bean,greedy,FOLD-RM (fit),Precision_Gini_Impurity,0.37017994858611825,0.8236381084510833,16358.47645664215,830,950,30
Dry Bean,greedy,FOLD-RM (fit),Precision_Gini_Impurity,0.3885420492104297,0.8255737811258175,16476.74595808983,932,1038,30
Dry Bean,greedy,FOLD-RM (fit),Precision_Gini_Impurity,0.37054719059860447,0.8258396339518171,16496.028615951538,858,1007,30
Dry Bean,greedy,FOLD-RM (fit),Precision_Gini_Impurity,0.39221446933529197,0.8276436153902686,16554.600602388382,959,1086,30
Dry Bean,greedy,FOLD-RM (fit),Precision_Gini_Impurity,0.3672420124862284,0.8257647260561508,16641.50281238556,920,984,30
Dry Bean,greedy,FOLD-RM (fit),Precision_Gini_Impurity,0.41828865222181416,0.8312977139437735,17012.229816675186,1034,1164,30
Dry Bean,greedy,FOLD-RM (fit),Precision_Gini_Impurity,0.2970987881013588,0.8075315911113858,17017.584003210068,795,803,30
Dry Bean,greedy,FOLD-RM (fit),Precision_Gini_Impurity,0.34006610356224753,0.8194696136557836,17087.94961452484,819,964,30
Dry Bean,greedy,FOLD-RM (fit),Precision_Gini_Impurity,0.43481454278369447,0.8349127537554901,17416.878892183304,1141,1345,30
Dry Bean,greedy,FOLD-RM (fit),Precision_Gini_Impurity,0.4491369812706574,0.8327614109313615,17562.753801345825,1172,1355,30
Dry Bean,greedy,FOLD-RM (fit),Precision_Gini_Impurity,0.43738523687109804,0.8305743390779661,17626.38896536827,1182,1372,30
Dry Bean,greedy,CON-FOLD (confidence_fit),original,0.8766066838046273,0.916711478254865,780.461954832077,26,51,30
Dry Bean,greedy,CON-FOLD (confidence_fit),original,0.9023136246786633,0.9149327338365412,788.7642493247986,51,86,30
Dry Bean,greedy,CON-FOLD (confidence_fit),original,0.9001101726037458,0.9128491960985314,807.3494453430176,59,89,30
Dry Bean,greedy,CON-FOLD (confidence_fit),original,0.8953360264414248,0.9169927615887626,819.3273615837097,48,87,30
Dry Bean,greedy,CON-FOLD (confidence_fit),original,0.8975394785163423,0.9136864291226223,823.6092340946198,58,94,30
Dry Bean,greedy,CON-FOLD (confidence_fit),original,0.9188395152405435,0.927910070307383,854.7340793609619,58,88,30
Dry Bean,greedy,CON-FOLD (confidence_fit),original,0.9034153507161219,0.9152790858752867,863.8247361183167,79,124,30
Dry Bean,greedy,CON-FOLD (confidence_fit),original,0.8740359897172236,0.9159256754599701,864.6332159042358,28,45,30
Dry Bean,greedy,CON-FOLD (confidence_fit),original,0.9026808666911494,0.9231009154923261,875.6906633377075,50,88,30
Dry Bean,greedy,CON-FOLD (confidence_fit),original,0.889092912229159,0.9199602737415722,879.1195237636566,30,54,30
Dry Bean,greedy,CON-FOLD (confidence_fit),original,0.8997429305912596,0.9131239781902669,885.828432559967,29,48,30
Dry Bean,greedy,CON-FOLD (confidence_fit),original,0.8990084465662872,0.9124840537141418,897.9262373447418,65,113,30
Dry Bean,greedy,CON-FOLD (confidence_fit),original,0.9111274329783328,0.9248644141452448,902.9432287216187,69,105,30
Dry Bean,greedy,CON-FOLD (confidence_fit),original,0.8997429305912596,0.9127569221657718,916.298241853714,48,73,30
Dry Bean,greedy,CON-FOLD (confidence_fit),original,0.892398090341535,0.9118536636753598,918.9448430538177,35,60,30
Dry Bean,greedy,CON-FOLD (confidence_fit),original,0.8861549761292692,0.9202499855889466,921.7953033447266,28,48,30
Dry Bean,greedy,CON-FOLD (confidence_fit),original,0.8744032317297099,0.9219961190356579,923.3075041770935,25,43,30
Dry Bean,greedy,CON-FOLD (confidence_fit),original,0.8975394785163423,0.9256792365830704,931.6688506603241,39,70,30
Dry Bean,greedy,CON-FOLD (confidence_fit),original,0.9034153507161219,0.9178314470364312,933.1367509365082,84,144,30
Dry Bean,greedy,CON-FOLD (confidence_fit),original,0.8718325376423063,0.9061641880677936,934.4257073402405,23,43,30
Dry Bean,greedy,CON-FOLD (confidence_fit),original,0.8934998163789938,0.9090097721083364,936.5434620380402,58,100,30
Dry Bean,greedy,CON-FOLD (confidence_fit),original,0.892398090341535,0.9227106813215933,936.569739818573,24,46,30
Dry Bean,greedy,CON-FOLD (confidence_fit),original,0.9037825927286082,0.9179239387426006,946.0751459598541,62,105,30
Dry Bean,greedy,CON-FOLD (confidence_fit),original,0.876239441792141,0.9143200154897179,946.2583858966827,33,51,30
Dry Bean,greedy,CON-FOLD (confidence_fit),original,0.9052515607785531,0.9202816999680121,949.3548667430878,78,131,30
Dry Bean,greedy,CON-FOLD (confidence_fit),original,0.9096584649283878,0.9197171385805726,957.9176983833313,46,68,30
Dry Bean,greedy,CON-FOLD (confidence_fit),original,0.9008446566287184,0.9147129585600446,959.3961045742035,53,85,30
Dry Bean,greedy,CON-FOLD (confidence_fit),original,0.884318766066838,0.9132529042532487,964.5505223274231,29,55,30
Dry Bean,greedy,CON-FOLD (confidence_fit),original,0.8887256702166728,0.9046098819415722,969.1638810634613,40,57,30
Dry Bean,greedy,CON-FOLD (confidence_fit),original,0.8946015424164524,0.9193122802185091,970.803724527359,40,72,30
Dry Bean,greedy,CON-FOLD (confidence_fit),information_gain,0.09217774513404334,0.7730387125617328,6.9553306102752686,1,1,30
Dry Bean,greedy,CON-FOLD (confidence_fit),information_gain,0.11311053984575835,0.7777294557840628,6.881408452987671,1,1,30
Dry Bean,greedy,CON-FOLD (confidence_fit),information_gain,0.118986412045538,0.7783918503773414,7.325881242752075,1,1,30
Dry Bean,greedy,CON-FOLD (confidence_fit),information_gain,0.10025706940874037,0.7745187408189507,7.51449990272522,1,1,30
Dry Bean,greedy,CON-FOLD (confidence_fit),information_gain,0.11788468600807932,0.7789223266543138,7.457654714584351,1,1,30
Dry Bean,greedy,CON-FOLD (confidence_fit),information_gain,0.12082262210796915,0.7791206619804625,7.241053104400635,1,1,30
Dry Bean,greedy,CON-FOLD (confidence_fit),information_gain,0.12192434814542784,0.7783335691333104,7.664688348770142,1,1,30
Dry Bean,greedy,CON-FOLD (confidence_fit),information_gain,0.11127432978332721,0.777270650437754,7.721271753311157,1,1,30
Dry Bean,greedy,CON-FOLD (confidence_fit),information_gain,0.12155710613294161,0.7795727244436297,7.907018423080444,1,1,30
Dry Bean,greedy,CON-FOLD (confidence_fit),information_gain,0.12302607418288652,0.7802069139283132,7.871567964553833,1,1,30
Dry Bean,greedy,CON-FOLD (confidence_fit),information_gain,0.09878810135879544,0.7744218236768265,8.285855054855347,1,1,30
Dry Bean,greedy,CON-FOLD (confidence_fit),information_gain,0.09805361733382299,0.7745040256618425,8.425144910812378,1,1,30
Dry Bean,greedy,CON-FOLD (confidence_fit),information_gain,0.0918105031215571,0.7726778410423802,8.415689468383789,1,1,30
Dry Bean,greedy,CON-FOLD (confidence_fit),information_gain,0.1098053617333823,0.7774350505444003,8.317528247833252,1,1,30
Dry Bean,greedy,CON-FOLD (confidence_fit),information_gain,0.10796915167095116,0.7764447986873297,8.377695083618164,1,1,30
Dry Bean,greedy,CON-FOLD (confidence_fit),information_gain,0.1266984943077488,0.7797933816044084,8.484634399414062,1,1,30
Dry Bean,greedy,CON-FOLD (confidence_fit),information_gain,0.09401395519647447,0.7729582243389643,8.506037712097168,1,1,30
Dry Bean,greedy,CON-FOLD (confidence_fit),information_gain,0.10429673154608887,0.7747199641264786,8.394579410552979,1,1,30
Dry Bean,greedy,CON-FOLD (confidence_fit),information_gain,0.11384502387073081,0.7781791664524434,8.51362919807434,1,1,30
Dry Bean,greedy,CON-FOLD (confidence_fit),information_gain,0.11127432978332721,0.7775369424993004,8.430994749069214,1,1,30
Dry Bean,greedy,CON-FOLD (confidence_fit),information_gain,0.10833639368343738,0.7762688878597872,8.48734736442566,1,1,30
Dry Bean,greedy,CON-FOLD (confidence_fit),information_gain,0.11311053984575835,0.777193764553802,8.529593229293823,1,1,30
Dry Bean,greedy,CON-FOLD (confidence_fit),information_gain,0.118986412045538,0.7783930630810137,8.749033451080322,1,1,30
Dry Bean,greedy,CON-FOLD (confidence_fit),information_gain,0.09805361733382299,0.7734252270707302,8.676541328430176,1,1,30
Dry Bean,greedy,CON-FOLD (confidence_fit),information_gain,0.12339331619537275,0.7787006541717219,8.549533128738403,1,1,30
Dry Bean,greedy,CON-FOLD (confidence_fit),information_gain,0.11347778185824459,0.7772859411107961,8.589370012283325,1,1,30
Dry Bean,greedy,CON-FOLD (confidence_fit),information_gain,0.11347778185824459,0.7770162205529192,8.814851999282837,1,1,30
Dry Bean,greedy,CON-FOLD (confidence_fit),information_gain,0.12118986412045538,0.7794809514028659,8.667545557022095,1,1,30
Dry Bean,greedy,CON-FOLD (confidence_fit),information_gain,0.11531399192067572,0.7774738885113466,8.998347282409668,1,1,30
Dry Bean,greedy,CON-FOLD (confidence_fit),information_gain,0.12743297833272127,0.779153782122182,8.942336559295654,2,2,30
Dry Bean,greedy,CON-FOLD (confidence_fit),Gini_Impurity,0.0,0.75,675.6791868209839,4,13,30
Dry Bean,greedy,CON-FOLD (confidence_fit),Gini_Impurity,0.0007344840249724568,0.7500348879911862,1209.043873310089,3,10,30
Dry Bean,greedy,CON-FOLD (confidence_fit),Gini_Impurity,0.0,0.75,1468.7059378623962,2,8,30
Dry Bean,greedy,CON-FOLD (confidence_fit),Gini_Impurity,0.0,0.75,1779.502949476242,3,12,30
Dry Bean,greedy,CON-FOLD (confidence_fit),Gini_Impurity,0.0,0.75,1823.940158367157,5,15,30
Dry Bean,greedy,CON-FOLD (confidence_fit),Gini_Impurity,0.0011017260374586854,0.7500523319867793,2705.2814569473267,9,23,30
Dry Bean,greedy,CON-FOLD (confidence_fit),Gini_Impurity,0.0003672420124862284,0.7500174439955931,3886.8426656723022,10,29,30
Dry Bean,greedy,CON-FOLD (confidence_fit),Gini_Impurity,0.0,0.75,6817.59764790535,9,30,30
Dry Bean,greedy,CON-FOLD (confidence_fit),Gini_Impurity,0.0029379360998898272,0.7501367732688579,10869.63620853424,22,74,30
Dry Bean,greedy,CON-FOLD (confidence_fit),Gini_Impurity,0.0011017260374586854,0.7500523319867793,15628.294321775436,31,91,30
Dry Bean,greedy,CON-FOLD (confidence_fit),Gini_Impurity,0.0022034520749173708,0.7501046639735586,15878.165281295776,34,115,30
Dry Bean,greedy,CON-FOLD (confidence_fit),Gini_Impurity,0.0011017260374586854,0.7500523319867793,16032.865968227386,33,113,30
Dry Bean,greedy,CON-FOLD (confidence_fit),Gini_Impurity,0.002570694087403599,0.7501028277634962,17909.580224752426,38,101,30
Dry Bean,greedy,CON-FOLD (confidence_fit),Gini_Impurity,0.0014689680499449136,0.7500697759823725,18057.03200507164,32,101,30
Dry Bean,greedy,CON-FOLD (confidence_fit),Gini_Impurity,0.001836210062431142,0.7500872199779656,19951.98042678833,47,133,30
Dry Bean,greedy,CON-FOLD (confidence_fit),Gini_Impurity,0.003672420124862284,0.7501551597502755,20433.05318045616,51,139,30
Dry Bean,greedy,CON-FOLD (confidence_fit),Gini_Impurity,0.0029379360998898272,0.7501202717590892,23268.404627084732,59,158,30
Dry Bean,greedy,CON-FOLD (confidence_fit),Gini_Impurity,0.0033051781123760557,0.7501349370587955,25133.071823835373,54,154,30
Dry Bean,greedy,CON-FOLD (confidence_fit),Gini_Impurity,0.0022034520749173708,0.7500887233239442,25942.75139093399,62,183,30
Dry Bean,greedy,CON-FOLD (confidence_fit),Gini_Impurity,0.004774146162320969,0.7502267719427103,26519.135509967804,70,218,30
Dry Bean,greedy,CON-FOLD (confidence_fit),Gini_Impurity,0.0029379360998898272,0.7501202717590892,28561.51162981987,70,195,30
Dry Bean,greedy,CON-FOLD (confidence_fit),Gini_Impurity,0.003672420124862284,0.7501551597502755,31138.607862710953,66,194,30
Dry Bean,greedy,CON-FOLD (confidence_fit),Gini_Impurity,0.006610356224752111,0.7502952725751745,31503.622378349304,90,245,30
Dry Bean,greedy,CON-FOLD (confidence_fit),Gini_Impurity,0.005508630187293426,0.7502423797282409,32876.52941656113,83,242,30
Dry Bean,greedy,CON-FOLD (confidence_fit),Gini_Impurity,0.005141388174807198,0.7502249357326478,34890.46361041069,116,336,30
Dry Bean,greedy,CON-FOLD (confidence_fit),Gini_Impurity,0.00918105031215571,0.7504333211939406,36791.99499130249,138,381,30
Dry Bean,greedy,CON-FOLD (confidence_fit),Gini_Impurity,0.008446566287183254,0.7503515367037827,38155.2097632885,153,438,30
Dry Bean,greedy,CON-FOLD (confidence_fit),Gini_Impurity,0.009915534337128168,0.750436967519464,38870.352660894394,140,381,30
Dry Bean,greedy,CON-FOLD (confidence_fit),Gini_Impurity,0.010650018362100624,0.7504865956665443,39902.27979135513,157,460,30
Dry Bean,greedy,CON-FOLD (confidence_fit),Gini_Impurity,0.009548292324641938,0.7504089408128168,40527.356181144714,198,572,30
Dry Bean,greedy,CON-FOLD (confidence_fit),Precision_Information_Gain,0.0,0.75,19.90253257751465,0,0,30
Dry Bean,greedy,CON-FOLD (confidence_fit),Precision_Information_Gain,0.0,0.75,20.013046264648438,0,0,30
Dry Bean,greedy,CON-FOLD (confidence_fit),Precision_Information_Gain,0.0,0.75,20.20688772201538,0,0,30
Dry Bean,greedy,CON-FOLD (confidence_fit),Precision_Information_Gain,0.0,0.75,20.47710680961609,0,0,30
Dry Bean,greedy,CON-FOLD (confidence_fit),Precision_Information_Gain,0.0,0.75,20.616791486740112,0,0,30
Dry Bean,greedy,CON-FOLD (confidence_fit),Precision_Information_Gain,0.0,0.75,20.61025619506836,0,0,30
Dry Bean,greedy,CON-FOLD (confidence_fit),Precision_Information_Gain,0.0,0.75,20.765312910079956,0,0,30
Dry Bean,greedy,CON-FOLD (confidence_fit),Precision_Information_Gain,0.0,0.75,21.161966562271118,0,0,30
Dry Bean,greedy,CON-FOLD (confidence_fit),Precision_Information_Gain,0.0,0.75,20.826149702072144,0,0,30
Dry Bean,greedy,CON-FOLD (confidence_fit),Precision_Information_Gain,0.0,0.75,21.00906729698181,0,0,30
Dry Bean,greedy,CON-FOLD (confidence_fit),Precision_Information_Gain,0.0,0.75,21.020862340927124,0,0,30
Dry Bean,greedy,CON-FOLD (confidence_fit),Precision_Information_Gain,0.0,0.75,20.99651026725769,0,0,30
Dry Bean,greedy,CON-FOLD (confidence_fit),Precision_Information_Gain,0.0,0.75,20.928768157958984,0,0,30
Dry Bean,greedy,CON-FOLD (confidence_fit),Precision_Information_Gain,0.0,0.75,21.09280824661255,0,0,30
Dry Bean,greedy,CON-FOLD (confidence_fit),Precision_Information_Gain,0.0,0.75,21.18383812904358,0,0,30
Dry Bean,greedy,CON-FOLD (confidence_fit),Precision_Information_Gain,0.0,0.75,21.243276119232178,0,0,30
Dry Bean,greedy,CON-FOLD (confidence_fit),Precision_Information_Gain,0.0,0.75,21.15520167350769,0,0,30
Dry Bean,greedy,CON-FOLD (confidence_fit),Precision_Information_Gain,0.0,0.75,23.170016765594482,0,0,30
Dry Bean,greedy,CON-FOLD (confidence_fit),Precision_Information_Gain,0.0,0.75,21.294290781021118,0,0,30
Dry Bean,greedy,CON-FOLD (confidence_fit),Precision_Information_Gain,0.0,0.75,21.49482774734497,0,0,30
Dry Bean,greedy,CON-FOLD (confidence_fit),Precision_Information_Gain,0.0,0.75,21.8419930934906,0,0,30
Dry Bean,greedy,CON-FOLD (confidence_fit),Precision_Information_Gain,0.0,0.75,21.738576889038086,0,0,30
Dry Bean,greedy,CON-FOLD (confidence_fit),Precision_Information_Gain,0.0,0.75,21.701403379440308,0,0,30
Dry Bean,greedy,CON-FOLD (confidence_fit),Precision_Information_Gain,0.0,0.75,21.666911363601685,0,0,30
Dry Bean,greedy,CON-FOLD (confidence_fit),Precision_Information_Gain,0.0,0.75,21.80660057067871,0,0,30
Dry Bean,greedy,CON-FOLD (confidence_fit),Precision_Information_Gain,0.0,0.75,21.931368350982666,0,0,30
Dry Bean,greedy,CON-FOLD (confidence_fit),Precision_Information_Gain,0.0,0.75,21.78271460533142,0,0,30
Dry Bean,greedy,CON-FOLD (confidence_fit),Precision_Information_Gain,0.0,0.75,21.842705488204956,0,0,30
Dry Bean,greedy,CON-FOLD (confidence_fit),Precision_Information_Gain,0.0,0.75,21.8958740234375,0,0,30
Dry Bean,greedy,CON-FOLD (confidence_fit),Precision_Information_Gain,0.0,0.75,21.99859356880188,0,0,30
Dry Bean,greedy,CON-FOLD (confidence_fit),Precision_Gini_Impurity,0.2052882849798017,0.7947944904193536,6473.064668178558,92,124,30
Dry Bean,greedy,CON-FOLD (confidence_fit),Precision_Gini_Impurity,0.2335659199412413,0.7974379522619538,9558.135684013367,154,198,30
Dry Bean,greedy,CON-FOLD (confidence_fit),Precision_Gini_Impurity,0.3657730444362835,0.8287878376581697,9662.581217288971,157,201,30
Dry Bean,greedy,CON-FOLD (confidence_fit),Precision_Gini_Impurity,0.2442159383033419,0.8003212552871458,9763.846198558807,170,202,30
Dry Bean,greedy,CON-FOLD (confidence_fit),Precision_Gini_Impurity,0.1939037825927286,0.7906185287580612,10403.419568777084,195,212,30
Dry Bean,greedy,CON-FOLD (confidence_fit),Precision_Gini_Impurity,0.2816746235769372,0.8095804343989346,11084.972702503204,192,247,30
Dry Bean,greedy,CON-FOLD (confidence_fit),Precision_Gini_Impurity,0.21116415717958134,0.7895281027551602,11240.982115745544,218,273,30
Dry Bean,greedy,CON-FOLD (confidence_fit),Precision_Gini_Impurity,0.28351083363936835,0.8108239820634215,11734.687495708466,188,267,30
Dry Bean,greedy,CON-FOLD (confidence_fit),Precision_Gini_Impurity,0.3128901946382666,0.815933814919537,11807.944385766983,232,282,30
Dry Bean,greedy,CON-FOLD (confidence_fit),Precision_Gini_Impurity,0.2838780756518546,0.8091916716217404,12049.007518291473,217,264,30
Dry Bean,greedy,CON-FOLD (confidence_fit),Precision_Gini_Impurity,0.2159383033419023,0.7939014483956673,12219.003009796143,223,278,30
Dry Bean,greedy,CON-FOLD (confidence_fit),Precision_Gini_Impurity,0.39368343738523687,0.827308488612083,12635.516327381134,275,369,30
Dry Bean,greedy,CON-FOLD (confidence_fit),Precision_Gini_Impurity,0.3000367242012486,0.8081530538697019,13049.545645236969,281,274,30
Dry Bean,greedy,CON-FOLD (confidence_fit),Precision_Gini_Impurity,0.3848696290855674,0.8278121462707667,13358.162865400314,279,352,30
Dry Bean,greedy,CON-FOLD (confidence_fit),Precision_Gini_Impurity,0.3591626882115314,0.8223335665732294,13588.014244794846,276,374,30
Dry Bean,greedy,CON-FOLD (confidence_fit),Precision_Gini_Impurity,0.2802056555269923,0.8054912092111634,13598.01881814003,295,310,30
Dry Bean,greedy,CON-FOLD (confidence_fit),Precision_Gini_Impurity,0.38633859713551233,0.8268315074892784,13831.433044195175,310,386,30
Dry Bean,greedy,CON-FOLD (confidence_fit),Precision_Gini_Impurity,0.3272126331252295,0.8177212604730446,14158.997829914093,261,338,30
Dry Bean,greedy,CON-FOLD (confidence_fit),Precision_Gini_Impurity,0.36320235034887993,0.8214447139564459,14320.73212814331,295,403,30
Dry Bean,greedy,CON-FOLD (confidence_fit),Precision_Gini_Impurity,0.43114212265883217,0.8358036994531758,14554.326499462128,328,445,30
Dry Bean,greedy,CON-FOLD (confidence_fit),Precision_Gini_Impurity,0.35328681601175177,0.821197163795446,14951.389380931854,343,404,30
Dry Bean,greedy,CON-FOLD (confidence_fit),Precision_Gini_Impurity,0.3643040763863386,0.8204170699851997,15001.185300827026,313,456,30
Dry Bean,greedy,CON-FOLD (confidence_fit),Precision_Gini_Impurity,0.3980903415350716,0.8257097078657002,15567.531240940094,384,514,30
Dry Bean,greedy,CON-FOLD (confidence_fit),Precision_Gini_Impurity,0.37421961072346677,0.8186920068955934,15589.1031062603,351,490,30
Dry Bean,greedy,CON-FOLD (confidence_fit),Precision_Gini_Impurity,0.35255233198677927,0.8189823205973918,15637.411866664886,431,501,30
Dry Bean,greedy,CON-FOLD (confidence_fit),Precision_Gini_Impurity,0.3712816746235769,0.8233981367542038,15669.651169776917,440,544,30
Dry Bean,greedy,CON-FOLD (confidence_fit),Precision_Gini_Impurity,0.3797282409107602,0.8199319300747333,15724.882096529007,419,523,30
Dry Bean,greedy,CON-FOLD (confidence_fit),Precision_Gini_Impurity,0.37936099889827396,0.8216984174714295,15809.576928377151,404,563,30
Dry Bean,greedy,CON-FOLD (confidence_fit),Precision_Gini_Impurity,0.3811972089607051,0.8188597185723105,15811.251204013824,462,556,30
Dry Bean,greedy,CON-FOLD (confidence_fit),Precision_Gini_Impurity,0.48218876239441794,0.8355391751363572,16045.404725790024,675,905,30
Dry Bean,round_robin,FOLD-RM (fit),original,0.9151670951156813,0.9258782792261084,1017.3880770206451,127,216,30
Dry Bean,round_robin,FOLD-RM (fit),original,0.9125964010282777,0.9231225986547555,1040.9321546554565,141,252,30
Dry Bean,round_robin,FOLD-RM (fit),original,0.9096584649283878,0.927089989932096,1046.2672288417816,107,193,30
Dry Bean,round_robin,FOLD-RM (fit),original,0.9034153507161219,0.9148950339195371,1065.8344264030457,158,274,30
Dry Bean,round_robin,FOLD-RM (fit),original,0.9151670951156813,0.9245493716297841,1073.1248197555542,148,270,30
Dry Bean,round_robin,FOLD-RM (fit),original,0.9162688211531399,0.9258807682929837,1079.3633358478546,159,265,30
Dry Bean,round_robin,FOLD-RM (fit),original,0.9159015791406537,0.9258037522136239,1091.6524522304535,157,277,30
Dry Bean,round_robin,FOLD-RM (fit),original,0.9048843187660668,0.9190634596376799,1097.7550268173218,138,245,30
Dry Bean,round_robin,FOLD-RM (fit),original,0.9144326110907087,0.9249640000661036,1116.3443641662598,156,252,30
Dry Bean,round_robin,FOLD-RM (fit),original,0.9052515607785531,0.9177659326768636,1118.3743677139282,158,264,30
Dry Bean,round_robin,FOLD-RM (fit),original,0.9041498347410943,0.9147412440620267,1124.0256271362305,135,252,30
Dry Bean,round_robin,FOLD-RM (fit),original,0.906720528828498,0.9184049322557081,1124.2737982273102,149,264,30
Dry Bean,round_robin,FOLD-RM (fit),original,0.910025706940874,0.9192545814965855,1126.4444015026093,152,283,30
Dry Bean,round_robin,FOLD-RM (fit),original,0.9103929489533603,0.9214008595065011,1133.4172530174255,159,283,30
Dry Bean,round_robin,FOLD-RM (fit),original,0.9037825927286082,0.9165505644278001,1134.6559009552002,159,273,30
Dry Bean,round_robin,FOLD-RM (fit),original,0.9136981270657363,0.9237846991843562,1141.6211965084076,147,260,30
Dry Bean,round_robin,FOLD-RM (fit),original,0.9250826294528094,0.9326565284131477,1145.4585955142975,161,288,30
Dry Bean,round_robin,FOLD-RM (fit),original,0.9140653690782226,0.9238079147113857,1150.1243691444397,142,261,30
Dry Bean,round_robin,FOLD-RM (fit),original,0.910025706940874,0.922091070387735,1152.1576046943665,176,312,30
Dry Bean,round_robin,FOLD-RM (fit),original,0.9155343371281675,0.924416338039109,1158.6573491096497,176,323,30
Dry Bean,round_robin,FOLD-RM (fit),original,0.9103929489533603,0.9210281576673888,1159.8197464942932,178,310,30
Dry Bean,round_robin,FOLD-RM (fit),original,0.9052515607785531,0.9178007881828513,1162.8673992156982,152,278,30
Dry Bean,round_robin,FOLD-RM (fit),original,0.9114946749908189,0.9233957311125238,1181.7472865581512,145,264,30
Dry Bean,round_robin,FOLD-RM (fit),original,0.8982739625413148,0.9086321560844655,1185.0861806869507,165,321,30
Dry Bean,round_robin,FOLD-RM (fit),original,0.9136981270657363,0.9241038526060953,1188.782668352127,143,280,30
Dry Bean,round_robin,FOLD-RM (fit),original,0.9015791406536908,0.9148520616551237,1189.4502880573273,159,285,30
Dry Bean,round_robin,FOLD-RM (fit),original,0.9078222548659567,0.921409826599486,1190.0155963897705,184,321,30
Dry Bean,round_robin,FOLD-RM (fit),original,0.8997429305912596,0.9229195554300395,1190.7874100208282,143,286,30
Dry Bean,round_robin,FOLD-RM (fit),original,0.9074550128534704,0.9228175579092552,1195.209049463272,153,290,30
Dry Bean,round_robin,FOLD-RM (fit),original,0.9037825927286082,0.9152581938427119,1198.802080154419,186,336,30
Dry Bean,round_robin,FOLD-RM (fit),information_gain,0.22071244950422328,0.803748306514763,12.430981874465942,8,8,30
Dry Bean,round_robin,FOLD-RM (fit),information_gain,0.21777451340433346,0.8035681521144322,12.741944551467896,9,9,30
Dry Bean,round_robin,FOLD-RM (fit),information_gain,0.21630554535438853,0.8029180401937924,12.923923015594482,7,7,30
Dry Bean,round_robin,FOLD-RM (fit),information_gain,0.24348145427836945,0.8075504042945254,12.90989089012146,9,9,30
Dry Bean,round_robin,FOLD-RM (fit),information_gain,0.23466764597869996,0.8068448177775244,13.04076862335205,9,9,30
Dry Bean,round_robin,FOLD-RM (fit),information_gain,0.23834006610356226,0.8072615021558189,12.829840898513794,7,7,30
Dry Bean,round_robin,FOLD-RM (fit),information_gain,0.23687109805361733,0.8071824235016515,12.905106544494629,9,9,30
Dry Bean,round_robin,FOLD-RM (fit),information_gain,0.2365038560411311,0.8079887016812346,12.89824390411377,10,10,30
Dry Bean,round_robin,FOLD-RM (fit),information_gain,0.23062798384135144,0.8066468260357335,13.091290712356567,10,10,30
Dry Bean,round_robin,FOLD-RM (fit),information_gain,0.24054351817847963,0.80840497948586,13.103311538696289,8,8,30
Dry Bean,round_robin,FOLD-RM (fit),information_gain,0.2416452442159383,0.8090414799520033,12.98677396774292,10,10,30
Dry Bean,round_robin,FOLD-RM (fit),information_gain,0.24201248622842453,0.8081924911132932,12.975307703018188,8,8,30
Dry Bean,round_robin,FOLD-RM (fit),information_gain,0.2544987146529563,0.8114545255071244,13.218968391418457,9,9,30
Dry Bean,round_robin,FOLD-RM (fit),information_gain,0.23393316195372751,0.8065650368406532,13.040685653686523,9,9,30
Dry Bean,round_robin,FOLD-RM (fit),information_gain,0.237972824091076,0.8076093702303333,13.407102823257446,9,9,30
Dry Bean,round_robin,FOLD-RM (fit),information_gain,0.2478883584282042,0.8087086252821893,13.263630151748657,9,9,30
Dry Bean,round_robin,FOLD-RM (fit),information_gain,0.23172970987881014,0.8059490482042959,13.484915256500244,11,11,30
Dry Bean,round_robin,FOLD-RM (fit),information_gain,0.2416452442159383,0.8086751868156432,13.552407503128052,9,9,30
Dry Bean,round_robin,FOLD-RM (fit),information_gain,0.2651487330150569,0.8139816582253386,13.556443929672241,10,10,30
Dry Bean,round_robin,FOLD-RM (fit),information_gain,0.24458318031582812,0.8102402414197576,13.679809331893921,9,9,30
Dry Bean,round_robin,FOLD-RM (fit),information_gain,0.22328314359162688,0.8041940548511208,13.714117527008057,8,8,30
Dry Bean,round_robin,FOLD-RM (fit),information_gain,0.21630554535438853,0.8028869919697401,13.716499328613281,8,8,30
Dry Bean,round_robin,FOLD-RM (fit),information_gain,0.2504590525156078,0.8096564244308863,13.707499980926514,9,9,30
Dry Bean,round_robin,FOLD-RM (fit),information_gain,0.22438486962908558,0.8044023419984206,13.928696632385254,10,10,30
Dry Bean,round_robin,FOLD-RM (fit),information_gain,0.24348145427836945,0.8094426769249715,13.752890348434448,8,8,30
Dry Bean,round_robin,FOLD-RM (fit),information_gain,0.21483657730444364,0.8023011663143235,13.882916450500488,8,8,30
Dry Bean,round_robin,FOLD-RM (fit),information_gain,0.23393316195372751,0.8059422487624309,13.80864691734314,9,9,30
Dry Bean,round_robin,FOLD-RM (fit),information_gain,0.25486595666544254,0.8121936069847968,13.789251327514648,10,10,30
Dry Bean,round_robin,FOLD-RM (fit),information_gain,0.23944179214102093,0.8070171245210792,13.976824283599854,9,9,30
Dry Bean,round_robin,FOLD-RM (fit),information_gain,0.25266250459052514,0.8112252432983101,13.909324169158936,9,9,30
Dry Bean,round_robin,FOLD-RM (fit),Gini_Impurity,0.0,0.75,188.13014149665833,0,0,30
Dry Bean,round_robin,FOLD-RM (fit),Gini_Impurity,0.0,0.75,189.94051837921143,0,0,30
Dry Bean,round_robin,FOLD-RM (fit),Gini_Impurity,0.0,0.75,357.93188881874084,0,0,30
Dry Bean,round_robin,FOLD-RM (fit),Gini_Impurity,0.0,0.75,359.6922855377197,0,0,30
Dry Bean,round_robin,FOLD-RM (fit),Gini_Impurity,0.0,0.75,361.31615948677063,0,0,30
Dry Bean,round_robin,FOLD-RM (fit),Gini_Impurity,0.0,0.75,361.46192359924316,0,0,30
Dry Bean,round_robin,FOLD-RM (fit),Gini_Impurity,0.0,0.75,499.26948523521423,0,0,30
Dry Bean,round_robin,FOLD-RM (fit),Gini_Impurity,0.0,0.75,501.8807191848755,0,0,30
Dry Bean,round_robin,FOLD-RM (fit),Gini_Impurity,0.0,0.75,512.949471950531,0,0,30
Dry Bean,round_robin,FOLD-RM (fit),Gini_Impurity,0.0,0.75,513.0964839458466,0,0,30
Dry Bean,round_robin,FOLD-RM (fit),Gini_Impurity,0.0,0.75,516.9484419822693,0,0,30
Dry Bean,round_robin,FOLD-RM (fit),Gini_Impurity,0.0,0.75,516.9189002513885,0,0,30
Dry Bean,round_robin,FOLD-RM (fit),Gini_Impurity,0.0,0.75,517.9093067646027,0,0,30
Dry Bean,round_robin,FOLD-RM (fit),Gini_Impurity,0.0,0.75,613.0265355110168,0,0,30
Dry Bean,round_robin,FOLD-RM (fit),Gini_Impurity,0.0,0.75,613.9545109272003,0,0,30
Dry Bean,round_robin,FOLD-RM (fit),Gini_Impurity,0.0,0.75,617.4139795303345,0,0,30
Dry Bean,round_robin,FOLD-RM (fit),Gini_Impurity,0.0,0.75,619.3517465591431,0,0,30
Dry Bean,round_robin,FOLD-RM (fit),Gini_Impurity,0.0,0.75,624.0663666725159,0,0,30
Dry Bean,round_robin,FOLD-RM (fit),Gini_Impurity,0.0,0.75,625.7824831008911,0,0,30
Dry Bean,round_robin,FOLD-RM (fit),Gini_Impurity,0.0,0.75,677.3622334003448,0,0,30
Dry Bean,round_robin,FOLD-RM (fit),Gini_Impurity,0.0,0.75,693.7920413017273,0,0,30
Dry Bean,round_robin,FOLD-RM (fit),Gini_Impurity,0.0,0.75,727.2784006595612,0,0,30
Dry Bean,round_robin,FOLD-RM (fit),Gini_Impurity,0.0,0.75,729.6089069843292,0,0,30
Dry Bean,round_robin,FOLD-RM (fit),Gini_Impurity,0.0,0.75,734.9785051345825,0,0,30
Dry Bean,round_robin,FOLD-RM (fit),Gini_Impurity,0.0,0.75,747.3246533870697,0,0,30
Dry Bean,round_robin,FOLD-RM (fit),Gini_Impurity,0.0,0.75,764.7116034030914,0,0,30
Dry Bean,round_robin,FOLD-RM (fit),Gini_Impurity,0.0003672420124862284,0.7500303508526993,768.8753893375397,2,5,30
Dry Bean,round_robin,FOLD-RM (fit),Gini_Impurity,0.0,0.75,772.6713106632233,0,0,30
Dry Bean,round_robin,FOLD-RM (fit),Gini_Impurity,0.0,0.75,789.5215775966644,0,0,30
Dry Bean,round_robin,FOLD-RM (fit),Gini_Impurity,0.0,0.75,791.4976210594177,0,0,30
Dry Bean,round_robin,FOLD-RM (fit),Precision_Information_Gain,0.0,0.75,4.805964469909668,0,0,30
Dry Bean,round_robin,FOLD-RM (fit),Precision_Information_Gain,0.0,0.75,5.62495493888855,0,0,30
Dry Bean,round_robin,FOLD-RM (fit),Precision_Information_Gain,0.0,0.75,6.7963292598724365,0,0,30
Dry Bean,round_robin,FOLD-RM (fit),Precision_Information_Gain,0.0,0.75,6.089910507202148,0,0,30
Dry Bean,round_robin,FOLD-RM (fit),Precision_Information_Gain,0.0,0.75,6.437592267990112,0,0,30
Dry Bean,round_robin,FOLD-RM (fit),Precision_Information_Gain,0.0,0.75,6.486725091934204,0,0,30
Dry Bean,round_robin,FOLD-RM (fit),Precision_Information_Gain,0.0,0.75,7.708770990371704,0,0,30
Dry Bean,round_robin,FOLD-RM (fit),Precision_Information_Gain,0.0,0.75,6.702669143676758,0,0,30
Dry Bean,round_robin,FOLD-RM (fit),Precision_Information_Gain,0.0,0.75,8.088054656982422,0,0,30
Dry Bean,round_robin,FOLD-RM (fit),Precision_Information_Gain,0.0,0.75,7.090594530105591,0,0,30
Dry Bean,round_robin,FOLD-RM (fit),Precision_Information_Gain,0.0,0.75,8.443204402923584,0,0,30
Dry Bean,round_robin,FOLD-RM (fit),Precision_Information_Gain,0.0,0.75,8.3535475730896,0,0,30
Dry Bean,round_robin,FOLD-RM (fit),Precision_Information_Gain,0.0,0.75,8.570115327835083,0,0,30
Dry Bean,round_robin,FOLD-RM (fit),Precision_Information_Gain,0.0,0.75,8.34438443183899,0,0,30
Dry Bean,round_robin,FOLD-RM (fit),Precision_Information_Gain,0.0,0.75,8.767565965652466,0,0,30
Dry Bean,round_robin,FOLD-RM (fit),Precision_Information_Gain,0.0,0.75,9.008729457855225,0,0,30
Dry Bean,round_robin,FOLD-RM (fit),Precision_Information_Gain,0.0,0.75,8.795081853866577,0,0,30
Dry Bean,round_robin,FOLD-RM (fit),Precision_Information_Gain,0.0,0.75,9.100773096084595,0,0,30
Dry Bean,round_robin,FOLD-RM (fit),Precision_Information_Gain,0.0,0.75,9.086241483688354,0,0,30
Dry Bean,round_robin,FOLD-RM (fit),Precision_Information_Gain,0.0,0.75,8.918380975723267,0,0,30
Dry Bean,round_robin,FOLD-RM (fit),Precision_Information_Gain,0.0,0.75,9.14840030670166,0,0,30
Dry Bean,round_robin,FOLD-RM (fit),Precision_Information_Gain,0.0,0.75,9.114197731018066,0,0,30
Dry Bean,round_robin,FOLD-RM (fit),Precision_Information_Gain,0.0,0.75,9.091597557067871,0,0,30
Dry Bean,round_robin,FOLD-RM (fit),Precision_Information_Gain,0.0,0.75,9.190581321716309,0,0,30
Dry Bean,round_robin,FOLD-RM (fit),Precision_Information_Gain,0.0,0.75,8.012042999267578,0,0,30
Dry Bean,round_robin,FOLD-RM (fit),Precision_Information_Gain,0.0,0.75,9.342137336730957,0,0,30
Dry Bean,round_robin,FOLD-RM (fit),Precision_Information_Gain,0.0,0.75,9.202922582626343,0,0,30
Dry Bean,round_robin,FOLD-RM (fit),Precision_Information_Gain,0.0,0.75,9.186958312988281,0,0,30
Dry Bean,round_robin,FOLD-RM (fit),Precision_Information_Gain,0.0,0.75,9.576839208602905,0,0,30
Dry Bean,round_robin,FOLD-RM (fit),Precision_Information_Gain,0.0,0.75,9.48033881187439,0,0,30
Dry Bean,round_robin,FOLD-RM (fit),Precision_Gini_Impurity,0.024237972824091077,0.7558136009932797,949.0791263580322,50,50,30
Dry Bean,round_robin,FOLD-RM (fit),Precision_Gini_Impurity,0.04443628351083364,0.760579801962431,1519.424188375473,87,102,30
Dry Bean,round_robin,FOLD-RM (fit),Precision_Gini_Impurity,0.0477414616232097,0.760886374979728,1871.3203918933868,83,93,30
Dry Bean,round_robin,FOLD-RM (fit),Precision_Gini_Impurity,0.052148365773044436,0.7615370454984943,2386.867214202881,97,116,30
Dry Bean,round_robin,FOLD-RM (fit),Precision_Gini_Impurity,0.04847594564818215,0.7612559618359165,2557.9688432216644,97,106,30
Dry Bean,round_robin,FOLD-RM (fit),Precision_Gini_Impurity,0.09621740727139184,0.7734884649666176,2611.1305062770844,197,197,30
Dry Bean,round_robin,FOLD-RM (fit),Precision_Gini_Impurity,0.09842085934630922,0.7737518137718693,2642.2149138450623,190,207,30
Dry Bean,round_robin,FOLD-RM (fit),Precision_Gini_Impurity,0.11678295997062065,0.7754329562055824,2684.279219150543,193,195,30
Dry Bean,round_robin,FOLD-RM (fit),Precision_Gini_Impurity,0.09217774513404334,0.7716181069614769,2708.0212078094482,176,172,30
Dry Bean,round_robin,FOLD-RM (fit),Precision_Gini_Impurity,0.08226221079691516,0.7692838210856769,2906.789628267288,172,153,30
Dry Bean,round_robin,FOLD-RM (fit),Precision_Gini_Impurity,0.16342269555637165,0.7883590162640847,3381.1727838516235,273,285,30
Dry Bean,round_robin,FOLD-RM (fit),Precision_Gini_Impurity,0.12926918839515242,0.7796666508073818,3754.3930389881134,232,254,30
Dry Bean,round_robin,FOLD-RM (fit),Precision_Gini_Impurity,0.1847227322805729,0.7936905932602285,4528.820252895355,310,305,30
Dry Bean,round_robin,FOLD-RM (fit),Precision_Gini_Impurity,0.22438486962908558,0.8010620964238342,4792.94495511055,361,383,30
Dry Bean,round_robin,FOLD-RM (fit),Precision_Gini_Impurity,0.19794344473007713,0.794709367983438,4955.326025485992,400,397,30
Dry Bean,round_robin,FOLD-RM (fit),Precision_Gini_Impurity,0.18655894234300405,0.7938764662269185,4987.50675535202,339,357,30
Dry Bean,round_robin,FOLD-RM (fit),Precision_Gini_Impurity,0.17480719794344474,0.7886771821400669,5555.300719976425,354,385,30
Dry Bean,round_robin,FOLD-RM (fit),Precision_Gini_Impurity,0.28314359162688213,0.8127179247471163,5761.893225908279,533,556,30
Dry Bean,round_robin,FOLD-RM (fit),Precision_Gini_Impurity,0.14873301505692252,0.7832989152717592,5851.1805946826935,298,317,30
Dry Bean,round_robin,FOLD-RM (fit),Precision_Gini_Impurity,0.20455380095482922,0.7940561573287548,5855.221166372299,408,440,30
Dry Bean,round_robin,FOLD-RM (fit),Precision_Gini_Impurity,0.08556738890929122,0.7672424377160483,5882.83950138092,242,269,30
Dry Bean,round_robin,FOLD-RM (fit),Precision_Gini_Impurity,0.1524054351817848,0.7810681448261847,6219.409368991852,402,433,30
Dry Bean,round_robin,FOLD-RM (fit),Precision_Gini_Impurity,0.27653323540213,0.812048420284722,6485.274896860123,615,613,30
Dry Bean,round_robin,FOLD-RM (fit),Precision_Gini_Impurity,0.27065736320235034,0.8110679951495408,6486.666159391403,566,607,30
Dry Bean,round_robin,FOLD-RM (fit),Precision_Gini_Impurity,0.2677194271024605,0.8054363360409474,6647.019616603851,588,635,30
Dry Bean,round_robin,FOLD-RM (fit),Precision_Gini_Impurity,0.2897539478516342,0.8110465906980906,6726.631698608398,595,606,30
Dry Bean,round_robin,FOLD-RM (fit),Precision_Gini_Impurity,0.30297466030113845,0.8114331085063543,6744.057168722153,584,617,30
Dry Bean,round_robin,FOLD-RM (fit),Precision_Gini_Impurity,0.2967315460888726,0.8141745592179223,6762.72283744812,689,726,30
Dry Bean,round_robin,FOLD-RM (fit),Precision_Gini_Impurity,0.3643040763863386,0.8301992743811974,6857.821694612503,803,838,30
Dry Bean,round_robin,FOLD-RM (fit),Precision_Gini_Impurity,0.3848696290855674,0.8360869805211522,6890.170276641846,844,871,30
Dry Bean,round_robin,CON-FOLD (confidence_fit),original,0.901946382666177,0.9142952053664333,1113.7142927646637,37,55,30
Dry Bean,round_robin,CON-FOLD (confidence_fit),original,0.9026808666911494,0.9166833127594938,1132.5247752666473,66,107,30
Dry Bean,round_robin,CON-FOLD (confidence_fit),original,0.9008446566287184,0.9158877208501285,1140.558359861374,51,73,30
Dry Bean,round_robin,CON-FOLD (confidence_fit),original,0.9074550128534704,0.9202854014363211,1141.8926751613617,51,74,30
Dry Bean,round_robin,CON-FOLD (confidence_fit),original,0.9125964010282777,0.9245894660261841,1146.4613454341888,54,71,30
Dry Bean,round_robin,CON-FOLD (confidence_fit),original,0.8942343004039662,0.90860335563882,1146.351492881775,39,55,30
Dry Bean,round_robin,CON-FOLD (confidence_fit),original,0.9034153507161219,0.9162281208557466,1155.4053015708923,55,78,30
Dry Bean,round_robin,CON-FOLD (confidence_fit),original,0.906720528828498,0.9194993469881028,1166.0473215579987,68,102,30
Dry Bean,round_robin,CON-FOLD (confidence_fit),original,0.9114946749908189,0.9230312511710607,1174.8822202682495,48,61,30
Dry Bean,round_robin,CON-FOLD (confidence_fit),original,0.906720528828498,0.919768794171611,1177.6607828140259,41,56,30
Dry Bean,round_robin,CON-FOLD (confidence_fit),original,0.9012118986412045,0.9213325356443262,1178.4610023498535,29,41,30
Dry Bean,round_robin,CON-FOLD (confidence_fit),original,0.9107601909658465,0.9210291281244597,1188.1327295303345,54,76,30
Dry Bean,round_robin,CON-FOLD (confidence_fit),original,0.9144326110907087,0.9255435506802779,1190.7569561004639,57,77,30
Dry Bean,round_robin,CON-FOLD (confidence_fit),original,0.9078222548659567,0.9207892729823348,1193.8585851192474,50,63,30
Dry Bean,round_robin,CON-FOLD (confidence_fit),original,0.9059860448035255,0.9188649894648928,1195.6070034503937,40,54,30
Dry Bean,round_robin,CON-FOLD (confidence_fit),original,0.9037825927286082,0.9163115102392958,1197.6735062599182,42,54,30
Dry Bean,round_robin,CON-FOLD (confidence_fit),original,0.9026808666911494,0.9168087680321345,1205.490710735321,47,75,30
Dry Bean,round_robin,CON-FOLD (confidence_fit),original,0.9114946749908189,0.9262442328277998,1209.6221995353699,30,51,30
Dry Bean,round_robin,CON-FOLD (confidence_fit),original,0.9173705471905986,0.9264760448666909,1211.628505706787,79,122,30
Dry Bean,round_robin,CON-FOLD (confidence_fit),original,0.9081894968784429,0.9203432010391843,1216.7940108776093,65,100,30
Dry Bean,round_robin,CON-FOLD (confidence_fit),original,0.9045170767535806,0.916727085114065,1229.6878311634064,46,64,30
Dry Bean,round_robin,CON-FOLD (confidence_fit),original,0.9085567388909291,0.9191382482078206,1229.2010295391083,52,83,30
Dry Bean,round_robin,CON-FOLD (confidence_fit),original,0.9081894968784429,0.9194106835685989,1233.0903000831604,50,74,30
Dry Bean,round_robin,CON-FOLD (confidence_fit),original,0.9012118986412045,0.9146868081273244,1234.9057154655457,65,105,30
Dry Bean,round_robin,CON-FOLD (confidence_fit),original,0.897172236503856,0.9122307297800619,1237.7810957431793,58,87,30
Dry Bean,round_robin,CON-FOLD (confidence_fit),original,0.9045170767535806,0.9151666746784038,1239.373187303543,52,81,30
Dry Bean,round_robin,CON-FOLD (confidence_fit),original,0.9008446566287184,0.9153854210472672,1239.347169160843,42,60,30
Dry Bean,round_robin,CON-FOLD (confidence_fit),original,0.9004774146162321,0.9138696832141747,1242.002251625061,62,99,30
Dry Bean,round_robin,CON-FOLD (confidence_fit),original,0.9118619170033052,0.923130609957326,1243.3629202842712,48,75,30
Dry Bean,round_robin,CON-FOLD (confidence_fit),original,0.9052515607785531,0.9185128425434101,1249.7604217529297,54,82,30
Dry Bean,round_robin,CON-FOLD (confidence_fit),information_gain,0.2185089974293059,0.8018518762114213,12.49294662475586,5,5,30
Dry Bean,round_robin,CON-FOLD (confidence_fit),information_gain,0.24605214836577305,0.8087024576382673,12.65533995628357,5,5,30
Dry Bean,round_robin,CON-FOLD (confidence_fit),information_gain,0.21006243114212267,0.7999906930788101,12.862378597259521,5,5,30
Dry Bean,round_robin,CON-FOLD (confidence_fit),information_gain,0.24899008446566287,0.808926646957399,12.82814908027649,5,5,30
Dry Bean,round_robin,CON-FOLD (confidence_fit),information_gain,0.2262210796915167,0.8043317495896053,13.145128726959229,5,5,30
Dry Bean,round_robin,CON-FOLD (confidence_fit),information_gain,0.2335659199412413,0.8052075031321713,13.138789415359497,5,5,30
Dry Bean,round_robin,CON-FOLD (confidence_fit),information_gain,0.23430040396621374,0.8062001346233585,13.099874019622803,5,5,30
Dry Bean,round_robin,CON-FOLD (confidence_fit),information_gain,0.2350348879911862,0.8046948237419024,12.886669397354126,5,5,30
Dry Bean,round_robin,CON-FOLD (confidence_fit),information_gain,0.24127800220345208,0.8071049748078963,13.087471961975098,5,5,30
Dry Bean,round_robin,CON-FOLD (confidence_fit),information_gain,0.22805728975394784,0.8043354391062063,13.143718719482422,5,5,30
Dry Bean,round_robin,CON-FOLD (confidence_fit),information_gain,0.24605214836577305,0.8064272027255589,13.47102403640747,5,5,30
Dry Bean,round_robin,CON-FOLD (confidence_fit),information_gain,0.22034520749173706,0.8015130005596782,13.290313482284546,5,5,30
Dry Bean,round_robin,CON-FOLD (confidence_fit),information_gain,0.25266250459052514,0.8084709898133688,13.572578430175781,5,5,30
Dry Bean,round_robin,CON-FOLD (confidence_fit),information_gain,0.24237972824091075,0.8088502631463457,13.418689489364624,5,5,30
Dry Bean,round_robin,CON-FOLD (confidence_fit),information_gain,0.23209695189129637,0.8054983417103931,13.61831283569336,5,5,30
Dry Bean,round_robin,CON-FOLD (confidence_fit),information_gain,0.21483657730444364,0.7999511065764595,13.616087675094604,5,5,30
Dry Bean,round_robin,CON-FOLD (confidence_fit),information_gain,0.22842453176643407,0.8044464366791775,13.564585447311401,5,5,30
Dry Bean,round_robin,CON-FOLD (confidence_fit),information_gain,0.25302974660301136,0.8097572370992291,13.575700998306274,5,5,30
Dry Bean,round_robin,CON-FOLD (confidence_fit),information_gain,0.2442159383033419,0.807345084189276,13.558924674987793,5,5,30
Dry Bean,round_robin,CON-FOLD (confidence_fit),information_gain,0.23870730811604848,0.80712000603889,13.595741033554077,5,5,30
Dry Bean,round_robin,CON-FOLD (confidence_fit),information_gain,0.26147631289019463,0.8116453850040775,13.731577396392822,5,5,30
Dry Bean,round_robin,CON-FOLD (confidence_fit),information_gain,0.2442159383033419,0.8064177963984942,13.675407648086548,5,5,30
Dry Bean,round_robin,CON-FOLD (confidence_fit),information_gain,0.24605214836577305,0.8072348526693361,13.567404747009277,5,5,30
Dry Bean,round_robin,CON-FOLD (confidence_fit),information_gain,0.23319867792875504,0.8054607833981289,13.725258111953735,5,5,30
Dry Bean,round_robin,CON-FOLD (confidence_fit),information_gain,0.2273228057289754,0.8032060922239089,13.911839485168457,5,5,30
Dry Bean,round_robin,CON-FOLD (confidence_fit),information_gain,0.2335659199412413,0.8054961201804982,14.220448732376099,5,5,30
Dry Bean,round_robin,CON-FOLD (confidence_fit),information_gain,0.250826294528094,0.8060602777287904,13.922230005264282,5,5,30
Dry Bean,round_robin,CON-FOLD (confidence_fit),information_gain,0.2335659199412413,0.8046240293895692,14.04342794418335,5,5,30
Dry Bean,round_robin,CON-FOLD (confidence_fit),information_gain,0.24201248622842453,0.8069408261854214,14.098137617111206,5,5,30
Dry Bean,round_robin,CON-FOLD (confidence_fit),information_gain,0.4458318031582813,0.852485207930517,20.644866704940796,23,23,30
Dry Bean,round_robin,CON-FOLD (confidence_fit),Gini_Impurity,0.0,0.75,180.69093561172485,0,0,30
Dry Bean,round_robin,CON-FOLD (confidence_fit),Gini_Impurity,0.0,0.75,186.87231254577637,0,0,30
Dry Bean,round_robin,CON-FOLD (confidence_fit),Gini_Impurity,0.0,0.75,188.19313883781433,0,0,30
Dry Bean,round_robin,CON-FOLD (confidence_fit),Gini_Impurity,0.0,0.75,189.90893816947937,0,0,30
Dry Bean,round_robin,CON-FOLD (confidence_fit),Gini_Impurity,0.0,0.75,353.3998854160309,0,0,30
Dry Bean,round_robin,CON-FOLD (confidence_fit),Gini_Impurity,0.0,0.75,359.92790937423706,0,0,30
Dry Bean,round_robin,CON-FOLD (confidence_fit),Gini_Impurity,0.0,0.75,517.691737651825,0,0,30
Dry Bean,round_robin,CON-FOLD (confidence_fit),Gini_Impurity,0.0,0.75,641.2281923294067,0,0,30
Dry Bean,round_robin,CON-FOLD (confidence_fit),Gini_Impurity,0.0,0.75,643.6532466411591,0,0,30
Dry Bean,round_robin,CON-FOLD (confidence_fit),Gini_Impurity,0.0,0.75,647.9152143001556,0,0,30
Dry Bean,round_robin,CON-FOLD (confidence_fit),Gini_Impurity,0.0,0.75,652.4150385856628,0,0,30
Dry Bean,round_robin,CON-FOLD (confidence_fit),Gini_Impurity,0.0,0.75,654.7672657966614,0,0,30
Dry Bean,round_robin,CON-FOLD (confidence_fit),Gini_Impurity,0.0,0.75,751.2489111423492,0,0,30
Dry Bean,round_robin,CON-FOLD (confidence_fit),Gini_Impurity,0.0,0.75,756.1533901691437,0,0,30
Dry Bean,round_robin,CON-FOLD (confidence_fit),Gini_Impurity,0.0,0.75,758.6174674034119,0,0,30
Dry Bean,round_robin,CON-FOLD (confidence_fit),Gini_Impurity,0.0,0.75,760.6090588569641,0,0,30
Dry Bean,round_robin,CON-FOLD (confidence_fit),Gini_Impurity,0.0,0.75,764.1854166984558,0,0,30
Dry Bean,round_robin,CON-FOLD (confidence_fit),Gini_Impurity,0.0,0.75,765.3449943065643,0,0,30
Dry Bean,round_robin,CON-FOLD (confidence_fit),Gini_Impurity,0.0,0.75,769.7651925086975,0,0,30
Dry Bean,round_robin,CON-FOLD (confidence_fit),Gini_Impurity,0.0,0.75,787.5522634983063,0,0,30
Dry Bean,round_robin,CON-FOLD (confidence_fit),Gini_Impurity,0.0,0.75,811.8858647346497,0,0,30
Dry Bean,round_robin,CON-FOLD (confidence_fit),Gini_Impurity,0.0,0.75,821.2875707149506,0,0,30
Dry Bean,round_robin,CON-FOLD (confidence_fit),Gini_Impurity,0.0,0.75,823.7825438976288,0,0,30
Dry Bean,round_robin,CON-FOLD (confidence_fit),Gini_Impurity,0.0,0.75,825.598947763443,0,0,30
Dry Bean,round_robin,CON-FOLD (confidence_fit),Gini_Impurity,0.0,0.75,827.9263596534729,0,0,30
Dry Bean,round_robin,CON-FOLD (confidence_fit),Gini_Impurity,0.0,0.75,828.942370891571,0,0,30
Dry Bean,round_robin,CON-FOLD (confidence_fit),Gini_Impurity,0.0,0.75,846.8256549835205,0,0,30
Dry Bean,round_robin,CON-FOLD (confidence_fit),Gini_Impurity,0.0,0.75,852.594874382019,0,0,30
Dry Bean,round_robin,CON-FOLD (confidence_fit),Gini_Impurity,0.0,0.75,863.8799161911011,0,0,30
Dry Bean,round_robin,CON-FOLD (confidence_fit),Gini_Impurity,0.0,0.75,869.492760181427,0,0,30
Dry Bean,round_robin,CON-FOLD (confidence_fit),Precision_Information_Gain,0.0,0.75,6.056226491928101,0,0,30
Dry Bean,round_robin,CON-FOLD (confidence_fit),Precision_Information_Gain,0.0,0.75,6.5286266803741455,0,0,30
Dry Bean,round_robin,CON-FOLD (confidence_fit),Precision_Information_Gain,0.0,0.75,6.692032098770142,0,0,30
Dry Bean,round_robin,CON-FOLD (confidence_fit),Precision_Information_Gain,0.0,0.75,7.790673494338989,0,0,30
Dry Bean,round_robin,CON-FOLD (confidence_fit),Precision_Information_Gain,0.0,0.75,7.027234315872192,0,0,30
Dry Bean,round_robin,CON-FOLD (confidence_fit),Precision_Information_Gain,0.0,0.75,8.243565320968628,0,0,30
Dry Bean,round_robin,CON-FOLD (confidence_fit),Precision_Information_Gain,0.0,0.75,7.291994333267212,0,0,30
Dry Bean,round_robin,CON-FOLD (confidence_fit),Precision_Information_Gain,0.0,0.75,8.491950273513794,0,0,30
Dry Bean,round_robin,CON-FOLD (confidence_fit),Precision_Information_Gain,0.0,0.75,8.328060388565063,0,0,30
Dry Bean,round_robin,CON-FOLD (confidence_fit),Precision_Information_Gain,0.0,0.75,8.706282138824463,0,0,30
Dry Bean,round_robin,CON-FOLD (confidence_fit),Precision_Information_Gain,0.0,0.75,8.73342776298523,0,0,30
Dry Bean,round_robin,CON-FOLD (confidence_fit),Precision_Information_Gain,0.0,0.75,8.83430552482605,0,0,30
Dry Bean,round_robin,CON-FOLD (confidence_fit),Precision_Information_Gain,0.0,0.75,8.881058692932129,0,0,30
Dry Bean,round_robin,CON-FOLD (confidence_fit),Precision_Information_Gain,0.0,0.75,9.122969388961792,0,0,30
Dry Bean,round_robin,CON-FOLD (confidence_fit),Precision_Information_Gain,0.0,0.75,8.89993143081665,0,0,30
Dry Bean,round_robin,CON-FOLD (confidence_fit),Precision_Information_Gain,0.0,0.75,8.843079328536987,0,0,30
Dry Bean,round_robin,CON-FOLD (confidence_fit),Precision_Information_Gain,0.0,0.75,8.820821285247803,0,0,30
Dry Bean,round_robin,CON-FOLD (confidence_fit),Precision_Information_Gain,0.0,0.75,7.881901264190674,0,0,30
Dry Bean,round_robin,CON-FOLD (confidence_fit),Precision_Information_Gain,0.0,0.75,7.906807899475098,0,0,30
Dry Bean,round_robin,CON-FOLD (confidence_fit),Precision_Information_Gain,0.0,0.75,9.121449708938599,0,0,30
Dry Bean,round_robin,CON-FOLD (confidence_fit),Precision_Information_Gain,0.0,0.75,9.16959810256958,0,0,30
Dry Bean,round_robin,CON-FOLD (confidence_fit),Precision_Information_Gain,0.0,0.75,8.964744567871094,0,0,30
Dry Bean,round_robin,CON-FOLD (confidence_fit),Precision_Information_Gain,0.0,0.75,8.998501300811768,0,0,30
Dry Bean,round_robin,CON-FOLD (confidence_fit),Precision_Information_Gain,0.0,0.75,9.12352967262268,0,0,30
Dry Bean,round_robin,CON-FOLD (confidence_fit),Precision_Information_Gain,0.0,0.75,9.149349689483643,0,0,30
Dry Bean,round_robin,CON-FOLD (confidence_fit),Precision_Information_Gain,0.0,0.75,9.27506685256958,0,0,30
Dry Bean,round_robin,CON-FOLD (confidence_fit),Precision_Information_Gain,0.0,0.75,9.22637152671814,0,0,30
Dry Bean,round_robin,CON-FOLD (confidence_fit),Precision_Information_Gain,0.0,0.75,9.34290885925293,0,0,30
Dry Bean,round_robin,CON-FOLD (confidence_fit),Precision_Information_Gain,0.0,0.75,9.153231382369995,0,0,30
Dry Bean,round_robin,CON-FOLD (confidence_fit),Precision_Information_Gain,0.0,0.75,8.256563901901245,0,0,30
Dry Bean,round_robin,CON-FOLD (confidence_fit),Precision_Gini_Impurity,0.004039662137348513,0.7509193804727874,498.5449755191803,4,5,30
Dry Bean,round_robin,CON-FOLD (confidence_fit),Precision_Gini_Impurity,0.002570694087403599,0.7504131098203453,505.48581981658936,6,7,30
Dry Bean,round_robin,CON-FOLD (confidence_fit),Precision_Gini_Impurity,0.027175908923980904,0.7560785971062067,894.8173944950104,13,16,30
Dry Bean,round_robin,CON-FOLD (confidence_fit),Precision_Gini_Impurity,0.0022034520749173708,0.7504292803393683,904.2966434955597,9,10,30
Dry Bean,round_robin,CON-FOLD (confidence_fit),Precision_Gini_Impurity,0.0297466030113845,0.7572748322123397,938.7093946933746,9,11,30
Dry Bean,round_robin,CON-FOLD (confidence_fit),Precision_Gini_Impurity,0.007712082262210797,0.7511234259334557,1384.2138645648956,20,26,30
Dry Bean,round_robin,CON-FOLD (confidence_fit),Precision_Gini_Impurity,0.07381564450973191,0.766402731387881,2087.0976045131683,26,28,30
Dry Bean,round_robin,CON-FOLD (confidence_fit),Precision_Gini_Impurity,0.1046639735585751,0.7752593193200882,2374.779025554657,30,37,30
Dry Bean,round_robin,CON-FOLD (confidence_fit),Precision_Gini_Impurity,0.09805361733382299,0.772441460941755,3571.7883009910583,49,60,30
Dry Bean,round_robin,CON-FOLD (confidence_fit),Precision_Gini_Impurity,0.1939037825927286,0.7941217370431872,3617.379500389099,70,83,30
Dry Bean,round_robin,CON-FOLD (confidence_fit),Precision_Gini_Impurity,0.24568490635328682,0.8043398428492841,3796.1446142196655,69,82,30
Dry Bean,round_robin,CON-FOLD (confidence_fit),Precision_Gini_Impurity,0.20051413881748073,0.7957422069862655,4262.327872037888,81,91,30
Dry Bean,round_robin,CON-FOLD (confidence_fit),Precision_Gini_Impurity,0.09034153507161219,0.7669882782361368,4567.060477018356,87,102,30
Dry Bean,round_robin,CON-FOLD (confidence_fit),Precision_Gini_Impurity,0.22438486962908558,0.8009459962908557,5455.529492855072,108,124,30
Dry Bean,round_robin,CON-FOLD (confidence_fit),Precision_Gini_Impurity,0.2776349614395887,0.8127229010599709,5544.129161596298,131,147,30
Dry Bean,round_robin,CON-FOLD (confidence_fit),Precision_Gini_Impurity,0.17186926184355492,0.788255737804297,5580.102424860001,116,137,30
Dry Bean,round_robin,CON-FOLD (confidence_fit),Precision_Gini_Impurity,0.22328314359162688,0.8013252276453544,5703.238959789276,124,146,30
Dry Bean,round_robin,CON-FOLD (confidence_fit),Precision_Gini_Impurity,0.237972824091076,0.8049749180385962,5706.076033830643,118,143,30
Dry Bean,round_robin,CON-FOLD (confidence_fit),Precision_Gini_Impurity,0.20492104296731545,0.7942283776994129,5842.024791717529,130,146,30
Dry Bean,round_robin,CON-FOLD (confidence_fit),Precision_Gini_Impurity,0.23283143591626881,0.79902995961076,6192.4891266822815,135,156,30
Dry Bean,round_robin,CON-FOLD (confidence_fit),Precision_Gini_Impurity,0.23283143591626881,0.8013940253245322,6269.330010175705,158,181,30
Dry Bean,round_robin,CON-FOLD (confidence_fit),Precision_Gini_Impurity,0.2210796915167095,0.7983473283711338,6285.815380573273,165,178,30
Dry Bean,round_robin,CON-FOLD (confidence_fit),Precision_Gini_Impurity,0.2625780389276533,0.8069475689682714,6385.810965299606,175,190,30
Dry Bean,round_robin,CON-FOLD (confidence_fit),Precision_Gini_Impurity,0.27947117150201983,0.8107487409022406,6714.098017454147,182,215,30
Dry Bean,round_robin,CON-FOLD (confidence_fit),Precision_Gini_Impurity,0.31729709878810136,0.8180798616537643,6784.227586507797,188,218,30
Dry Bean,round_robin,CON-FOLD (confidence_fit),Precision_Gini_Impurity,0.3062798384135145,0.8179647086799845,6890.55828666687,192,212,30
Dry Bean,round_robin,CON-FOLD (confidence_fit),Precision_Gini_Impurity,0.3889092912229159,0.822986993423795,7060.698004484177,204,225,30
Dry Bean,round_robin,CON-FOLD (confidence_fit),Precision_Gini_Impurity,0.268453911127433,0.8037025956553058,7078.712881803513,236,272,30
Dry Bean,round_robin,CON-FOLD (confidence_fit),Precision_Gini_Impurity,0.34557473374954095,0.8180238126384138,7374.762048006058,331,376,30
Dry Bean,round_robin,CON-FOLD (confidence_fit),Precision_Gini_Impurity,0.5567388909291223,0.8564662519545736,7477.196783065796,513,582,30
Dry Bean,best_rule,FOLD-RM (fit),original,0.16378993756885787,0.7872193394432614,2848.82271361351,17,28,30
Dry Bean,best_rule,FOLD-RM (fit),original,0.16709511568123395,0.7888441634703249,2852.116752386093,19,37,30
Dry Bean,best_rule,FOLD-RM (fit),original,0.16746235769372017,0.789127113603489,2883.871246099472,13,27,30
Dry Bean,best_rule,FOLD-RM (fit),original,0.16636063165626147,0.7882628017321348,2912.575604915619,26,54,30
Dry Bean,best_rule,FOLD-RM (fit),original,0.16085200146896805,0.7882114340218886,2915.7896869182587,29,58,30
Dry Bean,best_rule,FOLD-RM (fit),original,0.16489166360631657,0.7890895326827759,2918.0825452804565,21,42,30
Dry Bean,best_rule,FOLD-RM (fit),original,0.17040029379361,0.7894526897972097,2931.1827263832092,25,50,30
Dry Bean,best_rule,FOLD-RM (fit),original,0.17003305178112377,0.7909524085584294,2934.45276761055,25,51,30
Dry Bean,best_rule,FOLD-RM (fit),original,0.16709511568123395,0.789704892771208,3225.747623682022,16,31,30
Dry Bean,best_rule,FOLD-RM (fit),original,0.16893132574366507,0.7904021187220346,3252.928329229355,24,41,30
Dry Bean,best_rule,FOLD-RM (fit),original,0.16819684171869262,0.7894838309181791,3264.255661725998,16,31,30
Dry Bean,best_rule,FOLD-RM (fit),original,0.1810503121557106,0.7923511704405812,3265.9899966716766,20,35,30
Dry Bean,best_rule,FOLD-RM (fit),original,0.1729709878810136,0.7919771795149828,3340.299245595932,31,64,30
Dry Bean,best_rule,FOLD-RM (fit),original,0.1733382298934998,0.7909322828298581,3643.2748987674713,37,76,30
Dry Bean,best_rule,FOLD-RM (fit),original,0.17480719794344474,0.7906497827052162,3893.43314576149,26,52,30
Dry Bean,best_rule,FOLD-RM (fit),original,0.1678295997062064,0.7883681306507531,3904.3721578121185,20,46,30
Dry Bean,best_rule,FOLD-RM (fit),original,0.16342269555637165,0.7880509553932431,3929.6238946914673,24,56,30
Dry Bean,best_rule,FOLD-RM (fit),original,0.1744399559309585,0.7908324762729716,4100.1586372852325,23,48,30
Dry Bean,best_rule,FOLD-RM (fit),original,0.16378993756885787,0.7881023683630191,4100.748514175415,27,47,30
Dry Bean,best_rule,FOLD-RM (fit),original,0.17003305178112377,0.789921559978664,4117.795919895172,21,45,30
Dry Bean,best_rule,FOLD-RM (fit),original,0.18178479618068308,0.7908409099446206,4119.160079956055,20,39,30
Dry Bean,best_rule,FOLD-RM (fit),original,0.1847227322805729,0.7919232670678302,4132.540804386139,23,46,30
Dry Bean,best_rule,FOLD-RM (fit),original,0.1729709878810136,0.7895616008659576,4132.842244386673,26,58,30
Dry Bean,best_rule,FOLD-RM (fit),original,0.15791406536907823,0.7835266191449501,4250.018401861191,21,48,30
Dry Bean,best_rule,FOLD-RM (fit),original,0.17664340800587588,0.7914271754485843,4261.168457269669,20,44,30
Dry Bean,best_rule,FOLD-RM (fit),original,0.18288652221814175,0.7922139278582818,4361.979482650757,26,56,30
Dry Bean,best_rule,FOLD-RM (fit),original,0.17150201983106866,0.7901069051223658,4365.149996757507,32,76,30
Dry Bean,best_rule,FOLD-RM (fit),original,0.1601175174439956,0.7878230077096227,4366.054947137833,26,53,30
Dry Bean,best_rule,FOLD-RM (fit),original,0.17407271391847226,0.7905790301536181,4450.128942728043,36,81,30
Dry Bean,best_rule,FOLD-RM (fit),original,0.15938303341902313,0.7867778312151669,4544.643692016602,33,70,30
Dry Bean,best_rule,FOLD-RM (fit),information_gain,0.03195005508630187,0.7579842157079689,28.025723934173584,1,1,30
Dry Bean,best_rule,FOLD-RM (fit),information_gain,0.04149834741094381,0.760369755444987,28.096184968948364,1,1,30
Dry Bean,best_rule,FOLD-RM (fit),information_gain,0.037091443261109074,0.759268779269151,28.158411502838135,1,1,30
Dry Bean,best_rule,FOLD-RM (fit),information_gain,0.04149834741094381,0.7603697554449868,29.972463846206665,1,1,30
Dry Bean,best_rule,FOLD-RM (fit),information_gain,0.03819316929856775,0.7592763169562978,28.38719654083252,1,1,30
Dry Bean,best_rule,FOLD-RM (fit),information_gain,0.03782592728608153,0.7594522796787365,28.85046887397766,1,1,30
Dry Bean,best_rule,FOLD-RM (fit),information_gain,0.0374586852735953,0.7593605336282773,28.91533660888672,1,1,30
Dry Bean,best_rule,FOLD-RM (fit),information_gain,0.04186558942343004,0.7604614960508264,29.0053653717041,1,1,30
Dry Bean,best_rule,FOLD-RM (fit),information_gain,0.040396621373485125,0.7600945216852734,30.374287605285645,1,1,30
Dry Bean,best_rule,FOLD-RM (fit),information_gain,0.04186558942343004,0.7604614960508264,29.26272177696228,1,1,30
Dry Bean,best_rule,FOLD-RM (fit),information_gain,0.03782592728608153,0.7591845488334923,29.181617736816406,1,1,30
Dry Bean,best_rule,FOLD-RM (fit),information_gain,0.03598971722365039,0.7589935216719795,30.721510410308838,1,1,30
Dry Bean,best_rule,FOLD-RM (fit),information_gain,0.03966213734851267,0.759911027306354,30.836668014526367,1,1,30
Dry Bean,best_rule,FOLD-RM (fit),information_gain,0.037091443261109074,0.7590010120858607,30.870431423187256,1,1,30
Dry Bean,best_rule,FOLD-RM (fit),information_gain,0.033786265148733015,0.7581750756593097,29.616590976715088,1,1,30
Dry Bean,best_rule,FOLD-RM (fit),information_gain,0.032317297098788104,0.758075975155637,31.0949547290802,1,1,30
Dry Bean,best_rule,FOLD-RM (fit),information_gain,0.03819316929856775,0.7595440332668376,30.330742120742798,1,1,30
Dry Bean,best_rule,FOLD-RM (fit),information_gain,0.12376055820785897,0.7803640601257062,44.4514536857605,6,6,30
Dry Bean,best_rule,FOLD-RM (fit),information_gain,0.12706573632023505,0.781451005081454,47.384745597839355,6,6,30
Dry Bean,best_rule,FOLD-RM (fit),information_gain,0.13073815644509731,0.7809794293490635,47.83480954170227,7,7,30
Dry Bean,best_rule,FOLD-RM (fit),information_gain,0.11935365405802424,0.7795164581731173,47.7405424118042,6,6,30
Dry Bean,best_rule,FOLD-RM (fit),information_gain,0.13624678663239073,0.7832182387350719,47.990758657455444,6,6,30
Dry Bean,best_rule,FOLD-RM (fit),information_gain,0.12963643040763864,0.7820654001170414,48.227797508239746,7,7,30
Dry Bean,best_rule,FOLD-RM (fit),information_gain,0.1369812706573632,0.7830660573315821,48.340100049972534,6,6,30
Dry Bean,best_rule,FOLD-RM (fit),information_gain,0.13771575468233566,0.783924210207712,51.08589243888855,8,8,30
Dry Bean,best_rule,FOLD-RM (fit),information_gain,0.1384502387073081,0.7841698625775242,51.20339226722717,7,7,30
Dry Bean,best_rule,FOLD-RM (fit),information_gain,0.13110539845758354,0.7823771895329779,52.12391543388367,8,8,30
Dry Bean,best_rule,FOLD-RM (fit),information_gain,0.12816746235769372,0.7813178465467868,52.29408550262451,7,7,30
Dry Bean,best_rule,FOLD-RM (fit),information_gain,0.1344105765699596,0.7826451570571429,52.28614282608032,6,6,30
Dry Bean,best_rule,FOLD-RM (fit),information_gain,0.13771575468233566,0.7835550860376048,52.81442952156067,8,8,30
Dry Bean,best_rule,FOLD-RM (fit),Gini_Impurity,0.0,0.75,6514.727976322174,4,13,30
Dry Bean,best_rule,FOLD-RM (fit),Gini_Impurity,0.0011017260374586854,0.7500523319867793,20584.574999570847,14,36,30
Dry Bean,best_rule,FOLD-RM (fit),Gini_Impurity,0.0007344840249724568,0.7500348879911862,21124.841707468033,12,42,30
Dry Bean,best_rule,FOLD-RM (fit),Gini_Impurity,0.0003672420124862284,0.7500174439955931,22859.93567466736,12,35,30
Dry Bean,best_rule,FOLD-RM (fit),Gini_Impurity,0.0,0.75,39772.484126091,24,70,30
Dry Bean,best_rule,FOLD-RM (fit),Gini_Impurity,0.0022034520749173708,0.7501046639735586,46981.289121866226,28,78,30
Dry Bean,best_rule,FOLD-RM (fit),Gini_Impurity,0.0029379360998898272,0.7501395519647448,47531.9344227314,30,91,30
Dry Bean,best_rule,FOLD-RM (fit),Gini_Impurity,0.005508630187293426,0.750272325580426,76726.12088871002,50,152,30
Dry Bean,best_rule,FOLD-RM (fit),Gini_Impurity,0.0022034520749173708,0.7501046639735586,80709.54263114929,58,176,30
Dry Bean,best_rule,FOLD-RM (fit),Gini_Impurity,0.002570694087403599,0.7501221079691517,88706.87048697472,61,167,30
Dry Bean,best_rule,FOLD-RM (fit),Gini_Impurity,0.005508630187293426,0.7502423797282409,98654.28657841682,72,221,30
Dry Bean,best_rule,FOLD-RM (fit),Gini_Impurity,0.001836210062431142,0.7500872199779656,102577.15570402145,71,208,30
Dry Bean,best_rule,FOLD-RM (fit),Gini_Impurity,0.0058758721997796545,0.7502134619627985,105123.4599840641,72,212,30
Dry Bean,best_rule,FOLD-RM (fit),Gini_Impurity,0.006243114212265883,0.7502965479250827,108537.22192788124,81,216,30
Dry Bean,best_rule,FOLD-RM (fit),Gini_Impurity,0.004039662137348513,0.7501812351500551,112401.21986246109,83,250,30
Dry Bean,best_rule,FOLD-RM (fit),Gini_Impurity,0.007712082262210797,0.7503198316290857,112640.44927191734,82,250,30
Dry Bean,best_rule,FOLD-RM (fit),Gini_Impurity,0.004039662137348513,0.7501918839515241,117352.61275362968,90,255,30
Dry Bean,best_rule,FOLD-RM (fit),Gini_Impurity,0.004039662137348513,0.7501464873709511,117523.86834001541,90,254,30
Dry Bean,best_rule,FOLD-RM (fit),Gini_Impurity,0.004774146162320969,0.7502006555677929,119765.80450081825,93,276,30
Dry Bean,best_rule,FOLD-RM (fit),Gini_Impurity,0.005508630187293426,0.7502203208266987,123065.21038675308,97,277,30
Dry Bean,best_rule,FOLD-RM (fit),Gini_Impurity,0.007712082262210797,0.7503635452115682,123073.68672895432,98,259,30
Dry Bean,best_rule,FOLD-RM (fit),Gini_Impurity,0.007712082262210797,0.7503317426857511,123116.55406522751,98,254,30
Dry Bean,best_rule,FOLD-RM (fit),Gini_Impurity,0.0033051781123760557,0.7501377157546824,123978.54956102371,87,267,30
Dry Bean,best_rule,FOLD-RM (fit),Gini_Impurity,0.00697759823723834,0.7503121557106134,128532.20323324203,109,312,30
Dry Bean,best_rule,FOLD-RM (fit),Gini_Impurity,0.004039662137348513,0.7501726037458686,128632.4023873806,110,336,30
Dry Bean,best_rule,FOLD-RM (fit),Gini_Impurity,0.010282776349614395,0.7504608155832906,130440.47653889656,112,313,30
Dry Bean,best_rule,FOLD-RM (fit),Gini_Impurity,0.011384502387073081,0.7505352064716122,137466.98374724388,153,437,30
Dry Bean,best_rule,FOLD-RM (fit),Gini_Impurity,0.01395519647447668,0.750657314440764,155245.3988826275,237,680,30
Dry Bean,best_rule,FOLD-RM (fit),Gini_Impurity,0.015056922511935366,0.7507040890357696,156174.45929074287,252,694,30
Dry Bean,best_rule,FOLD-RM (fit),Gini_Impurity,0.022034520749173704,0.7510296890887993,160346.7542090416,319,824,30
Dry Bean,best_rule,FOLD-RM (fit),Precision_Information_Gain,0.0,0.75,10.607810020446777,0,0,30
Dry Bean,best_rule,FOLD-RM (fit),Precision_Information_Gain,0.0,0.75,10.534380197525024,0,0,30
Dry Bean,best_rule,FOLD-RM (fit),Precision_Information_Gain,0.0,0.75,44.858967304229736,0,0,30
Dry Bean,best_rule,FOLD-RM (fit),Precision_Information_Gain,0.0,0.75,45.56928539276123,0,0,30
Dry Bean,best_rule,FOLD-RM (fit),Precision_Information_Gain,0.0,0.75,45.80097460746765,0,0,30
Dry Bean,best_rule,FOLD-RM (fit),Precision_Information_Gain,0.0,0.75,46.04585313796997,0,0,30
Dry Bean,best_rule,FOLD-RM (fit),Precision_Information_Gain,0.0,0.75,46.712976932525635,0,0,30
Dry Bean,best_rule,FOLD-RM (fit),Precision_Information_Gain,0.0,0.75,46.665520906448364,0,0,30
Dry Bean,best_rule,FOLD-RM (fit),Precision_Information_Gain,0.0,0.75,46.838741064071655,0,0,30
Dry Bean,best_rule,FOLD-RM (fit),Precision_Information_Gain,0.0,0.75,47.09376835823059,0,0,30
Dry Bean,best_rule,FOLD-RM (fit),Precision_Information_Gain,0.0,0.75,47.143489837646484,0,0,30
Dry Bean,best_rule,FOLD-RM (fit),Precision_Information_Gain,0.0,0.75,47.20054912567139,0,0,30
Dry Bean,best_rule,FOLD-RM (fit),Precision_Information_Gain,0.0,0.75,47.22910499572754,0,0,30
Dry Bean,best_rule,FOLD-RM (fit),Precision_Information_Gain,0.0,0.75,47.31893253326416,0,0,30
Dry Bean,best_rule,FOLD-RM (fit),Precision_Information_Gain,0.0,0.75,47.594890832901,0,0,30
Dry Bean,best_rule,FOLD-RM (fit),Precision_Information_Gain,0.0,0.75,47.74273443222046,0,0,30
Dry Bean,best_rule,FOLD-RM (fit),Precision_Information_Gain,0.0,0.75,47.8324818611145,0,0,30
Dry Bean,best_rule,FOLD-RM (fit),Precision_Information_Gain,0.0,0.75,48.14748740196228,0,0,30
Dry Bean,best_rule,FOLD-RM (fit),Precision_Information_Gain,0.0,0.75,48.25361227989197,0,0,30
Dry Bean,best_rule,FOLD-RM (fit),Precision_Information_Gain,0.0,0.75,48.3337779045105,0,0,30
Dry Bean,best_rule,FOLD-RM (fit),Precision_Information_Gain,0.0,0.75,48.57501935958862,0,0,30
Dry Bean,best_rule,FOLD-RM (fit),Precision_Information_Gain,0.0,0.75,48.596518993377686,0,0,30
Dry Bean,best_rule,FOLD-RM (fit),Precision_Information_Gain,0.0,0.75,48.67475390434265,0,0,30
Dry Bean,best_rule,FOLD-RM (fit),Precision_Information_Gain,0.0,0.75,48.631120443344116,0,0,30
Dry Bean,best_rule,FOLD-RM (fit),Precision_Information_Gain,0.0,0.75,49.207804918289185,0,0,30
Dry Bean,best_rule,FOLD-RM (fit),Precision_Information_Gain,0.0,0.75,49.27149534225464,0,0,30
Dry Bean,best_rule,FOLD-RM (fit),Precision_Information_Gain,0.0,0.75,49.292176961898804,0,0,30
Dry Bean,best_rule,FOLD-RM (fit),Precision_Information_Gain,0.0,0.75,49.9108350276947,0,0,30
Dry Bean,best_rule,FOLD-RM (fit),Precision_Information_Gain,0.0,0.75,50.77271771430969,0,0,30
Dry Bean,best_rule,FOLD-RM (fit),Precision_Information_Gain,0.0,0.75,50.99358606338501,0,0,30
Dry Bean,best_rule,FOLD-RM (fit),Precision_Gini_Impurity,0.24311421226588323,0.7996636785861548,96059.04685807228,657,663,30
Dry Bean,best_rule,FOLD-RM (fit),Precision_Gini_Impurity,0.21667278736687476,0.7927063553494678,97020.50506544113,539,547,30
Dry Bean,best_rule,FOLD-RM (fit),Precision_Gini_Impurity,0.268453911127433,0.803345738770144,108488.35471773148,636,661,30
Dry Bean,best_rule,FOLD-RM (fit),Precision_Gini_Impurity,0.23319867792875504,0.7950554672962542,108633.17874360085,600,610,30
Dry Bean,best_rule,FOLD-RM (fit),Precision_Gini_Impurity,0.23980903415350716,0.8000622273791036,109892.9189889431,654,662,30
Dry Bean,best_rule,FOLD-RM (fit),Precision_Gini_Impurity,0.2078589790672053,0.7925995247424534,112644.71690225601,651,674,30
Dry Bean,best_rule,FOLD-RM (fit),Precision_Gini_Impurity,0.23870730811604848,0.7980097014323172,114855.18842411041,661,652,30
Dry Bean,best_rule,FOLD-RM (fit),Precision_Gini_Impurity,0.2078589790672053,0.7879886566488801,117082.70550966263,584,591,30
Dry Bean,best_rule,FOLD-RM (fit),Precision_Gini_Impurity,0.23723834006610356,0.7986213597475218,118669.907589674,668,623,30
Dry Bean,best_rule,FOLD-RM (fit),Precision_Gini_Impurity,0.2361366140286449,0.795469999321887,118708.63849329948,647,632,30
Dry Bean,best_rule,FOLD-RM (fit),Precision_Gini_Impurity,0.2354021300036724,0.7949687403079698,119197.14324975014,628,652,30
Dry Bean,best_rule,FOLD-RM (fit),Precision_Gini_Impurity,0.26404700697759825,0.8027363765863018,122193.95594549179,775,760,30
Dry Bean,best_rule,FOLD-RM (fit),Precision_Gini_Impurity,0.25156077855306647,0.7995511226749914,123742.2173268795,680,705,30
Dry Bean,best_rule,FOLD-RM (fit),Precision_Gini_Impurity,0.23319867792875504,0.796211761268895,124512.23513507843,654,662,30
Dry Bean,best_rule,FOLD-RM (fit),Precision_Gini_Impurity,0.24752111641571795,0.7997114572673526,124580.46164917946,700,704,30
Dry Bean,best_rule,FOLD-RM (fit),Precision_Gini_Impurity,0.237972824091076,0.797140580709071,125432.42754554749,714,723,30
Dry Bean,best_rule,FOLD-RM (fit),Precision_Gini_Impurity,0.23393316195372751,0.7981108856556004,126058.50214719772,717,719,30
Dry Bean,best_rule,FOLD-RM (fit),Precision_Gini_Impurity,0.24568490635328682,0.7978996098325023,126881.78281354904,734,699,30
Dry Bean,best_rule,FOLD-RM (fit),Precision_Gini_Impurity,0.2361366140286449,0.792324219430995,127322.04731917381,687,655,30
Dry Bean,best_rule,FOLD-RM (fit),Precision_Gini_Impurity,0.2533969886154976,0.7966898688214101,127486.5056078434,720,709,30
Dry Bean,best_rule,FOLD-RM (fit),Precision_Gini_Impurity,0.22438486962908558,0.7932039302426365,128359.05789804459,650,650,30
Dry Bean,best_rule,FOLD-RM (fit),Precision_Gini_Impurity,0.2361366140286449,0.7979177961544616,129118.87057328224,711,669,30
Dry Bean,best_rule,FOLD-RM (fit),Precision_Gini_Impurity,0.217040029379361,0.7883574795331256,130724.57516431808,663,689,30
Dry Bean,best_rule,FOLD-RM (fit),Precision_Gini_Impurity,0.22181417554168198,0.790086173430701,131892.08670711517,673,626,30
Dry Bean,best_rule,FOLD-RM (fit),Precision_Gini_Impurity,0.22144693352919573,0.7935239911888734,132311.68566203117,693,615,30
Dry Bean,best_rule,FOLD-RM (fit),Precision_Gini_Impurity,0.2324641939037826,0.7931166476351442,133714.00126242638,710,696,30
Dry Bean,best_rule,FOLD-RM (fit),Precision_Gini_Impurity,0.21079691516709512,0.7874815764626145,134440.55098938942,661,633,30
Dry Bean,best_rule,FOLD-RM (fit),Precision_Gini_Impurity,0.24972456849063532,0.7991641240555637,135152.39131259918,760,704,30
Dry Bean,best_rule,FOLD-RM (fit),Precision_Gini_Impurity,0.2713918472273228,0.7992160600533971,135859.74096417427,894,840,30
Dry Bean,best_rule,FOLD-RM (fit),Precision_Gini_Impurity,0.2361366140286449,0.7947422043032691,136032.66044783592,773,614,30
Dry Bean,best_rule,CON-FOLD (confidence_fit),original,0.17994858611825193,0.7910629287181057,4506.322413444519,11,22,30
Dry Bean,best_rule,CON-FOLD (confidence_fit),original,0.17186926184355492,0.7897201808209704,4618.205732345581,12,28,30
Dry Bean,best_rule,CON-FOLD (confidence_fit),original,0.1652589056188028,0.7879620172948205,4656.966587305069,10,24,30
Dry Bean,best_rule,CON-FOLD (confidence_fit),original,0.16452442159383032,0.7881255899878801,4822.981600761414,16,40,30
Dry Bean,best_rule,CON-FOLD (confidence_fit),original,0.18582445831803157,0.7932968447100264,4861.941138744354,21,50,30
Dry Bean,best_rule,CON-FOLD (confidence_fit),original,0.16819684171869262,0.7892220293186192,4994.021544218063,18,40,30
Dry Bean,best_rule,CON-FOLD (confidence_fit),original,0.17076753580609622,0.7898106317884324,5022.23930811882,13,27,30
Dry Bean,best_rule,CON-FOLD (confidence_fit),original,0.16489166360631657,0.788436013421888,5120.161806821823,15,30,30
Dry Bean,best_rule,CON-FOLD (confidence_fit),original,0.17921410209327948,0.7910525178882492,5142.874877691269,11,22,30
Dry Bean,best_rule,CON-FOLD (confidence_fit),original,0.16709511568123395,0.7898175993062061,5174.684479236603,19,39,30
Dry Bean,best_rule,CON-FOLD (confidence_fit),original,0.17884686008079323,0.791807647939003,5206.268207073212,11,25,30
Dry Bean,best_rule,CON-FOLD (confidence_fit),original,0.17664340800587588,0.792317371516196,5393.584179878235,17,37,30
Dry Bean,best_rule,CON-FOLD (confidence_fit),original,0.1744399559309585,0.7905771533146546,5448.542031049728,10,24,30
Dry Bean,best_rule,CON-FOLD (confidence_fit),original,0.16599338964377525,0.7884786393656258,5451.91055560112,13,28,30
Dry Bean,best_rule,CON-FOLD (confidence_fit),original,0.17113477781858244,0.7894369205345586,5509.037831783295,15,33,30
Dry Bean,best_rule,CON-FOLD (confidence_fit),original,0.17774513404333456,0.7919401837317299,5509.818137407303,11,30,30
Dry Bean,best_rule,CON-FOLD (confidence_fit),original,0.16856408373117884,0.7901158200730813,5521.305426359177,14,34,30
Dry Bean,best_rule,CON-FOLD (confidence_fit),original,0.1692985677561513,0.7899661405454281,5689.134237527847,17,41,30
Dry Bean,best_rule,CON-FOLD (confidence_fit),original,0.16819684171869262,0.7900191846340423,5696.161088228226,15,35,30
Dry Bean,best_rule,CON-FOLD (confidence_fit),original,0.17113477781858244,0.7909015111542435,5720.206836223602,15,35,30
Dry Bean,best_rule,CON-FOLD (confidence_fit),original,0.1872934263679765,0.7942044904865591,5737.1314017772675,17,39,30
Dry Bean,best_rule,CON-FOLD (confidence_fit),original,0.1744399559309585,0.7911950711955568,5866.383756875992,18,41,30
Dry Bean,best_rule,CON-FOLD (confidence_fit),original,0.16232096951891295,0.7868381628083736,5867.137130737305,16,40,30
Dry Bean,best_rule,CON-FOLD (confidence_fit),original,0.16599338964377525,0.7877507521379725,5869.000825166702,17,39,30
Dry Bean,best_rule,CON-FOLD (confidence_fit),original,0.16819684171869262,0.7886657378385594,5884.857101917267,17,36,30
Dry Bean,best_rule,CON-FOLD (confidence_fit),original,0.1770106500183621,0.7919885556937195,5890.211084842682,17,33,30
Dry Bean,best_rule,CON-FOLD (confidence_fit),original,0.16378993756885787,0.7877077512290118,5974.7060515880585,21,45,30
Dry Bean,best_rule,CON-FOLD (confidence_fit),original,0.17223650385604114,0.7899397901471892,6007.512893199921,24,54,30
Dry Bean,best_rule,CON-FOLD (confidence_fit),original,0.1770106500183621,0.7902162267248274,6013.091014146805,21,56,30
Dry Bean,best_rule,CON-FOLD (confidence_fit),original,0.16893132574366507,0.788228167702129,6017.683646440506,25,51,30
Dry Bean,best_rule,CON-FOLD (confidence_fit),information_gain,0.0400293793609989,0.7600027704388904,25.685533046722412,1,1,30
Dry Bean,best_rule,CON-FOLD (confidence_fit),information_gain,0.03782592728608153,0.7594522796787366,26.85472297668457,1,1,30
Dry Bean,best_rule,CON-FOLD (confidence_fit),information_gain,0.038560411311053984,0.7596357783508995,26.87974977493286,1,1,30
Dry Bean,best_rule,CON-FOLD (confidence_fit),information_gain,0.0400293793609989,0.7600027704388904,26.948997020721436,1,1,30
Dry Bean,best_rule,CON-FOLD (confidence_fit),information_gain,0.038927653323540215,0.7597275311632022,28.48915958404541,1,1,30
Dry Bean,best_rule,CON-FOLD (confidence_fit),information_gain,0.034153507161219246,0.7585347534447303,27.223803520202637,1,1,30
Dry Bean,best_rule,CON-FOLD (confidence_fit),information_gain,0.043701799485861184,0.7609202099164524,29.008675813674927,1,1,30
Dry Bean,best_rule,CON-FOLD (confidence_fit),information_gain,0.0348879911861917,0.7587182677260377,27.5734920501709,1,1,30
Dry Bean,best_rule,CON-FOLD (confidence_fit),information_gain,0.038560411311053984,0.7596357783508995,29.124338388442993,1,1,30
Dry Bean,best_rule,CON-FOLD (confidence_fit),information_gain,0.03158281307381564,0.7578924559362471,29.100240230560303,1,1,30
Dry Bean,best_rule,CON-FOLD (confidence_fit),information_gain,0.03782592728608153,0.7591845488334923,28.073423862457275,1,1,30
Dry Bean,best_rule,CON-FOLD (confidence_fit),information_gain,0.03782592728608153,0.7594522796787366,29.16778063774109,1,1,30
Dry Bean,best_rule,CON-FOLD (confidence_fit),information_gain,0.03819316929856775,0.7595440332668376,28.380374431610107,1,1,30
Dry Bean,best_rule,CON-FOLD (confidence_fit),information_gain,0.0400293793609989,0.7600027704388904,28.442476749420166,1,1,30
Dry Bean,best_rule,CON-FOLD (confidence_fit),information_gain,0.03672420124862284,0.759177024572163,29.163928508758545,1,1,30
Dry Bean,best_rule,CON-FOLD (confidence_fit),information_gain,0.03268453911127433,0.7581677342783696,30.460806608200073,1,1,30
Dry Bean,best_rule,CON-FOLD (confidence_fit),information_gain,0.1358795446199045,0.7835922751171498,46.81916689872742,5,5,30
Dry Bean,best_rule,CON-FOLD (confidence_fit),information_gain,0.13551230260741828,0.7832894098299672,48.16243529319763,5,5,30
Dry Bean,best_rule,CON-FOLD (confidence_fit),information_gain,0.13514506059493206,0.7821620561386337,47.16674828529358,5,5,30
Dry Bean,best_rule,CON-FOLD (confidence_fit),information_gain,0.1509364671318399,0.7839155760461254,49.23103666305542,5,5,30
Dry Bean,best_rule,CON-FOLD (confidence_fit),information_gain,0.12706573632023505,0.7814624859845019,49.17655277252197,5,5,30
Dry Bean,best_rule,CON-FOLD (confidence_fit),information_gain,0.13477781858244584,0.7830351383178853,48.430899143218994,5,5,30
Dry Bean,best_rule,CON-FOLD (confidence_fit),information_gain,0.1226588321704003,0.7803091274918106,50.06281328201294,5,5,30
Dry Bean,best_rule,CON-FOLD (confidence_fit),information_gain,0.13734851266984943,0.7833424123250825,49.316487073898315,5,5,30
Dry Bean,best_rule,CON-FOLD (confidence_fit),information_gain,0.14542783694454645,0.7834491118861924,51.96033334732056,6,6,30
Dry Bean,best_rule,CON-FOLD (confidence_fit),information_gain,0.13073815644509731,0.7812881362724928,52.13887691497803,6,6,30
Dry Bean,best_rule,CON-FOLD (confidence_fit),information_gain,0.1384502387073081,0.7838845995423798,53.47535419464111,6,6,30
Dry Bean,best_rule,CON-FOLD (confidence_fit),information_gain,0.12412780022034521,0.780040213644509,52.808053493499756,6,6,30
Dry Bean,best_rule,CON-FOLD (confidence_fit),information_gain,0.1303709144326111,0.7823545216181415,53.261685371398926,6,6,30
Dry Bean,best_rule,CON-FOLD (confidence_fit),information_gain,0.1329416085200147,0.7821227494655156,55.81744337081909,7,7,30
Dry Bean,best_rule,CON-FOLD (confidence_fit),Gini_Impurity,0.0,0.75,2539.7383410930634,1,2,30
Dry Bean,best_rule,CON-FOLD (confidence_fit),Gini_Impurity,0.0,0.75,5296.9697806835175,3,10,30
Dry Bean,best_rule,CON-FOLD (confidence_fit),Gini_Impurity,0.0,0.75,8793.023022174835,4,15,30
Dry Bean,best_rule,CON-FOLD (confidence_fit),Gini_Impurity,0.0,0.75,10104.337313652039,4,14,30
Dry Bean,best_rule,CON-FOLD (confidence_fit),Gini_Impurity,0.0003672420124862284,0.7500174439955931,10510.829288721085,5,16,30
Dry Bean,best_rule,CON-FOLD (confidence_fit),Gini_Impurity,0.0003672420124862284,0.7500174439955931,12989.756187438965,6,21,30
Dry Bean,best_rule,CON-FOLD (confidence_fit),Gini_Impurity,0.0,0.75,23801.49152994156,15,50,30
Dry Bean,best_rule,CON-FOLD (confidence_fit),Gini_Impurity,0.0007344840249724568,0.7500348879911862,31731.783997297287,22,66,30
Dry Bean,best_rule,CON-FOLD (confidence_fit),Gini_Impurity,0.0007344840249724568,0.7500348879911862,47110.83230161667,28,91,30
Dry Bean,best_rule,CON-FOLD (confidence_fit),Gini_Impurity,0.0022034520749173708,0.7501046639735586,49185.2592356205,35,101,30
Dry Bean,best_rule,CON-FOLD (confidence_fit),Gini_Impurity,0.002570694087403599,0.7501221079691517,49588.725281238556,33,101,30
Dry Bean,best_rule,CON-FOLD (confidence_fit),Gini_Impurity,0.0007344840249724568,0.7500156077855307,51594.29983711243,35,108,30
Dry Bean,best_rule,CON-FOLD (confidence_fit),Gini_Impurity,0.004039662137348513,0.750153323540213,54139.51400899887,36,122,30
Dry Bean,best_rule,CON-FOLD (confidence_fit),Gini_Impurity,0.002570694087403599,0.7501013992736687,58379.65154147148,39,116,30
Dry Bean,best_rule,CON-FOLD (confidence_fit),Gini_Impurity,0.0011017260374586854,0.7500523319867793,59869.23642992973,40,111,30
Dry Bean,best_rule,CON-FOLD (confidence_fit),Gini_Impurity,0.0011017260374586854,0.7500495532908924,65525.90806603432,48,127,30
Dry Bean,best_rule,CON-FOLD (confidence_fit),Gini_Impurity,0.004039662137348513,0.7501863265597504,68026.10704088211,52,146,30
Dry Bean,best_rule,CON-FOLD (confidence_fit),Gini_Impurity,0.003672420124862284,0.750174439955931,69002.92181539536,52,164,30
Dry Bean,best_rule,CON-FOLD (confidence_fit),Gini_Impurity,0.0033051781123760557,0.7501569959603379,73634.05912971497,55,171,30
Dry Bean,best_rule,CON-FOLD (confidence_fit),Gini_Impurity,0.005141388174807198,0.7502442159383034,76749.61348128319,63,180,30
Dry Bean,best_rule,CON-FOLD (confidence_fit),Gini_Impurity,0.004774146162320969,0.7502267719427103,93375.32318329811,88,265,30
Dry Bean,best_rule,CON-FOLD (confidence_fit),Gini_Impurity,0.005508630187293426,0.7502429405883952,96425.51659965515,94,265,30
Dry Bean,best_rule,CON-FOLD (confidence_fit),Gini_Impurity,0.009548292324641938,0.7504259275921044,97645.13114190102,102,289,30
Dry Bean,best_rule,CON-FOLD (confidence_fit),Gini_Impurity,0.0058758721997796545,0.750259823723834,98110.74123382568,100,301,30
Dry Bean,best_rule,CON-FOLD (confidence_fit),Gini_Impurity,0.007712082262210797,0.7503663239074551,102510.92593812943,121,363,30
Dry Bean,best_rule,CON-FOLD (confidence_fit),Gini_Impurity,0.008813808299669483,0.7503591583016894,111043.22887682915,149,384,30
Dry Bean,best_rule,CON-FOLD (confidence_fit),Gini_Impurity,0.010650018362100624,0.7505085048557475,112045.6205496788,153,465,30
Dry Bean,best_rule,CON-FOLD (confidence_fit),Gini_Impurity,0.009915534337128168,0.7503790481290857,114929.50798487663,170,475,30
Dry Bean,best_rule,CON-FOLD (confidence_fit),Gini_Impurity,0.01836210062431142,0.7508369789243851,120724.00983452797,213,574,30
Dry Bean,best_rule,CON-FOLD (confidence_fit),Gini_Impurity,0.015424164524421594,0.7507105889133678,124002.7647061348,265,683,30
Dry Bean,best_rule,CON-FOLD (confidence_fit),Precision_Information_Gain,0.0,0.75,10.156940937042236,0,0,30
Dry Bean,best_rule,CON-FOLD (confidence_fit),Precision_Information_Gain,0.0,0.75,10.10592007637024,0,0,30
Dry Bean,best_rule,CON-FOLD (confidence_fit),Precision_Information_Gain,0.0,0.75,47.71432709693909,0,0,30
Dry Bean,best_rule,CON-FOLD (confidence_fit),Precision_Information_Gain,0.0,0.75,47.893068075180054,0,0,30
Dry Bean,best_rule,CON-FOLD (confidence_fit),Precision_Information_Gain,0.0,0.75,48.2788941860199,0,0,30
Dry Bean,best_rule,CON-FOLD (confidence_fit),Precision_Information_Gain,0.0,0.75,48.465984582901,0,0,30
Dry Bean,best_rule,CON-FOLD (confidence_fit),Precision_Information_Gain,0.0,0.75,48.54373240470886,0,0,30
Dry Bean,best_rule,CON-FOLD (confidence_fit),Precision_Information_Gain,0.0,0.75,49.09473276138306,0,0,30
Dry Bean,best_rule,CON-FOLD (confidence_fit),Precision_Information_Gain,0.0,0.75,49.23159146308899,0,0,30
Dry Bean,best_rule,CON-FOLD (confidence_fit),Precision_Information_Gain,0.0,0.75,49.367398738861084,0,0,30
Dry Bean,best_rule,CON-FOLD (confidence_fit),Precision_Information_Gain,0.0,0.75,49.33489656448364,0,0,30
Dry Bean,best_rule,CON-FOLD (confidence_fit),Precision_Information_Gain,0.0,0.75,49.960710525512695,0,0,30
Dry Bean,best_rule,CON-FOLD (confidence_fit),Precision_Information_Gain,0.0,0.75,49.95710825920105,0,0,30
Dry Bean,best_rule,CON-FOLD (confidence_fit),Precision_Information_Gain,0.0,0.75,50.03422021865845,0,0,30
Dry Bean,best_rule,CON-FOLD (confidence_fit),Precision_Information_Gain,0.0,0.75,50.169466733932495,0,0,30
Dry Bean,best_rule,CON-FOLD (confidence_fit),Precision_Information_Gain,0.0,0.75,50.144375801086426,0,0,30
Dry Bean,best_rule,CON-FOLD (confidence_fit),Precision_Information_Gain,0.0,0.75,50.34538793563843,0,0,30
Dry Bean,best_rule,CON-FOLD (confidence_fit),Precision_Information_Gain,0.0,0.75,50.378997564315796,0,0,30
Dry Bean,best_rule,CON-FOLD (confidence_fit),Precision_Information_Gain,0.0,0.75,50.45664668083191,0,0,30
Dry Bean,best_rule,CON-FOLD (confidence_fit),Precision_Information_Gain,0.0,0.75,50.73538398742676,0,0,30
Dry Bean,best_rule,CON-FOLD (confidence_fit),Precision_Information_Gain,0.0,0.75,51.24036431312561,0,0,30
Dry Bean,best_rule,CON-FOLD (confidence_fit),Precision_Information_Gain,0.0,0.75,51.26640558242798,0,0,30
Dry Bean,best_rule,CON-FOLD (confidence_fit),Precision_Information_Gain,0.0,0.75,51.334110736846924,0,0,30
Dry Bean,best_rule,CON-FOLD (confidence_fit),Precision_Information_Gain,0.0,0.75,51.33682203292847,0,0,30
Dry Bean,best_rule,CON-FOLD (confidence_fit),Precision_Information_Gain,0.0,0.75,51.511839628219604,0,0,30
Dry Bean,best_rule,CON-FOLD (confidence_fit),Precision_Information_Gain,0.0,0.75,51.656811475753784,0,0,30
Dry Bean,best_rule,CON-FOLD (confidence_fit),Precision_Information_Gain,0.0,0.75,51.705580711364746,0,0,30
Dry Bean,best_rule,CON-FOLD (confidence_fit),Precision_Information_Gain,0.0,0.75,52.0264675617218,0,0,30
Dry Bean,best_rule,CON-FOLD (confidence_fit),Precision_Information_Gain,0.0,0.75,53.07614541053772,0,0,30
Dry Bean,best_rule,CON-FOLD (confidence_fit),Precision_Information_Gain,0.0,0.75,53.53874373435974,0,0,30
Dry Bean,best_rule,CON-FOLD (confidence_fit),Precision_Gini_Impurity,0.22438486962908558,0.7969869484610724,96581.69815397263,217,230,30
Dry Bean,best_rule,CON-FOLD (confidence_fit),Precision_Gini_Impurity,0.24017627616599338,0.796604692193867,97393.95003962517,243,261,30
Dry Bean,best_rule,CON-FOLD (confidence_fit),Precision_Gini_Impurity,0.24091076019096586,0.8008101736040392,99317.07394957542,243,247,30
Dry Bean,best_rule,CON-FOLD (confidence_fit),Precision_Gini_Impurity,0.2273228057289754,0.7925684703994489,102269.56287765503,269,292,30
Dry Bean,best_rule,CON-FOLD (confidence_fit),Precision_Gini_Impurity,0.24311421226588323,0.7992963079946381,104223.07401394844,277,301,30
Dry Bean,best_rule,CON-FOLD (confidence_fit),Precision_Gini_Impurity,0.2247521116415718,0.7936232453327581,107931.82268667221,256,260,30
Dry Bean,best_rule,CON-FOLD (confidence_fit),Precision_Gini_Impurity,0.229893499816379,0.7976163636321333,108369.00018239021,261,270,30
Dry Bean,best_rule,CON-FOLD (confidence_fit),Precision_Gini_Impurity,0.237972824091076,0.7946713763715757,109081.39349102974,271,280,30
Dry Bean,best_rule,CON-FOLD (confidence_fit),Precision_Gini_Impurity,0.23466764597869996,0.7988661705244949,109514.32748293877,253,249,30
Dry Bean,best_rule,CON-FOLD (confidence_fit),Precision_Gini_Impurity,0.23980903415350716,0.7964058249478508,110702.13240480423,273,295,30
Dry Bean,best_rule,CON-FOLD (confidence_fit),Precision_Gini_Impurity,0.24091076019096586,0.7991082618886894,112679.77076935768,277,280,30
Dry Bean,best_rule,CON-FOLD (confidence_fit),Precision_Gini_Impurity,0.2236503856041131,0.7932482242894225,113112.56889295578,287,282,30
Dry Bean,best_rule,CON-FOLD (confidence_fit),Precision_Gini_Impurity,0.22548659566654425,0.7935853537365409,113946.03933262825,287,296,30
Dry Bean,best_rule,CON-FOLD (confidence_fit),Precision_Gini_Impurity,0.22328314359162688,0.7917165297703992,115334.25455379486,294,295,30
Dry Bean,best_rule,CON-FOLD (confidence_fit),Precision_Gini_Impurity,0.23319867792875504,0.7940140355091809,117567.82488536835,303,300,30
Dry Bean,best_rule,CON-FOLD (confidence_fit),Precision_Gini_Impurity,0.24752111641571795,0.7981320901254505,117642.23567295074,291,310,30
Dry Bean,best_rule,CON-FOLD (confidence_fit),Precision_Gini_Impurity,0.229893499816379,0.7957803548303716,121727.89620518684,314,316,30
Dry Bean,best_rule,CON-FOLD (confidence_fit),Precision_Gini_Impurity,0.25302974660301136,0.8005245746553797,122089.01445674896,306,302,30
Dry Bean,best_rule,CON-FOLD (confidence_fit),Precision_Gini_Impurity,0.25266250459052514,0.7969033538933162,123435.9178826809,325,323,30
Dry Bean,best_rule,CON-FOLD (confidence_fit),Precision_Gini_Impurity,0.23687109805361733,0.7950752129936465,124076.88375735283,334,351,30
Dry Bean,best_rule,CON-FOLD (confidence_fit),Precision_Gini_Impurity,0.2478883584282042,0.8000735298709883,124153.59986901283,343,336,30
Dry Bean,best_rule,CON-FOLD (confidence_fit),Precision_Gini_Impurity,0.23283143591626881,0.794947499406353,124501.24929404259,338,329,30
Dry Bean,best_rule,CON-FOLD (confidence_fit),Precision_Gini_Impurity,0.2324641939037826,0.7964842574205303,125684.0742456913,353,340,30
Dry Bean,best_rule,CON-FOLD (confidence_fit),Precision_Gini_Impurity,0.2544987146529563,0.8001994578319869,125835.86563849449,339,348,30
Dry Bean,best_rule,CON-FOLD (confidence_fit),Precision_Gini_Impurity,0.2625780389276533,0.8009959623241281,126538.4039490223,362,336,30
Dry Bean,best_rule,CON-FOLD (confidence_fit),Precision_Gini_Impurity,0.24201248622842453,0.7989287742927651,126738.13510370255,337,364,30
Dry Bean,best_rule,CON-FOLD (confidence_fit),Precision_Gini_Impurity,0.24899008446566287,0.7995536555585386,126953.60772824287,388,370,30
Dry Bean,best_rule,CON-FOLD (confidence_fit),Precision_Gini_Impurity,0.23760558207858978,0.791777289454462,127485.50473666191,365,367,30
Dry Bean,best_rule,CON-FOLD (confidence_fit),Precision_Gini_Impurity,0.2221814175541682,0.7917877371580611,127970.41105365753,332,323,30
Dry Bean,best_rule,CON-FOLD (confidence_fit),Precision_Gini_Impurity,0.22511935365405802,0.7915183103487333,128114.02040195465,406,349,30
Dry Bean,info_gain,FOLD-RM (fit),original,0.8755049577671685,0.9208502877025716,38.961618185043335,103,193,30
Dry Bean,info_gain,FOLD-RM (fit),original,0.9059860448035255,0.9169386683598604,46.3485107421875,182,322,30
Dry Bean,info_gain,FOLD-RM (fit),original,0.9085567388909291,0.9180044936288647,766.5052218437195,131,229,30
Dry Bean,info_gain,FOLD-RM (fit),original,0.9056188027910393,0.916034856552038,774.3362605571747,126,233,30
Dry Bean,info_gain,FOLD-RM (fit),original,0.914799853103195,0.923877527494454,779.8071663379669,128,242,30
Dry Bean,info_gain,FOLD-RM (fit),original,0.9199412412780023,0.9292935253237238,813.7859756946564,157,289,30
Dry Bean,info_gain,FOLD-RM (fit),original,0.9122291590157914,0.9209175036880282,823.1392447948456,137,229,30
Dry Bean,info_gain,FOLD-RM (fit),original,0.9059860448035255,0.9163013486075983,828.2671978473663,135,235,30
Dry Bean,info_gain,FOLD-RM (fit),original,0.9206757253029747,0.9302939104773424,831.1168968677521,175,323,30
Dry Bean,info_gain,FOLD-RM (fit),original,0.9129636430407638,0.9254498254219967,832.6195604801178,146,248,30
Dry Bean,info_gain,FOLD-RM (fit),original,0.9151670951156813,0.9227587411297082,838.250750541687,143,254,30
Dry Bean,info_gain,FOLD-RM (fit),original,0.9048843187660668,0.9146812717027182,838.7642090320587,152,281,30
Dry Bean,info_gain,FOLD-RM (fit),original,0.9111274329783328,0.9242604719803524,850.5911693572998,154,286,30
Dry Bean,info_gain,FOLD-RM (fit),original,0.9012118986412045,0.91779855503676,853.4027712345123,150,285,30
Dry Bean,info_gain,FOLD-RM (fit),original,0.9118619170033052,0.9203686076167115,854.4988858699799,143,254,30
Dry Bean,info_gain,FOLD-RM (fit),original,0.9059860448035255,0.9202255792175549,859.8416650295258,157,280,30
Dry Bean,info_gain,FOLD-RM (fit),original,0.9125964010282777,0.9222782252210806,865.825686454773,145,266,30
Dry Bean,info_gain,FOLD-RM (fit),original,0.8997429305912596,0.9098254664143944,870.912816286087,140,254,30
Dry Bean,info_gain,FOLD-RM (fit),original,0.9081894968784429,0.917965122887291,871.2145941257477,166,290,30
Dry Bean,info_gain,FOLD-RM (fit),original,0.9162688211531399,0.9246458796495398,880.4398663043976,144,279,30
Dry Bean,info_gain,FOLD-RM (fit),original,0.9151670951156813,0.9244080535295255,890.0844061374664,197,370,30
Dry Bean,info_gain,FOLD-RM (fit),original,0.901946382666177,0.9127241974369819,908.8400917053223,168,314,30
Dry Bean,info_gain,FOLD-RM (fit),original,0.9133308850532501,0.9256970517776351,910.7995343208313,170,320,30
Dry Bean,info_gain,FOLD-RM (fit),original,0.9081894968784429,0.9221526788900852,910.9921419620514,194,373,30
Dry Bean,info_gain,FOLD-RM (fit),original,0.9056188027910393,0.9153975899245677,919.6981868743896,175,321,30
Dry Bean,info_gain,FOLD-RM (fit),original,0.9166360631656262,0.9306327300115338,923.391551733017,168,309,30
Dry Bean,info_gain,FOLD-RM (fit),original,0.9114946749908189,0.9199011806700711,929.2794330120087,168,329,30
Dry Bean,info_gain,FOLD-RM (fit),original,0.9056188027910393,0.9166235014045909,929.352166891098,182,342,30
Dry Bean,info_gain,FOLD-RM (fit),original,0.9081894968784429,0.91952324987782,929.8418238162994,186,367,30
Dry Bean,info_gain,FOLD-RM (fit),original,0.9140653690782226,0.9227757286200509,932.3927557468414,187,356,30
Dry Bean,info_gain,FOLD-RM (fit),information_gain,0.09805361733382299,0.7745118589201975,7.5049707889556885,2,2,30
Dry Bean,info_gain,FOLD-RM (fit),information_gain,0.11935365405802424,0.779563876363716,7.72833514213562,2,2,30
Dry Bean,info_gain,FOLD-RM (fit),information_gain,0.11090708777084099,0.7774521717526637,7.6299121379852295,2,2,30
Dry Bean,info_gain,FOLD-RM (fit),information_gain,0.10025706940874037,0.7750615355074559,7.955243349075317,2,2,30
Dry Bean,info_gain,FOLD-RM (fit),information_gain,0.11384502387073081,0.7784582599195746,7.170868873596191,2,2,30
Dry Bean,info_gain,FOLD-RM (fit),information_gain,0.11715020198310687,0.7787404603333089,8.07997441291809,2,2,30
Dry Bean,info_gain,FOLD-RM (fit),information_gain,0.10907087770840984,0.7769934120804274,8.015836715698242,2,2,30
Dry Bean,info_gain,FOLD-RM (fit),information_gain,0.10539845758354756,0.7763463678598971,8.021734714508057,2,2,30
Dry Bean,info_gain,FOLD-RM (fit),information_gain,0.09621740727139184,0.7740519559947846,8.259825944900513,2,2,30
Dry Bean,info_gain,FOLD-RM (fit),information_gain,0.1046639735585751,0.7761632923892762,8.258888721466064,2,2,30
Dry Bean,info_gain,FOLD-RM (fit),information_gain,0.11053984575835475,0.7776320296465307,8.451475858688354,2,2,30
Dry Bean,info_gain,FOLD-RM (fit),information_gain,0.10246052148365772,0.7753409760190972,8.593872785568237,2,2,30
Dry Bean,info_gain,FOLD-RM (fit),information_gain,0.11274329783327212,0.7779111625489534,8.503986597061157,2,2,30
Dry Bean,info_gain,FOLD-RM (fit),information_gain,0.10907087770840984,0.7767211686274345,8.633385419845581,2,2,30
Dry Bean,info_gain,FOLD-RM (fit),information_gain,0.11200881380829968,0.77799920957969,8.590265035629272,2,2,30
Dry Bean,info_gain,FOLD-RM (fit),information_gain,0.0969518912963643,0.7742362298617694,8.423610210418701,2,2,30
Dry Bean,info_gain,FOLD-RM (fit),information_gain,0.11090708777084099,0.7777238304094762,8.53141736984253,2,2,30
Dry Bean,info_gain,FOLD-RM (fit),information_gain,0.09988982739625413,0.774969929546529,8.499084234237671,2,2,30
Dry Bean,info_gain,FOLD-RM (fit),information_gain,0.0954829232464194,0.7735966844061329,8.642459154129028,2,2,30
Dry Bean,info_gain,FOLD-RM (fit),information_gain,0.11678295997062065,0.7789212662094755,8.043571472167969,2,2,30
Dry Bean,info_gain,FOLD-RM (fit),information_gain,0.10613294160852002,0.7765302541278001,8.892771244049072,2,2,30
Dry Bean,info_gain,FOLD-RM (fit),information_gain,0.1072346676459787,0.776806185919499,8.844586610794067,2,2,30
Dry Bean,info_gain,FOLD-RM (fit),information_gain,0.10870363569592362,0.7769016085264427,8.836990594863892,2,2,30
Dry Bean,info_gain,FOLD-RM (fit),information_gain,0.08593463092177746,0.7714812620104299,8.97795033454895,2,2,30
Dry Bean,info_gain,FOLD-RM (fit),information_gain,0.10650018362100624,0.7763505770763496,8.92077350616455,2,2,30
Dry Bean,info_gain,FOLD-RM (fit),information_gain,0.11164157179581344,0.7776360321136604,9.155030727386475,2,2,30
Dry Bean,info_gain,FOLD-RM (fit),information_gain,0.10943811972089607,0.7770852156344118,9.20861029624939,2,2,30
Dry Bean,info_gain,FOLD-RM (fit),information_gain,0.10099155343371281,0.7749737603637161,9.115173816680908,2,2,30
Dry Bean,info_gain,FOLD-RM (fit),information_gain,0.11311053984575835,0.7782745999341905,9.0748291015625,2,2,30
Dry Bean,info_gain,FOLD-RM (fit),information_gain,0.10576569959603378,0.7764381553004767,9.62155294418335,2,2,30
Dry Bean,info_gain,FOLD-RM (fit),Gini_Impurity,0.0,0.75,233.20418572425842,1,2,30
Dry Bean,info_gain,FOLD-RM (fit),Gini_Impurity,0.0007344840249724568,0.7500348879911862,481.7283453941345,1,5,30
Dry Bean,info_gain,FOLD-RM (fit),Gini_Impurity,0.0,0.75,967.9937999248505,3,11,30
Dry Bean,info_gain,FOLD-RM (fit),Gini_Impurity,0.0,0.75,1286.4299459457397,6,17,30
Dry Bean,info_gain,FOLD-RM (fit),Gini_Impurity,0.0007344840249724568,0.7500348879911862,1531.1327602863312,2,7,30
Dry Bean,info_gain,FOLD-RM (fit),Gini_Impurity,0.0003672420124862284,0.7500174439955931,2272.924920320511,6,22,30
Dry Bean,info_gain,FOLD-RM (fit),Gini_Impurity,0.0,0.75,3443.86771440506,5,16,30
Dry Bean,info_gain,FOLD-RM (fit),Gini_Impurity,0.0,0.75,5182.6652290821075,8,25,30
Dry Bean,info_gain,FOLD-RM (fit),Gini_Impurity,0.0,0.7499807197943444,8433.315430402756,17,50,30
Dry Bean,info_gain,FOLD-RM (fit),Gini_Impurity,0.0022034520749173708,0.7501046639735586,11828.605378866196,32,97,30
Dry Bean,info_gain,FOLD-RM (fit),Gini_Impurity,0.0014689680499449136,0.7500697759823725,16318.750663757324,27,88,30
Dry Bean,info_gain,FOLD-RM (fit),Gini_Impurity,0.0044069041498347415,0.7502065492512303,19167.087956428528,40,120,30
Dry Bean,info_gain,FOLD-RM (fit),Gini_Impurity,0.0003672420124862284,0.7500015033459787,19374.09264588356,39,120,30
Dry Bean,info_gain,FOLD-RM (fit),Gini_Impurity,0.0044069041498347415,0.7502093279471171,21164.06903362274,46,124,30
Dry Bean,info_gain,FOLD-RM (fit),Gini_Impurity,0.0033051781123760557,0.7501569959603379,21185.292631864548,45,157,30
Dry Bean,info_gain,FOLD-RM (fit),Gini_Impurity,0.0022034520749173708,0.7501046639735586,24147.015501976013,47,131,30
Dry Bean,info_gain,FOLD-RM (fit),Gini_Impurity,0.0058758721997796545,0.7502631632798752,25399.99602985382,55,161,30
Dry Bean,info_gain,FOLD-RM (fit),Gini_Impurity,0.002570694087403599,0.7501221079691517,26284.52206993103,61,203,30
Dry Bean,info_gain,FOLD-RM (fit),Gini_Impurity,0.0029379360998898272,0.7501395519647448,26410.414652585983,77,214,30
Dry Bean,info_gain,FOLD-RM (fit),Gini_Impurity,0.004039662137348513,0.7501918839515241,30893.11904358864,63,181,30
Dry Bean,info_gain,FOLD-RM (fit),Gini_Impurity,0.006610356224752111,0.750308434528902,32060.27659034729,108,312,30
Dry Bean,info_gain,FOLD-RM (fit),Gini_Impurity,0.005141388174807198,0.7502442159383034,32605.807490587234,76,215,30
Dry Bean,info_gain,FOLD-RM (fit),Gini_Impurity,0.004774146162320969,0.7502212145509365,32884.79202604294,84,229,30
Dry Bean,info_gain,FOLD-RM (fit),Gini_Impurity,0.005141388174807198,0.7502442159383034,36704.353254795074,112,327,30
Dry Bean,info_gain,FOLD-RM (fit),Gini_Impurity,0.006610356224752111,0.7502947117150203,37344.02122879028,116,352,30
Dry Bean,info_gain,FOLD-RM (fit),Gini_Impurity,0.0044069041498347415,0.7502093279471171,38591.724246025085,120,320,30
Dry Bean,info_gain,FOLD-RM (fit),Gini_Impurity,0.004039662137348513,0.7501505448443262,38592.259209394455,132,396,30
Dry Bean,info_gain,FOLD-RM (fit),Gini_Impurity,0.008446566287183254,0.750376374301212,40305.3113451004,134,360,30
Dry Bean,info_gain,FOLD-RM (fit),Gini_Impurity,0.008079324274697026,0.7503782105112744,42030.53020572662,172,503,30
Dry Bean,info_gain,FOLD-RM (fit),Gini_Impurity,0.019463826661770108,0.7508963577421596,47070.20529413223,379,1045,30
Dry Bean,info_gain,FOLD-RM (fit),Precision_Information_Gain,0.0,0.75,2.437995672225952,0,0,30
Dry Bean,info_gain,FOLD-RM (fit),Precision_Information_Gain,0.0,0.75,2.590376138687134,0,0,30
Dry Bean,info_gain,FOLD-RM (fit),Precision_Information_Gain,0.0,0.75,2.5824320316314697,0,0,30
Dry Bean,info_gain,FOLD-RM (fit),Precision_Information_Gain,0.0,0.75,2.6054279804229736,0,0,30
Dry Bean,info_gain,FOLD-RM (fit),Precision_Information_Gain,0.0,0.75,2.5082900524139404,0,0,30
Dry Bean,info_gain,FOLD-RM (fit),Precision_Information_Gain,0.0,0.75,2.633552074432373,0,0,30
Dry Bean,info_gain,FOLD-RM (fit),Precision_Information_Gain,0.0,0.75,2.6487390995025635,0,0,30
Dry Bean,info_gain,FOLD-RM (fit),Precision_Information_Gain,0.0,0.75,2.461367130279541,0,0,30
Dry Bean,info_gain,FOLD-RM (fit),Precision_Information_Gain,0.0,0.75,14.26526689529419,0,0,30
Dry Bean,info_gain,FOLD-RM (fit),Precision_Information_Gain,0.0,0.75,14.402828931808472,0,0,30
Dry Bean,info_gain,FOLD-RM (fit),Precision_Information_Gain,0.0,0.75,14.47391676902771,0,0,30
Dry Bean,info_gain,FOLD-RM (fit),Precision_Information_Gain,0.0,0.75,14.505016803741455,0,0,30
Dry Bean,info_gain,FOLD-RM (fit),Precision_Information_Gain,0.0,0.75,14.539551019668579,0,0,30
Dry Bean,info_gain,FOLD-RM (fit),Precision_Information_Gain,0.0,0.75,14.626569032669067,0,0,30
Dry Bean,info_gain,FOLD-RM (fit),Precision_Information_Gain,0.0,0.75,14.698700428009033,0,0,30
Dry Bean,info_gain,FOLD-RM (fit),Precision_Information_Gain,0.0,0.75,14.871971845626831,0,0,30
Dry Bean,info_gain,FOLD-RM (fit),Precision_Information_Gain,0.0,0.75,14.936110734939575,0,0,30
Dry Bean,info_gain,FOLD-RM (fit),Precision_Information_Gain,0.0,0.75,14.985081195831299,0,0,30
Dry Bean,info_gain,FOLD-RM (fit),Precision_Information_Gain,0.0,0.75,14.989086151123047,0,0,30
Dry Bean,info_gain,FOLD-RM (fit),Precision_Information_Gain,0.0,0.75,14.962128639221191,0,0,30
Dry Bean,info_gain,FOLD-RM (fit),Precision_Information_Gain,0.0,0.75,15.037961721420288,0,0,30
Dry Bean,info_gain,FOLD-RM (fit),Precision_Information_Gain,0.0,0.75,15.041462182998657,0,0,30
Dry Bean,info_gain,FOLD-RM (fit),Precision_Information_Gain,0.0,0.75,15.101611852645874,0,0,30
Dry Bean,info_gain,FOLD-RM (fit),Precision_Information_Gain,0.0,0.75,15.124568700790405,0,0,30
Dry Bean,info_gain,FOLD-RM (fit),Precision_Information_Gain,0.0,0.75,15.144593954086304,0,0,30
Dry Bean,info_gain,FOLD-RM (fit),Precision_Information_Gain,0.0,0.75,15.125569820404053,0,0,30
Dry Bean,info_gain,FOLD-RM (fit),Precision_Information_Gain,0.0,0.75,15.16434359550476,0,0,30
Dry Bean,info_gain,FOLD-RM (fit),Precision_Information_Gain,0.0,0.75,15.191802263259888,0,0,30
Dry Bean,info_gain,FOLD-RM (fit),Precision_Information_Gain,0.0,0.75,15.254834651947021,0,0,30
Dry Bean,info_gain,FOLD-RM (fit),Precision_Information_Gain,0.0,0.75,15.320959091186523,0,0,30
Dry Bean,info_gain,FOLD-RM (fit),Precision_Gini_Impurity,0.20712449504223282,0.7935720829197213,5166.417717933655,395,402,30
Dry Bean,info_gain,FOLD-RM (fit),Precision_Gini_Impurity,0.2221814175541682,0.7994040279972093,6059.077766418457,428,479,30
Dry Bean,info_gain,FOLD-RM (fit),Precision_Gini_Impurity,0.28865222181417555,0.8121703928411315,7449.289838075638,567,592,30
Dry Bean,info_gain,FOLD-RM (fit),Precision_Gini_Impurity,0.2754315093646713,0.8101520244302616,7627.783252477646,585,649,30
Dry Bean,info_gain,FOLD-RM (fit),Precision_Gini_Impurity,0.18398824825560045,0.7893073973631293,8312.196281909943,408,431,30
Dry Bean,info_gain,FOLD-RM (fit),Precision_Gini_Impurity,0.2016158648549394,0.794158685977195,8905.800641298294,422,498,30
Dry Bean,info_gain,FOLD-RM (fit),Precision_Gini_Impurity,0.34410576569959606,0.8221538701156809,8959.77934718132,719,739,30
Dry Bean,info_gain,FOLD-RM (fit),Precision_Gini_Impurity,0.2791039294895336,0.8103634412408376,9332.973680257797,579,653,30
Dry Bean,info_gain,FOLD-RM (fit),Precision_Gini_Impurity,0.18251928020565553,0.7855034803281309,9884.279214382172,395,444,30
Dry Bean,info_gain,FOLD-RM (fit),Precision_Gini_Impurity,0.23687109805361733,0.7996554495826669,10440.448882818222,497,565,30
Dry Bean,info_gain,FOLD-RM (fit),Precision_Gini_Impurity,0.2478883584282042,0.8022354570960706,11083.763898611069,601,640,30
Dry Bean,info_gain,FOLD-RM (fit),Precision_Gini_Impurity,0.3000367242012486,0.8140483831229894,11237.104465723038,671,766,30
Dry Bean,info_gain,FOLD-RM (fit),Precision_Gini_Impurity,0.3587954461990452,0.8280322500330143,11684.316862106323,765,886,30
Dry Bean,info_gain,FOLD-RM (fit),Precision_Gini_Impurity,0.2897539478516342,0.8120008848305544,12019.203301429749,643,711,30
Dry Bean,info_gain,FOLD-RM (fit),Precision_Gini_Impurity,0.23283143591626881,0.7987410952011375,12020.628342628479,544,566,30
Dry Bean,info_gain,FOLD-RM (fit),Precision_Gini_Impurity,0.33529195739992657,0.8235882079905976,12206.955229759216,736,787,30
Dry Bean,info_gain,FOLD-RM (fit),Precision_Gini_Impurity,0.3529195739992655,0.8218136939052153,12231.814878702164,770,795,30
Dry Bean,info_gain,FOLD-RM (fit),Precision_Gini_Impurity,0.4065369078222549,0.8367132238431508,12662.271384000778,913,1038,30
Dry Bean,info_gain,FOLD-RM (fit),Precision_Gini_Impurity,0.31729709878810136,0.8158141569530668,13024.082638025284,771,810,30
Dry Bean,info_gain,FOLD-RM (fit),Precision_Gini_Impurity,0.36356959236136616,0.8238946881582448,13098.110276460648,883,1008,30
Dry Bean,info_gain,FOLD-RM (fit),Precision_Gini_Impurity,0.3264781491002571,0.8188849850584288,13577.196865320206,782,861,30
Dry Bean,info_gain,FOLD-RM (fit),Precision_Gini_Impurity,0.37201615864854937,0.8282215783089237,13705.46954202652,863,982,30
Dry Bean,info_gain,FOLD-RM (fit),Precision_Gini_Impurity,0.3385971355123026,0.8195634562733383,13901.032046079636,827,902,30
Dry Bean,info_gain,FOLD-RM (fit),Precision_Gini_Impurity,0.36467131839882483,0.8242643402707666,14291.601491212845,896,1040,30
Dry Bean,info_gain,FOLD-RM (fit),Precision_Gini_Impurity,0.356959236136614,0.8160634624813432,14412.549577236176,902,1008,30
Dry Bean,info_gain,FOLD-RM (fit),Precision_Gini_Impurity,0.34520749173705473,0.8197639984114211,14597.884204149246,870,996,30
Dry Bean,info_gain,FOLD-RM (fit),Precision_Gini_Impurity,0.4282041865589423,0.8295092844127067,14900.687009572983,1060,1251,30
Dry Bean,info_gain,FOLD-RM (fit),Precision_Gini_Impurity,0.42196107234667646,0.8304171623686739,15099.096737384796,1195,1346,30
Dry Bean,info_gain,FOLD-RM (fit),Precision_Gini_Impurity,0.4634594197576203,0.8315735592026068,15185.258116960526,1329,1595,30
Dry Bean,info_gain,FOLD-RM (fit),Precision_Gini_Impurity,0.43591626882115314,0.8304688681116784,15320.026944160461,1231,1486,30
Dry Bean,info_gain,CON-FOLD (confidence_fit),original,0.9045170767535806,0.9164922969009529,852.2000393867493,46,64,30
Dry Bean,info_gain,CON-FOLD (confidence_fit),original,0.9012118986412045,0.9225413259091463,871.6793556213379,44,71,30
Dry Bean,info_gain,CON-FOLD (confidence_fit),original,0.9008446566287184,0.9160488402207151,893.801926612854,52,96,30
Dry Bean,info_gain,CON-FOLD (confidence_fit),original,0.877708409842086,0.9160480769742559,905.052431344986,24,40,30
Dry Bean,info_gain,CON-FOLD (confidence_fit),original,0.9048843187660668,0.9192261840190604,908.0459191799164,73,120,30
Dry Bean,info_gain,CON-FOLD (confidence_fit),original,0.9078222548659567,0.9219580081002936,915.4669926166534,59,95,30
Dry Bean,info_gain,CON-FOLD (confidence_fit),original,0.9012118986412045,0.9147270284604851,919.5988721847534,51,80,30
Dry Bean,info_gain,CON-FOLD (confidence_fit),original,0.882482556004407,0.9279798555805354,922.8895111083984,29,52,30
Dry Bean,info_gain,CON-FOLD (confidence_fit),original,0.9023136246786633,0.9148799749322072,927.9113380908966,58,90,30
Dry Bean,info_gain,CON-FOLD (confidence_fit),original,0.9085567388909291,0.9214246517015069,928.5714936256409,63,97,30
Dry Bean,info_gain,CON-FOLD (confidence_fit),original,0.8674256334924716,0.9105265335363548,929.0595917701721,33,54,30
Dry Bean,info_gain,CON-FOLD (confidence_fit),original,0.9001101726037458,0.9142052209856407,942.2611796855927,81,137,30
Dry Bean,info_gain,CON-FOLD (confidence_fit),original,0.9085567388909291,0.9214629258132926,944.2929754257202,71,115,30
Dry Bean,info_gain,CON-FOLD (confidence_fit),original,0.8975394785163423,0.9100307586782246,951.0087306499481,56,83,30
Dry Bean,info_gain,CON-FOLD (confidence_fit),original,0.8887256702166728,0.9144211889360283,952.9668052196503,32,50,30
Dry Bean,info_gain,CON-FOLD (confidence_fit),original,0.8659566654425266,0.9142907718723454,959.2807676792145,28,43,30
Dry Bean,info_gain,CON-FOLD (confidence_fit),original,0.8953360264414248,0.9093105195331634,960.7377750873566,67,111,30
Dry Bean,info_gain,CON-FOLD (confidence_fit),original,0.8990084465662872,0.9165007594749179,970.5087516307831,55,93,30
Dry Bean,info_gain,CON-FOLD (confidence_fit),original,0.8916636063165626,0.9064540053427442,973.1785633563995,39,59,30
Dry Bean,info_gain,CON-FOLD (confidence_fit),original,0.8960705104663974,0.9111434623371651,978.1281154155731,38,55,30
Dry Bean,info_gain,CON-FOLD (confidence_fit),original,0.9232464193903782,0.9312688463059869,977.3282194137573,78,127,30
Dry Bean,info_gain,CON-FOLD (confidence_fit),original,0.906720528828498,0.9180970661851625,978.0289633274078,22,32,30
Dry Bean,info_gain,CON-FOLD (confidence_fit),original,0.8813808299669482,0.912766222585679,980.1805124282837,31,55,30
Dry Bean,info_gain,CON-FOLD (confidence_fit),original,0.8927653323540213,0.9083756918811594,980.7306768894196,52,86,30
Dry Bean,info_gain,CON-FOLD (confidence_fit),original,0.9081894968784429,0.9191322818780401,984.4038434028625,59,94,30
Dry Bean,info_gain,CON-FOLD (confidence_fit),original,0.8949687844289387,0.9095061049059492,985.3212406635284,56,93,30
Dry Bean,info_gain,CON-FOLD (confidence_fit),original,0.8990084465662872,0.9133558046678658,993.9940130710602,71,126,30
Dry Bean,info_gain,CON-FOLD (confidence_fit),original,0.8773411678295997,0.9178654773600072,995.3608632087708,38,66,30
Dry Bean,info_gain,CON-FOLD (confidence_fit),original,0.9012118986412045,0.9212586917583914,995.8188011646271,24,39,30
Dry Bean,info_gain,CON-FOLD (confidence_fit),original,0.9081894968784429,0.92222341151895,995.9631705284119,55,94,30
Dry Bean,info_gain,CON-FOLD (confidence_fit),information_gain,0.11164157179581344,0.7773624192091093,7.638999700546265,1,1,30
Dry Bean,info_gain,CON-FOLD (confidence_fit),information_gain,0.10099155343371281,0.7752413275835475,7.346478462219238,1,1,30
Dry Bean,info_gain,CON-FOLD (confidence_fit),information_gain,0.09144326110907088,0.772855151565148,7.662841081619263,1,1,30
Dry Bean,info_gain,CON-FOLD (confidence_fit),information_gain,0.10870363569592362,0.7763606332574364,7.524372816085815,1,1,30
Dry Bean,info_gain,CON-FOLD (confidence_fit),information_gain,0.1149467499081895,0.778454394622621,7.786764860153198,1,1,30
Dry Bean,info_gain,CON-FOLD (confidence_fit),information_gain,0.1175174439955931,0.7790966069334935,7.571937561035156,1,1,30
Dry Bean,info_gain,CON-FOLD (confidence_fit),information_gain,0.10062431142122659,0.7751495571483664,7.929922819137573,1,1,30
Dry Bean,info_gain,CON-FOLD (confidence_fit),information_gain,0.09364671318398825,0.7731367930876248,7.990968465805054,1,1,30
Dry Bean,info_gain,CON-FOLD (confidence_fit),information_gain,0.09438119720896071,0.7735893791095116,7.96132755279541,1,1,30
Dry Bean,info_gain,CON-FOLD (confidence_fit),information_gain,0.09658464928387808,0.7736007867842453,8.018201351165771,1,1,30
Dry Bean,info_gain,CON-FOLD (confidence_fit),information_gain,0.11531399192067572,0.7782800155159737,8.107766389846802,1,1,30
Dry Bean,info_gain,CON-FOLD (confidence_fit),information_gain,0.10760190965846493,0.7763523310181785,8.141988039016724,1,1,30
Dry Bean,info_gain,CON-FOLD (confidence_fit),information_gain,0.1252295262578039,0.781023151156005,8.196503400802612,1,1,30
Dry Bean,info_gain,CON-FOLD (confidence_fit),information_gain,0.11715020198310687,0.7782028210854577,8.114468097686768,1,1,30
Dry Bean,info_gain,CON-FOLD (confidence_fit),information_gain,0.09805361733382299,0.7742377773150206,8.166100025177002,1,1,30
Dry Bean,info_gain,CON-FOLD (confidence_fit),information_gain,0.11017260374586853,0.7769953619907455,8.151609659194946,1,1,30
Dry Bean,info_gain,CON-FOLD (confidence_fit),information_gain,0.09070877708409843,0.7726716045694082,8.271990537643433,1,1,30
Dry Bean,info_gain,CON-FOLD (confidence_fit),information_gain,0.09731913330885053,0.7740550409245688,8.599233388900757,1,1,30
Dry Bean,info_gain,CON-FOLD (confidence_fit),information_gain,0.10943811972089607,0.7768118503011383,8.700486660003662,1,1,30
Dry Bean,info_gain,CON-FOLD (confidence_fit),information_gain,0.10686742563349247,0.7753552138303339,8.79394817352295,1,1,30
Dry Bean,info_gain,CON-FOLD (confidence_fit),information_gain,0.09768637532133675,0.7736060663201977,8.962399005889893,1,1,30
Dry Bean,info_gain,CON-FOLD (confidence_fit),information_gain,0.12008813808299669,0.7792053677737779,8.806087017059326,1,1,30
Dry Bean,info_gain,CON-FOLD (confidence_fit),information_gain,0.09585016525890562,0.7736875242508992,8.733494758605957,1,1,30
Dry Bean,info_gain,CON-FOLD (confidence_fit),information_gain,0.11604847594564818,0.7781959702334198,8.782475233078003,1,1,30
Dry Bean,info_gain,CON-FOLD (confidence_fit),information_gain,0.1046639735585751,0.7748143247517443,8.992319107055664,1,1,30
Dry Bean,info_gain,CON-FOLD (confidence_fit),information_gain,0.10613294160852002,0.7751789698459035,9.136706113815308,1,1,30
Dry Bean,info_gain,CON-FOLD (confidence_fit),information_gain,0.11457950789570327,0.7780964995480716,9.133355379104614,1,1,30
Dry Bean,info_gain,CON-FOLD (confidence_fit),information_gain,0.10319500550863019,0.7749811613667277,9.078586339950562,1,1,30
Dry Bean,info_gain,CON-FOLD (confidence_fit),information_gain,0.08740359897172237,0.7713053464561145,9.124276876449585,1,1,30
Dry Bean,info_gain,CON-FOLD (confidence_fit),information_gain,0.11421226588321703,0.7771984997746592,9.134161233901978,1,1,30
Dry Bean,info_gain,CON-FOLD (confidence_fit),Gini_Impurity,0.0,0.75,1309.1049029827118,1,2,30
Dry Bean,info_gain,CON-FOLD (confidence_fit),Gini_Impurity,0.0,0.75,2301.9248781204224,6,17,30
Dry Bean,info_gain,CON-FOLD (confidence_fit),Gini_Impurity,0.0003672420124862284,0.7500174439955931,5268.802979469299,9,30,30
Dry Bean,info_gain,CON-FOLD (confidence_fit),Gini_Impurity,0.0,0.75,5907.1912887096405,12,38,30
Dry Bean,info_gain,CON-FOLD (confidence_fit),Gini_Impurity,0.0011017260374586854,0.7500523319867793,9652.893198251724,16,47,30
Dry Bean,info_gain,CON-FOLD (confidence_fit),Gini_Impurity,0.0022034520749173708,0.750085383767903,11749.255479812622,24,62,30
Dry Bean,info_gain,CON-FOLD (confidence_fit),Gini_Impurity,0.001836210062431142,0.7500788838903049,12545.614221572876,23,67,30
Dry Bean,info_gain,CON-FOLD (confidence_fit),Gini_Impurity,0.0011017260374586854,0.7500523319867793,12887.970629453659,20,54,30
Dry Bean,info_gain,CON-FOLD (confidence_fit),Gini_Impurity,0.0003672420124862284,0.7500174439955931,15374.054370880127,27,79,30
Dry Bean,info_gain,CON-FOLD (confidence_fit),Gini_Impurity,0.001836210062431142,0.7500872199779656,16128.457527160645,33,85,30
Dry Bean,info_gain,CON-FOLD (confidence_fit),Gini_Impurity,0.0011017260374586854,0.7500523319867793,18495.09916830063,35,108,30
Dry Bean,info_gain,CON-FOLD (confidence_fit),Gini_Impurity,0.003672420124862284,0.750174439955931,19071.406359672546,37,104,30
Dry Bean,info_gain,CON-FOLD (confidence_fit),Gini_Impurity,0.0014689680499449136,0.7500504957767169,19121.186685562134,47,139,30
Dry Bean,info_gain,CON-FOLD (confidence_fit),Gini_Impurity,0.0033051781123760557,0.7501403237850165,19673.56122303009,37,103,30
Dry Bean,info_gain,CON-FOLD (confidence_fit),Gini_Impurity,0.0003672420124862284,0.7499981637899376,20448.93417406082,42,125,30
Dry Bean,info_gain,CON-FOLD (confidence_fit),Gini_Impurity,0.0022034520749173708,0.7501046639735586,21344.21650981903,40,118,30
Dry Bean,info_gain,CON-FOLD (confidence_fit),Gini_Impurity,0.002570694087403599,0.7501033886236503,21529.170934677124,36,101,30
Dry Bean,info_gain,CON-FOLD (confidence_fit),Gini_Impurity,0.0022034520749173708,0.7500853837679031,21552.07074356079,36,105,30
Dry Bean,info_gain,CON-FOLD (confidence_fit),Gini_Impurity,0.002570694087403599,0.750113771881491,23797.469004154205,56,160,30
Dry Bean,info_gain,CON-FOLD (confidence_fit),Gini_Impurity,0.003672420124862284,0.7501633251723834,24104.114839076996,41,129,30
Dry Bean,info_gain,CON-FOLD (confidence_fit),Gini_Impurity,0.0029379360998898272,0.7501395519647448,25254.091003894806,44,129,30
Dry Bean,info_gain,CON-FOLD (confidence_fit),Gini_Impurity,0.002570694087403599,0.7501221079691517,26934.957877397537,69,210,30
Dry Bean,info_gain,CON-FOLD (confidence_fit),Gini_Impurity,0.002570694087403599,0.7501013992736688,27605.06840324402,70,202,30
Dry Bean,info_gain,CON-FOLD (confidence_fit),Gini_Impurity,0.003672420124862284,0.750174439955931,27796.186207532883,63,200,30
Dry Bean,info_gain,CON-FOLD (confidence_fit),Gini_Impurity,0.006243114212265883,0.7502965479250827,29712.22005200386,85,232,30
Dry Bean,info_gain,CON-FOLD (confidence_fit),Gini_Impurity,0.004774146162320969,0.7502267719427103,32145.290036678314,100,294,30
Dry Bean,info_gain,CON-FOLD (confidence_fit),Gini_Impurity,0.008446566287183254,0.7504012118986413,32683.678301095963,112,304,30
Dry Bean,info_gain,CON-FOLD (confidence_fit),Gini_Impurity,0.008446566287183254,0.750376374301212,34549.76881480217,132,352,30
Dry Bean,info_gain,CON-FOLD (confidence_fit),Gini_Impurity,0.011751744399559309,0.7505906539355859,36390.21309566498,186,492,30
Dry Bean,info_gain,CON-FOLD (confidence_fit),Gini_Impurity,0.012118986412045538,0.7505100360100994,36546.666533470154,177,464,30
Dry Bean,info_gain,CON-FOLD (confidence_fit),Precision_Information_Gain,0.0,0.75,2.6713335514068604,0,0,30
Dry Bean,info_gain,CON-FOLD (confidence_fit),Precision_Information_Gain,0.0,0.75,2.712137222290039,0,0,30
Dry Bean,info_gain,CON-FOLD (confidence_fit),Precision_Information_Gain,0.0,0.75,2.5430917739868164,0,0,30
Dry Bean,info_gain,CON-FOLD (confidence_fit),Precision_Information_Gain,0.0,0.75,2.57502818107605,0,0,30
Dry Bean,info_gain,CON-FOLD (confidence_fit),Precision_Information_Gain,0.0,0.75,2.5800509452819824,0,0,30
Dry Bean,info_gain,CON-FOLD (confidence_fit),Precision_Information_Gain,0.0,0.75,2.661015033721924,0,0,30
Dry Bean,info_gain,CON-FOLD (confidence_fit),Precision_Information_Gain,0.0,0.75,2.8270864486694336,0,0,30
Dry Bean,info_gain,CON-FOLD (confidence_fit),Precision_Information_Gain,0.0,0.75,2.808091163635254,0,0,30
Dry Bean,info_gain,CON-FOLD (confidence_fit),Precision_Information_Gain,0.0,0.75,2.815014600753784,0,0,30
Dry Bean,info_gain,CON-FOLD (confidence_fit),Precision_Information_Gain,0.0,0.75,2.7350127696990967,0,0,30
Dry Bean,info_gain,CON-FOLD (confidence_fit),Precision_Information_Gain,0.0,0.75,2.6272170543670654,0,0,30
Dry Bean,info_gain,CON-FOLD (confidence_fit),Precision_Information_Gain,0.0,0.75,2.349630355834961,0,0,30
Dry Bean,info_gain,CON-FOLD (confidence_fit),Precision_Information_Gain,0.0,0.75,14.569559812545776,0,0,30
Dry Bean,info_gain,CON-FOLD (confidence_fit),Precision_Information_Gain,0.0,0.75,15.344014167785645,0,0,30
Dry Bean,info_gain,CON-FOLD (confidence_fit),Precision_Information_Gain,0.0,0.75,15.527851343154907,0,0,30
Dry Bean,info_gain,CON-FOLD (confidence_fit),Precision_Information_Gain,0.0,0.75,15.59016227722168,0,0,30
Dry Bean,info_gain,CON-FOLD (confidence_fit),Precision_Information_Gain,0.0,0.75,15.716889142990112,0,0,30
Dry Bean,info_gain,CON-FOLD (confidence_fit),Precision_Information_Gain,0.0,0.75,15.79371190071106,0,0,30
Dry Bean,info_gain,CON-FOLD (confidence_fit),Precision_Information_Gain,0.0,0.75,16.050784826278687,0,0,30
Dry Bean,info_gain,CON-FOLD (confidence_fit),Precision_Information_Gain,0.0,0.75,16.091727018356323,0,0,30
Dry Bean,info_gain,CON-FOLD (confidence_fit),Precision_Information_Gain,0.0,0.75,16.148364782333374,0,0,30
Dry Bean,info_gain,CON-FOLD (confidence_fit),Precision_Information_Gain,0.0,0.75,16.2435085773468,0,0,30
Dry Bean,info_gain,CON-FOLD (confidence_fit),Precision_Information_Gain,0.0,0.75,16.296260356903076,0,0,30
Dry Bean,info_gain,CON-FOLD (confidence_fit),Precision_Information_Gain,0.0,0.75,16.368563413619995,0,0,30
Dry Bean,info_gain,CON-FOLD (confidence_fit),Precision_Information_Gain,0.0,0.75,16.40928077697754,0,0,30
Dry Bean,info_gain,CON-FOLD (confidence_fit),Precision_Information_Gain,0.0,0.75,16.430625438690186,0,0,30
Dry Bean,info_gain,CON-FOLD (confidence_fit),Precision_Information_Gain,0.0,0.75,16.472326517105103,0,0,30
Dry Bean,info_gain,CON-FOLD (confidence_fit),Precision_Information_Gain,0.0,0.75,16.528770208358765,0,0,30
Dry Bean,info_gain,CON-FOLD (confidence_fit),Precision_Information_Gain,0.0,0.75,16.567451000213623,0,0,30
Dry Bean,info_gain,CON-FOLD (confidence_fit),Precision_Information_Gain,0.0,0.75,16.72366452217102,0,0,30
Dry Bean,info_gain,CON-FOLD (confidence_fit),Precision_Gini_Impurity,0.22879177377892032,0.798345167951671,8696.626482248306,136,177,30
Dry Bean,info_gain,CON-FOLD (confidence_fit),Precision_Gini_Impurity,0.22328314359162688,0.7967423803237235,9103.73018193245,129,161,30
Dry Bean,info_gain,CON-FOLD (confidence_fit),Precision_Gini_Impurity,0.237972824091076,0.8017378892043346,9315.91301727295,149,196,30
Dry Bean,info_gain,CON-FOLD (confidence_fit),Precision_Gini_Impurity,0.3694454645611458,0.8308730157311786,9331.431995391846,157,209,30
Dry Bean,info_gain,CON-FOLD (confidence_fit),Precision_Gini_Impurity,0.3283143591626882,0.8164428592805718,9456.52331161499,164,200,30
Dry Bean,info_gain,CON-FOLD (confidence_fit),Precision_Gini_Impurity,0.24091076019096586,0.7992710964811233,11181.25741314888,176,218,30
Dry Bean,info_gain,CON-FOLD (confidence_fit),Precision_Gini_Impurity,0.2335659199412413,0.7975072984067567,11973.365789175034,222,260,30
Dry Bean,info_gain,CON-FOLD (confidence_fit),Precision_Gini_Impurity,0.2816746235769372,0.8088127142565182,12003.906772613525,196,251,30
Dry Bean,info_gain,CON-FOLD (confidence_fit),Precision_Gini_Impurity,0.2908556738890929,0.8091077082299297,12041.315096616745,256,219,30
Dry Bean,info_gain,CON-FOLD (confidence_fit),Precision_Gini_Impurity,0.3073815644509732,0.8099294534604853,12086.208493471146,230,264,30
Dry Bean,info_gain,CON-FOLD (confidence_fit),Precision_Gini_Impurity,0.35328681601175177,0.8173091468754319,13440.890156269073,269,307,30
Dry Bean,info_gain,CON-FOLD (confidence_fit),Precision_Gini_Impurity,0.32794711715020197,0.8174058632352921,13933.564337015152,266,316,30
Dry Bean,info_gain,CON-FOLD (confidence_fit),Precision_Gini_Impurity,0.2930591259640103,0.8095438478994499,14100.751829385757,294,324,30
Dry Bean,info_gain,CON-FOLD (confidence_fit),Precision_Gini_Impurity,0.30444362835108335,0.8123399120412412,15233.163091659546,267,380,30
Dry Bean,info_gain,CON-FOLD (confidence_fit),Precision_Gini_Impurity,0.3345574733749541,0.8152032070018365,15360.641075849533,278,395,30
Dry Bean,info_gain,CON-FOLD (confidence_fit),Precision_Gini_Impurity,0.3591626882115314,0.8225790651316567,15433.853936195374,315,397,30
Dry Bean,info_gain,CON-FOLD (confidence_fit),Precision_Gini_Impurity,0.39588688946015427,0.829626832507785,15579.634830713272,332,433,30
Dry Bean,info_gain,CON-FOLD (confidence_fit),Precision_Gini_Impurity,0.3819316929856776,0.822642959184247,15673.709950447083,323,375,30
Dry Bean,info_gain,CON-FOLD (confidence_fit),Precision_Gini_Impurity,0.35475578406169667,0.8206210800163052,15846.37053847313,363,445,30
Dry Bean,info_gain,CON-FOLD (confidence_fit),Precision_Gini_Impurity,0.3485126698494308,0.8210489663075289,15871.876830816269,310,389,30
Dry Bean,info_gain,CON-FOLD (confidence_fit),Precision_Gini_Impurity,0.3914799853103195,0.8318150802532861,16083.92780661583,364,477,30
Dry Bean,info_gain,CON-FOLD (confidence_fit),Precision_Gini_Impurity,0.3503488799118619,0.8165345665203076,16246.571031570435,365,469,30
Dry Bean,info_gain,CON-FOLD (confidence_fit),Precision_Gini_Impurity,0.3749540947484392,0.8228149885937562,16362.65191936493,383,418,30
Dry Bean,info_gain,CON-FOLD (confidence_fit),Precision_Gini_Impurity,0.3995593095850165,0.8304626950966963,16728.930998802185,412,574,30
Dry Bean,info_gain,CON-FOLD (confidence_fit),Precision_Gini_Impurity,0.38046272493573263,0.8222090386769747,17142.742445230484,468,572,30
Dry Bean,info_gain,CON-FOLD (confidence_fit),Precision_Gini_Impurity,0.45427836944546457,0.8352634579936088,17343.688866615295,512,688,30
Dry Bean,info_gain,CON-FOLD (confidence_fit),Precision_Gini_Impurity,0.4972456849063533,0.8427751357748805,17450.84724354744,548,789,30
Dry Bean,info_gain,CON-FOLD (confidence_fit),Precision_Gini_Impurity,0.459786999632758,0.8360502479695192,17498.239409923553,526,757,30
Dry Bean,info_gain,CON-FOLD (confidence_fit),Precision_Gini_Impurity,0.5280940139551965,0.8456634499031938,17744.448536634445,702,1001,30
Dry Bean,info_gain,CON-FOLD (confidence_fit),Precision_Gini_Impurity,0.5123026074182887,0.8423139883075279,17854.72786474228,700,971,30
